user_id,experiment_group,conversion,revenue,date,device,country,age,session_duration
user_07520,treatment,2.0,189.56,2024-09-09,tablet,India,64.0,585
user_00520,treatment,1.0,101.42,2024-10-09,desktop,USA,36.0,550
user_00179,control,1.0,131.06,,mobile,India,48.0,91
user_01077,treatment,0.0,194.76,,desktop,India,65.0,384
user_04274,treatment,2.0,23.68,2024-12-20,tablet,United States,23.0,233
user_02016,control,1.0,16.69,,desktop,US,62.0,164
user_04752,control,0.0,123.97,,desktop,US,25.0,503
user_01228,control,2.0,20.63,,desktop,United States,42.0,0
user_05532,control,0.0,155.45,,android,US,44.0,249
user_01498,trt,1.0,31.96,,iphone,IN,29.0,119
user_06629,treatment,1.0,$170.83,,iphone,US,61.0,-96
user_07254,control,0.0,131.38,,desktop,United Kingdom,49.0,-42
user_06141,control,1.0,169.25,2024-01-04,tablet,IN,21.0,109
user_07649,treatment,1.0,149.8,,android,US,50.0,567
user_08525,control,1.0,85.74,,mobile,USA,59.0,-66
user_04058,control,0.0,88.71,,mobile,United States,55.0,576
user_08169,control,0.0,152.2,,desktop,UK,18.0,204
user_03364,treatment,0.0,69.88,,mobile,UK,61.0,276
user_08806,control,2.0,83.69,,mobile,United Kingdom,40.0,177
user_05278,control,1.0,161.96,,desktop,USA,49.0,-21
user_03463,control,1.0,33.11,2024-12-30,desktop,United States,60.0,428
user_01467,treatment,1.0,69.31,,tablet,USA,10.0,374
user_01027,control,1.0,112.3,2024-01-20,mobile,United States,57.0,542
user_06248,control,0.0,172.27,2024-10-02,mobile,USA,42.0,0
user_07268,trt,0.0,128.57,,android,US,58.0,108
user_08709,treatment,1.0,17.11,2024-05-31,mobile,USA,19.0,30
user_08153,treatment,1.0,106.04,2024-05-24,tablet,India,39.0,348
user_00889,treatment,1.0,172.27,,tablet,USA,63.0,384
user_00490,control,1.0,157.62,,android,US,52.0,389
user_07324,control,0.0,44.95,2024-07-29,android,USA,25.0,-78
user_02175,treatment,1.0,55.34,2024-01-04,desktop,USA,22.0,136
user_01371,control,0.0,-71.96,,mobile,UK,28.0,0
user_06742,control,1.0,140.87,,tablet,USA,22.0,494
user_02011,control,0.0,186.37,,tablet,US,55.0,319
user_00010,control,0.0,84.66,2024-10-04,mobile,United Kingdom,44.0,273
user_03041,treatment,1.0,133.39,2024-02-25,mobile,United States,61.0,327
user_05321,control,1.0,17.23,2024-01-02,desktop,United States,29.0,-68
user_05757,test,0.0,171.47,,android,USA,59.0,470
user_03835,treatment,1.0,187.3,,desktop,United Kingdom,21.0,339
user_00389,control,1.0,120.26,2024-07-07,mobile,United Kingdom,46.0,492
user_00264,control,0.0,18502.28,,tablet,US,50.0,206
user_00466,control,0.0,183.17,2024-02-07,tablet,UK,21.0,114
user_05053,control,0.0,100.57,,desktop,India,46.0,591
user_00925,control,1.0,96.21,,android,UK,42.0,113
user_08058,control,0.0,91.92,,desktop,United Kingdom,63.0,112
user_00638,control,1.0,97.77,,desktop,United States,19.0,501
user_03924,control,1.0,25.88,2024-02-18,desktop,US,50.0,0
user_07090,treatment,1.0,109.98,,mobile,USA,48.0,-31
user_00152,control,1.0,186.52,,tablet,US,65.0,434
user_07498,control,0.0,199.69,,desktop,United States,56.0,509
user_00672,control,1.0,169.46,2024-12-05,android,United Kingdom,59.0,0
user_00615,treatment,0.0,14528.96,,desktop,US,28.0,119
user_00428,treatment,1.0,18.55,2024-08-06,mobile,US,19.0,145
user_02316,treatment,1.0,-64.88,,mobile,US,28.0,-66
user_02756,control,1.0,161.42,,desktop,USA,34.0,0
user_03003,control,1.0,141.2,,mobile,UK,26.0,198
user_07811,treatment,0.0,194.42,,desktop,US,57.0,108
user_00305,control,0.0,"902,20",,desktop,US,65.0,35
user_05719,control,1.0,162.85,,tablet,UK,52.0,411
user_01382,treatment,0.0,106.06,,desktop,USA,29.0,222
user_05528,treatment,1.0,172.27,,desktop,United Kingdom,56.0,574
user_05382,control,1.0,101.87,2024-09-30,tablet,India,23.0,-38
user_00893,control,0.0,11.34,,tablet ,India,36.0,-69
user_04601,control,0.0,172.27,,desktop,USA,42.0,-66
user_04279,control,0.0,187.81,,mobile ,US,30.0,184
user_03721,control,1.0,77.05,2024-11-18,tablet,US,53.0,126
user_00134,treatment,0.0,166.85,,mobile,IN,42.0,265
user_07185,treatment,1.0,23.63,2024-02-24,desktop,United Kingdom,32.0,282
user_00280,treatment,2.0,192.83,,iphone,United States,29.0,427
user_05009,treatment,1.0,30.11,,mobile,US,44.0,380
user_05161,trt,1.0,172.27,,desktop,US,42.0,102
user_03933,control,0.0,31982.98,,mobile,UK,32.0,465
user_06361,control,1.0,92.46,,mobile,US,29.0,176
user_04082,treatment,1.0,-17.75,2024-01-12,mobile,United Kingdom,53.0,55
user_00266,control,0.0,190.53,,desktop,India,41.0,179
user_07248,treatment,1.0,136.22,2024-11-16,iphone,United Kingdom,51.0,-57
user_08901,treatment,0.0,131.71,2024-10-26,desktop,USA,28.0,182
user_05705,test,0.0,137.93,2024-08-12,tablet,India,60.0,493
user_03160,control,0.0,12.26,,android,US,61.0,595
user_02874,treatment,0.0,105.54,2024-11-08,tablet,United Kingdom,52.0,75
user_05540,treatment,1.0,198.65,2024-03-13,desktop,USA,59.0,552
user_07366,treatment,1.0,16.87,,desktop,US,23.0,-33
user_04939,treatment,1.0,68.62,,desktop,USA,53.0,76
user_00892,treatment,1.0,47.86,,tablet,USA,43.0,179
user_07260,treatment,0.0,48.79,,tablet,US,37.0,78
user_07036,control,1.0,"584,62",,mobile ,USA,30.0,0
user_01465,control,1.0,58.32,,mobile ,US,64.0,406
user_03186,treatment,0.0,60.82,,desktop,US,42.0,581
user_04904,treatment,1.0,157.19,,android,US,21.0,43
user_08048,control,1.0,105.08,2024-05-30,android,United States,42.0,574
user_03005,treatment,1.0,142.3,,tablet,United Kingdom,30.0,69
user_07148,control,0.0,177.34,,tablet,US,24.0,516
user_00211,control,2.0,98.64,,desktop,United States,37.0,-84
user_04438,control,1.0,193.94,,android,UK,38.0,0
user_01291,treatment,1.0,162.92,,tablet,United States,50.0,0
user_02489,treatment,1.0,172.27,,tablet,IN,49.0,191
user_02996,control,1.0,106.23,,mobile,USA,55.0,230
user_04641,treatment,1.0,69.58,,desktop,India,47.0,80
user_08039,control,1.0,98.08,,desktop,United Kingdom,46.0,0
user_05209,control,1.0,143.86,2024-07-26,mobile,US,52.0,213
user_08331,control,1.0,172.27,,desktop,US,26.0,190
user_00987,control,1.0,45.79,,desktop,India,10.0,63
user_04367,treatment,0.0,157.23,,iphone,USA,53.0,120
user_04164,control,2.0,94.28,,iphone,IN,46.0,90
user_06279,treatment,1.0,172.27,,mobile,USA,32.0,401
user_00512,treatment,1.0,112.29,2024-04-20,tablet,United Kingdom,34.0,313
user_00364,treatment,1.0,134.53,,mobile,United States,42.0,-22
user_02145,treatment,0.0,100.58,,tablet,UK,53.0,59
user_08099,treatment,1.0,27.19,,mobile,US,39.0,466
user_00160,control,0.0,63.7,,desktop,India,56.0,323
user_06861,treatment,1.0,87.37,,android,UK,64.0,240
user_05141,treatment,0.0,161.35,,desktop,United Kingdom,60.0,0
user_03787,treatment,1.0,122.23,,android,IN,51.0,470
user_03287,control,1.0,182.98,,mobile,USA,61.0,170
user_07309,control,1.0,187.54,,iphone,USA,51.0,416
user_08351,treatment,1.0,150.93,,mobile,IN,41.0,424
user_00522,treatment,0.0,70.85,,mobile,United Kingdom,22.0,405
user_00312,treatment,1.0,172.27,2024-09-07,mobile,IN,21.0,165
user_05268,control,1.0,176.98,,desktop,US,48.0,354
user_01462,treatment,1.0,13.83,,desktop,US,52.0,529
user_04070,control,2.0,108.93,,tablet,US,50.0,0
user_00111,test,1.0,56.05,2024-08-06,mobile,US,58.0,129
user_00694,control,1.0,82.39,,desktop,IN,60.0,0
user_02625,control,1.0,130.44,,mobile,US,42.0,570
user_01415,control,1.0,132.62,2024-11-08,desktop,United States,63.0,348
user_00126,treatment,0.0,75.24,,mobile,India,34.0,280
user_08993,control,0.0,194.85,,mobile,IN,44.0,255
user_05840,trt,0.0,104.85,2024-03-01,mobile,USA,39.0,-63
user_08009,treatment,0.0,153.73,2024-08-02,iphone,US,27.0,74
user_06701,treatment,0.0,158.1,,desktop,US,18.0,70
user_05902,treatment,0.0,57.21,,tablet,USA,20.0,231
user_04060,treatment,0.0,187.79,,tablet,US,23.0,0
user_08073,control,0.0,111.33,,iphone,United Kingdom,18.0,106
user_02600,treatment,1.0,29.98,,mobile,United States,42.0,142
user_04681,control,1.0,161.53,,iphone,US,38.0,74
user_00198,control,1.0,145.61,,mobile,India,42.0,-59
user_00105,trt,1.0,172.27,,desktop,USA,35.0,334
user_03178,treatment,0.0,-61.6,,mobile,US,54.0,319
user_00726,treatment,0.0,-77.24,,desktop,US,49.0,492
user_06882,control,1.0,18.28,,mobile,US,21.0,277
user_02311,treatment,1.0,172.27,,desktop,United Kingdom,37.0,395
user_03376,treatment,1.0,99.06,,desktop,United States,64.0,0
user_02206,control,1.0,148.86,2024-08-03,desktop,US,30.0,169
user_02104,control,1.0,172.27,2024-08-20,desktop,US,21.0,580
user_07859,test,1.0,46.23,,mobile,IN,49.0,417
user_05097,treatment,1.0,54.65,2024-04-15,tablet,United States,40.0,293
user_04078,treatment,0.0,35.71,,desktop,IN,56.0,313
user_00613,control,1.0,170.19,,mobile,India,53.0,109
user_05503,control,0.0,94.12,,mobile,USA,36.0,70
user_05188,treatment,0.0,172.27,2024-03-18,desktop,USA,33.0,174
user_07375,treatment,0.0,193.07,,desktop,USA,18.0,458
user_07933,treatment,1.0,172.27,,mobile,US,31.0,73
user_05051,treatment,1.0,-82.22,,tablet,UK,29.0,0
user_01380,control,0.0,126.93,2024-07-09,tablet,India,64.0,356
user_00532,control,0.0,34.92,,mobile,UK,45.0,124
user_03516,treatment,1.0,136.45,,mobile,USA,35.0,309
user_03585,treatment,1.0,"666,75",,desktop,USA,30.0,0
user_07493,control,0.0,23.27,,mobile,United States,42.0,135
user_06322,control,0.0,136.82,,mobile,UK,40.0,-90
user_00465,test,0.0,120.4,,mobile,IN,22.0,31
user_00534,control,1.0,47.24,,mobile,USA,25.0,66
user_00108,treatment,1.0,63.47,,tablet,USA,22.0,464
user_06464,control,1.0,159.54,2024-10-06,tablet ,US,24.0,217
user_05738,control,1.0,18.73,2024-11-02,tablet,US,33.0,325
user_02761,treatment,1.0,52.29,,tablet,US,20.0,0
user_08668,treatment,1.0,146.44,,tablet,USA,60.0,338
user_00736,control,1.0,181.89,2024-07-17,tablet,India,42.0,0
user_01963,treatment,0.0,169.1,2024-08-31,android,UK,52.0,430
user_02854,treatment,1.0,185.79,,mobile,UK,18.0,554
user_00396,control,1.0,111.6,,tablet,USA,63.0,442
user_06321,treatment,0.0,$10.02,,mobile,United States,46.0,90
user_00204,treatment,0.0,67.79,2024-06-06,android,India,39.0,191
user_00804,control,1.0,76.08,,tablet,UK,36.0,432
user_08375,treatment,1.0,100.74,2024-04-11,mobile,India,53.0,54
user_01435,treatment,1.0,154.1,,iphone,US,21.0,472
user_01003,control,0.0,15.69,,desktop,United Kingdom,49.0,203
user_07749,control,1.0,118.21,2024-03-30,desktop,USA,57.0,186
user_01192,control,0.0,16.32,,iphone,US,41.0,103
user_00184,treatment,1.0,10.45,,tablet,United Kingdom,27.0,349
user_06615,control,1.0,148.57,2024-04-15,desktop,United States,28.0,597
user_07890,treatment,1.0,56.72,,desktop,United Kingdom,47.0,230
user_05374,control,1.0,25.16,,desktop,US,54.0,578
user_01959,control,1.0,148.42,,mobile,US,20.0,579
user_07600,treatment,1.0,172.27,2024-06-17,desktop,India,50.0,31
user_04315,treatment,2.0,73.91,,tablet,US,26.0,297
user_02067,treatment,0.0,172.27,2024-09-01,desktop,US,49.0,0
user_02385,control,1.0,193.4,2024-02-17,android,India,35.0,559
user_08165,treatment,1.0,141.04,,desktop,UK,36.0,96
user_03198,control,0.0,85.23,,desktop,US,38.0,189
user_06497,treatment,0.0,154.51,2024-02-24,android,UK,46.0,468
user_00692,treatment,1.0,67.87,,desktop,India,31.0,524
user_00975,treatment,0.0,172.27,,mobile,United Kingdom,53.0,0
user_02945,control,1.0,168.08,2024-08-18,iphone,India,42.0,390
user_00295,control,1.0,172.27,,mobile,United States,35.0,551
user_06428,treatment,1.0,58.36,2024-06-02,iphone,US,46.0,566
user_00455,control,1.0,130.56,2024-02-19,mobile,United Kingdom,28.0,304
user_02947,treatment,1.0,108.64,2024-11-20,desktop,IN,54.0,325
user_04922,treatment,0.0,74.69,2024-05-20,desktop ,India,33.0,334
user_04951,control,0.0,159.87,2024-04-17,mobile,USA,60.0,-90
user_07357,control,1.0,$144.47,,desktop,USA,24.0,127
user_06655,control,0.0,40.76,,mobile,USA,42.0,375
user_05067,trt,1.0,87.17,,tablet,US,47.0,46
user_08007,treatment,0.0,44.96,,desktop,USA,55.0,54
user_04628,control,0.0,56.5,,iphone,UK,44.0,526
user_00560,trt,0.0,134.69,2024-04-11,mobile,United Kingdom,37.0,253
user_02399,control,0.0,-59.94,,iphone,US,33.0,149
user_04946,trt,1.0,58.13,,mobile,US,30.0,427
user_05953,control,1.0,181.56,,tablet,US,38.0,563
user_04955,treatment,1.0,150.71,,tablet,USA,30.0,368
user_00173,treatment,0.0,76.63,,desktop,India,64.0,599
user_06511,treatment,0.0,166.29,,desktop,UK,36.0,317
user_08878,control,1.0,183.45,,mobile,United States,58.0,176
user_07195,control,0.0,$36.74,,tablet,India,54.0,247
user_08938,control,2.0,56.12,,desktop,United States,28.0,235
user_07789,treatment,0.0,80.13,2024-12-15,mobile,US,45.0,326
user_01664,control,0.0,172.27,,mobile,IN,18.0,101
user_04150,treatment,0.0,"593,36",,desktop,United Kingdom,38.0,394
user_06118,treatment,0.0,192.73,2024-01-13,tablet,IN,7.0,520
user_08342,trt,0.0,139.58,2024-07-31,tablet,USA,44.0,428
user_01754,control,1.0,99.17,,desktop,IN,40.0,245
user_00583,control,1.0,68.63,,mobile,IN,21.0,0
user_03943,treatment,1.0,"773,63",2024-09-22,android,US,34.0,518
user_04177,control,2.0,39.96,,desktop,UK,30.0,82
user_01733,treatment,0.0,188.0,2024-06-02,tablet,United States,9.0,550
user_00461,treatment,2.0,74.58,,android,United States,47.0,580
user_00183,treatment,0.0,12.29,2024-03-15,tablet,US,31.0,247
user_05455,control,0.0,153.2,2024-02-28,tablet,USA,45.0,575
user_01194,control,1.0,14.56,,desktop,USA,47.0,-21
user_00523,treatment,1.0,95.5,,desktop,USA,53.0,205
user_07888,treatment,1.0,67.24,2024-07-29,desktop,India,52.0,581
user_02398,treatment,0.0,172.27,2024-10-13,desktop,UK,19.0,290
user_06071,treatment,1.0,114.68,,desktop,USA,59.0,553
user_04377,control,0.0,24.27,2024-07-31,desktop,US,43.0,52
user_07110,control,1.0,78.78,,desktop,United Kingdom,57.0,532
user_00582,control,1.0,172.27,,desktop,IN,56.0,-29
user_00083,treatment,1.0,155.48,,desktop,US,65.0,532
user_00425,control,1.0,-84.72,,mobile,India,36.0,534
user_02010,treatment,0.0,122.27,,mobile,United Kingdom,38.0,151
user_08824,control,0.0,173.53,,mobile,US,23.0,427
user_04516,trt,1.0,90.67,,desktop,UK,33.0,425
user_08911,treatment,0.0,31.53,,mobile,USA,65.0,554
user_04716,treatment,0.0,175.9,2024-03-11,desktop,USA,42.0,511
user_03016,control,1.0,71.19,,mobile,India,29.0,498
user_06149,treatment,0.0,50.17,,desktop,UK,41.0,389
user_02709,treatment,1.0,88.13,,tablet,IN,45.0,153
user_04680,treatment,1.0,114.17,2024-06-13,mobile,US,42.0,-40
user_07047,treatment,1.0,121.5,,desktop,USA,42.0,413
user_02306,treatment,1.0,"548,58",,mobile,United States,24.0,0
user_03420,treatment,0.0,147.68,,mobile,US,33.0,-47
user_02730,treatment,1.0,143.69,2024-09-22,iphone,USA,50.0,53
user_07087,treatment,1.0,-34.63,,tablet,UK,36.0,78
user_05109,control,1.0,170.41,,desktop,India,40.0,546
user_07485,control,1.0,$88.82,2024-05-03,iphone,US,65.0,103
user_05210,treatment,1.0,-64.7,,desktop,United Kingdom,64.0,0
user_04335,control,2.0,155.15,2024-10-03,desktop,United Kingdom,47.0,75
user_00110,control,1.0,20.28,,desktop,IN,21.0,71
user_02055,treatment,0.0,172.27,,desktop ,United States,32.0,129
user_04857,control,1.0,174.99,,mobile,United States,53.0,568
user_02459,control,1.0,181.65,,desktop,USA,57.0,302
user_05476,treatment,1.0,-75.72,,mobile,IN,53.0,154
user_01843,treatment,1.0,104.3,,desktop,India,58.0,238
user_01643,treatment,0.0,156.46,,tablet,IN,65.0,598
user_06408,control,1.0,$196.93,2024-05-30,mobile,UK,64.0,341
user_08838,control,0.0,170.05,,mobile,United Kingdom,44.0,281
user_07490,control,0.0,56.7,2024-03-27,desktop,US,48.0,79
user_05473,control,0.0,130.6,,desktop,United States,61.0,0
user_08497,treatment,1.0,156.07,,desktop,US,58.0,435
user_00685,control,0.0,101.92,2024-09-07,desktop,IN,64.0,558
user_05297,treatment,1.0,101.65,,mobile,US,49.0,584
user_03234,control,1.0,91.34,2024-05-07,desktop,US,37.0,400
user_02490,control,1.0,54.45,,mobile,United States,45.0,515
user_02657,treatment,0.0,184.71,2024-07-28,android,UK,51.0,218
user_06297,control,0.0,"252,55",2024-07-17,tablet,United States,48.0,441
user_00128,control,1.0,128.53,,desktop,USA,49.0,386
user_02284,treatment,1.0,172.27,,desktop,US,33.0,0
user_04178,control,0.0,155.22,,desktop,USA,20.0,189
user_08632,treatment,1.0,53.68,,tablet,IN,39.0,592
user_04626,treatment,1.0,143.62,,mobile,USA,31.0,127
user_00706,control,0.0,58.39,,tablet,USA,24.0,462
user_08979,treatment,1.0,49.84,,desktop,IN,58.0,438
user_07234,treatment,1.0,135.57,,mobile,USA,19.0,-72
user_03106,control,0.0,136.44,,tablet,US,60.0,464
user_07522,treatment,0.0,61.22,2024-09-26,desktop,United States,57.0,272
user_04563,control,1.0,172.27,,desktop,US,42.0,281
user_07175,control,1.0,35.99,,mobile,UK,22.0,303
user_00477,treatment,1.0,106.44,,mobile,US,26.0,242
user_00272,control,0.0,"739,43",,desktop,India,36.0,475
user_00672,trt,0.0,171.62,,tablet,United States,36.0,448
user_08978,treatment,1.0,"543,64",2024-09-30,desktop,India,37.0,498
user_06164,control,1.0,-79.14,2024-03-21,desktop,USA,58.0,323
user_00196,control,0.0,172.27,,desktop,UK,52.0,425
user_04039,test,1.0,152.49,,tablet,IN,43.0,35
user_05292,control,1.0,54.63,,desktop,India,31.0,511
user_00494,control,0.0,62.59,,mobile,US,51.0,0
user_00194,trt,1.0,47.76,,tablet,United States,63.0,127
user_06283,trt,1.0,149.83,2024-07-22,android,UK,40.0,271
user_08322,control,1.0,15.6,,mobile,US,45.0,543
user_04283,trt,1.0,172.27,,desktop,IN,43.0,0
user_00493,treatment,0.0,42.59,,desktop,US,50.0,287
user_02538,treatment,1.0,154.17,2024-10-23,desktop,USA,19.0,560
user_06339,control,1.0,72.97,2024-06-05,mobile,United Kingdom,44.0,400
user_04059,treatment,1.0,29.04,,tablet,US,21.0,157
user_04866,control,0.0,147.41,2024-02-21,mobile,US,62.0,565
user_00495,treatment,0.0,101.94,,tablet,United States,60.0,0
user_07623,treatment,1.0,196.04,,mobile,United States,33.0,158
user_03618,treatment,1.0,67.94,2024-12-20,desktop,USA,90.0,397
user_02314,trt,1.0,163.64,,desktop,USA,64.0,508
user_00163,treatment,1.0,"224,68",,desktop,United Kingdom,41.0,265
user_05580,trt,0.0,-18.36,,android,USA,34.0,485
user_06542,treatment,1.0,97.29,2024-03-11,desktop,USA,48.0,537
user_00819,treatment,0.0,127.77,,mobile,UK,42.0,538
user_02831,trt,0.0,87.35,,desktop,USA,28.0,498
user_00901,trt,1.0,83.52,2024-02-19,mobile,IN,46.0,264
user_01857,treatment,1.0,33.68,,mobile,USA,52.0,0
user_04988,treatment,1.0,21.27,,mobile,UK,24.0,0
user_04558,control,1.0,163.75,2024-08-13,mobile,United States,39.0,-43
user_08527,treatment,0.0,123.43,,mobile,India,46.0,399
user_04919,treatment,0.0,188.87,,desktop,India,50.0,195
user_03694,treatment,0.0,-55.25,,tablet,US,37.0,59
user_05358,control,0.0,65.3,2024-02-10,desktop,USA,62.0,34
user_01990,control,0.0,22.33,,tablet,US,62.0,436
user_03139,control,1.0,168.83,,mobile,US,47.0,240
user_03181,control,1.0,146.99,,desktop,US,55.0,408
user_01858,control,0.0,198.81,2024-03-14,tablet,India,42.0,149
user_02263,control,1.0,194.94,2024-02-08,tablet,US,20.0,144
user_04977,control,1.0,$65.31,,desktop,US,31.0,289
user_07040,control,0.0,150.27,2024-01-14,tablet,IN,57.0,138
user_04630,control,0.0,12.34,,mobile,US,52.0,153
user_08053,treatment,0.0,-61.23,2024-05-07,desktop,US,25.0,207
user_07692,treatment,0.0,101.71,2024-04-15,mobile,USA,32.0,490
user_03701,treatment,0.0,183.5,,desktop,India,20.0,352
user_00926,treatment,1.0,112.11,,desktop,USA,36.0,108
user_04581,control,1.0,74.51,,mobile,USA,57.0,125
user_04046,treatment,1.0,41.78,,mobile,United Kingdom,48.0,438
user_01719,treatment,1.0,73.39,,mobile,USA,25.0,102
user_07449,treatment,0.0,172.27,,mobile ,USA,30.0,320
user_07408,treatment,0.0,188.95,,desktop,IN,40.0,356
user_03954,treatment,1.0,133.33,2024-01-21,mobile,USA,61.0,212
user_00621,control,1.0,119.23,2024-02-11,desktop,US,41.0,295
user_08907,trt,0.0,90.83,,iphone,US,37.0,129
user_00444,treatment,1.0,70.06,,desktop,UK,52.0,158
user_01740,control,1.0,146.21,,mobile,USA,30.0,55
user_00476,treatment,0.0,148.92,,tablet,US,35.0,501
user_02530,control,1.0,14.73,,desktop,USA,30.0,86
user_04011,treatment,1.0,129.35,,tablet,UK,41.0,331
user_05851,treatment,0.0,98.12,2024-03-13,tablet,United States,51.0,354
user_03187,treatment,1.0,165.69,,desktop,USA,58.0,455
user_08323,treatment,1.0,169.7,,tablet,UK,42.0,43
user_07440,treatment,2.0,17.02,,tablet,USA,65.0,532
user_06723,control,1.0,65.77,,mobile,USA,64.0,513
user_03461,treatment,1.0,88.62,2024-03-02,desktop,India,40.0,304
user_03277,control,1.0,62.5,,desktop,United Kingdom,24.0,83
user_03283,treatment,2.0,118.43,2024-03-31,iphone,IN,90.0,160
user_01543,treatment,1.0,-10.63,,mobile,IN,58.0,171
user_08812,control,0.0,172.27,,desktop,IN,31.0,149
user_00897,control,1.0,66.14,2024-01-22,desktop,UK,42.0,425
user_03094,trt,2.0,103.94,,desktop,USA,25.0,321
user_00060,test,2.0,172.27,,android,USA,44.0,524
user_01952,control,0.0,74.84,,mobile,USA,41.0,290
user_00197,control,1.0,131.74,2024-01-26,mobile,United Kingdom,42.0,176
user_02809,control,0.0,161.82,2024-11-11,desktop,United States,19.0,75
user_03908,control,2.0,50.22,2024-01-04,tablet,US,48.0,377
user_01078,control,0.0,96.49,,tablet,IN,49.0,447
user_07584,control,1.0,83.58,,desktop,USA,47.0,316
user_06726,control,0.0,107.51,,android,IN,30.0,112
user_07563,treatment,0.0,145.87,,desktop,United States,42.0,269
user_03241,control,1.0,57.77,,mobile,USA,46.0,192
user_04746,treatment,0.0,$195.68,,iphone,UK,25.0,0
user_05663,treatment,1.0,68.9,,desktop,IN,55.0,458
user_05091,treatment,0.0,165.07,,desktop,US,63.0,-34
user_00129,treatment,1.0,61.79,,tablet,UK,42.0,594
user_00803,control,1.0,12.17,,mobile,IN,35.0,166
user_05806,treatment,1.0,190.81,,android,US,54.0,372
user_00189,treatment,1.0,18.04,,desktop,IN,51.0,125
user_00360,treatment,0.0,159.24,,tablet,US,28.0,563
user_00482,control,1.0,183.7,,desktop,US,56.0,0
user_08693,treatment,0.0,112.65,,mobile,US,30.0,-23
user_03514,treatment,0.0,22.87,,desktop,US,62.0,-22
user_02920,treatment,1.0,106.38,2024-04-02,tablet,US,59.0,0
user_04679,control,0.0,172.27,,tablet,IN,60.0,113
user_02579,treatment,1.0,80.66,,desktop,US,61.0,350
user_08365,control,2.0,174.38,,mobile,UK,41.0,226
user_01674,control,0.0,60.76,,mobile,USA,42.0,-82
user_02846,treatment,1.0,185.83,,desktop,UK,10.0,0
user_01540,treatment,0.0,82.01,,tablet,UK,63.0,538
user_01090,treatment,0.0,61.27,,mobile,US,33.0,137
user_00448,control,1.0,"292,10",,tablet,US,49.0,95
user_07885,treatment,0.0,86.98,,desktop,United Kingdom,21.0,582
user_01377,control,0.0,172.27,2024-06-06,desktop,US,44.0,93
user_04401,treatment,1.0,164.8,,mobile,US,33.0,416
user_05777,control,1.0,$189.92,,mobile,US,30.0,319
user_02623,trt,1.0,180.31,,iphone,India,52.0,187
user_03727,control,0.0,17.51,,mobile,United States,90.0,266
user_07101,control,0.0,51.37,,mobile,US,48.0,0
user_02591,control,1.0,131.74,,mobile,US,64.0,0
user_02961,control,1.0,130.25,2024-01-22,tablet,US,23.0,0
user_00100,control,1.0,114.51,2024-01-25,mobile,United States,44.0,448
user_03757,treatment,1.0,-69.41,,desktop,US,37.0,560
user_06926,control,0.0,166.73,,tablet,UK,37.0,255
user_05029,treatment,1.0,56.44,,mobile,United Kingdom,35.0,456
user_00184,control,1.0,94.28,2024-02-12,mobile,US,37.0,544
user_05601,treatment,1.0,67.63,,desktop,UK,37.0,-16
user_00974,treatment,1.0,55.31,,desktop,UK,33.0,209
user_03899,control,1.0,149.97,2024-04-27,mobile,India,63.0,185
user_06223,control,1.0,130.43,2024-12-20,desktop,US,40.0,478
user_06197,control,1.0,177.57,2024-06-15,iphone,US,18.0,79
user_03045,control,0.0,198.64,2024-05-03,desktop,IN,42.0,545
user_07057,treatment,0.0,117.16,2024-08-18,desktop,US,51.0,394
user_00658,control,0.0,66.46,2024-01-22,iphone,US,44.0,116
user_06281,control,1.0,199.4,2024-07-22,mobile,IN,51.0,217
user_02165,treatment,0.0,31.92,,desktop,USA,49.0,351
user_05913,control,0.0,14.83,,desktop,USA,23.0,233
user_04505,control,1.0,20.91,2024-05-01,mobile,United Kingdom,23.0,294
user_08774,treatment,1.0,168.53,,mobile,UK,21.0,31
user_01635,control,0.0,158.42,2024-12-13,mobile,India,63.0,129
user_04796,treatment,1.0,88.5,,mobile,United Kingdom,52.0,306
user_05981,control,1.0,167.13,,iphone,United States,51.0,402
user_04972,control,0.0,52.46,,tablet,United Kingdom,35.0,146
user_00639,treatment,1.0,172.27,,desktop,US,46.0,363
user_02466,control,0.0,$58.22,,tablet,US,46.0,410
user_02942,trt,1.0,107.94,2024-07-01,iphone,USA,30.0,359
user_01657,control,0.0,40.01,,desktop,USA,61.0,267
user_04863,control,1.0,79.27,,iphone,United Kingdom,37.0,310
user_01009,control,1.0,64.46,2024-06-27,mobile,United Kingdom,55.0,235
user_06193,trt,1.0,65.82,,iphone,US,43.0,222
user_01186,control,1.0,172.27,2024-11-10,mobile,India,63.0,227
user_04772,treatment,1.0,159.41,,desktop,USA,21.0,154
user_08667,treatment,0.0,141.69,2024-05-02,desktop,USA,63.0,-56
user_05652,control,1.0,18.5,,mobile,USA,25.0,79
user_08898,treatment,0.0,146.17,,mobile,USA,60.0,114
user_00139,control,0.0,172.54,,tablet,UK,41.0,436
user_05490,treatment,1.0,62.13,,mobile,UK,19.0,0
user_00897,treatment,1.0,130.35,2024-07-05,desktop,US,49.0,342
user_05377,control,0.0,72.2,,tablet,USA,38.0,522
user_02296,treatment,0.0,24.17,,desktop,US,49.0,578
user_00531,control,1.0,39.16,,tablet,United States,32.0,389
user_04785,control,0.0,90.64,2024-07-31,android,US,60.0,252
user_00939,treatment,1.0,78.32,,mobile,India,56.0,333
user_07092,treatment,1.0,26.6,,desktop,UK,49.0,563
user_05090,control,0.0,64.8,,desktop,United Kingdom,39.0,389
user_08802,treatment,1.0,86.23,2024-06-23,tablet,USA,36.0,0
user_06880,treatment,1.0,172.27,,tablet,US,50.0,273
user_08659,control,1.0,132.17,2024-03-05,tablet,US,42.0,563
user_08399,treatment,0.0,15.68,,desktop ,US,42.0,190
user_06932,control,1.0,102.2,,desktop,USA,41.0,193
user_00106,treatment,1.0,146.67,,desktop,India,21.0,0
user_05798,control,0.0,125.65,,desktop,USA,30.0,31
user_05497,treatment,1.0,154.11,,desktop,United Kingdom,24.0,337
user_07677,treatment,1.0,60.54,,mobile,India,31.0,583
user_07320,treatment,0.0,146.24,,tablet,USA,65.0,435
user_08550,treatment,0.0,199.55,,android,UK,44.0,188
user_02671,control,1.0,38.1,,mobile,US,61.0,458
user_03886,treatment,1.0,140.55,2024-08-11,tablet,IN,34.0,534
user_00559,control,1.0,172.27,,mobile,USA,52.0,64
user_05318,test,1.0,19.17,,tablet,IN,34.0,105
user_01311,control,0.0,117.65,,desktop,US,90.0,396
user_06816,treatment,0.0,$141.91,,mobile,US,45.0,108
user_01011,control,1.0,189.1,,mobile ,India,62.0,586
user_06097,control,0.0,91.29,,mobile,IN,54.0,418
user_06603,control,1.0,172.27,2024-10-12,desktop,UK,41.0,458
user_02751,treatment,1.0,12.61,,mobile,US,41.0,401
user_06456,treatment,1.0,135.78,2024-03-29,desktop,US,59.0,124
user_06776,trt,1.0,53.1,2024-01-19,desktop,United Kingdom,44.0,121
user_00324,control,2.0,162.62,2024-04-05,mobile,United States,60.0,109
user_06968,control,0.0,134.34,2024-12-23,android,USA,21.0,87
user_00744,control,2.0,170.05,2024-12-16,desktop,India,27.0,249
user_03810,trt,0.0,13.8,,desktop,India,23.0,555
user_04221,control,1.0,116.81,,desktop,US,31.0,367
user_00827,control,1.0,120.29,,tablet,USA,25.0,-14
user_02042,control,1.0,198.99,2024-04-10,mobile,US,29.0,195
user_01237,control,2.0,64.81,,iphone,UK,64.0,379
user_08228,test,1.0,41.36,2024-07-06,tablet,United States,57.0,349
user_01375,treatment,0.0,75.47,2024-07-08,mobile,United States,50.0,491
user_05494,control,1.0,"424,70",,mobile,India,49.0,365
user_05026,treatment,0.0,39.2,,tablet,India,62.0,213
user_06320,control,1.0,178.67,2024-04-18,tablet,USA,39.0,-28
user_03475,control,0.0,147.77,,desktop,USA,34.0,262
user_05634,control,1.0,174.05,2024-07-28,tablet,United Kingdom,48.0,-36
user_07080,treatment,1.0,172.27,,tablet,USA,22.0,184
user_05294,treatment,1.0,172.27,,desktop,US,52.0,582
user_05966,treatment,0.0,125.78,,desktop,USA,57.0,297
user_01762,control,0.0,162.14,,mobile,USA,19.0,150
user_08198,control,0.0,172.27,,desktop,US,26.0,496
user_01954,control,1.0,189.2,2024-02-14,desktop,United Kingdom,33.0,349
user_07926,control,0.0,139.02,,mobile,USA,38.0,0
user_03615,control,1.0,94.28,,mobile,US,29.0,363
user_03532,treatment,1.0,198.65,,mobile,US,37.0,448
user_03551,treatment,2.0,103.83,2024-10-11,desktop,USA,28.0,565
user_00903,control,0.0,150.65,,desktop,US,59.0,77
user_01778,control,0.0,62.22,,mobile,US,20.0,0
user_01831,control,1.0,98.8,,desktop,US,21.0,0
user_01266,treatment,0.0,31.98,,desktop,US,22.0,46
user_06043,treatment,0.0,174.03,2024-04-19,desktop,US,26.0,465
user_03452,treatment,1.0,125.09,,mobile,US,63.0,332
user_07491,treatment,1.0,$24.12,,mobile,US,48.0,81
user_07218,treatment,0.0,160.36,,tablet,United States,65.0,37
user_08514,treatment,1.0,193.71,2024-09-29,desktop,IN,31.0,495
user_04499,treatment,1.0,91.36,,mobile,UK,19.0,342
user_01691,treatment,1.0,102.69,,mobile,US,49.0,434
user_05594,treatment,1.0,126.75,,desktop,USA,42.0,414
user_07519,treatment,1.0,63.54,,mobile,USA,33.0,513
user_00749,control,1.0,$102.35,,desktop,India,60.0,-94
user_05904,treatment,1.0,140.84,,mobile,USA,65.0,146
user_00055,treatment,1.0,159.8,,mobile,United Kingdom,53.0,80
user_01112,control,2.0,158.38,,desktop,India,57.0,329
user_06973,treatment,2.0,170.15,,desktop,US,50.0,71
user_06222,treatment,1.0,127.44,2024-10-02,desktop,US,49.0,200
user_01966,control,1.0,105.74,,desktop,US,39.0,149
user_00162,control,1.0,39.39,2024-05-04,iphone,USA,33.0,308
user_07310,treatment,0.0,196.66,2024-09-12,desktop,India,64.0,555
user_00929,control,1.0,145.71,2024-07-26,desktop,India,29.0,236
user_06504,trt,1.0,172.27,,mobile,IN,30.0,204
user_04375,control,1.0,148.68,,tablet,US,44.0,69
user_03205,control,1.0,99.75,,desktop,UK,35.0,165
user_02957,treatment,1.0,157.84,2024-07-19,mobile,USA,42.0,262
user_04129,treatment,1.0,150.37,,desktop,USA,22.0,560
user_08101,control,0.0,188.13,,mobile,US,57.0,248
user_00940,treatment,1.0,32.06,2024-09-10,mobile,USA,47.0,401
user_06849,control,0.0,133.4,,tablet,US,26.0,322
user_07848,control,1.0,172.27,,tablet,US,61.0,356
user_05858,control,1.0,128.26,,tablet,USA,42.0,493
user_06524,treatment,2.0,114.85,,iphone,US,19.0,-83
user_04174,control,0.0,112.23,,desktop,UK,58.0,542
user_06382,treatment,2.0,89.08,2024-03-04,mobile,UK,28.0,260
user_07165,control,0.0,183.9,,desktop,USA,59.0,269
user_08460,treatment,1.0,54.32,,tablet,United Kingdom,62.0,527
user_00037,control,2.0,192.28,2024-03-14,mobile,US,47.0,90
user_06514,treatment,0.0,10.45,,mobile,United Kingdom,18.0,250
user_02464,treatment,0.0,172.27,,mobile,IN,29.0,167
user_07131,treatment,0.0,169.79,,mobile,US,38.0,176
user_02936,treatment,1.0,14.91,2024-10-16,mobile,United States,56.0,407
user_07126,control,1.0,154.83,,desktop,US,31.0,73
user_00448,control,1.0,118.72,,tablet,IN,34.0,321
user_02241,control,0.0,122.49,2024-12-17,desktop,United Kingdom,27.0,198
user_02496,control,1.0,45.39,,tablet,USA,27.0,174
user_07452,treatment,0.0,180.21,,tablet,United States,32.0,214
user_00714,control,0.0,69.37,2024-10-15,android,USA,43.0,375
user_06416,treatment,1.0,112.12,2024-09-25,tablet,UK,25.0,324
user_03553,trt,0.0,65.54,,mobile,US,40.0,432
user_05768,control,0.0,60.73,2024-10-01,mobile,USA,31.0,338
user_04290,treatment,1.0,$176.3,,mobile,United States,30.0,468
user_03314,treatment,1.0,110.06,,desktop,India,54.0,494
user_08537,control,0.0,172.27,,tablet,US,20.0,470
user_04492,treatment,0.0,164.89,,mobile,USA,52.0,280
user_02678,treatment,1.0,35.0,,mobile,India,90.0,44
user_07114,control,1.0,34.26,,tablet,United States,31.0,362
user_03036,treatment,0.0,170.64,2024-01-14,iphone,USA,20.0,311
user_01775,treatment,1.0,172.27,,mobile,US,51.0,556
user_01555,control,0.0,91.47,,desktop,IN,48.0,117
user_01099,control,1.0,162.18,,mobile,UK,39.0,360
user_07255,treatment,1.0,84.91,,mobile,United States,38.0,325
user_00306,treatment,0.0,22.07,,tablet,US,61.0,568
user_08720,control,1.0,-75.54,2024-10-21,desktop,United States,20.0,196
user_04534,treatment,1.0,-30.52,,android,US,48.0,516
user_03664,control,1.0,123.89,,desktop,United States,25.0,373
user_04915,control,0.0,189.87,,tablet,UK,40.0,31
user_06788,control,1.0,53.18,2024-02-01,desktop,United States,51.0,518
user_08968,control,1.0,130.61,,mobile,UK,61.0,194
user_04376,trt,1.0,136.87,,iphone,United Kingdom,53.0,359
user_00855,control,0.0,88.11,,desktop,USA,44.0,188
user_07537,control,1.0,11.9,2024-01-07,desktop,US,64.0,222
user_07426,control,0.0,150.7,2024-03-25,mobile,USA,21.0,82
user_06990,control,1.0,141.44,,mobile,US,33.0,418
user_03752,control,0.0,119.01,,mobile,India,51.0,0
user_00521,control,0.0,103.21,,desktop,United Kingdom,43.0,496
user_00661,treatment,0.0,-17.06,,tablet,US,61.0,-13
user_06455,treatment,1.0,105.6,,mobile,UK,20.0,117
user_05359,control,1.0,55.31,,desktop,India,63.0,548
user_03419,control,1.0,$98.51,,desktop,US,58.0,517
user_03682,control,1.0,134.94,,iphone,US,24.0,67
user_03225,treatment,0.0,120.99,2024-10-03,desktop ,IN,65.0,-20
user_00895,control,0.0,155.53,2024-02-17,tablet,United Kingdom,51.0,228
user_01176,treatment,1.0,24.17,2024-11-08,iphone,US,26.0,473
user_00703,treatment,1.0,$75.41,,mobile,USA,65.0,490
user_05025,trt,0.0,156.8,,desktop,US,24.0,178
user_08023,treatment,1.0,172.27,,mobile,United States,60.0,39
user_05140,treatment,1.0,130.0,2024-08-09,desktop,UK,32.0,-97
user_04313,control,2.0,77.82,,android,UK,46.0,249
user_08614,control,0.0,88.8,,mobile,UK,23.0,152
user_07352,treatment,1.0,171.4,,tablet,US,28.0,394
user_05221,treatment,1.0,109.14,,tablet,IN,27.0,117
user_03246,treatment,0.0,176.97,,mobile,USA,31.0,0
user_00517,control,0.0,$181.21,,desktop,US,90.0,492
user_05641,treatment,0.0,138.4,,mobile,India,48.0,180
user_00981,treatment,1.0,"538,71",,tablet,UK,42.0,208
user_01251,control,0.0,99.15,,desktop,United States,63.0,420
user_00586,control,1.0,"982,81",2024-07-31,desktop,US,64.0,147
user_05460,treatment,1.0,67.55,,mobile,UK,41.0,279
user_08852,control,1.0,61.55,2024-02-15,desktop,United Kingdom,47.0,50
user_08406,treatment,1.0,26.34,,mobile,United States,42.0,86
user_08362,treatment,1.0,"387,98",,mobile,USA,49.0,73
user_05535,trt,1.0,171.64,,desktop,US,59.0,40
user_03581,control,1.0,117.66,,tablet,US,43.0,401
user_05180,treatment,0.0,25.56,2024-05-06,mobile,India,36.0,240
user_00551,control,0.0,180.91,2024-01-28,android,US,39.0,103
user_01233,control,1.0,177.97,,desktop,US,49.0,112
user_05060,treatment,2.0,16.45,,tablet,United States,23.0,465
user_08510,trt,1.0,181.42,2024-02-28,tablet,US,30.0,226
user_05700,treatment,0.0,141.3,2024-08-09,desktop,USA,43.0,-12
user_00761,control,1.0,47.59,2024-01-25,mobile,US,60.0,300
user_07870,control,0.0,152.09,,mobile,US,61.0,85
user_07835,treatment,0.0,34.97,2024-08-16,tablet,UK,61.0,147
user_00836,control,0.0,176.89,,mobile,India,32.0,368
user_02952,treatment,1.0,-41.57,2024-03-19,mobile,US,45.0,520
user_07930,trt,1.0,89.97,,desktop,India,33.0,167
user_00090,treatment,1.0,152.76,,desktop,India,40.0,72
user_03647,treatment,1.0,150.11,,desktop,United Kingdom,47.0,249
user_01198,treatment,0.0,80.72,2024-08-16,desktop,US,65.0,45
user_00451,control,1.0,96.37,,mobile,USA,31.0,-57
user_04650,control,1.0,35.6,,desktop,United States,51.0,0
user_07601,control,0.0,29.29,,iphone,India,44.0,167
user_03309,control,1.0,70.49,,mobile,India,62.0,597
user_00282,treatment,0.0,-47.47,,desktop,United Kingdom,62.0,584
user_04134,treatment,1.0,42.59,2024-11-03,mobile,United States,32.0,127
user_00252,treatment,1.0,79.41,,tablet,IN,28.0,388
user_06897,control,0.0,84.46,,mobile,United States,28.0,215
user_07029,control,0.0,67.7,,desktop,USA,46.0,0
user_01900,treatment,1.0,20908.09,2024-09-28,tablet,USA,19.0,423
user_08145,control,0.0,198.71,2024-11-07,desktop,US,51.0,598
user_05787,treatment,2.0,146.15,,tablet,India,21.0,0
user_00070,control,2.0,61.62,,android,US,28.0,0
user_01153,control,0.0,151.25,,tablet,UK,51.0,513
user_02286,control,1.0,118.3,,mobile,US,42.0,297
user_07672,treatment,1.0,23.9,,desktop,US,42.0,-87
user_06124,treatment,1.0,93.14,,tablet,United States,42.0,342
user_04608,treatment,0.0,68.26,,desktop,United States,58.0,399
user_00107,treatment,1.0,126.54,2024-05-20,tablet,IN,34.0,290
user_05954,control,2.0,51.15,,desktop,US,37.0,465
user_00259,control,1.0,57.84,,desktop,United Kingdom,50.0,291
user_05122,trt,1.0,92.34,,desktop,United States,54.0,528
user_06085,control,0.0,85.17,,tablet,US,39.0,-10
user_04937,control,2.0,55.36,,mobile,UK,55.0,30
user_06505,treatment,0.0,46.66,2024-09-27,tablet,United Kingdom,27.0,204
user_06729,treatment,1.0,107.89,2024-01-05,mobile,US,58.0,162
user_06696,treatment,0.0,76.16,,desktop,US,23.0,429
user_02058,control,1.0,154.81,2024-07-12,desktop,USA,40.0,253
user_07487,control,0.0,31.03,2024-05-28,mobile,India,54.0,213
user_01225,control,1.0,172.27,,tablet,US,23.0,409
user_01503,control,0.0,165.26,,tablet,US,59.0,283
user_03642,test,0.0,172.27,,mobile,USA,60.0,518
user_03081,treatment,1.0,"219,47",2024-10-10,desktop,USA,31.0,89
user_03718,control,1.0,$132.8,,desktop,USA,29.0,437
user_06813,control,1.0,195.3,2024-07-13,tablet,IN,31.0,-35
user_02617,control,0.0,50.06,,desktop,India,32.0,220
user_07216,treatment,1.0,$139.35,,desktop,USA,36.0,460
user_02810,control,1.0,-64.28,,tablet,United Kingdom,55.0,249
user_00670,control,0.0,172.27,,android,India,60.0,367
user_02875,treatment,1.0,48.4,2024-03-24,tablet,UK,47.0,524
user_00087,control,0.0,18.36,2024-09-29,mobile,United States,19.0,507
user_00418,control,1.0,172.27,,desktop,US,61.0,151
user_01329,treatment,0.0,179.51,,desktop,US,45.0,165
user_02878,control,0.0,102.5,,desktop,USA,52.0,0
user_04286,control,0.0,158.76,2024-07-07,tablet,UK,31.0,333
user_07735,control,1.0,66.12,,desktop,United States,24.0,599
user_02100,treatment,0.0,190.2,,tablet,USA,40.0,277
user_08400,control,0.0,188.57,,desktop,United Kingdom,50.0,254
user_04646,control,0.0,13.93,,tablet,US,62.0,535
user_00640,treatment,0.0,13.13,2024-07-11,desktop,India,62.0,500
user_00262,treatment,1.0,111.26,,mobile,US,64.0,425
user_00791,control,1.0,196.3,,tablet,UK,42.0,566
user_00168,control,0.0,96.25,,mobile,IN,35.0,461
user_05100,treatment,1.0,172.27,,tablet,USA,19.0,407
user_00824,treatment,0.0,194.19,,desktop,IN,51.0,531
user_08641,control,1.0,172.27,,mobile,IN,22.0,56
user_07244,control,1.0,72.81,2024-03-08,tablet,US,65.0,279
user_04994,treatment,0.0,$177.63,2024-07-31,mobile,IN,45.0,49
user_00088,treatment,1.0,172.27,2024-06-26,desktop,United States,40.0,282
user_08209,control,0.0,147.58,,mobile,US,43.0,146
user_01475,treatment,1.0,-33.43,,mobile,US,25.0,209
user_05959,control,0.0,71.91,,desktop,United States,31.0,314
user_06425,control,0.0,23.27,,android,USA,56.0,240
user_06570,treatment,1.0,192.48,,desktop,US,40.0,425
user_06276,control,0.0,"717,16",,desktop,US,42.0,192
user_08733,control,0.0,196.52,,desktop,USA,27.0,-81
user_08230,treatment,0.0,84.19,,tablet,United Kingdom,46.0,0
user_01695,control,1.0,198.44,2024-02-09,desktop,US,35.0,231
user_05871,treatment,1.0,17.19,2024-05-03,desktop,IN,29.0,583
user_00248,treatment,0.0,139.8,,desktop,USA,32.0,529
user_01010,treatment,1.0,135.8,,mobile,India,7.0,330
user_00253,treatment,0.0,86.28,,mobile,United Kingdom,58.0,371
user_08530,control,1.0,172.27,,iphone,US,56.0,151
user_04941,control,1.0,43.28,,mobile,India,28.0,468
user_00966,treatment,0.0,136.08,,mobile,USA,21.0,42
user_08725,treatment,1.0,172.27,2024-05-22,desktop,India,22.0,190
user_03470,treatment,1.0,71.12,2024-12-17,tablet,IN,32.0,373
user_05145,treatment,1.0,-11.6,2024-08-04,mobile,India,21.0,0
user_00986,control,1.0,190.92,,tablet,US,36.0,322
user_08086,control,1.0,72.32,,mobile,United Kingdom,58.0,272
user_06226,trt,0.0,32.96,,tablet,UK,31.0,501
user_00567,treatment,0.0,$39.58,,tablet,IN,35.0,0
user_01072,control,1.0,172.27,2024-02-06,mobile,USA,57.0,-44
user_00910,control,0.0,69.22,,mobile,UK,35.0,62
user_02085,treatment,1.0,-12.42,,desktop,US,90.0,116
user_02029,trt,1.0,$49.71,2024-03-16,mobile,IN,58.0,358
user_03724,control,1.0,186.7,2024-09-10,desktop,USA,33.0,162
user_00582,control,1.0,107.56,,tablet,US,55.0,332
user_02759,control,1.0,103.97,,android,USA,49.0,250
user_03334,control,0.0,103.31,,mobile,US,65.0,267
user_08010,test,1.0,15.94,2024-12-12,mobile,US,50.0,0
user_06326,treatment,0.0,165.04,,android,US,56.0,317
user_03311,treatment,1.0,128.57,,desktop,United Kingdom,52.0,68
user_05143,treatment,1.0,61.24,,mobile,UK,56.0,405
user_03815,control,0.0,172.73,2024-01-04,desktop,US,45.0,527
user_06903,control,1.0,43.18,,tablet,US,42.0,505
user_00910,treatment,1.0,82.37,,mobile ,US,65.0,0
user_00382,control,1.0,55.41,2024-05-18,desktop,United Kingdom,59.0,206
user_05206,trt,2.0,69.4,,tablet,IN,46.0,510
user_00056,control,0.0,172.27,,desktop,US,56.0,239
user_00260,treatment,0.0,149.32,2024-09-12,tablet,US,56.0,320
user_03772,treatment,0.0,137.04,2024-10-25,tablet,India,48.0,-92
user_08043,control,1.0,172.27,,mobile,USA,12.0,138
user_04496,control,0.0,114.99,,tablet,United Kingdom,53.0,187
user_04605,control,1.0,159.23,,desktop,US,58.0,386
user_04549,treatment,1.0,188.17,,tablet,United Kingdom,48.0,264
user_01150,control,0.0,168.27,2024-06-10,desktop,US,24.0,544
user_04141,treatment,0.0,35.73,,tablet,UK,22.0,0
user_08552,control,0.0,156.7,,desktop,US,25.0,476
user_00443,treatment,1.0,69.77,,tablet,USA,28.0,431
user_08647,control,0.0,14439.32,,mobile,India,61.0,432
user_06192,treatment,0.0,171.7,,tablet,UK,43.0,350
user_07779,treatment,1.0,-39.7,,desktop,IN,65.0,576
user_05369,treatment,0.0,159.02,,tablet,India,24.0,442
user_00936,treatment,0.0,181.75,2024-07-14,desktop,United Kingdom,47.0,444
user_05708,control,0.0,172.27,,desktop,USA,53.0,122
user_08061,treatment,1.0,157.63,2024-06-02,desktop ,US,23.0,55
user_00960,treatment,0.0,11055.39,,tablet,US,57.0,286
user_06386,trt,1.0,15716.41,,mobile,US,31.0,522
user_02798,control,1.0,48.52,,tablet,UK,23.0,155
user_00380,treatment,1.0,"884,28",,mobile,UK,58.0,491
user_05265,control,1.0,76.95,,tablet,IN,59.0,202
user_04022,treatment,0.0,51.71,,desktop,United Kingdom,23.0,31
user_03324,test,0.0,172.27,,mobile,United States,61.0,198
user_03130,treatment,0.0,54.94,,mobile,US,42.0,319
user_04569,control,1.0,114.03,,desktop,US,45.0,0
user_07576,treatment,1.0,23.36,,mobile,US,56.0,448
user_01531,control,0.0,-94.95,,desktop,US,19.0,-32
user_05263,treatment,1.0,106.61,2024-04-04,mobile,India,44.0,576
user_08980,treatment,2.0,165.66,,mobile,UK,38.0,582
user_00218,control,1.0,172.27,,desktop,US,24.0,545
user_08340,treatment,0.0,28.89,,mobile,United Kingdom,42.0,454
user_06923,control,1.0,25.46,,mobile,USA,48.0,63
user_08922,treatment,1.0,52.29,,mobile,India,36.0,576
user_03765,control,0.0,13.79,2024-04-05,mobile,United Kingdom,50.0,558
user_05251,control,0.0,93.53,,desktop,United States,59.0,441
user_06445,control,1.0,187.48,,mobile,USA,42.0,0
user_00538,treatment,0.0,189.23,2024-11-18,desktop,USA,60.0,392
user_08700,treatment,0.0,10.83,2024-09-02,iphone,UK,38.0,0
user_05232,treatment,0.0,180.12,,iphone,US,60.0,499
user_03443,control,1.0,-73.51,,iphone,USA,65.0,475
user_00812,control,1.0,112.98,2024-03-22,mobile,United States,48.0,522
user_02032,control,0.0,163.33,,android,United Kingdom,36.0,354
user_03390,control,1.0,81.93,,desktop,US,41.0,110
user_07078,control,0.0,157.64,,desktop,US,46.0,408
user_02349,control,1.0,172.27,2024-06-28,tablet,India,30.0,463
user_06176,control,0.0,137.56,,mobile,India,50.0,372
user_00721,treatment,1.0,-81.89,,mobile,United States,47.0,-18
user_07686,control,2.0,10.5,2024-07-26,mobile,USA,51.0,225
user_05083,control,0.0,186.53,,mobile,US,21.0,422
user_05312,treatment,0.0,-33.85,,tablet,IN,22.0,0
user_00797,control,1.0,158.64,,mobile,IN,33.0,35
user_07465,treatment,1.0,146.86,,tablet,US,42.0,429
user_05408,treatment,0.0,40.25,2024-07-13,mobile,IN,50.0,295
user_06751,treatment,1.0,172.27,,desktop,IN,40.0,575
user_01081,control,0.0,26.57,2024-06-26,iphone,US,40.0,240
user_06002,control,1.0,32.73,,mobile,UK,42.0,65
user_01750,control,0.0,164.37,,mobile,United Kingdom,41.0,0
user_02462,treatment,1.0,172.27,,tablet,United States,42.0,299
user_00799,treatment,1.0,49.42,,mobile,United Kingdom,49.0,0
user_06435,control,0.0,87.42,,android,IN,56.0,-13
user_07839,control,2.0,128.61,,iphone,USA,23.0,578
user_01113,control,1.0,172.27,,tablet,UK,32.0,215
user_05474,control,0.0,160.04,2024-07-25,mobile,US,28.0,458
user_00406,treatment,1.0,183.5,2024-02-02,desktop,United States,59.0,566
user_03597,treatment,0.0,120.38,,desktop,US,19.0,401
user_03962,control,1.0,172.54,,mobile,US,34.0,397
user_06752,treatment,1.0,131.74,2024-04-10,mobile,United Kingdom,34.0,468
user_06563,treatment,0.0,60.65,,mobile,UK,39.0,197
user_00693,control,2.0,184.76,,mobile,United Kingdom,48.0,494
user_03373,trt,2.0,107.85,,desktop,United States,52.0,272
user_01875,control,0.0,102.03,2024-12-26,mobile,US,42.0,246
user_07895,treatment,1.0,172.27,2024-07-26,tablet,United Kingdom,64.0,36
user_04700,treatment,0.0,90.58,,desktop,United States,33.0,74
user_01530,treatment,0.0,106.34,,tablet,United Kingdom,24.0,552
user_04805,treatment,1.0,160.53,,desktop,US,45.0,398
user_01000,treatment,0.0,50.26,2024-12-16,mobile,IN,45.0,0
user_03463,treatment,1.0,194.78,,desktop,UK,37.0,462
user_00269,control,1.0,136.25,,desktop,United States,40.0,445
user_06278,treatment,0.0,131.28,,desktop,United States,43.0,0
user_02217,treatment,1.0,84.51,,mobile,US,36.0,149
user_06594,treatment,0.0,191.98,,tablet,United Kingdom,18.0,92
user_01087,treatment,1.0,172.27,2024-02-03,mobile,United Kingdom,60.0,295
user_00458,treatment,0.0,70.63,,desktop,US,33.0,435
user_02601,control,1.0,35.57,,desktop,USA,29.0,543
user_03175,control,1.0,147.23,2024-11-16,tablet,IN,65.0,437
user_00245,treatment,0.0,57.86,,desktop,US,45.0,0
user_00236,treatment,0.0,194.87,2024-07-22,desktop,UK,34.0,0
user_04835,control,1.0,$134.17,,mobile,IN,47.0,570
user_06571,control,1.0,101.58,,mobile,US,22.0,222
user_07158,trt,1.0,77.56,2024-02-02,android,US,36.0,417
user_08697,control,0.0,24.68,,mobile,India,52.0,217
user_08940,treatment,2.0,154.19,2024-01-23,iphone,USA,21.0,272
user_06568,treatment,0.0,152.27,2024-03-30,tablet,USA,28.0,248
user_02558,control,0.0,-37.72,,iphone,India,22.0,111
user_08370,control,1.0,23.13,,desktop,IN,47.0,463
user_00726,control,0.0,137.34,,tablet,USA,45.0,-20
user_02782,trt,0.0,172.27,,tablet,United Kingdom,42.0,389
user_07988,control,1.0,"790,57",,mobile,US,56.0,352
user_00240,control,0.0,-33.83,,mobile,United States,51.0,514
user_04149,control,1.0,172.27,,mobile,USA,56.0,174
user_00433,treatment,1.0,-54.44,,desktop,USA,20.0,0
user_01738,trt,0.0,136.12,,tablet,India,54.0,600
user_00761,treatment,1.0,"548,58",,mobile,United States,24.0,0
user_06308,treatment,2.0,181.75,2024-11-03,mobile,UK,46.0,480
user_01613,treatment,0.0,163.89,2024-11-20,mobile,United Kingdom,40.0,0
user_03971,control,0.0,173.49,2024-07-16,desktop,US,53.0,105
user_07691,treatment,1.0,105.76,,tablet,USA,42.0,44
user_05347,treatment,0.0,127.03,,android,United Kingdom,26.0,323
user_00412,treatment,1.0,172.27,,desktop,USA,60.0,0
user_01618,control,1.0,95.34,2024-09-27,iphone,United Kingdom,42.0,-11
user_04354,control,1.0,41.91,,android,United States,42.0,299
user_00509,trt,1.0,72.55,,tablet,US,24.0,447
user_03457,control,1.0,104.03,,desktop,IN,60.0,306
user_00772,treatment,1.0,81.39,,desktop,USA,55.0,-72
user_01069,treatment,1.0,31.87,,tablet,United Kingdom,64.0,287
user_06378,treatment,0.0,103.17,,mobile,US,65.0,183
user_03604,control,1.0,172.27,,desktop,USA,29.0,431
user_04431,treatment,0.0,199.28,,desktop,IN,62.0,0
user_03857,control,0.0,129.14,2024-01-10,iphone,United Kingdom,61.0,493
user_08220,control,2.0,-87.5,,desktop,US,47.0,499
user_00348,control,1.0,21.79,2024-10-30,desktop,USA,22.0,195
user_04880,treatment,1.0,93.45,,desktop,US,26.0,84
user_02871,control,1.0,147.49,2024-03-19,iphone,USA,62.0,473
user_05725,treatment,2.0,180.04,2024-10-08,desktop,India,34.0,209
user_00594,treatment,1.0,178.59,,desktop,US,54.0,36
user_07838,control,1.0,111.5,,mobile,UK,34.0,167
user_00341,treatment,1.0,22.97,,tablet,US,46.0,227
user_01665,treatment,1.0,120.4,,tablet,IN,55.0,75
user_05300,control,1.0,197.86,,desktop,United Kingdom,25.0,-30
user_01638,control,1.0,115.74,2024-10-24,tablet,IN,40.0,295
user_08636,control,1.0,172.27,,desktop,IN,63.0,338
user_06503,treatment,0.0,105.63,,android,US,45.0,-26
user_07850,control,0.0,190.94,,mobile,India,23.0,0
user_06072,treatment,1.0,48.64,,mobile,USA,42.0,126
user_08591,treatment,0.0,191.31,,desktop,US,55.0,-49
user_05600,treatment,0.0,74.5,,desktop,United Kingdom,36.0,68
user_00618,control,1.0,109.32,,mobile,IN,58.0,564
user_08427,control,0.0,190.62,,desktop,US,34.0,0
user_06271,control,1.0,172.65,,tablet,US,63.0,126
user_05704,control,1.0,195.24,,iphone,India,47.0,379
user_00315,treatment,0.0,115.59,2024-12-05,tablet,IN,31.0,598
user_04925,control,1.0,42.72,,iphone,USA,65.0,0
user_03076,control,1.0,172.27,,tablet,USA,64.0,581
user_06000,treatment,1.0,171.04,,iphone,US,54.0,117
user_03480,control,0.0,"445,89",,mobile,USA,44.0,188
user_04434,treatment,0.0,85.69,,desktop,India,37.0,259
user_07754,treatment,1.0,29.45,2024-02-26,tablet,US,33.0,93
user_06870,control,1.0,189.41,,desktop,United Kingdom,41.0,242
user_00616,trt,1.0,56.56,,mobile,USA,51.0,96
user_06534,trt,1.0,96.1,2024-03-29,desktop,United States,44.0,557
user_04795,control,1.0,"120,59",2024-10-02,desktop,United Kingdom,49.0,458
user_01263,control,0.0,67.9,,mobile,USA,63.0,388
user_04469,control,0.0,187.13,,mobile,USA,61.0,89
user_05015,control,2.0,169.0,,desktop,USA,43.0,595
user_06929,treatment,0.0,185.55,2024-02-11,android,United Kingdom,30.0,382
user_05269,trt,1.0,52.18,2024-02-23,tablet,USA,65.0,204
user_07615,treatment,1.0,110.35,2024-05-02,desktop,UK,39.0,190
user_02307,control,0.0,163.61,2024-12-03,mobile,US,9.0,285
user_08118,treatment,1.0,186.47,2024-04-17,mobile,USA,61.0,277
user_05866,control,1.0,130.22,,desktop,USA,46.0,439
user_00132,treatment,0.0,38.03,,tablet,UK,43.0,-60
user_06961,treatment,1.0,100.96,2024-12-19,desktop,USA,18.0,282
user_07384,treatment,0.0,172.27,,tablet,India,51.0,199
user_02485,control,0.0,$45.89,,mobile,US,28.0,0
user_08081,treatment,1.0,13.39,2024-02-23,mobile,US,34.0,307
user_06681,control,0.0,110.58,2024-01-08,desktop,US,45.0,127
user_07963,control,0.0,-88.27,,desktop,United Kingdom,57.0,-77
user_00224,treatment,1.0,$66.98,2024-09-12,desktop,IN,49.0,462
user_01597,treatment,0.0,35.32,,tablet,United States,44.0,-73
user_04164,treatment,1.0,143.62,,mobile,USA,31.0,127
user_03327,treatment,1.0,46.57,2024-08-23,tablet,United States,26.0,0
user_06627,control,1.0,32.8,,mobile,USA,20.0,0
user_03092,treatment,1.0,25.67,,mobile,UK,46.0,169
user_07288,control,1.0,194.07,,mobile,USA,36.0,419
user_03848,treatment,0.0,47.37,,desktop,India,59.0,167
user_06101,control,1.0,125.54,2024-09-18,android,United Kingdom,19.0,314
user_01219,treatment,0.0,195.89,,desktop,US,55.0,294
user_05271,control,0.0,172.27,,desktop,US,62.0,361
user_04444,control,0.0,-69.08,,mobile,US,38.0,123
user_04860,control,1.0,197.4,2024-09-27,desktop,IN,23.0,589
user_00995,control,1.0,19.67,,desktop,USA,63.0,34
user_05577,treatment,1.0,13.75,,android,US,25.0,301
user_07494,treatment,1.0,117.67,,desktop,US,26.0,193
user_05636,control,0.0,21.7,,mobile,UK,31.0,522
user_07299,control,0.0,150.31,,tablet,US,37.0,539
user_05916,control,1.0,95.28,,tablet,US,46.0,560
user_01348,treatment,0.0,179.46,2024-04-27,mobile,US,42.0,319
user_03576,treatment,0.0,96.67,,iphone,IN,42.0,576
user_05259,control,1.0,164.53,2024-12-07,tablet,United States,30.0,533
user_00854,trt,0.0,179.38,,desktop,UK,38.0,510
user_03166,treatment,0.0,48.85,,tablet,IN,35.0,559
user_06227,treatment,1.0,99.29,2024-12-02,mobile,India,53.0,101
user_00950,control,0.0,170.02,,tablet,US,37.0,0
user_00409,treatment,1.0,22.67,2024-12-20,desktop,United States,38.0,264
user_04369,treatment,1.0,87.07,,mobile,USA,25.0,184
user_06833,control,0.0,181.87,,mobile ,US,31.0,442
user_04968,control,1.0,117.48,,desktop ,USA,23.0,0
user_05971,treatment,1.0,"349,58",,desktop,IN,63.0,0
user_03231,control,2.0,126.34,,tablet,USA,51.0,191
user_06544,treatment,1.0,139.01,,tablet,USA,60.0,428
user_00514,trt,2.0,174.88,2024-04-05,tablet,USA,33.0,212
user_08712,treatment,0.0,118.0,,mobile,United States,42.0,268
user_07454,control,2.0,122.06,2024-05-04,mobile,United States,39.0,524
user_06480,treatment,1.0,144.95,,tablet,United States,18.0,83
user_08608,treatment,1.0,20.64,,desktop,United Kingdom,57.0,515
user_01516,test,0.0,109.72,,tablet,United Kingdom,28.0,85
user_01712,treatment,1.0,76.82,2024-02-14,mobile,US,27.0,343
user_07684,treatment,1.0,129.06,,desktop,USA,46.0,82
user_04978,trt,0.0,158.52,2024-08-17,desktop,United States,47.0,172
user_04413,treatment,1.0,33.35,,desktop,India,55.0,468
user_03966,control,1.0,29.16,,tablet,US,26.0,179
user_05200,control,1.0,172.27,,mobile,US,30.0,301
user_00596,control,0.0,172.27,,desktop,IN,61.0,267
user_00876,control,1.0,176.52,2024-09-08,desktop,US,56.0,439
user_04216,control,0.0,-89.66,,tablet,IN,47.0,380
user_06983,control,0.0,55.78,,iphone,UK,51.0,307
user_07606,control,0.0,30.97,,mobile,US,63.0,494
user_04460,control,0.0,103.93,2024-03-17,tablet,United States,44.0,444
user_05942,control,1.0,172.27,,mobile,US,42.0,512
user_04876,control,0.0,179.89,2024-07-25,mobile,US,39.0,219
user_01398,treatment,2.0,93.83,,desktop,USA,54.0,558
user_02981,control,1.0,126.37,,desktop,US,26.0,337
user_02177,control,0.0,181.49,,desktop,United States,28.0,0
user_05941,control,1.0,186.44,2024-05-04,tablet,US,22.0,294
user_07834,trt,1.0,52.42,,mobile ,US,62.0,524
user_07183,treatment,1.0,"871,19",,iphone,US,52.0,51
user_02836,control,0.0,61.22,2024-03-02,desktop,US,64.0,278
user_00488,control,0.0,151.77,,mobile,United Kingdom,58.0,197
user_05743,control,1.0,139.38,,mobile,IN,42.0,280
user_08951,control,1.0,$152.38,,tablet,US,40.0,270
user_02261,control,1.0,98.92,,desktop,US,34.0,538
user_05792,treatment,0.0,198.63,,mobile,US,44.0,408
user_05244,treatment,1.0,42.81,,desktop,UK,27.0,188
user_06692,treatment,0.0,35.91,2024-07-13,tablet,USA,51.0,374
user_05434,control,1.0,72.81,2024-06-25,desktop,US,21.0,97
user_03654,treatment,1.0,135.25,2024-05-22,iphone,USA,29.0,274
user_01254,control,1.0,114.62,,mobile,IN,47.0,83
user_05149,trt,0.0,162.12,2024-09-06,desktop,United States,32.0,-15
user_07474,control,0.0,-47.08,,desktop,India,64.0,391
user_05454,control,0.0,54.73,,tablet,US,48.0,77
user_08880,treatment,1.0,"414,13",,mobile,US,30.0,431
user_05622,treatment,1.0,58.92,,desktop,United Kingdom,65.0,0
user_02568,treatment,0.0,89.0,2024-06-14,tablet,India,20.0,117
user_08462,treatment,1.0,20124.73,,desktop,United Kingdom,42.0,278
user_07219,control,1.0,153.92,2024-03-14,desktop,US,26.0,532
user_08036,control,0.0,188.81,,iphone,USA,46.0,276
user_06851,treatment,1.0,$54.85,2024-02-28,desktop,US,51.0,79
user_02119,control,1.0,99.33,,mobile,US,60.0,353
user_01630,control,1.0,115.52,,tablet,IN,55.0,-66
user_02320,treatment,2.0,29.91,2024-06-21,desktop,US,63.0,402
user_00209,control,1.0,152.4,,tablet,India,27.0,225
user_02305,control,0.0,129.06,,desktop,US,24.0,151
user_03365,control,1.0,33.69,,desktop,UK,36.0,180
user_01314,treatment,1.0,117.36,,iphone,United States,32.0,284
user_07960,treatment,1.0,172.85,2024-05-28,mobile ,USA,49.0,314
user_00121,treatment,1.0,172.27,,mobile,IN,42.0,547
user_03531,control,2.0,144.82,,tablet,India,18.0,277
user_06333,control,0.0,89.5,,mobile,India,29.0,140
user_07936,treatment,0.0,31.59,,mobile,USA,62.0,593
user_08163,treatment,1.0,69.97,,desktop,US,58.0,-67
user_03759,control,0.0,94.41,,desktop,IN,40.0,-72
user_01777,treatment,1.0,139.51,,desktop,IN,34.0,361
user_05477,treatment,1.0,172.27,2024-09-04,desktop,US,41.0,0
user_03662,control,1.0,197.89,,mobile,USA,42.0,317
user_08721,treatment,1.0,61.85,2024-02-09,tablet ,India,29.0,464
user_04852,trt,0.0,172.27,,android,United Kingdom,28.0,35
user_07533,treatment,0.0,165.53,2024-01-23,desktop ,US,23.0,220
user_07990,control,1.0,"310,88",,iphone,India,64.0,300
user_01818,control,2.0,168.89,,desktop,United Kingdom,54.0,288
user_02033,control,1.0,148.18,,mobile,US,39.0,-43
user_01401,treatment,0.0,35.3,,mobile,USA,31.0,160
user_05264,trt,0.0,102.76,,desktop,IN,34.0,562
user_05592,treatment,1.0,"994,45",2024-12-25,desktop,India,51.0,98
user_05709,control,1.0,163.13,,android,United Kingdom,37.0,-76
user_07683,control,0.0,99.88,,tablet,US,57.0,514
user_08084,treatment,0.0,89.64,,mobile,US,45.0,153
user_05591,control,0.0,71.11,,desktop,India,64.0,251
user_00258,control,0.0,193.32,,tablet,UK,41.0,0
user_04965,treatment,1.0,80.58,,iphone,IN,48.0,258
user_00143,treatment,1.0,47.43,,mobile,United States,65.0,95
user_08845,control,0.0,110.33,2024-04-01,mobile,United States,55.0,501
user_02950,control,1.0,145.75,,desktop,USA,26.0,303
user_02907,treatment,0.0,114.35,,mobile,US,41.0,65
user_08897,control,1.0,151.13,2024-12-11,mobile,United States,62.0,175
user_03357,control,1.0,29.59,,mobile,United Kingdom,50.0,466
user_04989,treatment,0.0,194.6,,mobile,US,56.0,203
user_03987,treatment,1.0,113.69,,desktop,UK,52.0,491
user_02949,control,1.0,62.84,2024-07-30,mobile,United Kingdom,60.0,0
user_06916,treatment,1.0,191.83,,desktop,US,44.0,338
user_08619,control,1.0,91.99,,android,US,40.0,176
user_00542,treatment,0.0,141.33,2024-03-13,desktop,India,26.0,324
user_01479,treatment,1.0,39.95,,mobile,US,18.0,508
user_07968,treatment,0.0,25.71,,desktop,USA,29.0,508
user_00788,trt,0.0,191.9,2024-05-20,mobile,UK,62.0,372
user_04923,control,2.0,90.19,,mobile,US,48.0,134
user_06682,treatment,1.0,153.87,2024-07-07,tablet,US,32.0,358
user_02242,control,1.0,158.17,,desktop,UK,19.0,213
user_02252,treatment,0.0,56.8,2024-09-19,tablet,US,33.0,95
user_00527,control,1.0,$178.46,2024-05-16,desktop,US,48.0,77
user_06720,control,1.0,164.53,,desktop,US,24.0,0
user_06487,control,1.0,20.52,,mobile,US,57.0,369
user_00865,control,1.0,179.69,,tablet,UK,42.0,559
user_04557,treatment,1.0,"180,66",,tablet,USA,30.0,320
user_03293,treatment,1.0,92.68,,mobile,US,18.0,0
user_08678,treatment,1.0,85.49,,desktop,US,50.0,0
user_01961,control,1.0,151.49,2024-12-19,iphone,India,44.0,81
user_03621,treatment,1.0,90.6,,iphone,UK,37.0,0
user_08892,treatment,1.0,68.93,,desktop,US,50.0,156
user_05290,control,0.0,66.36,,mobile,US,42.0,574
user_02785,control,1.0,135.99,,mobile,United States,42.0,552
user_08191,control,1.0,184.53,2024-01-06,iphone,USA,33.0,502
user_02913,control,0.0,159.56,2024-09-11,mobile,US,21.0,481
user_02276,control,0.0,172.27,,mobile,US,38.0,191
user_00629,control,1.0,50.79,,mobile ,USA,65.0,437
user_05086,control,2.0,-80.04,,tablet,US,27.0,142
user_01686,treatment,1.0,20.32,2024-10-15,desktop,USA,25.0,300
user_08436,control,1.0,$153.3,2024-09-15,mobile,India,26.0,378
user_00164,control,1.0,133.5,,tablet,UK,19.0,138
user_04619,treatment,1.0,36312.84,2024-07-16,tablet,USA,57.0,458
user_08035,control,1.0,159.27,,desktop,India,30.0,477
user_03210,treatment,2.0,33.51,,desktop,United Kingdom,43.0,500
user_00390,control,0.0,105.27,,desktop,US,18.0,182
user_01094,control,1.0,164.96,2024-03-16,desktop,IN,25.0,114
user_00054,control,0.0,$177.47,,mobile,USA,34.0,61
user_02283,treatment,1.0,"804,69",,mobile,United States,41.0,493
user_03645,treatment,1.0,172.27,2024-04-13,desktop,UK,53.0,499
user_05195,treatment,0.0,98.71,,mobile,USA,43.0,233
user_02295,control,0.0,122.32,,tablet,United States,45.0,538
user_02972,treatment,0.0,160.68,2024-01-11,tablet,UK,56.0,257
user_07071,test,0.0,110.67,2024-04-28,mobile,US,42.0,75
user_00153,treatment,1.0,81.32,2024-12-11,desktop,US,21.0,136
user_05582,control,0.0,14.58,2024-11-19,desktop,US,40.0,-30
user_04405,treatment,0.0,60.75,,desktop,US,21.0,455
user_04002,treatment,1.0,178.33,2024-10-02,tablet,India,23.0,363
user_00836,control,0.0,84.35,,mobile,United Kingdom,27.0,264
user_06344,treatment,1.0,34.99,2024-08-02,desktop,United States,50.0,247
user_02091,control,2.0,96.94,2024-09-10,iphone,UK,31.0,279
user_08446,treatment,1.0,172.27,,desktop,USA,7.0,487
user_06292,treatment,1.0,$110.73,,desktop,UK,26.0,593
user_03208,control,1.0,33.15,,desktop,India,56.0,523
user_07927,control,0.0,"125,55",2024-11-24,tablet,United States,44.0,111
user_04462,treatment,1.0,15.96,2024-09-13,tablet,IN,63.0,186
user_07605,trt,1.0,113.57,2024-10-22,desktop,United States,54.0,141
user_04240,treatment,1.0,149.38,,tablet,UK,29.0,125
user_02138,treatment,2.0,182.1,,iphone,India,42.0,195
user_00050,trt,1.0,13.12,,android,US,33.0,49
user_06758,treatment,1.0,77.11,2024-12-10,desktop,UK,27.0,150
user_03672,treatment,1.0,58.09,,tablet,UK,52.0,313
user_00399,treatment,1.0,149.0,,desktop,IN,38.0,0
user_03120,control,0.0,49734.47,,desktop,India,49.0,203
user_03643,control,1.0,24.18,,iphone,United Kingdom,41.0,163
user_05443,control,2.0,42.67,,tablet ,India,21.0,0
user_01604,treatment,1.0,137.67,2024-04-21,mobile,US,57.0,0
user_06483,treatment,1.0,81.06,,iphone,USA,50.0,543
user_05868,control,1.0,172.27,,tablet,UK,25.0,-37
user_01589,control,0.0,33.55,,desktop,IN,42.0,389
user_02564,control,0.0,139.44,2024-06-12,iphone ,IN,41.0,-35
user_08966,treatment,1.0,$22.28,,tablet,IN,31.0,42
user_05536,control,1.0,191.92,,desktop,IN,51.0,588
user_02622,treatment,1.0,172.27,,tablet,United States,44.0,224
user_03992,treatment,0.0,$77.87,,tablet,United States,36.0,435
user_00783,treatment,0.0,75.07,2024-05-22,mobile,India,63.0,133
user_06854,control,0.0,94.32,2024-07-17,iphone,US,60.0,0
user_00369,control,0.0,162.02,,mobile,UK,25.0,204
user_05301,treatment,1.0,142.41,2024-05-23,mobile,United Kingdom,59.0,508
user_00769,treatment,2.0,168.69,2024-09-08,mobile,United States,22.0,158
user_04457,control,1.0,33.45,,mobile,United Kingdom,56.0,437
user_06494,control,1.0,158.85,,mobile,US,18.0,593
user_07311,control,0.0,172.27,,mobile,UK,23.0,498
user_03121,control,1.0,61.8,,desktop,IN,50.0,171
user_04226,trt,0.0,172.27,,desktop,USA,29.0,-50
user_05962,treatment,1.0,180.74,,mobile,USA,28.0,192
user_00784,control,0.0,-76.3,,tablet,USA,32.0,150
user_01414,treatment,1.0,50.74,,mobile,US,50.0,267
user_00392,control,1.0,180.57,,desktop,USA,32.0,38
user_06698,treatment,0.0,178.37,,desktop,IN,65.0,207
user_00878,control,2.0,177.39,2024-07-12,tablet,US,45.0,37
user_02453,test,0.0,51.21,,desktop,US,24.0,147
user_08500,control,1.0,$123.92,,desktop,USA,35.0,469
user_00544,control,1.0,"622,31",,desktop,USA,57.0,36
user_01684,control,1.0,72.87,,desktop,United States,19.0,99
user_04766,treatment,1.0,155.64,,desktop,USA,39.0,582
user_07314,treatment,0.0,144.09,,mobile,India,52.0,484
user_08631,treatment,0.0,"666,39",2024-04-05,mobile,United Kingdom,42.0,568
user_08455,treatment,0.0,14.74,,desktop,US,55.0,-95
user_07866,treatment,1.0,135.38,2024-06-07,desktop,US,43.0,526
user_07340,control,1.0,141.93,,mobile,US,62.0,362
user_07972,control,1.0,197.23,,desktop,UK,52.0,314
user_00007,treatment,1.0,53.55,,tablet,United States,62.0,264
user_03791,treatment,1.0,81.39,,desktop,USA,19.0,273
user_04441,control,0.0,33.63,2024-02-22,desktop,United Kingdom,62.0,387
user_00298,treatment,2.0,16.52,2024-06-11,desktop,UK,29.0,250
user_06470,treatment,0.0,172.27,2024-11-29,mobile,US,23.0,218
user_02944,treatment,1.0,"248,58",,desktop,India,65.0,355
user_03748,control,0.0,45.66,,mobile,India,44.0,181
user_03450,control,1.0,172.27,,desktop,India,62.0,442
user_05565,control,0.0,172.27,2024-02-13,desktop,US,65.0,499
user_05649,treatment,0.0,52.48,2024-09-27,tablet,India,42.0,49
user_08606,control,0.0,167.71,2024-10-04,mobile,UK,26.0,420
user_00357,control,1.0,55.78,,tablet ,India,30.0,370
user_00520,control,1.0,92.27,,mobile,USA,56.0,392
user_02222,treatment,1.0,73.4,,tablet,USA,39.0,475
user_03301,treatment,1.0,167.52,2024-03-06,mobile,US,52.0,-52
user_04009,control,0.0,196.33,2024-08-13,tablet,US,40.0,419
user_06639,control,1.0,172.27,2024-01-09,mobile,IN,64.0,36
user_03345,treatment,2.0,187.92,,mobile,US,21.0,213
user_00916,control,1.0,57.77,2024-12-05,tablet,IN,28.0,356
user_01463,treatment,1.0,118.99,,tablet,United States,41.0,237
user_03313,control,1.0,138.97,,mobile,USA,51.0,50
user_01284,treatment,0.0,140.0,,tablet,USA,44.0,247
user_00018,control,1.0,175.46,2024-09-24,desktop,US,48.0,225
user_00555,treatment,2.0,89.12,,android,US,38.0,-60
user_03661,control,1.0,159.92,,tablet,India,54.0,320
user_02887,treatment,0.0,-74.31,2024-10-16,tablet,US,53.0,0
user_07997,control,2.0,146.09,,tablet,India,63.0,394
user_03193,control,1.0,104.69,,mobile,USA,34.0,-37
user_08866,trt,1.0,184.2,,desktop,United Kingdom,24.0,178
user_08299,control,1.0,182.53,,desktop,US,27.0,370
user_00442,control,1.0,40113.44,,iphone,UK,62.0,57
user_07313,control,0.0,58.38,,mobile,United States,42.0,438
user_01663,control,1.0,51.12,2024-04-29,desktop,IN,31.0,319
user_03956,treatment,1.0,133.59,,mobile,USA,47.0,86
user_03319,treatment,0.0,75.84,,desktop,USA,52.0,201
user_06689,control,1.0,47.44,,mobile,USA,29.0,174
user_05769,treatment,0.0,$129.68,,iphone,United States,37.0,378
user_03243,control,1.0,118.43,2024-05-15,android,United States,39.0,545
user_03441,treatment,0.0,141.05,,android,UK,39.0,239
user_06895,control,0.0,172.27,,mobile,IN,45.0,523
user_05023,control,0.0,52.91,,desktop,USA,20.0,155
user_07342,treatment,1.0,121.13,,mobile,India,43.0,0
user_00907,treatment,0.0,112.38,,desktop,US,49.0,280
user_00671,control,0.0,178.18,,tablet,USA,28.0,0
user_03416,control,0.0,91.12,2024-12-30,mobile,US,58.0,343
user_03250,control,1.0,45.29,,tablet,India,23.0,162
user_06177,control,0.0,94.57,2024-06-21,mobile,IN,42.0,520
user_02122,treatment,1.0,79.39,2024-02-05,desktop ,IN,56.0,563
user_07983,control,1.0,$84.97,2024-12-21,mobile,India,52.0,113
user_03809,treatment,1.0,172.27,,mobile,USA,59.0,232
user_04597,trt,0.0,123.4,,desktop,IN,29.0,564
user_00023,control,1.0,52.31,,tablet,US,42.0,232
user_07671,treatment,1.0,115.79,,desktop,USA,18.0,186
user_04806,control,0.0,93.69,2024-07-30,desktop,US,41.0,481
user_05545,treatment,1.0,66.49,,tablet,USA,47.0,489
user_06834,control,1.0,172.27,,android,UK,59.0,415
user_02821,treatment,1.0,163.13,,mobile,USA,63.0,499
user_05394,control,2.0,87.02,2024-08-27,desktop,US,42.0,448
user_02334,control,1.0,182.21,,desktop,USA,64.0,432
user_06236,control,1.0,$129.28,,desktop,IN,34.0,0
user_08390,control,1.0,-62.14,2024-10-19,mobile,IN,23.0,461
user_00405,control,0.0,172.27,,desktop,United Kingdom,26.0,555
user_01418,control,1.0,110.46,,desktop,United Kingdom,42.0,0
user_00751,control,0.0,154.17,,desktop,UK,37.0,242
user_00935,treatment,2.0,133.9,2024-07-31,mobile,USA,56.0,145
user_05563,treatment,0.0,105.2,,tablet,US,27.0,175
user_03626,treatment,1.0,153.32,,desktop,USA,51.0,72
user_04985,control,0.0,172.27,,desktop,USA,27.0,159
user_00240,control,1.0,35.37,2024-12-27,mobile,United States,29.0,-56
user_01436,treatment,0.0,59.48,2024-04-12,tablet,US,41.0,0
user_00717,control,0.0,"604,43",,iphone,US,24.0,215
user_05046,treatment,0.0,35.3,,mobile,USA,31.0,160
user_00525,control,1.0,146.46,,desktop,IN,63.0,270
user_05994,treatment,1.0,"770,77",,desktop,USA,18.0,491
user_03875,control,0.0,26.64,,desktop,India,30.0,161
user_08296,control,0.0,22.72,,desktop,US,18.0,518
user_08916,treatment,0.0,115.96,,mobile,USA,58.0,579
user_08698,test,1.0,56.85,2024-06-03,tablet,US,38.0,221
user_04685,trt,0.0,108.56,,tablet,IN,58.0,110
user_02687,treatment,1.0,39.68,,android,US,53.0,404
user_00743,control,2.0,187.68,,desktop,USA,30.0,292
user_05307,treatment,1.0,197.18,,tablet,US,42.0,494
user_00626,treatment,1.0,73.89,,tablet,USA,21.0,316
user_02865,trt,1.0,107.21,,tablet,India,56.0,390
user_04321,trt,1.0,162.82,,mobile,United States,23.0,187
user_00374,control,1.0,136.33,,desktop,USA,31.0,-73
user_06491,control,1.0,143.71,2024-08-23,desktop,US,40.0,-97
user_05452,control,0.0,133.03,2024-10-28,desktop,UK,27.0,300
user_06087,treatment,1.0,113.96,,desktop,IN,52.0,-48
user_07792,treatment,1.0,172.27,,android,United Kingdom,48.0,404
user_05603,treatment,0.0,147.5,,android,US,42.0,269
user_05242,trt,0.0,69.79,,desktop,US,37.0,-81
user_03065,treatment,1.0,-33.94,,desktop,US,52.0,427
user_02768,trt,1.0,-24.84,2024-11-13,tablet,United States,42.0,586
user_02274,treatment,1.0,162.38,,mobile,USA,45.0,255
user_00922,control,1.0,17.58,,mobile,US,45.0,412
user_07466,treatment,0.0,$185.32,2024-06-22,mobile,US,42.0,0
user_08275,treatment,1.0,87.86,2024-01-10,desktop ,United Kingdom,52.0,257
user_05416,control,1.0,173.0,,desktop,United Kingdom,20.0,344
user_02829,treatment,0.0,172.27,,iphone,USA,34.0,310
user_00271,control,1.0,25.74,2024-03-16,tablet ,USA,58.0,0
user_00357,test,0.0,172.27,2024-05-19,desktop,US,42.0,0
user_04476,control,1.0,156.83,,tablet,USA,32.0,138
user_08769,control,1.0,79.96,2024-02-05,tablet,US,60.0,-16
user_07610,treatment,0.0,86.63,2024-02-18,tablet,United States,21.0,0
user_02483,treatment,0.0,161.22,2024-09-07,mobile,United States,42.0,242
user_00207,treatment,0.0,"579,20",,mobile,US,19.0,100
user_04812,treatment,0.0,142.58,,mobile,USA,19.0,537
user_02401,trt,0.0,120.06,,mobile,United Kingdom,64.0,255
user_05968,treatment,0.0,133.38,,tablet,USA,58.0,131
user_01229,treatment,0.0,100.52,,desktop,United States,24.0,592
user_08864,control,0.0,183.27,2024-07-29,tablet,India,31.0,81
user_00121,control,0.0,134.51,,iphone,IN,22.0,0
user_08192,treatment,1.0,$96.25,,mobile,US,59.0,-24
user_03879,treatment,1.0,"642,90",,mobile,India,30.0,193
user_07575,treatment,0.0,190.51,,mobile,United States,49.0,76
user_02921,control,0.0,167.79,2024-08-25,mobile,India,25.0,142
user_00345,treatment,1.0,24591.24,2024-02-03,tablet,US,62.0,274
user_00068,treatment,1.0,185.85,,desktop,USA,38.0,429
user_05726,control,1.0,14.92,,tablet,United States,51.0,564
user_00633,treatment,1.0,183.26,,mobile,US,24.0,152
user_00795,treatment,0.0,-13.5,2024-12-20,tablet,US,30.0,79
user_03184,test,1.0,140.67,2024-03-21,desktop,IN,21.0,319
user_08463,treatment,1.0,47.02,,iphone,US,18.0,248
user_02964,control,1.0,110.11,2024-12-12,desktop,USA,41.0,348
user_01829,treatment,1.0,69.37,2024-11-16,desktop,IN,42.0,102
user_04100,treatment,1.0,11.18,2024-06-16,tablet,US,43.0,56
user_04092,treatment,1.0,118.71,2024-06-24,mobile,United States,34.0,248
user_00131,control,0.0,20.24,2024-06-27,mobile,IN,63.0,367
user_01632,control,0.0,172.27,,desktop,US,33.0,0
user_01849,test,0.0,52.56,,desktop,IN,57.0,324
user_01863,control,2.0,70.59,2024-12-15,tablet,US,40.0,518
user_05513,control,0.0,80.38,,tablet,United States,7.0,161
user_05772,trt,0.0,38.7,,mobile,IN,21.0,58
user_07453,control,1.0,94.4,,mobile,US,47.0,105
user_07318,control,1.0,26.01,,desktop,US,60.0,59
user_00830,control,1.0,180.72,2024-01-23,desktop,United Kingdom,64.0,319
user_04780,treatment,0.0,172.27,,mobile,UK,52.0,236
user_03326,control,1.0,110.45,,tablet,IN,33.0,51
user_03515,trt,1.0,192.34,2024-08-30,mobile,US,34.0,505
user_04899,treatment,0.0,172.27,2024-06-07,mobile,United Kingdom,37.0,411
user_01876,control,1.0,107.12,,mobile,UK,33.0,144
user_05333,treatment,1.0,21.16,,desktop,USA,40.0,305
user_04592,control,1.0,177.51,2024-07-17,desktop,India,29.0,237
user_08955,treatment,1.0,12.39,,desktop,USA,37.0,130
user_03491,treatment,1.0,142.52,2024-09-29,desktop,United Kingdom,56.0,175
user_00683,treatment,1.0,125.46,,desktop,USA,45.0,345
user_04792,control,0.0,119.06,,android,USA,42.0,498
user_07937,treatment,1.0,172.27,2024-09-06,desktop,United States,23.0,526
user_00342,treatment,0.0,$106.83,,mobile,India,53.0,528
user_07586,control,1.0,120.31,2024-12-30,mobile,USA,35.0,98
user_08594,control,1.0,16.64,,android,US,65.0,314
user_01221,control,1.0,110.82,2024-01-14,desktop,United States,19.0,0
user_04578,treatment,0.0,-15.95,,tablet,IN,63.0,152
user_00407,control,0.0,19.66,,mobile,IN,44.0,247
user_01662,treatment,0.0,139.91,,android,USA,29.0,258
user_00268,control,1.0,26.27,2024-09-17,desktop,USA,20.0,478
user_07564,control,1.0,145.37,,tablet,United Kingdom,62.0,101
user_01501,treatment,0.0,128.31,,desktop,US,32.0,577
user_03486,control,0.0,40.59,2024-09-13,mobile,US,62.0,486
user_08146,treatment,1.0,29.53,2024-01-29,tablet,United States,55.0,33
user_02796,control,0.0,46.56,,iphone,India,30.0,166
user_08311,control,0.0,39.55,,tablet,India,26.0,119
user_00279,trt,1.0,134.17,,mobile,UK,31.0,-85
user_00616,treatment,1.0,177.9,2024-09-28,iphone,USA,63.0,236
user_00356,treatment,1.0,173.86,,desktop,United Kingdom,53.0,455
user_00809,control,0.0,12.07,2024-05-13,tablet,US,27.0,160
user_08225,control,0.0,44.32,,mobile,US,55.0,379
user_02472,control,1.0,153.58,2024-07-01,tablet,US,49.0,126
user_01020,control,0.0,109.8,,desktop,IN,57.0,157
user_06131,treatment,2.0,132.77,2024-05-16,mobile,India,28.0,188
user_00761,treatment,0.0,135.09,2024-01-30,tablet,India,55.0,584
user_03658,control,1.0,118.67,,tablet,US,59.0,-85
user_00586,control,0.0,194.51,,tablet,USA,38.0,546
user_05471,treatment,1.0,44228.85,2024-01-23,desktop,USA,54.0,58
user_00279,control,0.0,12.63,,tablet,US,28.0,46
user_07150,control,0.0,-47.98,,desktop,India,51.0,0
user_04119,control,0.0,15.67,2024-02-27,desktop,USA,19.0,276
user_06807,control,0.0,43.56,,tablet,United States,32.0,82
user_03202,control,0.0,24.83,,desktop,USA,23.0,118
user_08335,control,0.0,18.28,,desktop,United States,51.0,71
user_05164,control,0.0,19.16,,desktop,United Kingdom,50.0,180
user_02196,control,0.0,40.19,,tablet,US,62.0,511
user_00590,control,1.0,$31.22,2024-06-28,tablet,United Kingdom,32.0,41
user_02814,treatment,0.0,21.27,,desktop,US,43.0,437
user_01154,treatment,0.0,172.27,,tablet,USA,21.0,121
user_01107,control,0.0,180.18,,mobile,United Kingdom,51.0,224
user_07400,treatment,1.0,27.76,2024-05-02,mobile,United States,20.0,198
user_01041,control,0.0,"280,56",,tablet,UK,46.0,335
user_05979,trt,1.0,85.99,,tablet,United States,30.0,208
user_00406,treatment,0.0,194.58,,tablet,USA,35.0,147
user_00216,treatment,0.0,-40.02,,desktop,UK,47.0,343
user_07028,treatment,0.0,56.61,,desktop,US,46.0,168
user_07030,treatment,1.0,51.58,,tablet,United States,38.0,0
user_05574,treatment,0.0,"879,54",,mobile,USA,40.0,403
user_02989,control,1.0,172.27,,tablet,USA,63.0,473
user_06446,control,1.0,"129,21",,mobile,USA,20.0,544
user_05789,treatment,1.0,70.56,2024-05-23,desktop,USA,52.0,409
user_05096,control,1.0,172.27,2024-12-06,desktop,USA,31.0,296
user_00177,control,0.0,113.89,,desktop,US,26.0,187
user_02355,control,1.0,135.16,2024-10-08,desktop,IN,64.0,0
user_06667,treatment,1.0,193.92,2024-03-03,mobile,USA,10.0,397
user_03635,treatment,0.0,17.02,2024-04-01,desktop,USA,38.0,283
user_05948,control,0.0,136.62,,mobile,UK,12.0,487
user_06365,treatment,0.0,102.84,,mobile,US,18.0,141
user_07355,treatment,1.0,135.43,,tablet,USA,21.0,455
user_07753,test,0.0,189.97,2024-07-18,mobile,US,28.0,103
user_01305,control,0.0,182.32,2024-01-24,tablet,UK,47.0,-15
user_05079,treatment,1.0,92.18,,desktop,US,51.0,193
user_00569,treatment,0.0,189.78,,mobile,USA,24.0,313
user_05557,control,0.0,144.4,,mobile,USA,51.0,541
user_08394,treatment,0.0,29.83,,mobile,IN,18.0,280
user_03535,treatment,0.0,47.06,2024-04-24,mobile,India,21.0,67
user_03432,treatment,0.0,13.55,,tablet,United States,42.0,266
user_04519,test,1.0,188.15,2024-01-21,mobile,India,61.0,600
user_03089,control,1.0,194.89,,mobile,India,26.0,337
user_05034,control,2.0,182.09,,tablet,US,44.0,351
user_05762,treatment,1.0,-45.48,2024-12-29,mobile,UK,60.0,179
user_04010,trt,0.0,-95.77,,desktop,United Kingdom,63.0,148
user_08975,treatment,0.0,27.12,,desktop,United Kingdom,44.0,555
user_01074,control,1.0,196.32,,tablet,USA,42.0,483
user_05087,control,0.0,134.23,,desktop,IN,60.0,197
user_00107,treatment,1.0,169.45,,desktop,US,63.0,522
user_06481,control,1.0,180.01,,android,US,60.0,103
user_07723,trt,2.0,26.27,,mobile,United States,27.0,287
user_06658,treatment,0.0,47.66,2024-07-28,desktop,UK,53.0,261
user_06909,control,1.0,171.58,2024-07-27,desktop,India,22.0,406
user_02651,treatment,0.0,173.83,,mobile,United States,27.0,162
user_08410,treatment,0.0,165.66,,mobile,India,19.0,316
user_08829,treatment,0.0,99.4,,mobile,India,56.0,563
user_03547,treatment,1.0,18.99,2024-04-07,mobile,US,55.0,414
user_07727,test,0.0,165.72,,desktop,USA,38.0,230
user_07226,control,1.0,14.93,2024-02-06,tablet,United Kingdom,34.0,429
user_07341,treatment,0.0,172.27,,mobile,USA,31.0,235
user_01296,treatment,1.0,172.27,2024-10-15,desktop,United Kingdom,23.0,382
user_06362,treatment,1.0,99.42,,mobile,USA,52.0,71
user_01939,control,2.0,"803,15",,tablet,US,64.0,76
user_04954,treatment,1.0,"101,78",,mobile,IN,60.0,-87
user_00906,control,0.0,172.27,,tablet,United Kingdom,21.0,511
user_02806,treatment,0.0,71.93,2024-02-26,android,USA,50.0,148
user_08805,control,1.0,47.58,,desktop,India,59.0,503
user_08581,control,0.0,83.96,2024-04-10,tablet,India,49.0,130
user_00170,control,1.0,133.4,2024-07-02,tablet,US,37.0,529
user_03414,control,0.0,112.9,,tablet,IN,46.0,404
user_01708,control,1.0,123.25,,desktop,US,60.0,163
user_07766,treatment,1.0,98.86,,android,USA,44.0,420
user_01810,control,0.0,65.86,2024-05-04,desktop,US,42.0,150
user_01802,control,0.0,116.45,2024-01-18,mobile,US,65.0,551
user_01677,control,0.0,105.72,2024-12-31,mobile,US,56.0,196
user_08298,control,1.0,47.04,,desktop,USA,43.0,473
user_00872,control,1.0,20.25,,mobile,IN,29.0,140
user_06022,treatment,1.0,140.28,,desktop,UK,64.0,174
user_03519,trt,0.0,180.08,2024-08-26,tablet,US,53.0,437
user_08482,treatment,0.0,35.45,,iphone,IN,52.0,564
user_04318,treatment,0.0,12.34,,tablet,US,48.0,475
user_06774,treatment,1.0,73.15,,desktop,US,34.0,492
user_03624,treatment,1.0,151.69,,tablet,US,27.0,257
user_06020,control,1.0,65.74,2024-09-30,desktop,IN,18.0,75
user_06039,control,0.0,-22.1,2024-09-04,tablet,US,52.0,87
user_07403,treatment,1.0,104.96,2024-09-23,mobile,United Kingdom,29.0,290
user_04411,control,0.0,31.58,,tablet,United Kingdom,63.0,480
user_02497,control,1.0,12.97,,mobile,United Kingdom,38.0,264
user_02124,control,2.0,-78.86,,mobile,UK,46.0,186
user_04873,control,1.0,20.89,2024-10-27,tablet,USA,59.0,572
user_08308,treatment,1.0,26.96,,tablet,India,35.0,451
user_05007,control,0.0,157.4,,tablet,US,63.0,240
user_04118,control,1.0,$164.14,,tablet,United States,65.0,503
user_00627,control,2.0,123.3,2024-10-06,desktop,United Kingdom,46.0,510
user_00320,control,1.0,78.27,2024-03-01,desktop,India,54.0,104
user_00389,control,1.0,145.6,2024-09-25,mobile,US,41.0,0
user_07232,control,0.0,$199.66,2024-02-04,android,United Kingdom,52.0,380
user_00257,treatment,1.0,142.48,,mobile,United Kingdom,65.0,98
user_02534,control,0.0,-36.46,,iphone,UK,31.0,432
user_06206,trt,1.0,150.77,,mobile,US,42.0,251
user_02877,treatment,1.0,73.5,,iphone,US,42.0,383
user_02507,treatment,0.0,32.27,2024-11-30,mobile,US,38.0,172
user_00568,trt,0.0,97.55,,mobile,US,32.0,581
user_01161,treatment,0.0,108.01,,desktop,United States,42.0,520
user_00842,control,1.0,63.35,,mobile,USA,64.0,-67
user_06679,treatment,1.0,34.18,,mobile,US,42.0,95
user_02781,control,0.0,145.54,,mobile,India,57.0,434
user_06356,control,1.0,51.52,,tablet,United Kingdom,90.0,237
user_03529,control,1.0,106.06,,tablet,US,38.0,505
user_06181,control,1.0,51.89,2024-09-12,desktop,US,25.0,433
user_01595,treatment,1.0,128.78,,mobile,US,58.0,0
user_02528,control,1.0,139.17,,mobile,US,28.0,481
user_00192,control,0.0,38.73,,tablet,US,25.0,424
user_00777,control,0.0,166.34,,desktop,USA,23.0,536
user_06995,treatment,1.0,52.95,,desktop,US,26.0,0
user_08050,control,1.0,14.31,2024-10-12,desktop,US,41.0,61
user_00906,treatment,2.0,140.54,,desktop,United States,39.0,60
user_00870,treatment,1.0,182.49,2024-03-28,desktop,IN,63.0,109
user_00378,control,1.0,172.27,2024-08-04,desktop,US,49.0,126
user_06260,control,1.0,162.05,2024-08-08,tablet,USA,54.0,247
user_00094,treatment,0.0,116.01,,desktop,US,51.0,0
user_01636,control,1.0,141.68,,desktop,USA,57.0,241
user_04906,treatment,0.0,32.44,2024-05-25,desktop,IN,50.0,407
user_07284,treatment,1.0,109.16,,tablet ,US,42.0,599
user_02955,control,0.0,20.91,2024-09-18,desktop,USA,59.0,260
user_00307,control,1.0,"226,60",,mobile,United Kingdom,55.0,81
user_03783,treatment,1.0,93.03,2024-05-06,mobile,India,61.0,87
user_07607,treatment,1.0,92.22,,mobile,USA,6.0,294
user_06853,control,0.0,$100.87,2024-08-25,desktop,UK,20.0,580
user_00573,control,1.0,196.9,,desktop,US,42.0,139
user_06806,treatment,1.0,-82.45,2024-12-14,desktop,US,26.0,-95
user_02930,treatment,0.0,120.16,,desktop,US,65.0,-100
user_05308,treatment,1.0,55.94,,desktop,United Kingdom,43.0,0
user_04073,control,0.0,144.71,,desktop,US,34.0,-70
user_06547,control,0.0,190.43,,desktop,USA,59.0,411
user_05922,treatment,1.0,67.84,,tablet,US,37.0,0
user_02000,control,1.0,187.76,,mobile,US,19.0,582
user_07178,control,1.0,10.31,2024-09-13,mobile,IN,48.0,226
user_05162,treatment,1.0,$131.35,,desktop,US,65.0,367
user_05094,treatment,0.0,"602,94",,mobile,IN,56.0,297
user_08170,control,1.0,146.17,,desktop,US,52.0,33
user_04560,control,0.0,$199.52,2024-06-27,desktop,UK,41.0,0
user_01286,control,0.0,62.71,2024-08-17,mobile,India,26.0,585
user_00230,control,0.0,74.28,2024-11-15,mobile,India,25.0,0
user_02870,control,0.0,114.69,2024-11-21,desktop,USA,21.0,-87
user_02370,control,0.0,119.05,,desktop,UK,42.0,-98
user_03669,control,1.0,121.16,2024-02-04,mobile,US,18.0,113
user_01770,control,0.0,"957,44",,mobile,US,34.0,337
user_02034,test,0.0,138.46,2024-08-28,desktop,UK,55.0,33
user_04131,control,1.0,144.92,,desktop,US,40.0,158
user_05963,control,0.0,194.63,,tablet,IN,42.0,0
user_00076,treatment,1.0,114.62,,mobile,UK,35.0,121
user_03782,control,0.0,100.38,,tablet,US,30.0,428
user_00130,control,1.0,23.2,,iphone,US,18.0,597
user_03985,treatment,1.0,"647,19",,tablet,United Kingdom,65.0,491
user_07177,treatment,0.0,139.31,2024-04-09,tablet,India,20.0,143
user_00845,control,0.0,-89.25,,tablet,UK,32.0,0
user_02843,control,0.0,159.13,,desktop,India,56.0,361
user_05050,treatment,1.0,26.13,,desktop,US,58.0,377
user_04998,treatment,1.0,172.27,,tablet,US,30.0,0
user_05721,treatment,0.0,105.13,,mobile,USA,18.0,403
user_03800,treatment,0.0,35.54,2024-07-18,desktop,UK,42.0,546
user_00973,control,0.0,57.54,,desktop,USA,30.0,235
user_01739,control,0.0,62.34,,mobile,UK,65.0,108
user_01641,control,0.0,157.89,,desktop,India,19.0,280
user_02879,test,0.0,175.45,,desktop,USA,63.0,147
user_04107,control,1.0,172.27,,desktop,USA,65.0,257
user_01318,control,0.0,68.91,2024-05-17,iphone,USA,39.0,435
user_00650,treatment,1.0,163.99,,tablet,US,23.0,244
user_04634,control,1.0,187.35,,desktop,US,26.0,286
user_07394,control,1.0,104.36,,mobile,US,22.0,150
user_00325,treatment,1.0,45.83,2024-06-07,mobile,USA,42.0,339
user_06757,treatment,1.0,97.47,,desktop,US,32.0,503
user_05987,treatment,0.0,157.06,,desktop,India,24.0,0
user_00831,treatment,0.0,80.12,,mobile,India,32.0,342
user_01226,treatment,1.0,164.61,2024-08-23,desktop,India,53.0,0
user_03488,control,0.0,32.9,,tablet,US,90.0,58
user_00918,control,0.0,-38.3,,tablet,UK,56.0,35
user_01825,trt,0.0,16.71,,mobile ,UK,56.0,530
user_08761,treatment,0.0,183.14,,tablet,US,44.0,325
user_00561,treatment,1.0,-86.71,,mobile,India,52.0,565
user_02820,treatment,1.0,156.84,,mobile,United Kingdom,38.0,-14
user_02118,treatment,1.0,158.42,,desktop,US,56.0,438
user_02888,treatment,0.0,59.35,2024-08-30,desktop,UK,31.0,307
user_00774,treatment,1.0,"866,61",,desktop,USA,30.0,541
user_05765,trt,1.0,-50.98,2024-02-14,mobile ,USA,49.0,435
user_03185,treatment,0.0,61.01,,tablet,United States,53.0,537
user_07262,control,0.0,172.27,,desktop,UK,57.0,465
user_00103,treatment,1.0,155.73,2024-02-09,desktop,India,40.0,233
user_03033,treatment,0.0,183.14,,desktop,India,53.0,156
user_02999,treatment,1.0,66.12,,desktop,US,55.0,538
user_01040,treatment,2.0,82.16,,mobile,IN,46.0,127
user_00879,control,1.0,62.07,,mobile,USA,24.0,220
user_05702,treatment,1.0,172.27,2024-10-14,desktop,United States,64.0,542
user_00800,treatment,0.0,172.27,,mobile,UK,28.0,549
user_02114,treatment,1.0,104.08,,mobile,United Kingdom,42.0,-77
user_00068,control,0.0,98.66,2024-05-30,mobile,US,24.0,233
user_06583,treatment,2.0,98.21,2024-09-09,mobile,USA,42.0,112
user_04317,treatment,0.0,55.08,2024-10-26,mobile,US,63.0,228
user_00072,control,1.0,146.81,,mobile,USA,21.0,428
user_00610,treatment,0.0,119.96,,tablet,UK,30.0,95
user_00505,treatment,1.0,15.74,,desktop,United Kingdom,64.0,75
user_04653,control,0.0,"675,83",2024-01-19,mobile,US,61.0,362
user_04056,treatment,0.0,195.51,,mobile,USA,56.0,422
user_00524,treatment,0.0,162.88,2024-09-14,iphone ,IN,49.0,105
user_07514,trt,2.0,38.31,,mobile,US,45.0,71
user_02982,control,0.0,87.39,,mobile,USA,33.0,240
user_03100,treatment,0.0,$106.94,2024-10-27,tablet,US,23.0,283
user_01776,treatment,0.0,193.22,,mobile,India,39.0,487
user_01080,treatment,0.0,126.37,,desktop,United States,29.0,489
user_03725,control,1.0,191.61,,mobile,India,27.0,557
user_00051,treatment,0.0,172.27,,android,India,59.0,479
user_01395,control,1.0,194.8,,desktop,IN,61.0,375
user_06529,control,1.0,45.07,2024-11-28,mobile,US,21.0,-16
user_07413,control,0.0,31.29,2024-04-28,mobile,USA,52.0,598
user_05673,treatment,0.0,64.32,2024-06-11,desktop,USA,65.0,336
user_04878,control,0.0,172.27,,desktop ,US,22.0,153
user_01921,treatment,2.0,-10.99,,tablet,US,24.0,332
user_06771,control,0.0,57.05,,tablet,USA,38.0,0
user_04433,control,0.0,160.4,,desktop,India,46.0,187
user_01178,control,1.0,49.31,,desktop,USA,34.0,0
user_00218,treatment,0.0,124.01,2024-01-24,mobile,USA,26.0,384
user_00689,treatment,1.0,29.63,,tablet,USA,30.0,157
user_03709,control,1.0,$17.87,,mobile,United Kingdom,47.0,341
user_00008,control,1.0,84.57,2024-06-20,android,USA,40.0,-100
user_07991,treatment,1.0,54.75,,desktop,US,18.0,425
user_06877,treatment,0.0,146.0,,mobile,IN,33.0,64
user_03473,treatment,1.0,89.28,2024-11-15,desktop,IN,19.0,436
user_04083,control,1.0,172.27,2024-02-15,desktop,USA,36.0,481
user_00746,treatment,1.0,66.46,2024-06-14,mobile,USA,44.0,295
user_00779,control,1.0,50.26,,mobile,USA,33.0,0
user_00053,treatment,1.0,123.64,,desktop,USA,39.0,454
user_00880,treatment,1.0,$45.83,,desktop,India,37.0,352
user_01624,control,1.0,194.24,,tablet,USA,54.0,0
user_05378,treatment,0.0,28.96,,mobile,USA,41.0,91
user_00540,trt,0.0,171.84,,iphone,USA,48.0,177
user_00976,treatment,0.0,167.18,2024-11-23,tablet,United States,23.0,300
user_05801,treatment,0.0,57.63,,desktop,US,42.0,151
user_08329,treatment,0.0,145.5,,iphone,UK,57.0,279
user_06304,control,1.0,65.04,2024-03-21,desktop,UK,23.0,555
user_00556,treatment,0.0,127.61,2024-07-13,desktop,US,19.0,-21
user_05291,treatment,1.0,114.79,2024-10-06,mobile,United Kingdom,51.0,285
user_02660,treatment,1.0,84.35,,desktop,India,43.0,327
user_00086,treatment,1.0,43.09,,mobile,US,60.0,384
user_00425,control,1.0,193.81,2024-12-29,iphone,India,51.0,347
user_07978,treatment,1.0,167.55,,mobile,United States,53.0,98
user_06808,treatment,1.0,61.24,2024-12-09,desktop,UK,39.0,357
user_01369,treatment,0.0,110.66,,desktop,IN,32.0,278
user_03388,control,0.0,128.35,,desktop ,USA,32.0,-25
user_07416,treatment,1.0,98.16,,mobile ,United States,33.0,70
user_02553,control,1.0,$125.22,2024-02-20,android,US,62.0,113
user_07951,treatment,0.0,111.09,,tablet,India,51.0,227
user_01623,control,0.0,193.64,,desktop,US,49.0,585
user_00996,treatment,1.0,168.67,,mobile,USA,58.0,118
user_03763,treatment,0.0,70.27,,mobile,US,52.0,446
user_02938,treatment,1.0,17.8,,mobile,USA,42.0,308
user_06996,control,1.0,141.71,2024-10-27,mobile,US,47.0,210
user_05598,control,0.0,31.81,2024-12-19,desktop,United States,27.0,-62
user_04312,control,1.0,174.44,,mobile,India,24.0,54
user_07516,control,1.0,142.53,,desktop,US,28.0,567
user_07555,control,0.0,172.27,,tablet,US,63.0,307
user_03058,trt,1.0,14.66,,desktop,IN,42.0,584
user_00775,control,1.0,23.03,,mobile,UK,58.0,419
user_08109,treatment,0.0,171.65,,iphone,USA,32.0,0
user_00463,control,0.0,168.59,2024-05-21,desktop,India,38.0,0
user_06666,treatment,0.0,77.92,,desktop,IN,44.0,589
user_03417,treatment,1.0,121.37,,tablet,US,21.0,504
user_00465,control,1.0,70.99,2024-06-08,mobile,UK,25.0,146
user_06436,control,0.0,91.78,,mobile,India,35.0,319
user_05243,control,1.0,47.05,,mobile,UK,63.0,519
user_05421,control,0.0,"538,84",,mobile,US,55.0,60
user_05397,treatment,1.0,12.62,,desktop,US,43.0,0
user_03271,control,0.0,140.27,,mobile,India,65.0,538
user_08702,treatment,0.0,171.94,,mobile,US,26.0,71
user_06582,treatment,1.0,117.19,,tablet,United Kingdom,44.0,48
user_08545,control,0.0,115.81,2024-04-14,android,United Kingdom,63.0,0
user_00431,control,1.0,105.27,,mobile,US,25.0,397
user_07815,control,0.0,189.38,,mobile,USA,36.0,199
user_08115,control,1.0,90.47,2024-07-17,mobile,IN,63.0,323
user_07940,control,1.0,129.85,,desktop ,IN,43.0,120
user_08779,control,0.0,78.3,,mobile,United Kingdom,18.0,468
user_01794,control,1.0,101.8,2024-05-22,desktop,United Kingdom,53.0,288
user_00252,treatment,1.0,151.25,,mobile,USA,51.0,340
user_07410,control,1.0,76.85,,tablet,USA,27.0,257
user_02363,trt,1.0,44.2,,desktop,United Kingdom,49.0,325
user_02908,treatment,1.0,113.47,,mobile,US,45.0,265
user_07424,treatment,1.0,37.38,,desktop,US,59.0,124
user_03046,control,1.0,196.69,,android,USA,48.0,81
user_02824,control,1.0,188.61,,desktop,IN,19.0,46
user_00876,control,0.0,152.34,,mobile,US,34.0,367
user_01460,control,0.0,174.41,,desktop,US,60.0,0
user_05660,treatment,1.0,139.73,,desktop,UK,20.0,147
user_01306,control,0.0,109.5,,mobile,United States,29.0,138
user_00986,treatment,0.0,43.8,,mobile,USA,23.0,0
user_04319,treatment,2.0,$160.17,2024-12-11,desktop,USA,28.0,62
user_00489,treatment,0.0,123.43,,tablet,US,39.0,491
user_03012,control,1.0,172.27,,mobile,USA,40.0,582
user_05163,treatment,1.0,156.85,2024-11-20,mobile,USA,28.0,477
user_02409,treatment,1.0,192.48,2024-06-15,android,US,52.0,317
user_00915,control,1.0,91.81,,mobile,UK,35.0,507
user_05182,control,1.0,55.3,,desktop,India,28.0,347
user_06936,treatment,1.0,173.98,2024-05-31,mobile,IN,30.0,336
user_07127,control,1.0,92.53,,mobile,US,24.0,194
user_00360,treatment,0.0,106.96,2024-07-18,mobile,United Kingdom,35.0,363
user_04442,treatment,0.0,172.27,2024-03-14,mobile,US,44.0,521
user_04657,treatment,2.0,199.23,2024-02-10,tablet,United Kingdom,56.0,0
user_03650,treatment,1.0,69.89,,mobile,US,39.0,465
user_01079,control,0.0,16.23,,mobile,IN,23.0,318
user_01268,control,1.0,105.54,2024-07-09,desktop,United Kingdom,42.0,201
user_07706,control,0.0,128.91,,mobile,US,45.0,451
user_03814,control,1.0,122.46,2024-06-30,iphone,United Kingdom,26.0,159
user_01760,treatment,0.0,197.04,,tablet,US,41.0,406
user_03988,control,1.0,172.27,,mobile,IN,53.0,38
user_02169,treatment,1.0,162.27,,tablet,USA,25.0,473
user_00280,treatment,1.0,88.76,,mobile,US,42.0,335
user_05752,treatment,1.0,134.91,,iphone,IN,23.0,468
user_06441,treatment,0.0,55.21,2024-07-27,mobile,United States,34.0,342
user_05596,control,1.0,89.85,2024-09-16,desktop,United States,26.0,384
user_01247,treatment,0.0,-34.77,2024-07-05,desktop,United Kingdom,26.0,78
user_04350,treatment,1.0,62.71,,tablet,USA,24.0,424
user_00516,control,0.0,190.85,,mobile,US,57.0,422
user_02050,treatment,0.0,119.22,,tablet,US,61.0,193
user_01287,trt,1.0,15.26,,tablet,IN,26.0,373
user_00948,control,1.0,-99.92,,android,US,64.0,98
user_02760,test,1.0,45.37,,desktop,US,42.0,119
user_00446,treatment,2.0,144.26,,desktop,United States,35.0,399
user_00057,treatment,1.0,14.75,2024-06-03,mobile,India,38.0,400
user_07438,treatment,0.0,111.71,2024-06-26,mobile,US,44.0,0
user_06417,test,1.0,40.84,2024-08-19,iphone,India,56.0,584
user_03598,treatment,0.0,-26.84,,mobile,US,55.0,294
user_01155,trt,0.0,70.05,,tablet,US,29.0,0
user_08451,trt,1.0,138.95,,mobile,United Kingdom,65.0,0
user_08567,control,0.0,14.57,,mobile,USA,30.0,49
user_07846,treatment,1.0,168.1,2024-07-19,mobile,IN,58.0,211
user_04132,control,1.0,58.61,,desktop,IN,41.0,60
user_01809,control,1.0,170.65,,mobile,United Kingdom,45.0,141
user_05906,control,1.0,199.78,,desktop,India,54.0,0
user_02997,control,0.0,181.15,,desktop,UK,32.0,0
user_06313,treatment,0.0,33.33,,mobile,United Kingdom,31.0,198
user_06003,control,0.0,176.73,,desktop,India,52.0,514
user_03507,treatment,1.0,192.81,,desktop,US,21.0,205
user_06913,treatment,1.0,31.22,2024-11-11,tablet,United Kingdom,39.0,170
user_07439,control,1.0,172.27,2024-09-21,desktop,US,62.0,531
user_03891,treatment,1.0,163.22,,tablet,US,46.0,545
user_03375,control,0.0,42.07,,mobile,United States,57.0,57
user_03747,control,1.0,172.27,,mobile,IN,36.0,0
user_08826,control,2.0,90.4,2024-12-21,mobile,United States,25.0,196
user_01679,control,0.0,99.94,,desktop,United States,49.0,477
user_08245,control,0.0,175.99,,desktop,US,38.0,403
user_00946,control,1.0,112.34,,desktop,India,31.0,322
user_00415,control,1.0,41.87,2024-03-20,iphone,USA,35.0,0
user_03984,treatment,0.0,110.75,,tablet,US,61.0,190
user_07275,control,1.0,127.8,2024-06-15,mobile,UK,50.0,592
user_08193,control,1.0,158.15,2024-09-29,tablet,IN,35.0,488
user_08028,control,1.0,177.52,,tablet,United States,42.0,420
user_06526,control,0.0,131.13,,mobile,USA,34.0,291
user_02909,control,0.0,145.09,2024-04-17,tablet,India,37.0,265
user_07595,control,1.0,88.77,,desktop,US,20.0,-80
user_05380,treatment,1.0,192.41,2024-11-20,tablet,UK,32.0,-14
user_04485,treatment,1.0,101.44,2024-10-04,mobile,IN,19.0,234
user_02009,control,1.0,51.13,,desktop,IN,21.0,0
user_02176,control,0.0,135.17,2024-04-19,desktop,USA,34.0,242
user_06819,treatment,1.0,69.57,2024-12-06,tablet,USA,53.0,597
user_03548,treatment,0.0,130.79,,desktop,USA,65.0,144
user_03969,control,1.0,99.32,,mobile ,US,24.0,0
user_07116,control,1.0,82.49,,tablet,US,58.0,-41
user_05059,control,0.0,"360,18",,mobile,United Kingdom,49.0,71
user_05250,treatment,0.0,114.79,,desktop,UK,56.0,330
user_04547,test,0.0,123.16,2024-07-06,tablet,United Kingdom,50.0,78
user_08555,control,1.0,-60.2,2024-11-15,tablet,India,55.0,166
user_06035,control,0.0,117.12,2024-11-12,mobile,United States,51.0,187
user_00231,treatment,1.0,172.27,,desktop,USA,35.0,101
user_03552,treatment,1.0,42.0,2024-04-24,desktop,IN,20.0,600
user_05487,treatment,0.0,29.12,2024-12-16,desktop,United States,44.0,0
user_08810,control,2.0,-17.0,,tablet,UK,36.0,128
user_06846,control,0.0,136.31,2024-08-31,mobile,US,39.0,62
user_08556,treatment,0.0,194.84,,tablet,US,33.0,506
user_00305,treatment,0.0,63.23,,iphone,United Kingdom,37.0,425
user_04897,treatment,0.0,-83.2,,mobile,India,24.0,298
user_08546,control,0.0,34.45,2024-03-24,mobile,IN,60.0,349
user_06478,treatment,0.0,64.01,,android,USA,60.0,573
user_06663,treatment,0.0,111.39,,android,United Kingdom,58.0,196
user_00895,control,0.0,196.39,,mobile,United Kingdom,54.0,240
user_08402,treatment,1.0,32.74,2024-04-12,tablet,USA,20.0,570
user_01570,treatment,1.0,24.13,2024-10-25,desktop,USA,42.0,463
user_04531,control,0.0,79.43,2024-10-28,desktop,US,29.0,501
user_07994,control,0.0,186.9,,tablet,US,22.0,316
user_02734,control,1.0,164.07,2024-09-26,desktop,United Kingdom,55.0,472
user_00427,treatment,0.0,191.17,,mobile,India,54.0,476
user_05740,control,0.0,172.27,,tablet,IN,37.0,-46
user_01890,treatment,0.0,133.49,,tablet,USA,44.0,477
user_01350,treatment,1.0,54.49,2024-03-27,mobile,USA,64.0,217
user_01339,control,1.0,136.95,,desktop,United Kingdom,43.0,0
user_00150,treatment,1.0,163.23,,tablet,IN,18.0,471
user_00167,treatment,0.0,34.63,2024-06-28,mobile,United Kingdom,49.0,214
user_02389,control,1.0,45.09,2024-09-21,mobile,US,56.0,0
user_00735,control,0.0,50.47,,mobile,India,57.0,54
user_05174,control,0.0,90.96,,android,US,37.0,60
user_07745,control,0.0,163.04,2024-06-01,desktop,IN,37.0,208
user_02734,treatment,0.0,110.38,,desktop,USA,62.0,0
user_01385,treatment,0.0,31.46,,tablet,United Kingdom,22.0,242
user_08087,control,1.0,91.57,,desktop,US,41.0,492
user_04170,treatment,0.0,139.13,,desktop,US,37.0,366
user_05018,treatment,2.0,189.93,2024-03-31,mobile,US,22.0,527
user_00391,control,0.0,78.51,,desktop,US,23.0,581
user_05128,treatment,0.0,-21.76,,desktop,United Kingdom,90.0,332
user_00473,control,1.0,"468,15",2024-08-04,mobile,USA,60.0,93
user_00371,treatment,1.0,122.46,,desktop,USA,35.0,594
user_04984,control,0.0,56.03,,desktop,USA,27.0,525
user_00309,control,0.0,179.79,,mobile,US,65.0,172
user_02738,control,1.0,172.27,2024-02-04,mobile,UK,31.0,391
user_08470,control,0.0,29.65,2024-06-12,iphone,US,52.0,318
user_01007,treatment,1.0,23.5,2024-07-22,mobile,United States,35.0,579
user_04884,treatment,0.0,121.77,,mobile,USA,36.0,200
user_00238,treatment,1.0,181.6,,mobile,USA,20.0,31
user_08658,treatment,0.0,10.48,,desktop,US,20.0,322
user_04887,treatment,1.0,174.35,,android,UK,42.0,174
user_00742,treatment,1.0,144.3,,mobile,United Kingdom,42.0,67
user_00635,treatment,1.0,172.27,,tablet,UK,39.0,-78
user_07542,control,2.0,34.33,,desktop,USA,25.0,0
user_04980,control,1.0,15.26,2024-07-27,tablet,US,44.0,119
user_06508,control,0.0,18.26,,desktop,USA,64.0,50
user_06711,control,1.0,189.25,,mobile,USA,42.0,324
user_06431,treatment,1.0,126.24,2024-04-09,tablet,United States,19.0,-82
user_05730,treatment,2.0,$90.24,,tablet,United States,51.0,462
user_00485,control,1.0,176.27,2024-01-03,desktop,US,51.0,260
user_00506,control,1.0,"491,30",2024-05-29,mobile,US,29.0,0
user_04593,trt,1.0,102.77,,desktop,UK,42.0,-55
user_06920,trt,1.0,80.45,2024-10-19,desktop,US,43.0,577
user_01151,treatment,1.0,184.32,,mobile,United Kingdom,40.0,63
user_01204,treatment,1.0,68.16,2024-09-20,mobile,India,41.0,484
user_06686,treatment,0.0,45.29,2024-07-24,mobile,USA,39.0,341
user_00225,control,0.0,155.15,2024-01-01,mobile,US,29.0,214
user_00818,trt,0.0,11.6,2024-10-07,desktop,US,29.0,525
user_01363,treatment,1.0,86.2,,mobile,India,50.0,377
user_05698,treatment,0.0,24277.46,,tablet,USA,43.0,68
user_03760,treatment,0.0,151.1,2024-02-12,desktop,US,33.0,91
user_06859,test,0.0,43818.46,,desktop,United Kingdom,29.0,588
user_08902,control,2.0,$129.16,2024-08-17,tablet,United Kingdom,20.0,574
user_05414,treatment,0.0,164.15,,mobile,US,25.0,137
user_00977,treatment,0.0,172.27,,iphone,India,41.0,0
user_00191,control,0.0,-76.83,,tablet,UK,33.0,304
user_05181,treatment,0.0,199.25,2024-10-17,mobile,United Kingdom,58.0,593
user_06928,treatment,0.0,196.22,2024-11-10,desktop,USA,64.0,571
user_07132,treatment,2.0,152.14,,desktop,US,20.0,277
user_00887,control,0.0,199.82,,tablet,UK,60.0,342
user_01146,treatment,0.0,52.56,,mobile,US,44.0,229
user_00259,control,1.0,106.15,2024-09-17,tablet,USA,45.0,186
user_04047,treatment,0.0,172.27,2024-01-01,mobile,US,39.0,335
user_00017,control,0.0,32.04,2024-05-12,tablet,UK,23.0,172
user_05575,treatment,1.0,194.11,2024-10-20,desktop,USA,22.0,164
user_02438,treatment,1.0,137.63,,desktop,India,43.0,220
user_04069,treatment,1.0,172.27,,desktop,US,49.0,306
user_06804,treatment,0.0,$162.07,,tablet,USA,24.0,309
user_08242,trt,0.0,24.46,,tablet,USA,20.0,263
user_06107,treatment,2.0,93.33,,desktop,US,36.0,485
user_08754,treatment,1.0,155.77,,mobile,IN,22.0,203
user_01455,control,1.0,56.96,2024-01-06,tablet,US,27.0,424
user_04361,treatment,0.0,26.66,,tablet,United States,30.0,441
user_00314,treatment,1.0,172.27,,tablet,USA,23.0,228
user_07785,control,1.0,127.05,,iphone,IN,57.0,557
user_08243,control,0.0,114.67,,mobile,India,36.0,492
user_02616,treatment,1.0,172.27,2024-01-21,desktop,India,42.0,413
user_04662,control,1.0,145.65,,android,India,54.0,426
user_05376,control,0.0,$95.23,,desktop,USA,56.0,443
user_00053,treatment,0.0,89.16,,tablet,US,48.0,340
user_08584,control,1.0,182.91,2024-07-06,desktop,India,31.0,69
user_00145,control,0.0,145.03,,desktop,USA,54.0,0
user_00407,control,0.0,170.91,,mobile,United States,42.0,-27
user_00913,control,0.0,198.68,,desktop,US,90.0,505
user_08008,control,2.0,13.02,2024-01-09,mobile,US,36.0,544
user_05931,control,1.0,172.27,,mobile,United States,42.0,287
user_03141,control,1.0,63.59,2024-04-05,android,United Kingdom,52.0,204
user_07845,control,1.0,"350,70",,mobile,United Kingdom,42.0,530
user_00515,treatment,1.0,68.74,,tablet,United Kingdom,55.0,432
user_05939,control,1.0,134.6,2024-12-15,mobile,US,35.0,477
user_06270,treatment,1.0,"627,46",,android,United Kingdom,57.0,442
user_03252,treatment,1.0,170.14,,mobile,United States,40.0,274
user_04762,control,1.0,73.41,,mobile,USA,26.0,60
user_00310,control,2.0,"875,24",2024-01-26,desktop,USA,58.0,308
user_03159,trt,1.0,-15.89,,desktop,US,27.0,362
user_08507,test,0.0,161.08,,tablet,US,54.0,81
user_07647,treatment,0.0,178.99,,mobile,IN,61.0,355
user_00416,control,1.0,168.12,2024-10-16,desktop,IN,49.0,467
user_03941,treatment,1.0,168.0,,mobile,United States,50.0,557
user_08475,control,1.0,174.31,,mobile,US,34.0,278
user_04114,control,0.0,59.86,2024-08-30,mobile,United Kingdom,29.0,326
user_01922,treatment,1.0,179.81,,tablet,United Kingdom,55.0,492
user_00096,treatment,0.0,134.53,,mobile,UK,30.0,210
user_00365,treatment,0.0,57.16,,tablet,USA,38.0,181
user_07145,test,2.0,129.44,,tablet,USA,52.0,143
user_01026,treatment,1.0,191.04,,desktop,USA,25.0,118
user_04237,treatment,1.0,67.87,,mobile,United States,37.0,325
user_08998,trt,1.0,83.03,,desktop,UK,31.0,525
user_03874,control,0.0,177.89,,desktop,USA,47.0,531
user_05223,treatment,0.0,$55.85,2024-08-21,mobile,USA,61.0,62
user_05891,treatment,0.0,"956,93",,desktop,USA,46.0,510
user_01584,treatment,1.0,163.25,,mobile,US,24.0,86
user_05324,control,1.0,139.22,,iphone,UK,32.0,328
user_00813,control,0.0,186.03,2024-03-25,mobile,United States,42.0,77
user_00983,treatment,1.0,26.13,,mobile,IN,53.0,433
user_04883,control,1.0,172.27,,mobile,US,56.0,78
user_02576,control,0.0,64.79,2024-05-03,mobile,India,61.0,364
user_07065,treatment,0.0,73.12,2024-12-06,desktop,US,44.0,55
user_00285,treatment,1.0,"211,24",,android,India,42.0,0
user_06029,treatment,1.0,102.25,,tablet,US,25.0,45
user_08572,control,1.0,195.05,,mobile,USA,21.0,218
user_03029,treatment,0.0,105.73,,desktop,United Kingdom,62.0,97
user_03238,treatment,1.0,19.81,,mobile,UK,34.0,278
user_01052,treatment,0.0,-42.27,,mobile,US,24.0,396
user_02384,control,1.0,183.94,,mobile,USA,48.0,302
user_06728,control,1.0,24.78,2024-04-18,desktop,United States,26.0,305
user_02506,treatment,1.0,-58.23,,mobile,United Kingdom,42.0,154
user_00601,control,1.0,172.27,2024-04-16,mobile,US,48.0,475
user_07689,control,0.0,120.8,,mobile,IN,58.0,208
user_06984,control,1.0,27.51,,iphone,US,62.0,478
user_05298,control,0.0,111.79,,tablet,US,49.0,198
user_00084,treatment,2.0,62.54,2024-01-04,desktop,USA,29.0,-47
user_06400,control,0.0,118.09,2024-12-05,mobile,USA,46.0,302
user_05183,control,1.0,159.57,,tablet,USA,42.0,189
user_01910,control,1.0,53.49,,desktop,United States,59.0,583
user_01277,treatment,0.0,163.07,2024-01-12,desktop,UK,28.0,506
user_08899,treatment,1.0,136.38,2024-08-15,desktop,United Kingdom,39.0,117
user_05795,control,0.0,110.83,2024-10-27,android,USA,19.0,359
user_00653,control,0.0,46.65,,desktop,US,22.0,511
user_08100,control,2.0,150.53,2024-12-29,mobile,US,26.0,543
user_00463,control,1.0,187.08,2024-09-21,mobile,IN,59.0,226
user_02674,control,0.0,36.92,,tablet,IN,59.0,122
user_00630,treatment,0.0,150.27,,mobile,USA,39.0,147
user_05413,treatment,0.0,"698,44",2024-01-17,mobile,USA,64.0,87
user_08157,treatment,1.0,172.81,,android,India,58.0,-20
user_01289,control,1.0,30.52,,tablet,US,65.0,55
user_08113,treatment,1.0,69.34,,tablet,United Kingdom,51.0,103
user_02403,control,1.0,172.27,,desktop,USA,56.0,70
user_04309,treatment,1.0,12.52,,desktop,India,46.0,263
user_07377,treatment,1.0,170.07,2024-04-02,tablet,India,42.0,586
user_02683,trt,1.0,11.84,,desktop,USA,23.0,-42
user_04349,treatment,2.0,20.05,,mobile,US,58.0,502
user_07295,treatment,0.0,177.71,,tablet,United Kingdom,27.0,124
user_03996,treatment,0.0,-41.22,2024-05-23,desktop,USA,50.0,130
user_06104,control,1.0,70.83,2024-09-18,mobile,United Kingdom,51.0,160
user_08377,trt,0.0,83.45,,desktop,IN,39.0,578
user_04146,treatment,0.0,104.66,,mobile,India,54.0,545
user_00461,treatment,0.0,197.88,,mobile,USA,48.0,153
user_00797,control,1.0,88.18,,android,US,55.0,540
user_07382,treatment,0.0,153.58,,desktop,US,20.0,-62
user_04298,control,1.0,152.0,,mobile,United Kingdom,23.0,405
user_03165,control,1.0,172.27,,desktop,UK,34.0,117
user_00695,control,1.0,172.78,,mobile,IN,52.0,46
user_05085,treatment,1.0,129.16,,desktop,US,29.0,132
user_01949,treatment,0.0,172.27,,desktop,USA,54.0,66
user_07508,treatment,1.0,87.19,,desktop,United States,29.0,436
user_02901,control,1.0,186.53,2024-12-24,desktop,IN,39.0,0
user_00288,trt,1.0,"609,22",,desktop,US,54.0,569
user_02039,test,0.0,191.82,,tablet,USA,36.0,526
user_02324,treatment,0.0,125.0,2024-10-11,mobile,USA,49.0,316
user_04175,control,0.0,63.72,2024-04-09,desktop,USA,41.0,493
user_00353,treatment,1.0,18.85,,tablet,IN,21.0,521
user_01065,control,1.0,"166,52",,mobile,USA,40.0,309
user_00283,treatment,0.0,193.77,,mobile,United States,64.0,427
user_04084,control,0.0,172.27,,mobile,IN,40.0,467
user_02023,treatment,0.0,29252.74,,mobile,USA,53.0,95
user_05691,treatment,0.0,34.9,,mobile,US,40.0,333
user_05222,trt,1.0,41.39,,mobile,UK,45.0,189
user_04659,treatment,1.0,-44.57,2024-11-21,android,United States,27.0,396
user_06158,treatment,1.0,35.98,2024-05-31,desktop,India,28.0,252
user_08757,control,1.0,144.67,2024-10-05,mobile,US,42.0,317
user_03541,treatment,0.0,173.29,,tablet,IN,40.0,512
user_01324,control,1.0,60.53,,tablet,UK,40.0,414
user_03032,control,0.0,192.55,,desktop,USA,42.0,224
user_04030,control,1.0,131.9,,tablet,USA,43.0,120
user_04566,control,1.0,156.48,,desktop,USA,59.0,456
user_01400,treatment,2.0,70.76,,tablet,US,55.0,596
user_08603,control,1.0,160.99,,mobile,IN,56.0,156
user_04243,trt,0.0,130.7,,desktop,UK,33.0,137
user_03577,treatment,0.0,177.09,,desktop,USA,23.0,588
user_01771,control,0.0,141.75,,desktop,India,57.0,409
user_01549,control,0.0,92.95,,mobile,US,41.0,166
user_06997,treatment,1.0,131.43,,tablet,US,21.0,470
user_00402,treatment,1.0,120.2,,tablet,USA,42.0,219
user_04728,treatment,1.0,$168.91,,mobile,India,27.0,288
user_03304,treatment,1.0,147.84,2024-02-01,tablet,United Kingdom,26.0,-76
user_02084,treatment,1.0,59.14,,desktop,United States,28.0,374
user_02463,trt,0.0,155.12,,iphone,USA,47.0,0
user_08161,control,1.0,170.29,,mobile,US,28.0,262
user_00475,test,1.0,25.08,,mobile,United Kingdom,29.0,-12
user_00119,control,1.0,187.94,,desktop,UK,37.0,78
user_07330,trt,1.0,114.16,2024-08-02,iphone,US,55.0,593
user_07246,control,1.0,131.76,2024-11-11,mobile,UK,57.0,420
user_01649,control,1.0,62.1,,desktop,US,45.0,203
user_00973,control,0.0,176.16,2024-09-08,tablet,UK,18.0,266
user_00145,treatment,0.0,67.46,,mobile,USA,48.0,347
user_01046,trt,0.0,107.51,,desktop,USA,37.0,-79
user_06987,treatment,1.0,14.36,2024-05-10,desktop,United Kingdom,50.0,551
user_01757,control,0.0,116.81,2024-11-23,mobile,United Kingdom,44.0,568
user_01955,treatment,0.0,115.47,,desktop,United States,59.0,311
user_06955,control,1.0,108.33,,mobile,United Kingdom,42.0,217
user_07322,control,1.0,$92.12,,desktop,India,60.0,266
user_00572,treatment,1.0,80.75,,iphone,USA,44.0,435
user_07819,treatment,1.0,10.35,,mobile,UK,53.0,280
user_05843,treatment,1.0,11.95,,mobile,IN,26.0,93
user_04455,treatment,1.0,109.46,,tablet,India,27.0,318
user_00811,treatment,1.0,176.09,,tablet,India,40.0,116
user_07621,control,1.0,188.17,,mobile,UK,45.0,535
user_05836,trt,0.0,21.43,,mobile,United Kingdom,29.0,137
user_00671,trt,0.0,40.19,,iphone,US,18.0,453
user_01984,control,1.0,178.67,,mobile,India,53.0,395
user_00557,control,0.0,58.83,,tablet,India,41.0,198
user_03266,control,0.0,104.98,,mobile,USA,58.0,393
user_05821,test,0.0,50.99,,desktop,India,59.0,450
user_00281,treatment,0.0,11.77,,desktop,India,55.0,121
user_00617,control,1.0,74.22,,mobile,US,45.0,0
user_07032,control,0.0,107.55,,desktop,US,18.0,409
user_01756,treatment,0.0,72.56,,mobile,USA,44.0,288
user_00722,control,1.0,147.56,,mobile,UK,44.0,326
user_00224,treatment,0.0,35.48,2024-06-25,desktop,United Kingdom,49.0,528
user_00718,test,0.0,154.33,,tablet,USA,35.0,91
user_00423,treatment,0.0,97.32,,mobile,United Kingdom,18.0,526
user_01128,treatment,1.0,76.23,2024-12-24,desktop,USA,26.0,0
user_01117,test,1.0,35.79,,mobile,USA,56.0,291
user_00201,control,0.0,135.43,2024-07-05,mobile,US,22.0,552
user_02393,treatment,1.0,$39.94,2024-10-24,mobile,United States,51.0,182
user_00518,treatment,0.0,84.31,,desktop,India,57.0,0
user_00709,control,1.0,191.59,2024-10-03,mobile,United Kingdom,58.0,244
user_01670,control,1.0,172.27,2024-03-21,desktop,IN,61.0,52
user_01033,control,2.0,25.97,2024-04-14,desktop,India,30.0,241
user_05919,test,1.0,"995,93",2024-02-16,desktop,US,60.0,236
user_01159,treatment,0.0,104.04,,desktop,IN,44.0,85
user_00005,treatment,0.0,11.6,,desktop,IN,41.0,0
user_00006,control,1.0,55.74,2024-06-04,tablet,United States,43.0,535
user_00491,treatment,1.0,165.88,,desktop,US,40.0,0
user_03683,control,1.0,30.15,,desktop,US,63.0,204
user_04213,control,1.0,172.27,,mobile,United States,30.0,43
user_03571,treatment,1.0,151.74,,iphone,India,34.0,284
user_04962,control,0.0,172.27,2024-11-13,mobile,US,34.0,282
user_08972,control,1.0,109.37,,desktop,US,40.0,350
user_00110,treatment,0.0,165.6,,tablet,USA,47.0,345
user_08768,treatment,0.0,160.5,,mobile ,USA,42.0,164
user_01458,control,1.0,$152.41,2024-09-27,mobile,United Kingdom,42.0,258
user_00403,treatment,0.0,68.77,,mobile,US,27.0,475
user_08202,control,1.0,192.06,2024-02-04,desktop,UK,63.0,0
user_01575,control,2.0,171.72,,mobile,IN,47.0,175
user_05828,trt,0.0,162.54,2024-12-02,desktop,UK,44.0,170
user_04081,control,0.0,52.72,,android,US,38.0,298
user_00037,treatment,1.0,58.58,,desktop,US,20.0,407
user_06848,control,0.0,62.28,,desktop,United Kingdom,50.0,338
user_04938,treatment,0.0,60.55,,tablet,US,40.0,100
user_03206,treatment,1.0,172.27,,desktop,USA,31.0,330
user_05711,control,1.0,59.15,,desktop,India,39.0,391
user_01804,control,1.0,44.8,,desktop,USA,30.0,60
user_00136,control,1.0,62.02,,desktop,US,30.0,197
user_03323,treatment,0.0,16.26,2024-04-11,desktop,USA,40.0,47
user_00715,control,0.0,54.79,2024-05-26,desktop,IN,36.0,455
user_02618,trt,1.0,172.27,,desktop,USA,41.0,87
user_00388,control,1.0,107.12,,desktop,UK,33.0,310
user_06459,control,2.0,45.51,2024-07-17,desktop,US,40.0,431
user_02189,treatment,1.0,57.22,2024-04-04,mobile,UK,34.0,232
user_00106,treatment,1.0,169.97,,desktop,UK,57.0,149
user_03054,treatment,0.0,174.33,,tablet,United States,64.0,379
user_06713,treatment,1.0,156.13,,tablet,United Kingdom,42.0,0
user_06898,control,0.0,56.7,,desktop,IN,26.0,181
user_03687,control,0.0,11.08,,tablet,United States,65.0,519
user_00598,control,0.0,117.15,2024-01-08,mobile,India,43.0,-66
user_02077,treatment,0.0,94.79,,mobile,US,59.0,523
user_05944,treatment,0.0,157.23,,iphone,USA,53.0,120
user_01648,control,1.0,172.27,,mobile,US,31.0,506
user_04664,control,1.0,92.64,,tablet,India,60.0,158
user_01417,treatment,2.0,"252,48",,mobile,United States,46.0,87
user_04787,control,1.0,172.27,,mobile,US,28.0,228
user_08207,treatment,0.0,43.22,,desktop,UK,51.0,500
user_00632,control,1.0,123.9,,desktop,USA,45.0,-91
user_01313,test,0.0,197.99,,mobile,USA,33.0,393
user_06187,treatment,0.0,144.27,,tablet,United States,21.0,181
user_07699,treatment,1.0,102.49,,desktop,US,42.0,554
user_02132,treatment,0.0,57.75,,desktop,IN,21.0,200
user_02266,control,1.0,87.78,,desktop,US,54.0,495
user_03923,trt,0.0,93.74,,desktop,US,23.0,331
user_06921,control,1.0,136.95,2024-09-03,android,US,23.0,69
user_02533,control,0.0,163.0,,tablet,India,60.0,152
user_04169,control,0.0,172.27,,iphone,US,35.0,-87
user_05838,control,0.0,"585,96",,tablet,US,47.0,136
user_06958,control,1.0,172.27,,mobile,US,59.0,237
user_01842,control,1.0,112.04,,desktop,UK,59.0,166
user_05605,control,0.0,166.33,,desktop,US,46.0,159
user_00866,control,0.0,162.87,,iphone,USA,57.0,0
user_07339,control,1.0,146.57,2024-09-24,mobile ,US,57.0,-25
user_08385,control,0.0,$30.17,,mobile,US,56.0,436
user_03932,control,0.0,99.4,2024-08-02,iphone,US,31.0,538
user_08535,treatment,1.0,101.59,2024-04-22,tablet,USA,42.0,538
user_06355,control,0.0,99.29,,desktop,USA,43.0,301
user_01231,control,1.0,114.53,,iphone,US,28.0,162
user_06256,control,1.0,49.82,2024-09-03,tablet,US,53.0,377
user_04666,control,1.0,-46.52,2024-12-17,tablet,UK,61.0,376
user_04272,treatment,0.0,71.86,,desktop,US,60.0,276
user_05082,control,1.0,-79.6,,mobile,India,33.0,274
user_01274,control,0.0,112.82,,mobile,India,62.0,127
user_00065,control,1.0,24.36,2024-03-29,mobile,US,26.0,246
user_00031,treatment,1.0,103.29,2024-04-11,iphone,United Kingdom,27.0,64
user_00092,trt,0.0,93.66,,desktop,United States,62.0,115
user_01935,control,1.0,40.61,,android,United Kingdom,22.0,336
user_02912,treatment,1.0,55.86,,desktop,USA,60.0,359
user_03148,control,0.0,-15.01,2024-12-17,mobile,USA,42.0,112
user_03247,control,0.0,116.23,2024-03-02,mobile,US,21.0,533
user_07130,treatment,1.0,88.34,,iphone,US,34.0,0
user_05781,control,0.0,101.37,,mobile,USA,18.0,525
user_00646,control,0.0,102.68,,desktop,USA,18.0,133
user_08378,control,1.0,176.68,,desktop,USA,40.0,318
user_08944,test,1.0,135.55,,iphone,IN,46.0,281
user_08422,control,1.0,149.0,,mobile,India,40.0,514
user_00241,test,1.0,64.74,2024-11-23,iphone,IN,29.0,231
user_06641,treatment,0.0,173.4,2024-09-29,desktop,India,59.0,594
user_08505,trt,1.0,73.52,,mobile,US,41.0,328
user_05807,control,1.0,174.61,2024-02-13,desktop,IN,58.0,111
user_03145,treatment,1.0,-72.07,2024-08-28,desktop,IN,42.0,34
user_08037,control,0.0,106.13,,mobile,US,37.0,118
user_04952,control,0.0,15.01,2024-08-05,mobile,US,40.0,151
user_00100,treatment,1.0,115.66,2024-10-26,mobile,United States,54.0,569
user_00309,treatment,1.0,153.2,,desktop,US,56.0,436
user_00186,control,1.0,45.13,2024-03-10,mobile,United States,61.0,486
user_05214,treatment,1.0,47.95,2024-05-30,mobile,India,21.0,482
user_04506,control,1.0,26.25,2024-05-06,mobile,US,40.0,88
user_06457,treatment,0.0,26.08,,desktop,US,44.0,569
user_08405,control,1.0,140.05,2024-02-25,iphone,India,32.0,454
user_06183,control,0.0,156.76,,tablet,USA,42.0,191
user_01964,control,1.0,76.42,,mobile,UK,41.0,0
user_06780,control,1.0,102.09,,tablet,US,41.0,491
user_01593,test,1.0,28.02,,mobile,USA,23.0,0
user_05558,treatment,1.0,172.27,,tablet,IN,25.0,240
user_06168,control,1.0,169.42,,tablet,India,44.0,242
user_03476,control,1.0,-38.13,2024-12-16,iphone,USA,22.0,496
user_07640,control,1.0,"549,81",,tablet,United Kingdom,42.0,462
user_04548,treatment,0.0,17349.77,2024-04-08,mobile,US,49.0,114
user_05074,control,1.0,39.08,,tablet,USA,42.0,372
user_08766,control,1.0,$12.95,2024-01-05,desktop,India,54.0,228
user_03099,trt,1.0,77.38,2024-07-18,mobile,India,21.0,57
user_00531,treatment,1.0,65.12,2024-04-18,tablet,US,21.0,132
user_07412,treatment,1.0,154.96,,desktop,United States,65.0,479
user_03063,control,0.0,74.81,,desktop,US,43.0,552
user_04464,control,1.0,51.91,,desktop,India,26.0,216
user_01207,treatment,1.0,193.15,,desktop,United Kingdom,51.0,260
user_08418,control,1.0,89.21,,desktop,US,51.0,0
user_05261,treatment,0.0,172.27,2024-03-22,mobile,IN,29.0,422
user_04688,control,1.0,100.79,,desktop,IN,26.0,0
user_00417,control,1.0,56.05,,desktop,UK,52.0,-51
user_01702,control,0.0,11.3,,tablet,US,56.0,592
user_05701,treatment,0.0,132.84,2024-08-10,desktop,United States,50.0,332
user_01383,treatment,1.0,96.3,2024-07-19,desktop,United Kingdom,34.0,580
user_00541,control,1.0,106.58,2024-01-03,desktop,USA,29.0,173
user_04428,trt,1.0,121.46,2024-10-12,desktop,United States,24.0,522
user_07620,control,0.0,40.95,,mobile,United States,32.0,233
user_02197,treatment,0.0,"500,62",,desktop,US,60.0,524
user_03176,control,1.0,159.71,,desktop,United States,38.0,254
user_07070,treatment,1.0,162.0,,desktop,USA,26.0,35
user_05993,treatment,1.0,80.39,2024-08-23,tablet,IN,58.0,269
user_02036,control,0.0,45.11,,desktop,USA,33.0,111
user_05092,control,1.0,122.02,2024-02-17,android,USA,37.0,-55
user_06715,control,1.0,30.62,2024-11-02,desktop,USA,43.0,549
user_06241,treatment,1.0,-86.04,,android,USA,28.0,370
user_04019,control,0.0,"649,56",,tablet,United Kingdom,39.0,345
user_03953,treatment,0.0,126.59,,tablet,US,36.0,442
user_00380,treatment,1.0,70.84,,desktop,UK,61.0,279
user_07718,treatment,1.0,38.57,,mobile,US,54.0,171
user_02052,treatment,1.0,61.29,,android,US,18.0,373
user_08443,control,0.0,171.65,2024-09-21,iphone,India,22.0,245
user_00591,treatment,1.0,146.94,,desktop,IN,23.0,295
user_04843,treatment,0.0,140.03,,desktop,US,63.0,0
user_00858,control,1.0,-77.05,2024-06-15,mobile,United States,47.0,204
user_02348,treatment,0.0,22.31,,mobile,IN,56.0,35
user_01278,treatment,0.0,77.11,,iphone,IN,61.0,-36
user_07935,treatment,1.0,31.8,2024-07-07,iphone,United States,35.0,-44
user_04050,control,1.0,172.17,,mobile,India,54.0,423
user_06186,control,1.0,163.05,,desktop,USA,37.0,99
user_07905,treatment,1.0,69.77,,desktop,United Kingdom,53.0,116
user_00912,treatment,1.0,37.78,2024-04-20,desktop,IN,29.0,543
user_07821,treatment,1.0,"430,14",2024-06-29,desktop,United Kingdom,51.0,407
user_02347,control,1.0,58.29,,iphone,United Kingdom,50.0,349
user_04760,control,1.0,181.6,,desktop,US,23.0,422
user_04366,control,1.0,149.46,,mobile,India,53.0,194
user_08542,control,1.0,172.27,,tablet,USA,61.0,0
user_03510,control,0.0,171.24,2024-08-24,android,UK,49.0,237
user_06338,treatment,1.0,33.22,2024-12-10,tablet,USA,47.0,73
user_04798,treatment,0.0,184.1,,mobile,US,24.0,-82
user_01509,treatment,0.0,178.98,,desktop,USA,21.0,197
user_07618,treatment,2.0,123.85,,mobile,UK,26.0,360
user_06601,treatment,1.0,27.87,,mobile,United States,39.0,-79
user_05761,treatment,1.0,"706,29",,tablet,IN,42.0,228
user_05216,treatment,1.0,30.01,2024-03-08,iphone,IN,33.0,181
user_08595,treatment,0.0,-21.23,,mobile,USA,53.0,539
user_03564,control,0.0,172.27,,desktop,United Kingdom,45.0,418
user_05041,treatment,1.0,128.61,2024-02-24,desktop,India,23.0,464
user_00899,control,1.0,30.38,,desktop,India,25.0,117
user_07162,control,0.0,66.81,,mobile,US,58.0,143
user_02597,treatment,1.0,129.29,,tablet,India,48.0,592
user_06539,control,0.0,"787,52",,mobile,United Kingdom,44.0,210
user_07392,treatment,0.0,158.12,,android,US,54.0,194
user_02422,treatment,0.0,112.7,,android,IN,42.0,37
user_06555,treatment,1.0,172.27,2024-11-07,iphone,India,58.0,437
user_01660,treatment,1.0,17.67,2024-07-15,desktop,United States,32.0,82
user_02293,treatment,1.0,-41.72,,desktop,India,30.0,422
user_03803,control,1.0,22.65,,mobile,US,39.0,456
user_02134,trt,1.0,15.41,,mobile,UK,22.0,313
user_00272,treatment,0.0,163.18,,tablet,USA,54.0,507
user_00847,control,1.0,157.23,,mobile,US,24.0,198
user_00043,treatment,0.0,24.22,,mobile,US,35.0,350
user_04098,treatment,0.0,126.11,,mobile,United Kingdom,28.0,451
user_03777,treatment,0.0,172.27,,tablet,United Kingdom,61.0,309
user_03808,control,1.0,187.72,,mobile,UK,33.0,215
user_02383,control,0.0,99.95,2024-06-17,desktop,United States,65.0,0
user_08368,treatment,0.0,140.68,,mobile,US,46.0,336
user_04210,treatment,0.0,129.26,,desktop,USA,26.0,139
user_04948,treatment,0.0,188.42,,mobile,US,55.0,184
user_05316,treatment,0.0,"145,64",2024-03-01,desktop,USA,30.0,354
user_04652,treatment,0.0,57.04,,mobile,US,40.0,354
user_02094,trt,0.0,139.19,,mobile,US,32.0,160
user_00375,treatment,0.0,103.06,,mobile,IN,25.0,231
user_06887,treatment,0.0,157.4,,mobile,US,42.0,53
user_05457,control,2.0,104.07,,desktop,USA,42.0,452
user_07772,control,0.0,67.53,,desktop,USA,52.0,419
user_08627,control,1.0,119.72,,mobile,United States,47.0,196
user_05644,treatment,0.0,99.73,,tablet,US,61.0,41
user_07757,treatment,1.0,132.89,2024-08-12,android ,USA,50.0,88
user_05864,control,1.0,"690,70",,desktop,United Kingdom,38.0,265
user_06820,treatment,1.0,172.27,,desktop,US,53.0,273
user_07730,control,1.0,143.41,,tablet,USA,42.0,225
user_02835,treatment,1.0,168.07,,android,US,30.0,570
user_07203,trt,1.0,$113.07,,iphone,US,47.0,-46
user_00868,control,1.0,26.69,,mobile,USA,18.0,286
user_00843,control,0.0,152.72,,tablet,India,24.0,449
user_04367,control,1.0,182.37,2024-05-14,desktop,US,41.0,86
user_00784,control,1.0,174.78,,iphone,United Kingdom,61.0,191
user_00722,treatment,0.0,118.34,,tablet ,USA,26.0,58
user_02922,control,1.0,172.0,2024-09-08,iphone,US,44.0,430
user_06384,control,1.0,87.66,,desktop,IN,34.0,450
user_07199,treatment,1.0,10.29,2024-10-17,tablet,US,62.0,357
user_03538,control,0.0,106.52,,desktop,US,30.0,0
user_05637,control,1.0,93.63,,tablet,India,28.0,-61
user_06815,treatment,0.0,74.49,,tablet,US,50.0,393
user_05228,treatment,2.0,43.71,,mobile,US,90.0,507
user_05496,treatment,0.0,57.41,2024-07-18,mobile,US,39.0,518
user_07596,treatment,1.0,172.27,,mobile,United Kingdom,62.0,393
user_08543,treatment,0.0,155.73,2024-07-27,mobile,US,48.0,314
user_04586,treatment,1.0,35.89,,desktop,US,21.0,408
user_02924,control,1.0,92.3,,mobile,UK,55.0,80
user_06191,control,1.0,143.49,,mobile,US,24.0,-52
user_00200,treatment,0.0,172.27,2024-07-31,desktop,US,21.0,0
user_07336,treatment,0.0,184.16,,desktop,IN,59.0,41
user_00069,treatment,1.0,179.77,,mobile,India,44.0,445
user_07893,treatment,0.0,70.24,,mobile,USA,12.0,587
user_01206,treatment,1.0,61.09,,desktop,US,31.0,209
user_06579,control,0.0,172.27,,desktop,United States,50.0,209
user_03667,treatment,0.0,44.18,2024-04-25,mobile,US,35.0,255
user_07393,control,1.0,170.63,,tablet,US,22.0,51
user_04295,control,1.0,-17.55,,mobile,United States,35.0,386
user_06817,test,2.0,45.22,2024-11-16,desktop,USA,39.0,-55
user_02529,trt,1.0,39.44,,desktop,India,60.0,360
user_00665,control,1.0,-27.06,2024-07-15,desktop,USA,31.0,0
user_07301,treatment,0.0,-85.42,2024-10-04,mobile,UK,21.0,344
user_01883,treatment,1.0,$168.62,,mobile,IN,26.0,0
user_00688,control,2.0,28.29,2024-07-08,mobile,IN,27.0,412
user_06448,trt,1.0,-85.89,,mobile,US,38.0,554
user_00421,control,0.0,54.35,,mobile,USA,43.0,464
user_03069,control,1.0,120.96,,mobile,United Kingdom,42.0,575
user_00346,treatment,2.0,136.84,,desktop,United States,42.0,446
user_03833,treatment,1.0,-76.04,,tablet,United Kingdom,31.0,0
user_04289,treatment,2.0,136.26,,desktop,US,59.0,57
user_04051,control,1.0,78.7,,tablet,United Kingdom,41.0,248
user_05428,control,0.0,92.35,,mobile,USA,54.0,83
user_04774,treatment,1.0,40.79,,desktop,US,37.0,537
user_03742,trt,1.0,102.58,,desktop,US,28.0,0
user_07136,control,1.0,157.1,2024-10-22,desktop,US,43.0,549
user_01999,control,1.0,$11.51,2024-08-14,mobile,UK,62.0,111
user_08753,control,0.0,21.78,,tablet,USA,53.0,176
user_03249,control,1.0,137.91,2024-12-06,desktop,UK,34.0,156
user_00908,treatment,1.0,166.56,,tablet,US,55.0,39
user_07836,treatment,0.0,55.28,,mobile,United Kingdom,27.0,85
user_00548,control,1.0,$149.67,2024-10-19,tablet,India,65.0,460
user_06477,treatment,1.0,104.17,,desktop,US,29.0,0
user_07156,treatment,0.0,158.07,2024-05-02,tablet,US,35.0,321
user_06298,treatment,1.0,77.25,,android,India,56.0,366
user_01970,treatment,2.0,68.81,,desktop,US,52.0,475
user_08828,treatment,1.0,16.35,2024-10-08,mobile,US,58.0,100
user_06631,treatment,1.0,51.55,,mobile,India,63.0,268
user_05005,treatment,1.0,113.24,,tablet,USA,53.0,520
user_07037,treatment,1.0,96.57,,desktop,UK,32.0,400
user_07504,control,0.0,52.62,,desktop,UK,37.0,352
user_06049,treatment,1.0,177.47,,desktop,USA,41.0,520
user_03837,treatment,1.0,66.07,,mobile,US,48.0,272
user_02862,treatment,0.0,158.95,2024-05-13,mobile,India,49.0,539
user_01879,control,2.0,77.33,,desktop,USA,58.0,380
user_03084,control,1.0,110.09,2024-10-07,iphone,US,31.0,0
user_04027,treatment,0.0,35.48,2024-06-25,desktop,United Kingdom,49.0,528
user_02358,control,1.0,101.23,2024-05-24,mobile,UK,27.0,505
user_06189,control,1.0,190.94,,tablet,UK,45.0,358
user_01246,control,2.0,172.27,2024-01-15,desktop,India,42.0,72
user_00062,control,0.0,160.9,,desktop,US,51.0,104
user_03917,control,0.0,22.89,,tablet,US,48.0,520
user_05150,test,1.0,28.2,2024-05-16,tablet,United States,28.0,568
user_00012,control,1.0,188.42,2024-08-06,desktop,UK,25.0,-32
user_01724,control,1.0,28.57,,desktop,United States,55.0,0
user_05340,control,0.0,83.06,,desktop,US,65.0,338
user_08617,test,0.0,99.18,,mobile,UK,20.0,285
user_05229,control,0.0,99.65,,tablet,US,46.0,553
user_01114,treatment,0.0,192.43,,tablet,US,24.0,142
user_00657,control,1.0,-67.95,,mobile,USA,44.0,130
user_06925,treatment,1.0,66.34,,desktop,India,32.0,600
user_06004,treatment,1.0,69.75,2024-08-23,desktop,IN,46.0,505
user_02026,treatment,1.0,103.76,,mobile,United States,58.0,-56
user_04381,control,0.0,121.7,,iphone,UK,42.0,143
user_00580,treatment,0.0,57.74,,tablet,IN,29.0,347
user_06540,treatment,0.0,144.03,,tablet,United Kingdom,44.0,199
user_06825,control,1.0,114.72,2024-12-11,mobile,US,27.0,586
user_07651,treatment,1.0,83.64,2024-04-07,mobile,United States,31.0,0
user_04799,treatment,0.0,102.53,,desktop,UK,38.0,385
user_04484,control,1.0,55.41,,mobile,UK,52.0,335
user_05189,control,1.0,43.09,2024-05-09,desktop,US,50.0,503
user_04297,treatment,1.0,17.11,,desktop,UK,42.0,-97
user_00440,treatment,1.0,124.11,,desktop,India,46.0,195
user_03973,control,1.0,198.36,2024-04-29,iphone,United Kingdom,28.0,267
user_05000,control,2.0,178.27,,desktop,United Kingdom,31.0,83
user_00220,control,1.0,95.7,2024-02-17,tablet,United Kingdom,57.0,231
user_01579,treatment,1.0,20.97,,desktop,UK,23.0,217
user_07016,control,0.0,44.05,2024-07-05,tablet,US,54.0,250
user_02298,control,1.0,10.82,,tablet,United States,65.0,68
user_03520,treatment,0.0,179.59,,mobile,UK,52.0,451
user_06801,control,0.0,174.57,2024-10-05,desktop,United States,24.0,-93
user_08780,treatment,1.0,83.76,,desktop,US,55.0,57
user_02954,treatment,1.0,-75.2,,mobile,US,35.0,142
user_01273,treatment,0.0,35.22,,mobile,United States,57.0,370
user_05137,treatment,0.0,74.93,2024-05-19,tablet,USA,51.0,57
user_01647,control,1.0,77.12,,mobile,US,27.0,272
user_05845,treatment,1.0,99.16,,mobile,US,58.0,145
user_06942,control,0.0,38.29,2024-09-01,desktop,UK,46.0,52
user_00041,control,0.0,172.27,,mobile,United Kingdom,65.0,-33
user_00316,control,1.0,55.23,,mobile,UK,60.0,119
user_04363,test,1.0,43228.95,,desktop,IN,33.0,275
user_04015,treatment,1.0,134.13,2024-08-07,mobile,US,54.0,-34
user_03898,trt,1.0,149.49,2024-04-16,desktop,US,43.0,254
user_04393,treatment,1.0,137.53,2024-04-18,mobile,United Kingdom,61.0,203
user_00253,treatment,0.0,54.89,2024-06-05,mobile,India,21.0,469
user_00968,treatment,0.0,111.7,,desktop,United States,43.0,88
user_06429,control,0.0,119.19,,mobile,UK,29.0,298
user_07837,treatment,1.0,50.83,,desktop,USA,60.0,467
user_02640,treatment,0.0,81.04,2024-03-14,desktop,India,19.0,249
user_00775,treatment,1.0,18.91,,desktop,US,59.0,440
user_08033,trt,2.0,158.1,,desktop,India,32.0,501
user_05729,control,1.0,117.28,,mobile,US,56.0,0
user_03131,treatment,0.0,197.42,,mobile,USA,25.0,0
user_03762,treatment,1.0,59.15,,desktop,USA,20.0,592
user_07776,treatment,0.0,$104.19,,mobile,India,59.0,-12
user_06954,treatment,0.0,105.59,2024-03-24,desktop,US,47.0,534
user_00778,control,0.0,92.91,,desktop,United States,60.0,424
user_05361,treatment,0.0,172.27,,mobile,United States,42.0,82
user_06238,control,0.0,61.89,2024-04-25,tablet,United Kingdom,65.0,181
user_00625,control,1.0,127.88,2024-04-29,mobile,India,64.0,157
user_00371,treatment,1.0,98.31,,mobile,UK,53.0,504
user_01006,control,1.0,176.97,,desktop,United Kingdom,45.0,280
user_02697,control,0.0,138.15,2024-02-25,desktop,US,41.0,342
user_02415,treatment,0.0,146.55,,desktop,US,59.0,-100
user_07501,treatment,2.0,157.93,2024-11-28,desktop,IN,38.0,407
user_00007,treatment,0.0,153.12,,desktop,US,53.0,179
user_02523,treatment,1.0,119.49,2024-02-07,mobile,United Kingdom,24.0,149
user_00798,treatment,0.0,57.81,,desktop,USA,30.0,538
user_00961,control,0.0,163.97,,mobile,India,64.0,195
user_00018,control,0.0,162.86,,tablet,US,60.0,64
user_04833,treatment,1.0,24.67,,tablet,USA,24.0,0
user_03189,treatment,0.0,177.5,,desktop,US,34.0,438
user_04065,control,1.0,171.47,,mobile,US,38.0,362
user_05920,treatment,1.0,$185.4,,desktop,UK,53.0,293
user_02048,treatment,1.0,"936,78",,desktop,USA,52.0,454
user_08723,control,0.0,14.02,2024-04-05,desktop,US,34.0,529
user_00738,control,0.0,46.66,2024-08-28,desktop,India,26.0,432
user_00609,treatment,0.0,97.67,,desktop,United States,56.0,133
user_01068,treatment,1.0,24.59,2024-05-10,desktop,USA,64.0,166
user_03442,treatment,0.0,55.11,,tablet,United States,42.0,489
user_08160,control,0.0,172.27,2024-03-10,mobile,United States,42.0,245
user_07581,treatment,1.0,191.72,,tablet,IN,7.0,598
user_01860,control,1.0,119.07,,mobile,United Kingdom,63.0,361
user_04867,treatment,1.0,39.36,,mobile,USA,41.0,300
user_08512,treatment,0.0,60.74,,mobile,USA,64.0,0
user_07942,control,1.0,43.08,2024-07-18,android,India,42.0,460
user_00449,control,2.0,143.07,,desktop,USA,42.0,497
user_03429,control,1.0,69.99,,mobile,India,58.0,259
user_00691,treatment,2.0,38.72,,desktop,United Kingdom,34.0,0
user_07169,control,2.0,168.91,,desktop,US,20.0,247
user_01826,treatment,0.0,104.65,,mobile,US,38.0,513
user_02732,control,0.0,198.33,,desktop,India,52.0,276
user_07633,control,0.0,167.27,,desktop,US,24.0,435
user_07995,control,0.0,32.4,,desktop,United Kingdom,45.0,265
user_07916,control,1.0,92.52,,iphone,US,44.0,109
user_00227,control,0.0,198.23,,android,US,52.0,365
user_08650,control,0.0,55.73,,desktop,India,54.0,0
user_04838,trt,0.0,160.76,2024-03-09,desktop,USA,18.0,185
user_07447,control,1.0,163.19,2024-08-26,tablet,India,42.0,209
user_07911,control,0.0,92.91,,iphone,USA,42.0,233
user_00313,control,1.0,154.45,,mobile,India,54.0,502
user_02941,treatment,0.0,172.27,,iphone,US,19.0,443
user_07899,treatment,1.0,150.64,,tablet,US,32.0,487
user_03207,treatment,1.0,38.36,2024-01-23,iphone,US,50.0,486
user_06890,treatment,1.0,99.89,,mobile,USA,19.0,492
user_02531,treatment,1.0,39.58,2024-05-27,desktop,IN,21.0,224
user_05733,control,1.0,79.19,2024-09-19,desktop,United States,51.0,206
user_08624,test,0.0,109.58,,desktop,United Kingdom,59.0,268
user_05371,treatment,0.0,123.66,,desktop,India,56.0,-98
user_05427,treatment,1.0,-51.0,,desktop,United Kingdom,43.0,557
user_00863,control,2.0,141.64,2024-09-18,desktop,IN,41.0,104
user_06577,control,1.0,102.93,,tablet,IN,20.0,390
user_04804,treatment,1.0,166.61,2024-01-05,desktop,US,44.0,477
user_01023,trt,0.0,30.8,,mobile,United Kingdom,43.0,0
user_04802,treatment,0.0,168.43,2024-11-27,iphone,USA,59.0,0
user_07540,control,1.0,168.19,,android,US,32.0,372
user_05988,control,0.0,40.28,2024-04-08,desktop,US,44.0,0
user_05272,trt,0.0,56.53,,mobile,IN,29.0,245
user_08452,control,0.0,180.83,,tablet,United Kingdom,58.0,409
user_07524,treatment,0.0,99.36,,desktop,USA,62.0,48
user_00003,treatment,1.0,"714,34",,tablet,United Kingdom,64.0,222
user_08057,treatment,0.0,187.26,,mobile,UK,25.0,492
user_00641,treatment,0.0,147.27,,mobile,United States,29.0,447
user_06352,treatment,0.0,102.87,,mobile,UK,60.0,-12
user_04902,treatment,0.0,189.63,,mobile,United States,31.0,569
user_00816,treatment,2.0,53.35,,iphone,USA,34.0,516
user_04775,control,0.0,"652,14",,tablet,IN,22.0,67
user_04553,control,0.0,183.3,,iphone,United States,19.0,222
user_00270,treatment,0.0,29.09,,mobile,US,52.0,504
user_00368,control,1.0,47.45,,mobile,India,55.0,183
user_07033,treatment,0.0,-63.83,,desktop,India,22.0,234
user_00439,treatment,1.0,73.6,,mobile,India,25.0,259
user_04732,test,0.0,69.43,,mobile,US,49.0,575
user_00331,control,1.0,183.39,2024-06-20,desktop,US,29.0,0
user_06055,treatment,2.0,92.97,,tablet,UK,61.0,217
user_05486,control,0.0,174.5,,desktop,UK,63.0,249
user_08498,treatment,0.0,54.0,2024-01-04,tablet,IN,38.0,447
user_04527,treatment,0.0,58.55,,desktop,IN,35.0,118
user_06914,treatment,1.0,62.99,2024-02-29,desktop ,UK,51.0,403
user_07045,control,0.0,-23.02,,mobile,India,22.0,275
user_07414,treatment,0.0,172.27,2024-02-12,tablet,USA,53.0,329
user_05146,treatment,1.0,186.53,,desktop,IN,23.0,583
user_02827,control,0.0,165.11,,mobile,USA,37.0,313
user_04403,trt,1.0,103.85,,tablet,USA,42.0,36
user_04881,trt,0.0,150.98,2024-09-20,mobile,USA,35.0,473
user_06677,control,0.0,-16.4,2024-07-08,desktop,United States,25.0,250
user_00477,trt,0.0,20.19,,mobile,IN,38.0,-44
user_06756,treatment,0.0,$79.81,,desktop,United States,45.0,346
user_00867,treatment,2.0,92.53,2024-11-05,tablet,United States,65.0,317
user_06630,control,1.0,179.91,2024-01-08,mobile,US,56.0,197
user_05386,control,0.0,117.05,,android,India,18.0,154
user_02893,control,1.0,107.84,,desktop,USA,55.0,536
user_00799,control,1.0,120.2,2024-01-22,desktop,United States,7.0,596
user_04898,treatment,0.0,124.46,2024-10-25,desktop,US,43.0,325
user_07634,treatment,0.0,45.59,,mobile,US,34.0,0
user_05538,treatment,2.0,119.14,,desktop,US,33.0,422
user_00850,treatment,1.0,79.15,2024-12-04,desktop,USA,32.0,70
user_08989,treatment,1.0,172.27,,mobile,UK,47.0,0
user_05915,control,0.0,$101.57,2024-03-01,android ,United States,50.0,-12
user_00379,treatment,1.0,70.26,2024-11-06,desktop,UK,60.0,452
user_08582,control,1.0,69.26,,iphone,US,55.0,72
user_07711,treatment,0.0,173.76,2024-03-03,tablet,UK,63.0,154
user_03147,control,2.0,77.81,,mobile,US,25.0,194
user_08411,control,1.0,172.27,,desktop,US,50.0,572
user_06418,control,0.0,34.47,2024-03-06,mobile,UK,42.0,138
user_02011,treatment,0.0,109.54,,iphone,UK,49.0,383
user_02512,control,1.0,172.27,2024-10-21,android,USA,39.0,321
user_03157,control,0.0,66.06,,mobile,US,32.0,579
user_00330,treatment,0.0,34.57,2024-04-07,tablet,US,10.0,584
user_05147,control,1.0,10.94,,desktop,United Kingdom,35.0,178
user_01015,trt,1.0,127.53,,iphone,UK,44.0,176
user_00519,treatment,0.0,174.28,,mobile,USA,28.0,450
user_02386,control,0.0,187.16,,desktop,UK,52.0,100
user_05657,treatment,1.0,-12.19,,desktop,US,22.0,103
user_03804,treatment,0.0,183.24,,desktop,UK,53.0,427
user_05055,control,0.0,144.58,,mobile,US,42.0,62
user_01016,control,0.0,138.91,,iphone,United States,44.0,454
user_00148,treatment,1.0,143.32,,desktop,IN,19.0,350
user_02749,control,1.0,154.86,2024-04-04,desktop,United Kingdom,38.0,171
user_06664,control,1.0,94.25,,desktop,United States,59.0,101
user_01748,trt,0.0,96.97,,mobile,USA,23.0,36
user_00368,control,1.0,172.2,,tablet,United Kingdom,24.0,0
user_00827,control,0.0,162.83,2024-12-16,mobile,IN,51.0,232
user_05491,treatment,0.0,26.91,2024-12-20,mobile,US,65.0,427
user_01091,control,1.0,142.84,2024-09-18,desktop,United States,54.0,536
user_05270,control,1.0,-66.45,2024-05-10,android,USA,20.0,108
user_04674,treatment,0.0,97.75,,tablet,US,55.0,424
user_00549,control,0.0,141.32,,mobile,IN,26.0,67
user_02376,trt,1.0,105.4,,desktop,US,19.0,560
user_00621,control,1.0,101.34,,desktop,US,51.0,545
user_00758,treatment,1.0,131.53,,mobile,United States,42.0,402
user_01886,trt,1.0,"905,69",,mobile,United Kingdom,25.0,430
user_04273,treatment,0.0,163.28,,desktop,United Kingdom,51.0,218
user_02837,control,0.0,32.93,2024-05-30,tablet,USA,53.0,599
user_00213,treatment,2.0,66.61,,iphone,US,47.0,-27
user_02748,treatment,0.0,186.96,,iphone,United Kingdom,63.0,223
user_08963,treatment,0.0,30.1,2024-04-24,mobile,US,40.0,226
user_05439,trt,0.0,172.27,2024-06-07,desktop,US,52.0,383
user_05348,treatment,1.0,148.04,,mobile,US,61.0,466
user_00993,control,0.0,74.41,2024-12-27,desktop,US,18.0,277
user_06632,treatment,1.0,159.96,,iphone,United States,49.0,80
user_08016,control,0.0,172.27,,android,US,59.0,401
user_03845,treatment,0.0,$138.38,,mobile,USA,39.0,235
user_02817,treatment,1.0,176.02,,mobile,USA,33.0,596
user_00297,control,0.0,35.68,,tablet,United States,40.0,312
user_08195,control,0.0,172.27,2024-11-17,desktop,United Kingdom,21.0,528
user_00139,control,1.0,172.27,,mobile,USA,50.0,295
user_08830,control,1.0,93.48,2024-05-10,mobile,US,20.0,350
user_07173,treatment,1.0,17.62,,iphone,US,57.0,-27
user_04234,control,0.0,166.71,,mobile,UK,55.0,131
user_02860,treatment,0.0,65.27,,android,USA,39.0,137
user_04080,control,0.0,172.27,,desktop,UK,62.0,461
user_03965,treatment,1.0,80.71,,desktop,IN,36.0,469
user_00871,control,1.0,67.29,,mobile,IN,90.0,-53
user_00980,control,0.0,172.27,2024-05-14,desktop,IN,26.0,461
user_06242,treatment,1.0,41.41,,desktop,India,23.0,532
user_05356,treatment,2.0,180.26,2024-01-17,desktop,USA,24.0,169
user_07943,treatment,1.0,178.34,2024-12-19,desktop,IN,21.0,492
user_03640,treatment,0.0,38.52,,desktop,IN,26.0,0
user_00587,control,0.0,103.16,,desktop,US,10.0,508
user_05213,treatment,1.0,172.27,,mobile,United Kingdom,20.0,320
user_06215,control,1.0,89.25,,desktop,USA,46.0,107
user_00624,treatment,0.0,47351.71,,desktop,United States,42.0,417
user_05703,control,1.0,63.03,,tablet,United Kingdom,30.0,75
user_04257,treatment,0.0,148.21,,tablet,US,30.0,40
user_01853,treatment,1.0,155.61,,mobile,IN,47.0,434
user_01378,control,1.0,95.06,,mobile,UK,22.0,198
user_05793,treatment,0.0,125.38,,mobile,USA,61.0,204
user_08814,control,0.0,177.34,,android,India,34.0,304
user_00752,control,0.0,$107.12,,desktop,USA,60.0,-37
user_04219,test,1.0,119.55,,tablet,IN,48.0,168
user_03980,treatment,1.0,16.34,,mobile,UK,54.0,0
user_03256,treatment,1.0,29.67,,mobile,US,59.0,461
user_08229,treatment,1.0,126.01,,mobile,US,47.0,53
user_00751,control,1.0,195.01,,mobile,US,20.0,261
user_01909,control,2.0,177.05,,mobile,India,26.0,499
user_08258,trt,1.0,77.71,,desktop,United Kingdom,50.0,38
user_05608,treatment,1.0,-39.36,,mobile,USA,25.0,406
user_07020,control,0.0,110.16,,tablet,USA,39.0,420
user_02696,treatment,1.0,"263,68",2024-11-05,mobile,US,64.0,536
user_05646,control,1.0,164.66,,tablet,USA,27.0,513
user_06863,treatment,1.0,106.08,,desktop,US,42.0,126
user_01499,treatment,1.0,17.14,,android,US,21.0,279
user_01997,control,1.0,189.01,,desktop,United States,54.0,467
user_06045,treatment,1.0,138.84,2024-12-11,tablet,USA,55.0,134
user_05489,treatment,1.0,28.05,,desktop,US,42.0,0
user_08781,test,0.0,76.86,2024-04-19,desktop,USA,18.0,237
user_01617,control,1.0,53.4,2024-12-04,tablet,US,41.0,522
user_04144,treatment,1.0,93.53,2024-10-19,android,United Kingdom,20.0,289
user_02832,control,0.0,130.49,,tablet,India,27.0,269
user_08991,treatment,1.0,159.0,,desktop,US,26.0,168
user_08671,treatment,0.0,154.46,,desktop,USA,26.0,551
user_08381,control,1.0,137.47,,mobile,US,43.0,123
user_07425,treatment,0.0,93.69,2024-10-19,tablet ,US,49.0,-95
user_03883,control,0.0,172.27,2024-05-20,desktop,US,61.0,552
user_02596,control,1.0,118.28,,desktop,US,54.0,-93
user_04251,control,1.0,41.48,,tablet,UK,19.0,296
user_02583,treatment,1.0,148.34,,mobile,US,42.0,198
user_02520,treatment,0.0,"204,31",2024-07-22,mobile,US,43.0,379
user_07167,treatment,1.0,172.98,,mobile,India,30.0,0
user_03623,control,0.0,172.27,,mobile,USA,31.0,516
user_00481,control,1.0,37.26,,mobile,US,25.0,160
user_06985,treatment,0.0,127.17,,desktop,US,42.0,102
user_00411,control,0.0,160.92,,tablet,India,49.0,399
user_07405,treatment,0.0,92.68,,mobile,USA,33.0,125
user_04160,control,0.0,94.18,,mobile,US,43.0,-54
user_01784,control,1.0,59.55,,mobile ,US,46.0,109
user_06153,trt,1.0,120.88,2024-06-30,mobile,IN,34.0,218
user_06915,control,1.0,147.98,,desktop,USA,65.0,233
user_04682,treatment,0.0,181.03,,desktop,USA,57.0,322
user_05238,treatment,0.0,172.27,,mobile,IN,38.0,298
user_01388,treatment,1.0,-84.43,,mobile,USA,59.0,34
user_08504,control,1.0,94.71,,desktop,US,51.0,82
user_03550,treatment,0.0,35.95,,desktop,US,47.0,185
user_08984,control,1.0,68.45,,mobile,United States,52.0,130
user_04950,control,1.0,134.9,,desktop,United Kingdom,22.0,511
user_08141,treatment,1.0,172.27,,tablet,UK,49.0,363
user_07192,treatment,0.0,71.87,2024-08-22,desktop,United States,42.0,535
user_07168,control,0.0,132.99,,desktop,IN,42.0,572
user_04751,control,0.0,58.09,,desktop,UK,22.0,306
user_06892,control,0.0,145.56,,mobile,US,35.0,373
user_07243,control,0.0,36.46,,tablet,United States,32.0,394
user_04582,treatment,1.0,170.17,,mobile,US,56.0,84
user_04360,treatment,0.0,140.84,2024-09-05,desktop,USA,22.0,160
user_07813,control,1.0,119.3,,desktop,UK,24.0,480
user_08014,treatment,0.0,108.26,2024-02-10,mobile,US,52.0,559
user_04658,treatment,1.0,27.15,,tablet,USA,62.0,288
user_00013,treatment,0.0,35.22,2024-01-04,desktop,United States,22.0,275
user_00681,treatment,0.0,"229,72",,desktop,USA,51.0,418
user_03137,treatment,0.0,53.61,2024-08-10,mobile,United States,42.0,102
user_04579,control,2.0,78.69,,mobile,US,31.0,418
user_03377,control,0.0,66.12,,desktop,USA,56.0,500
user_08089,control,0.0,164.29,,tablet,IN,63.0,414
user_07814,treatment,1.0,179.0,,desktop,UK,59.0,482
user_04829,treatment,0.0,46.16,,mobile,US,24.0,247
user_03395,treatment,1.0,90.44,,desktop,USA,19.0,244
user_00748,control,0.0,143.76,,desktop,UK,43.0,0
user_05937,control,0.0,157.4,2024-08-05,iphone,US,47.0,76
user_05179,control,0.0,89.3,2024-08-31,desktop,US,57.0,102
user_07771,control,1.0,129.27,,mobile,United Kingdom,30.0,226
user_06661,treatment,0.0,185.13,,desktop,United States,57.0,127
user_07967,control,0.0,191.59,,desktop,IN,56.0,236
user_01614,control,1.0,127.4,,mobile,United States,55.0,33
user_08611,control,0.0,172.27,2024-12-05,desktop,UK,61.0,413
user_08598,control,1.0,162.21,2024-05-03,mobile,India,65.0,94
user_04824,control,1.0,198.5,,desktop,UK,61.0,102
user_00249,treatment,0.0,172.27,2024-04-20,mobile,United States,34.0,294
user_01871,control,0.0,168.74,2024-06-07,desktop,USA,26.0,173
user_01440,control,0.0,45.87,2024-03-19,tablet,IN,56.0,497
user_08924,treatment,0.0,84.19,,mobile,USA,36.0,0
user_04432,treatment,0.0,180.25,,iphone,India,56.0,67
user_02199,test,0.0,"647,38",,tablet,US,63.0,62
user_01372,treatment,0.0,172.27,2024-02-04,mobile,United Kingdom,47.0,0
user_08918,control,0.0,42.25,,desktop,India,56.0,262
user_04715,treatment,1.0,161.25,,mobile,UK,24.0,418
user_02151,control,1.0,184.21,2024-06-19,mobile,USA,30.0,187
user_01445,treatment,0.0,67.94,,desktop,US,61.0,219
user_07847,treatment,1.0,172.27,,tablet,US,42.0,190
user_00606,control,1.0,58.72,2024-05-19,mobile,IN,30.0,546
user_06823,treatment,2.0,97.95,,desktop,USA,65.0,590
user_03632,treatment,1.0,70.83,2024-11-02,mobile,US,47.0,0
user_00998,control,0.0,142.98,2024-03-24,desktop,India,58.0,206
user_04494,treatment,0.0,112.1,2024-11-17,desktop,USA,42.0,593
user_07259,treatment,1.0,136.92,2024-12-19,mobile,US,53.0,0
user_06779,treatment,2.0,172.27,2024-12-20,tablet,India,42.0,291
user_04181,control,1.0,$162.25,,tablet,UK,39.0,82
user_00206,treatment,1.0,65.8,,iphone,US,37.0,392
user_00157,control,1.0,95.53,2024-12-19,desktop,US,25.0,270
user_04008,treatment,0.0,172.27,,desktop,United States,42.0,289
user_03788,control,1.0,192.45,,mobile,US,23.0,0
user_08590,trt,0.0,173.04,,mobile,IN,49.0,242
user_00636,control,1.0,177.25,,tablet,United States,60.0,32
user_06437,treatment,0.0,11.8,2024-05-23,iphone,IN,59.0,283
user_05524,treatment,0.0,161.89,,mobile,US,49.0,594
user_04108,test,1.0,-20.01,,desktop,UK,31.0,0
user_02614,control,0.0,$128.47,,mobile ,IN,21.0,39
user_02227,control,2.0,81.92,,desktop,UK,42.0,220
user_05431,control,1.0,147.13,,desktop,United States,63.0,114
user_05411,control,0.0,-17.03,,mobile,United States,29.0,61
user_08199,treatment,0.0,28.21,2024-10-06,mobile,IN,41.0,0
user_07463,treatment,0.0,"453,85",,mobile,USA,45.0,384
user_08657,treatment,1.0,55.89,,iphone,United Kingdom,47.0,98
user_04151,treatment,0.0,103.58,,tablet,United Kingdom,63.0,130
user_00408,treatment,0.0,182.36,,tablet,US,48.0,62
user_01870,control,0.0,163.19,,mobile,US,28.0,0
user_00112,control,1.0,25.34,,mobile,United States,65.0,497
user_03957,control,1.0,92.7,,desktop,United Kingdom,23.0,65
user_05475,control,0.0,123.12,,tablet,US,56.0,119
user_02959,treatment,1.0,88.98,2024-01-18,iphone,United States,62.0,130
user_02172,control,1.0,25.36,,desktop,United States,42.0,232
user_06964,control,0.0,176.7,,tablet,USA,54.0,534
user_02500,treatment,1.0,35.84,,desktop,USA,35.0,42
user_02247,control,1.0,$123.16,,iphone,India,52.0,151
user_06769,control,1.0,160.86,,mobile,USA,24.0,328
user_01163,treatment,1.0,21.57,,android,US,19.0,0
user_00587,control,1.0,142.43,2024-04-06,android,UK,58.0,90
user_06092,control,2.0,136.6,2024-07-06,mobile,United States,21.0,147
user_03496,treatment,1.0,120.41,,mobile,IN,31.0,258
user_02808,control,1.0,81.4,2024-07-29,desktop ,United Kingdom,41.0,522
user_02898,control,0.0,149.04,,tablet,IN,48.0,96
user_03863,control,0.0,133.22,,desktop,USA,57.0,388
user_08692,control,1.0,108.57,2024-06-02,desktop,US,65.0,124
user_00997,control,0.0,172.27,,iphone,US,65.0,62
user_07658,treatment,1.0,146.54,,iphone,India,58.0,496
user_04373,control,0.0,19.26,2024-06-11,mobile,US,39.0,508
user_00820,control,1.0,130.11,2024-03-11,desktop,United Kingdom,41.0,44
user_00138,control,2.0,28.47,2024-04-11,desktop,US,34.0,153
user_07697,control,2.0,172.27,,desktop,United States,50.0,-53
user_02710,treatment,1.0,172.27,,mobile,UK,58.0,-81
user_00880,treatment,2.0,"157,24",2024-05-02,desktop,US,42.0,433
user_06697,control,0.0,184.14,,mobile,IN,50.0,-39
user_04712,control,1.0,67.61,2024-04-14,tablet,USA,48.0,202
user_02328,control,0.0,194.4,,desktop,US,28.0,265
user_08517,treatment,0.0,26.32,,tablet,US,34.0,540
user_04692,trt,1.0,17589.06,2024-06-01,desktop,US,43.0,261
user_03828,control,0.0,103.28,,desktop,IN,22.0,548
user_04932,control,0.0,131.97,,desktop,India,33.0,-14
user_00473,treatment,0.0,168.39,2024-07-07,desktop ,UK,63.0,480
user_08348,treatment,0.0,53.42,,desktop,United Kingdom,41.0,549
user_03168,control,1.0,83.44,,desktop,India,52.0,97
user_04224,treatment,0.0,172.27,,iphone,US,49.0,108
user_03397,control,1.0,-39.62,2024-09-30,android,USA,37.0,387
user_07328,treatment,0.0,130.26,2024-04-15,android,IN,64.0,0
user_04615,treatment,1.0,73.52,,desktop,USA,42.0,336
user_01912,control,0.0,133.02,,desktop,US,34.0,175
user_04185,treatment,0.0,93.95,,mobile,India,25.0,369
user_00508,control,1.0,51.07,,desktop,USA,53.0,0
user_02037,treatment,2.0,127.45,,desktop,IN,28.0,224
user_07622,control,1.0,163.37,,mobile,US,42.0,538
user_01214,treatment,0.0,53.3,2024-12-13,desktop,UK,47.0,-15
user_01282,treatment,1.0,197.52,,mobile,United Kingdom,54.0,311
user_03050,control,0.0,81.57,,desktop,USA,47.0,586
user_02246,control,1.0,109.6,,iphone,USA,57.0,0
user_03738,control,1.0,37.23,2024-12-28,mobile,United Kingdom,45.0,233
user_00666,treatment,0.0,"495,16",,tablet,US,40.0,364
user_06475,treatment,1.0,188.19,,desktop,UK,40.0,432
user_04111,treatment,1.0,172.27,2024-09-29,tablet,USA,35.0,458
user_01444,treatment,0.0,132.48,,desktop,US,22.0,198
user_01402,treatment,1.0,94.88,,tablet,United Kingdom,49.0,398
user_04540,control,1.0,84.59,,mobile,United States,29.0,43
user_00528,control,0.0,124.0,,mobile,United Kingdom,18.0,375
user_00873,treatment,1.0,$120.57,,tablet,US,30.0,395
user_04260,control,0.0,55.51,2024-11-20,tablet,USA,25.0,576
user_02928,treatment,1.0,56.44,,desktop,US,20.0,0
user_00440,control,1.0,41.38,,desktop,USA,50.0,-54
user_08317,control,0.0,121.97,2024-06-21,android,US,40.0,368
user_02436,control,1.0,26.68,,desktop,India,58.0,589
user_02137,treatment,0.0,117.9,,mobile,UK,23.0,476
user_01321,treatment,1.0,$69.56,,android,USA,40.0,172
user_05212,treatment,0.0,81.38,,desktop,US,90.0,476
user_04207,control,0.0,142.11,,desktop,US,25.0,135
user_08610,treatment,0.0,74.46,,tablet,UK,24.0,0
user_00793,control,1.0,59.3,2024-06-23,tablet,United States,55.0,0
user_01808,control,1.0,110.6,,mobile,UK,24.0,32
user_04874,control,2.0,124.25,,mobile,UK,61.0,48
user_08994,control,0.0,75.16,,tablet,UK,52.0,367
user_01596,treatment,0.0,70.98,,tablet,USA,33.0,367
user_01310,control,1.0,172.27,,mobile,USA,23.0,587
user_01097,treatment,0.0,37682.89,,desktop,US,33.0,344
user_03549,treatment,1.0,179.82,,mobile,US,20.0,76
user_08103,control,1.0,87.23,,tablet,US,42.0,128
user_08970,control,0.0,139.09,,mobile,USA,33.0,531
user_07624,treatment,1.0,170.26,2024-01-12,mobile,United States,27.0,-87
user_04182,control,0.0,150.49,,desktop,US,28.0,45
user_00994,treatment,1.0,18.56,,tablet,United Kingdom,41.0,507
user_04490,control,1.0,160.85,2024-06-07,mobile,US,34.0,530
user_02198,treatment,1.0,140.33,,mobile,India,28.0,469
user_00161,treatment,1.0,112.07,,mobile,US,25.0,493
user_00952,treatment,0.0,110.34,,desktop,US,56.0,0
user_03127,control,0.0,172.27,,mobile,USA,47.0,339
user_06866,treatment,0.0,56.36,2024-08-06,tablet,USA,27.0,47
user_03454,treatment,0.0,134.2,,desktop,UK,46.0,455
user_05687,treatment,0.0,172.27,2024-08-14,desktop,India,35.0,465
user_00612,control,0.0,"547,23",2024-05-26,desktop,US,19.0,519
user_03968,control,0.0,57.09,2024-12-27,desktop,UK,21.0,87
user_00042,treatment,0.0,172.27,,desktop,IN,63.0,118
user_04756,treatment,0.0,54.26,,tablet,India,27.0,466
user_02845,treatment,1.0,99.62,2024-08-02,android,United States,46.0,90
user_06896,treatment,0.0,"927,46",2024-10-01,tablet,US,57.0,395
user_05088,control,1.0,109.42,,android,India,32.0,0
user_00273,test,0.0,-18.99,,tablet,UK,33.0,312
user_04892,control,0.0,111.36,,mobile,USA,31.0,123
user_00550,treatment,1.0,120.74,,tablet,US,62.0,132
user_02340,trt,1.0,87.18,,android,IN,47.0,296
user_01996,control,1.0,119.23,,mobile,US,54.0,264
user_08185,control,1.0,172.27,,desktop,United Kingdom,42.0,254
user_06093,control,1.0,77.41,,desktop,USA,42.0,419
user_04345,control,1.0,133.69,,desktop,USA,65.0,43
user_04228,treatment,1.0,195.89,2024-02-21,tablet,USA,61.0,276
user_04541,control,0.0,157.24,,mobile,India,42.0,202
user_03446,control,1.0,187.23,,desktop,US,32.0,406
user_03142,control,0.0,102.04,2024-06-22,mobile,UK,41.0,525
user_00190,treatment,1.0,80.6,2024-09-02,mobile,United States,45.0,163
user_07549,treatment,1.0,155.52,,iphone,US,64.0,550
user_07397,control,0.0,128.5,,tablet,UK,26.0,427
user_04648,trt,1.0,152.7,2024-04-22,desktop,UK,21.0,161
user_01186,treatment,1.0,172.27,2024-06-19,tablet,India,49.0,229
user_08920,treatment,1.0,47.3,,mobile,US,45.0,521
user_03812,control,1.0,161.85,2024-09-19,mobile,India,65.0,234
user_00340,control,1.0,172.27,2024-01-29,desktop,United States,63.0,429
user_00884,treatment,1.0,125.23,,desktop,US,52.0,0
user_02228,control,0.0,153.59,,desktop,United States,61.0,34
user_01399,treatment,1.0,133.67,,tablet,USA,43.0,121
user_00099,control,1.0,94.43,2024-10-15,mobile,UK,38.0,184
user_00562,control,1.0,156.66,,desktop,India,36.0,287
user_01360,treatment,0.0,77.53,,desktop,US,60.0,203
user_07665,control,0.0,103.64,,desktop,India,46.0,61
user_02474,control,1.0,154.26,,desktop,US,61.0,204
user_01270,treatment,1.0,29.21,2024-10-21,android,United States,34.0,333
user_03861,treatment,1.0,36.97,,mobile,IN,31.0,49
user_02285,treatment,1.0,33.8,2024-04-27,desktop,USA,40.0,307
user_05680,control,0.0,17.71,2024-09-01,mobile,United States,49.0,242
user_00777,test,1.0,138.63,,mobile,United States,43.0,458
user_08046,treatment,1.0,188.08,,mobile,US,32.0,163
user_06879,treatment,0.0,172.27,,tablet,IN,40.0,77
user_02465,control,1.0,174.09,,tablet,United Kingdom,42.0,168
user_06778,trt,0.0,128.72,,desktop,IN,27.0,546
user_01342,control,1.0,80.97,,tablet,US,38.0,310
user_05645,treatment,0.0,90.21,2024-04-18,mobile,US,53.0,313
user_02883,trt,1.0,92.88,,mobile,US,42.0,339
user_06214,treatment,0.0,23.91,,tablet,United Kingdom,22.0,230
user_06610,control,1.0,49.3,,iphone,US,54.0,139
user_01131,control,0.0,92.84,2024-03-17,mobile,USA,25.0,285
user_06939,control,1.0,43.96,,mobile,United States,52.0,0
user_05251,treatment,0.0,134.12,,desktop,US,38.0,79
user_08251,treatment,0.0,172.11,,desktop,UK,55.0,241
user_07049,treatment,1.0,55.71,,mobile,UK,60.0,95
user_00293,control,1.0,"122,10",,mobile,UK,37.0,135
user_07861,control,1.0,172.27,,desktop,United States,29.0,52
user_08318,control,0.0,142.3,,mobile,United States,28.0,172
user_02062,control,1.0,95.94,2024-12-23,tablet,USA,26.0,293
user_00771,treatment,0.0,154.05,,desktop,India,64.0,319
user_06989,treatment,1.0,172.27,2024-01-19,tablet,US,42.0,0
user_06492,control,1.0,172.27,,tablet,US,64.0,259
user_03542,control,1.0,172.27,2024-12-26,desktop,United States,53.0,153
user_01945,control,0.0,42.57,,mobile,US,37.0,152
user_03751,treatment,1.0,76.33,,tablet,US,58.0,251
user_04705,control,0.0,165.44,2024-11-10,desktop,United States,60.0,318
user_00285,treatment,0.0,22.45,,tablet,India,64.0,531
user_07669,treatment,1.0,51.22,,mobile,United States,20.0,180
user_08883,control,0.0,170.01,,tablet,US,39.0,115
user_03242,treatment,1.0,148.42,,mobile,India,46.0,0
user_03733,treatment,0.0,172.27,,mobile ,USA,48.0,391
user_02552,treatment,0.0,158.11,,desktop,USA,23.0,303
user_00779,treatment,0.0,56.61,,mobile,United States,30.0,321
user_00002,treatment,1.0,39.59,,desktop,United States,29.0,0
user_02367,control,1.0,90.77,,desktop,USA,21.0,439
user_06612,treatment,1.0,44.64,,desktop,UK,59.0,564
user_06103,treatment,1.0,187.42,,desktop,UK,61.0,308
user_07875,test,1.0,84.2,,mobile,United States,39.0,453
user_05066,treatment,1.0,111.74,,desktop,US,29.0,142
user_02354,treatment,0.0,39.23,,desktop,United States,46.0,318
user_02968,treatment,0.0,29.28,,tablet,IN,50.0,345
user_04986,control,1.0,95.07,,mobile,USA,10.0,263
user_08945,control,1.0,$151.29,,desktop,USA,24.0,148
user_00570,treatment,0.0,18.16,,tablet,IN,63.0,159
user_01193,control,1.0,74.87,,desktop,US,32.0,502
user_03566,control,1.0,"852,93",2024-12-14,iphone,India,60.0,581
user_04524,control,0.0,172.27,2024-09-26,mobile,USA,37.0,-65
user_08300,control,0.0,79.31,,tablet ,United Kingdom,32.0,180
user_06366,treatment,1.0,171.75,2024-08-17,mobile,United Kingdom,61.0,598
user_01606,test,1.0,90.37,2024-03-12,desktop,UK,40.0,220
user_02929,treatment,0.0,190.31,,desktop,US,32.0,370
user_02701,control,0.0,188.46,2024-11-26,desktop,UK,37.0,88
user_06402,control,0.0,58.7,,desktop,US,63.0,435
user_08965,control,0.0,10.42,,desktop ,USA,30.0,-38
user_04599,treatment,1.0,120.68,,mobile,USA,33.0,478
user_08767,control,1.0,167.6,,desktop,India,27.0,35
user_06998,test,0.0,153.21,,android,IN,29.0,492
user_01164,control,1.0,137.52,2024-09-20,mobile,United States,34.0,217
user_01832,control,0.0,172.27,,tablet,UK,50.0,0
user_06518,treatment,0.0,88.74,2024-02-09,mobile,United Kingdom,51.0,0
user_03565,control,1.0,58.87,2024-05-12,desktop,United Kingdom,61.0,315
user_04779,treatment,1.0,165.81,,desktop,US,29.0,449
user_03111,control,1.0,189.34,2024-10-25,android,UK,52.0,388
user_00631,control,1.0,49.11,,desktop,USA,30.0,483
user_03418,control,1.0,132.82,,desktop ,USA,31.0,170
user_01550,treatment,1.0,170.35,,mobile,IN,58.0,229
user_07574,treatment,1.0,151.79,2024-06-23,tablet,US,38.0,80
user_08177,treatment,2.0,"121,19",,mobile,United States,58.0,521
user_04591,control,0.0,77.88,,mobile,USA,34.0,573
user_02727,treatment,1.0,106.42,,mobile,USA,50.0,36
user_02069,treatment,0.0,153.32,,tablet,US,41.0,269
user_04827,control,0.0,36.82,,desktop,US,65.0,-19
user_00789,treatment,0.0,73.88,2024-05-29,mobile,India,28.0,568
user_01486,treatment,0.0,172.27,,mobile,US,56.0,460
user_03281,control,0.0,116.24,,tablet,USA,39.0,0
user_02344,control,1.0,172.27,2024-03-30,mobile,USA,52.0,329
user_02491,treatment,1.0,104.16,,mobile,US,30.0,0
user_05375,control,1.0,132.66,,desktop,United States,19.0,91
user_06360,control,1.0,37.48,,android,US,41.0,0
user_03275,treatment,0.0,172.27,2024-12-16,tablet,USA,51.0,217
user_01538,control,0.0,49211.57,,mobile,US,30.0,456
user_04818,treatment,1.0,129.06,,desktop,US,24.0,82
user_00639,treatment,1.0,65.09,2024-12-17,desktop,US,42.0,229
user_05595,treatment,2.0,87.07,,tablet,US,42.0,-20
user_03739,treatment,1.0,137.4,,desktop,United Kingdom,61.0,443
user_01892,control,1.0,178.51,2024-01-08,desktop,United States,27.0,225
user_06839,treatment,0.0,10.68,,desktop,US,49.0,-76
user_00009,treatment,0.0,185.93,,mobile,United Kingdom,55.0,183
user_02049,treatment,0.0,30.83,,tablet,US,57.0,273
user_08785,control,0.0,172.27,,mobile,US,45.0,244
user_08639,control,0.0,190.96,,mobile,US,42.0,0
user_01557,control,1.0,111.74,,tablet,USA,33.0,323
user_05638,treatment,1.0,157.05,,tablet,United States,34.0,300
user_01507,treatment,0.0,172.27,2024-06-26,desktop,UK,62.0,292
user_03704,control,0.0,83.22,,iphone,India,35.0,159
user_07316,control,1.0,126.27,,tablet,USA,46.0,67
user_07666,treatment,1.0,29.13,,tablet,UK,39.0,508
user_06467,treatment,0.0,172.27,,tablet,US,54.0,421
user_02017,treatment,1.0,115.67,,iphone,US,45.0,227
user_00690,treatment,0.0,95.09,,desktop,India,47.0,260
user_00577,control,0.0,144.45,2024-02-12,desktop,India,33.0,158
user_05783,control,0.0,153.18,,mobile,USA,54.0,490
user_01801,control,1.0,17.48,,desktop,India,50.0,332
user_00611,treatment,1.0,"450,61",2024-05-30,desktop,USA,51.0,0
user_00462,treatment,0.0,82.28,,mobile,US,28.0,122
user_02585,treatment,1.0,22.92,,android,US,39.0,134
user_04187,treatment,1.0,-58.75,2024-02-24,mobile,United Kingdom,48.0,487
user_04882,control,0.0,12.29,,android,IN,23.0,325
user_01183,control,1.0,-40.8,2024-02-09,mobile,US,42.0,37
user_08875,treatment,0.0,72.01,,tablet,USA,30.0,123
user_08679,control,1.0,172.27,2024-10-06,mobile,USA,37.0,0
user_01260,control,1.0,30.4,2024-08-24,mobile,India,64.0,288
user_00756,control,0.0,127.41,2024-06-22,mobile,IN,59.0,569
user_05488,control,0.0,33648.57,,mobile,IN,39.0,567
user_07198,control,0.0,83.22,2024-11-08,mobile,United States,58.0,299
user_02076,treatment,2.0,138.66,,desktop,USA,42.0,375
user_01480,control,1.0,-21.3,,tablet,USA,35.0,0
user_05464,control,0.0,$121.94,,mobile,United Kingdom,57.0,69
user_04536,control,1.0,61.65,2024-05-21,desktop,USA,26.0,0
user_03606,treatment,0.0,10.18,,android,IN,47.0,-89
user_00911,control,1.0,22.2,,desktop,USA,39.0,88
user_02635,treatment,1.0,172.27,,tablet,US,46.0,-94
user_02543,control,2.0,17.23,,tablet,United Kingdom,60.0,566
user_02318,control,0.0,13.44,,android,USA,54.0,-83
user_05847,treatment,1.0,121.11,2024-02-12,mobile,US,19.0,278
user_04526,control,1.0,49.19,,desktop,India,42.0,381
user_05267,control,0.0,124.84,,mobile,United States,20.0,60
user_03888,control,1.0,82.15,,tablet,US,64.0,305
user_06479,control,0.0,72.86,,desktop,US,35.0,537
user_08936,control,0.0,133.75,,tablet,India,27.0,203
user_04383,treatment,0.0,53.79,,desktop,India,25.0,153
user_00284,treatment,1.0,95.21,,mobile,USA,50.0,0
user_01169,test,1.0,53.99,,desktop,IN,36.0,561
user_00725,treatment,1.0,69.93,,desktop,IN,36.0,472
user_00481,control,0.0,56.63,,tablet,US,54.0,0
user_02594,control,0.0,146.87,2024-05-10,desktop,USA,56.0,240
user_04202,treatment,1.0,109.03,2024-06-08,iphone,US,27.0,531
user_00287,control,1.0,27.19,,desktop,UK,64.0,567
user_01582,trt,1.0,22.76,,tablet,United Kingdom,48.0,517
user_08430,control,0.0,150.41,,mobile,India,26.0,176
user_08675,control,1.0,35.4,,desktop,US,42.0,401
user_00451,trt,0.0,24808.09,,mobile,United Kingdom,46.0,542
user_01943,control,1.0,28.66,,mobile,US,48.0,443
user_03881,treatment,1.0,137.6,2024-11-11,mobile,USA,34.0,307
user_05967,control,1.0,157.38,2024-08-14,iphone,US,53.0,0
user_05544,treatment,0.0,195.4,,android ,United States,25.0,231
user_01580,control,1.0,73.91,,tablet ,USA,27.0,525
user_07333,treatment,0.0,93.1,,mobile,USA,65.0,552
user_06513,control,1.0,132.42,2024-07-14,desktop,US,26.0,234
user_03921,treatment,1.0,60.21,2024-08-31,mobile,United Kingdom,18.0,354
user_03445,control,0.0,42.16,,mobile,UK,33.0,183
user_01084,control,0.0,189.89,,mobile,USA,60.0,421
user_01093,treatment,0.0,103.17,,desktop,UK,59.0,495
user_00079,treatment,0.0,81.73,,mobile,IN,24.0,270
user_00449,control,1.0,99.74,,tablet,United Kingdom,63.0,221
user_01609,treatment,0.0,167.95,,tablet,IN,57.0,514
user_05406,control,1.0,115.55,,mobile,USA,63.0,423
user_02737,treatment,1.0,75.04,,mobile,IN,51.0,484
user_07515,treatment,1.0,173.34,,iphone,USA,45.0,261
user_07797,treatment,1.0,102.25,,tablet,US,25.0,45
user_08151,treatment,1.0,84.82,,android,United States,26.0,0
user_00583,control,1.0,-76.62,,tablet,US,36.0,575
user_05084,treatment,1.0,45.99,,mobile,IN,23.0,320
user_06791,control,1.0,160.82,2024-08-02,tablet,IN,26.0,101
user_06023,control,0.0,-66.75,,desktop,USA,52.0,486
user_00323,treatment,1.0,72.4,2024-04-14,mobile,United Kingdom,42.0,99
user_04675,treatment,1.0,22.74,,mobile,USA,57.0,329
user_01285,treatment,0.0,21.95,,tablet,United Kingdom,27.0,151
user_08589,test,1.0,45.4,,tablet ,US,20.0,113
user_07193,control,1.0,77.74,,mobile,UK,39.0,481
user_04970,test,0.0,155.53,,tablet,United Kingdom,19.0,0
user_07233,treatment,1.0,-91.6,2024-03-13,mobile,IN,56.0,553
user_05950,control,0.0,172.27,,desktop,UK,62.0,436
user_04450,control,1.0,147.54,,desktop,USA,21.0,0
user_05992,control,0.0,136.62,,mobile,US,62.0,0
user_00600,treatment,0.0,103.56,,desktop,US,27.0,234
user_01262,control,0.0,"155,77",,mobile,IN,58.0,343
user_07572,control,1.0,175.44,2024-07-04,desktop,IN,27.0,73
user_07882,control,0.0,19.31,2024-12-16,mobile,United Kingdom,29.0,75
user_00134,control,0.0,10.51,2024-08-25,tablet,IN,21.0,457
user_03230,trt,1.0,134.09,,mobile,USA,34.0,199
user_02723,treatment,1.0,-11.91,,tablet ,UK,43.0,52
user_03940,control,1.0,49.05,,desktop,US,64.0,218
user_08716,treatment,1.0,172.27,2024-06-26,android,India,22.0,420
user_07094,control,1.0,169.56,2024-12-21,tablet,UK,65.0,407
user_00082,trt,1.0,149.92,2024-12-06,mobile,India,42.0,56
user_04489,control,1.0,53.8,,tablet,UK,48.0,523
user_07160,treatment,0.0,47.74,,mobile,US,35.0,234
user_07383,treatment,1.0,88.11,2024-04-05,desktop,US,57.0,498
user_00753,treatment,0.0,195.91,,desktop,US,49.0,-32
user_04786,treatment,0.0,48.73,2024-10-12,desktop,UK,20.0,182
user_00277,trt,1.0,78.94,,iphone,IN,22.0,0
user_00643,control,1.0,172.27,2024-02-21,mobile,USA,55.0,175
user_08551,control,1.0,$48.83,,mobile,UK,48.0,0
user_00147,treatment,1.0,105.14,,desktop,United Kingdom,37.0,177
user_04155,control,1.0,179.89,,mobile,India,31.0,438
user_03400,control,1.0,27.61,,mobile,United Kingdom,18.0,86
user_06466,control,0.0,149.75,2024-01-10,desktop,US,52.0,599
user_03784,treatment,0.0,-66.87,2024-06-05,android,US,60.0,205
user_03827,treatment,0.0,172.03,2024-05-01,tablet,United States,37.0,122
user_02882,control,0.0,"651,17",,desktop,United Kingdom,21.0,107
user_00632,control,0.0,87.96,,iphone,UK,49.0,354
user_03836,control,1.0,"484,16",,tablet,US,51.0,409
user_00470,control,0.0,118.91,,tablet,UK,37.0,93
user_06814,control,1.0,181.67,2024-10-30,mobile,US,40.0,271
user_05280,treatment,0.0,106.18,,tablet,IN,30.0,224
user_04546,control,0.0,95.36,,tablet,US,57.0,427
user_06423,control,0.0,152.67,,tablet,United States,26.0,352
user_00774,control,2.0,32.91,,tablet,UK,33.0,580
user_07667,control,1.0,172.27,,desktop,United States,20.0,0
user_03684,control,1.0,172.27,2024-02-21,iphone,IN,42.0,66
user_05878,treatment,1.0,143.32,,desktop,IN,19.0,350
user_02847,treatment,1.0,82.18,,tablet,US,18.0,402
user_02391,control,0.0,188.09,,tablet,USA,42.0,394
user_07559,treatment,0.0,14.04,,mobile,USA,47.0,167
user_05983,treatment,0.0,30.94,,desktop,US,90.0,402
user_03080,control,0.0,89.47,2024-04-01,desktop,US,57.0,224
user_07460,treatment,1.0,172.27,,tablet ,United Kingdom,61.0,408
user_08474,control,1.0,106.17,,tablet,US,44.0,546
user_00697,treatment,2.0,-77.8,,desktop,IN,53.0,144
user_00492,control,1.0,108.96,,mobile,United Kingdom,90.0,106
user_05186,control,1.0,143.45,,desktop,India,52.0,382
user_05384,treatment,0.0,39.08,2024-11-20,desktop,US,29.0,144
user_04048,treatment,1.0,88.7,2024-09-28,mobile,USA,50.0,207
user_07550,treatment,0.0,85.61,,mobile,India,27.0,529
user_06569,treatment,1.0,54.69,,iphone,United States,25.0,400
user_04737,control,1.0,129.13,2024-05-19,mobile,US,28.0,287
user_01715,treatment,1.0,187.25,,android,United States,47.0,120
user_02998,control,1.0,25.55,,mobile,US,59.0,359
user_08030,treatment,2.0,120.28,,tablet,US,44.0,219
user_03922,control,1.0,70.35,,mobile,India,43.0,516
user_05044,control,1.0,80.28,2024-03-08,desktop,US,22.0,154
user_06387,treatment,0.0,138.7,,tablet,United Kingdom,41.0,80
user_03631,treatment,1.0,50.31,,mobile,USA,28.0,143
user_07531,treatment,0.0,58.54,,tablet,United States,46.0,476
user_07472,control,1.0,24.73,,mobile,US,47.0,429
user_05130,treatment,1.0,133.78,,iphone,US,39.0,0
user_00655,treatment,2.0,63.75,,desktop,India,25.0,265
user_08289,treatment,0.0,144.17,2024-01-24,iphone,US,25.0,318
user_07495,treatment,1.0,165.96,2024-06-05,desktop,IN,48.0,0
user_05618,treatment,1.0,129.48,2024-09-03,tablet,IN,19.0,298
user_07737,treatment,1.0,138.69,,tablet,USA,22.0,164
user_08661,control,1.0,172.27,,desktop,United Kingdom,54.0,0
user_03406,treatment,0.0,154.15,,mobile,India,55.0,150
user_07878,treatment,0.0,25221.92,,desktop,USA,64.0,501
user_07492,control,1.0,-30.14,,tablet,US,53.0,205
user_02112,treatment,0.0,13264.57,2024-08-15,mobile,United States,43.0,-22
user_06901,treatment,0.0,113.38,,desktop,US,49.0,254
user_04836,control,0.0,165.45,2024-05-16,desktop,USA,18.0,543
user_07123,treatment,1.0,100.32,2024-12-23,tablet,UK,43.0,510
user_04859,control,1.0,34.99,2024-06-30,mobile,United States,27.0,59
user_08981,control,1.0,172.27,,mobile,US,34.0,136
user_00156,treatment,0.0,172.27,,tablet,United States,42.0,584
user_06598,trt,0.0,149.91,,android,IN,57.0,123
user_02644,control,0.0,72.91,,tablet,US,65.0,399
user_04097,control,2.0,159.54,2024-12-20,tablet,United States,21.0,502
user_01433,control,0.0,168.19,2024-10-21,desktop,IN,42.0,0
user_08135,treatment,1.0,$189.38,,desktop,India,18.0,242
user_00540,control,0.0,171.09,,desktop,USA,65.0,226
user_04128,control,1.0,88.51,,mobile,India,27.0,79
user_02573,treatment,1.0,195.77,,tablet,United Kingdom,55.0,209
user_00785,control,1.0,118.61,2024-11-20,tablet,USA,19.0,138
user_08491,treatment,0.0,110.59,,tablet,United Kingdom,20.0,421
user_05642,control,1.0,29.47,,desktop,US,40.0,238
user_04545,control,0.0,160.7,,mobile,US,46.0,189
user_02278,treatment,0.0,118.1,,android,USA,25.0,434
user_04086,treatment,1.0,151.72,,desktop,US,39.0,50
user_00631,treatment,1.0,76.24,,desktop,US,44.0,462
user_06917,treatment,0.0,198.8,,mobile,US,18.0,0
user_00113,treatment,1.0,101.98,2024-05-24,desktop,US,49.0,158
user_08091,treatment,1.0,51.15,,iphone,USA,36.0,300
user_04454,treatment,1.0,146.38,2024-12-14,mobile,US,51.0,234
user_03173,control,0.0,-71.2,2024-02-15,mobile,USA,60.0,211
user_08231,control,1.0,19.53,,desktop,US,47.0,535
user_07287,control,0.0,68.08,,desktop,UK,22.0,0
user_00172,control,0.0,111.06,,desktop,India,31.0,0
user_00155,control,0.0,111.02,2024-12-06,desktop,UK,22.0,572
user_04721,control,1.0,38.76,,tablet,UK,42.0,378
user_01996,treatment,0.0,154.56,2024-06-01,android,IN,36.0,103
user_02818,treatment,0.0,114.56,,tablet,US,31.0,167
user_06822,trt,1.0,157.55,,android,USA,31.0,410
user_00882,control,1.0,64.04,2024-09-16,tablet,US,47.0,400
user_04498,treatment,1.0,156.82,,mobile,US,32.0,293
user_01232,treatment,1.0,163.31,,desktop,United States,40.0,369
user_08942,treatment,1.0,42.24,,desktop,India,57.0,325
user_00335,treatment,0.0,172.27,,android,UK,42.0,446
user_00863,treatment,0.0,"950,50",,mobile,United States,31.0,-99
user_03286,treatment,1.0,111.31,,mobile,UK,37.0,189
user_02040,control,1.0,40.42,2024-09-13,tablet,UK,40.0,590
user_06019,treatment,1.0,92.04,,mobile,UK,65.0,581
user_00422,treatment,1.0,172.27,,tablet,USA,28.0,341
user_08773,treatment,1.0,58.75,2024-11-08,tablet,US,26.0,533
user_00972,control,1.0,85.62,2024-06-17,mobile,United States,44.0,-75
user_08644,control,0.0,26.27,2024-06-02,android,UK,18.0,204
user_03435,control,0.0,195.07,,desktop,US,44.0,48
user_02828,treatment,1.0,67.09,,desktop,USA,47.0,391
user_03453,treatment,0.0,145.94,,mobile,United Kingdom,42.0,212
user_05293,control,0.0,"262,67",,desktop,IN,42.0,417
user_01242,treatment,0.0,110.38,,desktop,USA,62.0,0
user_03098,treatment,0.0,117.17,,tablet,India,64.0,0
user_01449,control,1.0,172.27,,desktop,US,48.0,344
user_02181,control,1.0,84.83,,desktop,UK,35.0,489
user_00032,trt,1.0,128.0,,mobile,United Kingdom,61.0,-73
user_07075,treatment,0.0,199.09,,tablet,IN,64.0,0
user_06835,trt,0.0,128.64,,mobile,US,38.0,322
user_04075,control,0.0,196.27,,tablet,United States,52.0,73
user_04696,control,1.0,172.27,,desktop,USA,48.0,301
user_03940,treatment,1.0,26.97,,mobile,United States,51.0,344
user_03096,control,1.0,122.76,,desktop,India,21.0,590
user_03330,control,2.0,185.84,,mobile,USA,27.0,361
user_05824,treatment,0.0,154.93,2024-04-03,mobile,IN,40.0,241
user_07747,control,1.0,111.04,2024-12-21,iphone,US,35.0,492
user_01331,control,0.0,197.98,,desktop,USA,34.0,508
user_08910,control,0.0,150.42,2024-04-18,android,United States,53.0,178
user_06940,control,1.0,136.29,2024-03-02,tablet,USA,51.0,180
user_00800,treatment,0.0,72.13,2024-08-01,tablet,UK,29.0,144
user_00026,control,0.0,139.04,2024-07-07,mobile,United Kingdom,46.0,520
user_03931,control,0.0,$53.79,,tablet,United States,46.0,383
user_01672,treatment,1.0,122.42,,iphone,IN,25.0,524
user_03630,control,1.0,189.29,,tablet,United Kingdom,42.0,164
user_07886,control,1.0,84.11,,desktop,US,63.0,545
user_08415,control,0.0,"973,90",,mobile,United Kingdom,23.0,318
user_01535,treatment,1.0,197.76,,mobile,India,18.0,583
user_01833,treatment,0.0,152.55,,tablet,US,63.0,320
user_03960,control,0.0,"280,95",,iphone,UK,40.0,561
user_06367,treatment,0.0,196.86,2024-03-13,desktop,US,42.0,121
user_02434,test,1.0,165.47,2024-06-18,android,United States,48.0,314
user_08685,treatment,0.0,61.3,,mobile,US,38.0,267
user_01736,treatment,1.0,172.27,,mobile,IN,32.0,188
user_00101,control,1.0,94.45,2024-01-13,mobile,US,23.0,0
user_04544,control,1.0,24.16,,desktop,USA,42.0,517
user_00455,treatment,1.0,170.55,2024-08-12,desktop,USA,22.0,523
user_06084,control,1.0,-52.19,,desktop,US,33.0,366
user_01490,control,1.0,29.85,,mobile,US,52.0,252
user_07387,control,0.0,172.27,,mobile,USA,45.0,274
user_00057,control,1.0,133.66,2024-07-10,mobile,USA,45.0,590
user_04314,treatment,2.0,172.27,,mobile,India,28.0,75
user_05794,treatment,0.0,79.97,,desktop,UK,50.0,195
user_04550,treatment,1.0,115.06,2024-04-16,desktop,United Kingdom,38.0,332
user_07389,control,1.0,"260,42",,desktop,IN,42.0,497
user_01121,control,0.0,12.72,,tablet,United Kingdom,62.0,448
user_06229,trt,0.0,172.27,,mobile,US,51.0,369
user_06490,treatment,2.0,184.96,,desktop,United States,42.0,317
user_03610,control,0.0,47.85,,desktop,US,40.0,534
user_05681,control,0.0,125.64,,tablet,USA,36.0,514
user_03155,control,0.0,27.47,2024-11-04,iphone,IN,64.0,46
user_00848,treatment,0.0,115.26,2024-04-06,desktop,UK,31.0,77
user_01788,treatment,1.0,95.46,,desktop,USA,23.0,320
user_07099,trt,0.0,19.01,,mobile,USA,53.0,473
user_03639,control,1.0,77.87,2024-01-08,desktop,India,25.0,510
user_07407,control,1.0,131.57,,desktop,United Kingdom,21.0,561
user_00051,control,1.0,19.72,,tablet,US,20.0,529
user_04722,control,0.0,172.27,,desktop,UK,45.0,504
user_00099,treatment,1.0,75.88,,mobile,USA,44.0,212
user_08522,control,0.0,21.4,2024-08-19,mobile,US,53.0,430
user_02394,control,2.0,184.83,2024-12-08,desktop,US,49.0,39
user_03188,control,0.0,-39.01,2024-03-13,mobile,United States,42.0,305
user_02864,control,1.0,87.48,2024-12-30,mobile,USA,54.0,441
user_08908,treatment,1.0,33.36,,mobile,India,58.0,0
user_08752,treatment,0.0,178.5,,tablet,US,42.0,548
user_04672,control,0.0,180.63,,mobile,USA,52.0,238
user_03124,treatment,0.0,104.92,,desktop,United States,60.0,464
user_00516,treatment,0.0,72.62,,desktop,USA,52.0,253
user_06575,control,1.0,79.45,2024-09-12,mobile,USA,43.0,75
user_04973,treatment,1.0,22.19,,mobile,IN,20.0,0
user_03740,control,0.0,93.45,,mobile,India,45.0,223
user_03778,treatment,0.0,176.56,,desktop,India,56.0,478
user_07013,treatment,1.0,171.66,,tablet,India,44.0,202
user_00059,treatment,1.0,$193.83,,desktop,IN,32.0,162
user_06636,trt,0.0,95.37,2024-12-01,tablet,India,61.0,0
user_03846,trt,1.0,108.4,2024-05-26,tablet,United Kingdom,37.0,397
user_06102,control,1.0,111.35,,desktop,India,65.0,132
user_03481,trt,0.0,89.74,,mobile,United Kingdom,49.0,370
user_00904,control,0.0,"303,62",,android,USA,46.0,597
user_06471,control,0.0,164.31,,mobile,US,51.0,400
user_00819,trt,1.0,182.87,,tablet,US,38.0,370
user_04277,treatment,0.0,198.64,,mobile,US,44.0,467
user_07775,control,0.0,$182.45,2024-04-09,tablet,UK,64.0,164
user_05614,treatment,0.0,172.27,2024-07-31,mobile,IN,63.0,437
user_07853,control,0.0,140.81,2024-07-15,mobile,USA,28.0,61
user_03967,control,1.0,172.11,,mobile,India,65.0,274
user_07910,treatment,0.0,164.01,,mobile,USA,58.0,89
user_04402,trt,0.0,36.64,,desktop,US,27.0,329
user_05826,control,1.0,175.35,,desktop,India,30.0,260
user_07887,control,0.0,161.71,2024-02-15,desktop,UK,23.0,199
user_03688,control,1.0,166.84,,mobile,US,26.0,582
user_08212,treatment,0.0,"816,54",,mobile,US,55.0,322
user_00855,control,0.0,-92.65,2024-04-28,mobile,United States,41.0,146
user_02245,control,1.0,53.76,,mobile,United States,28.0,0
user_00943,treatment,2.0,161.33,,mobile,IN,45.0,389
user_00088,trt,1.0,31.36,2024-10-11,mobile,United States,22.0,358
user_05533,control,1.0,102.59,,mobile,USA,18.0,458
user_01315,treatment,0.0,197.72,,mobile,USA,23.0,316
user_03746,control,1.0,166.48,,mobile,US,44.0,159
user_04265,treatment,0.0,44.69,,desktop,UK,26.0,510
user_08297,treatment,1.0,83.49,2024-08-28,desktop,USA,26.0,76
user_03976,control,1.0,18.19,,desktop,USA,41.0,581
user_07059,control,1.0,68.77,,desktop,India,39.0,-84
user_01127,treatment,1.0,138.54,,desktop,US,36.0,540
user_04562,control,1.0,155.21,,desktop,US,30.0,322
user_01867,treatment,1.0,158.84,2024-09-06,desktop,USA,62.0,0
user_00559,treatment,1.0,197.48,,desktop,USA,20.0,459
user_04649,control,1.0,17.88,,desktop,US,22.0,278
user_03263,control,1.0,90.41,,desktop,UK,57.0,-46
user_05790,treatment,0.0,70.41,2024-12-12,desktop,United States,65.0,593
user_03132,control,0.0,42.68,,mobile,United Kingdom,26.0,520
user_00552,control,0.0,26.21,,iphone,USA,20.0,206
user_07302,control,0.0,10.82,2024-11-08,tablet,USA,48.0,283
user_07892,control,0.0,83.61,,desktop,US,40.0,254
user_00046,treatment,1.0,29.21,,mobile,India,44.0,145
user_08884,treatment,2.0,"680,29",2024-05-14,mobile,US,20.0,121
user_01930,treatment,0.0,-34.32,,tablet,USA,60.0,61
user_04532,control,0.0,32.33,,tablet,India,50.0,364
user_04112,control,0.0,78.21,,desktop,United States,64.0,595
user_05627,test,2.0,"603,80",,android,US,42.0,35
user_02420,treatment,1.0,26.83,2024-01-03,desktop,US,49.0,316
user_08413,treatment,1.0,33.55,,iphone,United Kingdom,49.0,158
user_03102,control,1.0,142.14,,tablet,US,63.0,399
user_08150,treatment,1.0,180.5,,tablet,UK,52.0,184
user_01215,treatment,0.0,28.35,,mobile,US,31.0,588
user_02844,treatment,1.0,136.86,,mobile,United States,32.0,142
user_00493,treatment,0.0,94.26,2024-12-01,desktop,US,33.0,542
user_06860,treatment,1.0,"951,68",2024-02-21,tablet,IN,22.0,245
user_05849,control,1.0,180.45,2024-09-29,tablet,US,42.0,584
user_06028,treatment,1.0,78.24,,desktop,US,28.0,221
user_00772,treatment,0.0,-62.74,,desktop,US,48.0,149
user_08158,treatment,1.0,74.7,,mobile,US,18.0,91
user_08429,treatment,1.0,149.94,,tablet,United Kingdom,22.0,388
user_07227,control,1.0,194.48,2024-08-02,mobile,USA,61.0,589
user_02662,treatment,1.0,194.12,,mobile,UK,57.0,319
user_00769,control,0.0,52.06,,iphone,US,45.0,66
user_01599,control,1.0,173.78,,mobile,India,59.0,0
user_01328,treatment,1.0,-61.53,2024-03-25,desktop,IN,27.0,284
user_03655,control,0.0,19.8,,mobile,United States,63.0,419
user_05699,treatment,1.0,46.68,,mobile,US,32.0,132
user_00250,control,0.0,175.94,2024-06-13,tablet,United States,55.0,538
user_03530,control,0.0,54.27,,tablet,India,32.0,163
user_02366,treatment,0.0,103.75,2024-07-02,mobile,US,42.0,160
user_08929,treatment,0.0,101.59,2024-12-14,mobile,UK,49.0,44
user_00228,treatment,0.0,172.27,2024-11-28,desktop,United Kingdom,42.0,0
user_00437,control,1.0,157.42,,tablet,United Kingdom,18.0,301
user_05587,treatment,1.0,68.58,,mobile,IN,51.0,323
user_01212,control,1.0,87.45,,tablet,UK,21.0,334
user_03149,control,1.0,118.94,,desktop,IN,27.0,331
user_08816,treatment,0.0,24.63,,mobile,USA,64.0,142
user_01982,control,1.0,47.87,2024-10-28,mobile,US,23.0,0
user_08764,control,1.0,146.71,2024-05-22,tablet,India,24.0,65
user_08233,control,0.0,43.02,,android,USA,65.0,433
user_08932,treatment,1.0,47.69,,desktop,USA,57.0,-49
user_07981,control,1.0,72.13,2024-09-21,mobile,IN,62.0,547
user_04057,treatment,1.0,90.31,,tablet,US,40.0,407
user_08850,treatment,0.0,16.33,,android,India,48.0,460
user_07685,trt,1.0,-44.59,2024-04-18,tablet,United States,58.0,359
user_05159,treatment,1.0,64.83,2024-12-24,tablet,US,34.0,65
user_01333,control,0.0,84.34,,desktop,US,59.0,443
user_02257,treatment,1.0,92.35,,mobile,US,20.0,465
user_01673,control,1.0,"139,18",2024-02-10,mobile,India,59.0,236
user_08888,control,0.0,149.23,2024-10-19,mobile,India,42.0,121
user_00300,treatment,1.0,-82.58,2024-02-18,mobile,IN,46.0,133
user_08489,treatment,2.0,172.27,,desktop,US,42.0,165
user_03796,control,1.0,13.89,,mobile,US,36.0,463
user_02894,control,1.0,132.36,,mobile,US,42.0,270
user_08085,treatment,1.0,66.97,,desktop,India,60.0,576
user_00746,treatment,2.0,90.14,2024-06-10,mobile,UK,50.0,509
user_07876,control,0.0,103.12,,mobile,USA,60.0,0
user_02733,treatment,1.0,10.65,,mobile,United States,32.0,148
user_08353,treatment,1.0,160.66,2024-07-22,mobile,United Kingdom,40.0,394
user_04969,treatment,0.0,56.76,2024-09-15,mobile,United States,27.0,568
user_01416,treatment,1.0,172.27,2024-05-26,desktop,IN,59.0,200
user_02411,control,1.0,83.36,,mobile,US,41.0,216
user_00928,treatment,2.0,152.45,,mobile,US,28.0,536
user_03811,treatment,1.0,38.86,,mobile,United Kingdom,43.0,183
user_06210,control,2.0,172.27,2024-10-25,tablet,India,38.0,402
user_07364,control,0.0,147.13,2024-12-12,mobile,India,21.0,146
user_02203,control,0.0,172.27,,tablet,US,39.0,512
user_07849,control,1.0,33.37,2024-06-27,tablet,USA,55.0,134
user_04414,control,1.0,179.91,,desktop,IN,53.0,511
user_06059,control,0.0,152.48,,desktop,USA,65.0,156
user_00155,control,1.0,153.81,,android,US,40.0,193
user_03268,treatment,0.0,146.1,,android,IN,52.0,496
user_00336,treatment,1.0,185.75,2024-12-08,desktop ,United States,20.0,523
user_02794,treatment,0.0,162.97,,mobile,US,51.0,0
user_01265,control,0.0,166.88,2024-11-06,mobile,UK,48.0,583
user_04136,control,0.0,69.54,,mobile,United Kingdom,34.0,253
user_01541,control,1.0,30.5,2024-11-28,mobile,United Kingdom,23.0,166
user_03030,treatment,0.0,129.87,,mobile,USA,39.0,67
user_03830,treatment,0.0,115.83,,mobile,United States,43.0,0
user_06600,treatment,0.0,126.86,2024-02-07,desktop,United Kingdom,33.0,276
user_00420,treatment,0.0,127.38,2024-06-07,tablet,United States,57.0,62
user_08295,control,1.0,166.65,,tablet,United States,41.0,191
user_05899,control,0.0,172.85,,desktop,India,48.0,493
user_08479,control,1.0,197.02,,desktop,United Kingdom,49.0,528
user_02801,control,0.0,79.63,,desktop,US,25.0,367
user_00232,trt,1.0,127.65,,desktop,United Kingdom,23.0,560
user_05325,control,1.0,56.59,2024-01-14,desktop,IN,41.0,284
user_06018,treatment,1.0,$61.0,2024-10-05,tablet,United Kingdom,64.0,546
user_06763,treatment,1.0,174.11,,tablet,USA,65.0,331
user_05105,treatment,1.0,73.17,2024-11-01,iphone,United Kingdom,29.0,584
user_06620,control,1.0,153.05,,mobile,US,27.0,-45
user_02690,control,0.0,164.94,,mobile,US,64.0,196
user_03363,treatment,0.0,70.48,2024-06-23,desktop,USA,59.0,259
user_01018,control,1.0,124.71,,tablet,United States,49.0,253
user_03503,treatment,1.0,71.02,2024-10-06,tablet,USA,42.0,457
user_03591,control,1.0,151.45,,tablet,IN,61.0,0
user_06931,treatment,0.0,140.69,,tablet,India,44.0,118
user_03556,trt,1.0,112.75,,desktop,India,28.0,251
user_04497,treatment,0.0,140.3,2024-01-14,mobile ,US,44.0,273
user_06162,treatment,1.0,25.42,,tablet,US,19.0,37
user_02360,treatment,0.0,198.41,2024-11-29,desktop,USA,20.0,275
user_01650,trt,0.0,131.68,,desktop,India,35.0,437
user_03134,control,0.0,65.88,,desktop,US,48.0,394
user_00420,treatment,1.0,182.03,2024-09-03,desktop,US,47.0,143
user_08874,control,1.0,-51.01,2024-10-19,tablet,IN,20.0,304
user_06576,treatment,0.0,77.22,,mobile,India,18.0,486
user_02971,control,1.0,100.98,,tablet ,USA,30.0,0
user_03489,treatment,1.0,63.56,,desktop,United States,36.0,-44
user_04330,treatment,0.0,120.85,2024-11-16,tablet,United Kingdom,24.0,0
user_00510,control,0.0,67.84,,mobile,United States,42.0,-90
user_00988,trt,1.0,119.75,,desktop,United States,36.0,450
user_00796,control,0.0,"462,72",2024-11-06,tablet,United States,42.0,227
user_00036,control,1.0,156.98,,mobile,US,19.0,266
user_05938,treatment,1.0,86.23,,mobile,US,60.0,137
user_04783,control,1.0,99.37,2024-03-12,tablet,USA,48.0,204
user_03801,treatment,0.0,179.6,,mobile,USA,23.0,139
user_02492,treatment,0.0,85.02,2024-07-25,desktop,US,45.0,141
user_02413,treatment,1.0,13.02,,desktop,United States,7.0,56
user_03215,control,1.0,166.11,,iphone,US,56.0,515
user_00978,treatment,1.0,29.74,2024-07-11,android,US,62.0,267
user_06025,control,0.0,$96.1,2024-11-13,mobile,US,40.0,165
user_01438,control,0.0,168.42,,mobile,India,24.0,359
user_06992,treatment,0.0,53.31,2024-11-13,desktop,USA,55.0,0
user_00603,control,1.0,36.5,,mobile,IN,45.0,80
user_00105,control,1.0,95.77,2024-11-06,desktop,India,54.0,568
user_08570,test,0.0,26.2,,desktop,IN,18.0,-31
user_07748,treatment,1.0,172.27,,mobile ,UK,39.0,272
user_00922,control,1.0,123.35,,mobile,IN,49.0,169
user_03518,treatment,1.0,111.85,,mobile,USA,60.0,451
user_01175,treatment,1.0,99.23,,tablet,US,55.0,88
user_02419,treatment,0.0,113.55,2024-10-20,mobile,US,59.0,518
user_01368,treatment,1.0,171.87,,tablet,US,44.0,-77
user_03425,treatment,2.0,58.38,,iphone,IN,53.0,350
user_05695,control,0.0,110.32,2024-10-05,mobile,IN,25.0,311
user_01309,control,0.0,-61.99,,tablet,United States,32.0,527
user_01573,control,1.0,16.17,2024-05-26,iphone,IN,42.0,158
user_00117,treatment,1.0,123.79,,tablet,UK,18.0,-99
user_00263,control,2.0,24.39,,desktop,US,46.0,208
user_06622,treatment,1.0,195.87,,desktop,US,43.0,141
user_02322,treatment,0.0,30.46,,tablet,United Kingdom,26.0,-70
user_05239,test,0.0,172.27,,mobile,UK,27.0,544
user_02025,control,1.0,37.78,,desktop,US,22.0,136
user_00595,control,0.0,106.58,,desktop,United States,50.0,326
user_03424,treatment,0.0,160.85,2024-09-11,tablet,US,37.0,215
user_06154,treatment,1.0,187.04,,desktop,US,51.0,403
user_06624,control,0.0,125.42,,mobile,IN,55.0,491
user_08483,treatment,0.0,147.64,2024-08-06,mobile,IN,18.0,31
user_07285,treatment,0.0,105.53,,desktop,USA,35.0,548
user_07073,treatment,1.0,28.76,,tablet,US,65.0,97
user_03177,treatment,1.0,"406,85",,iphone,USA,42.0,323
user_03044,test,1.0,152.17,,mobile,US,43.0,577
user_03703,trt,0.0,128.07,,tablet,USA,37.0,369
user_00807,control,0.0,87.14,2024-06-10,mobile,United States,47.0,166
user_06194,treatment,1.0,178.06,,desktop,US,24.0,60
user_04794,treatment,1.0,172.27,,tablet,United Kingdom,27.0,296
user_00009,treatment,1.0,116.45,,mobile,US,31.0,435
user_06234,control,1.0,124.56,,tablet,UK,54.0,569
user_04459,control,1.0,145.64,2024-09-24,mobile,United States,44.0,598
user_04326,treatment,1.0,172.27,,android,UK,56.0,372
user_00271,treatment,0.0,10.1,,desktop,India,19.0,220
user_00932,control,0.0,97.49,2024-09-03,mobile,US,47.0,56
user_06650,treatment,0.0,117.36,,tablet,US,53.0,0
user_03707,control,0.0,-62.75,,android,United Kingdom,31.0,283
user_03714,treatment,0.0,148.41,2024-06-12,desktop,UK,42.0,0
user_07054,control,0.0,76.94,,desktop,India,41.0,588
user_03025,treatment,0.0,196.11,,tablet,India,35.0,258
user_03905,test,1.0,11361.99,,mobile,USA,20.0,496
user_01978,control,0.0,37.25,2024-08-07,mobile,United States,42.0,339
user_03274,control,0.0,109.56,2024-03-13,mobile,US,58.0,493
user_06509,control,1.0,139.19,,android,US,59.0,254
user_02627,control,1.0,158.99,,desktop,India,47.0,0
user_04105,treatment,0.0,158.03,2024-12-20,desktop,US,26.0,573
user_04404,control,1.0,96.72,,mobile,UK,42.0,393
user_00732,treatment,2.0,173.62,,desktop,USA,29.0,577
user_08621,treatment,1.0,34.91,,desktop,UK,20.0,486
user_06702,treatment,2.0,110.4,,mobile,IN,34.0,600
user_04618,treatment,1.0,-42.9,,desktop,USA,28.0,297
user_05581,control,0.0,113.79,,desktop ,USA,33.0,504
user_04894,treatment,0.0,160.97,,desktop,IN,53.0,545
user_00367,treatment,1.0,41.59,,desktop,USA,38.0,50
user_03456,control,2.0,25.52,,tablet,United Kingdom,44.0,142
user_00844,control,2.0,"490,51",,mobile,US,27.0,394
user_00140,treatment,1.0,136.23,2024-02-19,desktop,UK,45.0,469
user_01493,trt,0.0,109.99,2024-09-12,desktop,USA,64.0,494
user_01522,treatment,1.0,82.15,,desktop,USA,33.0,71
user_01585,control,1.0,114.28,2024-10-29,tablet,India,21.0,155
user_06741,control,1.0,183.92,,tablet,United Kingdom,43.0,35
user_00730,treatment,2.0,165.24,2024-06-10,mobile,IN,53.0,45
user_06027,control,0.0,178.7,2024-02-10,mobile,India,42.0,265
user_00958,treatment,1.0,165.56,,mobile,US,60.0,594
user_07151,treatment,1.0,22.69,2024-11-24,desktop,India,26.0,191
user_06782,treatment,1.0,$196.68,2024-02-10,tablet,UK,54.0,327
user_00627,control,1.0,106.52,,desktop,India,53.0,433
user_04997,treatment,0.0,69.94,,desktop,US,32.0,235
user_07050,trt,1.0,157.92,,desktop,India,30.0,259
user_02535,control,1.0,97.67,2024-11-16,tablet,United States,42.0,110
user_05042,control,0.0,172.27,,android,UK,38.0,-12
user_05805,treatment,0.0,58.54,,desktop,USA,27.0,79
user_08236,treatment,1.0,90.81,,desktop,IN,39.0,285
user_07787,control,2.0,53.72,,tablet,India,43.0,362
user_00491,treatment,0.0,54.07,,mobile,India,50.0,220
user_06701,control,1.0,172.27,2024-12-12,desktop,US,33.0,424
user_00603,control,1.0,106.34,,desktop,UK,28.0,146
user_08744,treatment,1.0,55.6,2024-07-06,mobile,United States,64.0,239
user_06219,treatment,1.0,52.06,,mobile,India,24.0,380
user_04529,control,1.0,121.71,,tablet,United States,25.0,235
user_03194,treatment,1.0,45.9,,mobile,United States,29.0,112
user_00067,treatment,0.0,156.0,,mobile,US,62.0,297
user_07998,control,1.0,172.27,,mobile,United Kingdom,56.0,599
user_08558,control,0.0,76.69,,mobile,USA,50.0,245
user_02171,trt,1.0,80.92,,mobile,IN,24.0,-54
user_07458,control,0.0,172.27,,android,United Kingdom,29.0,374
user_07784,treatment,1.0,172.27,,desktop,USA,56.0,565
user_07019,treatment,1.0,20.37,2024-05-21,mobile,United Kingdom,36.0,486
user_03415,control,1.0,62.73,,tablet,US,24.0,66
user_05856,control,1.0,161.26,,iphone,IN,65.0,515
user_00264,treatment,1.0,130.04,,mobile,USA,56.0,186
user_01351,control,0.0,103.95,2024-09-16,desktop,UK,18.0,0
user_08739,treatment,1.0,173.54,2024-02-22,desktop,USA,62.0,240
user_06712,control,1.0,34.79,,mobile,USA,34.0,324
user_01741,control,1.0,197.89,,tablet,IN,41.0,583
user_07056,control,1.0,157.48,2024-03-31,desktop,UK,63.0,214
user_00645,treatment,2.0,89.89,2024-12-27,mobile,US,19.0,0
user_01626,treatment,1.0,192.26,,desktop,United Kingdom,48.0,185
user_06828,control,0.0,102.36,2024-10-30,desktop,United States,36.0,590
user_06175,control,0.0,78.39,,mobile,UK,23.0,559
user_02986,treatment,1.0,135.25,,mobile,United States,45.0,254
user_01108,control,0.0,-52.69,,desktop,United Kingdom,58.0,86
user_07106,control,0.0,165.57,,desktop,US,27.0,532
user_02221,treatment,1.0,141.1,,mobile,IN,21.0,-35
user_03244,control,0.0,133.17,,iphone,USA,47.0,0
user_03570,control,0.0,75.38,2024-11-03,mobile,India,60.0,58
user_07650,control,1.0,98.78,2024-07-10,tablet,USA,40.0,244
user_05093,treatment,2.0,40.39,2024-02-01,desktop,United Kingdom,26.0,0
user_02272,control,1.0,157.02,,mobile,US,19.0,298
user_00539,treatment,0.0,130.86,,mobile,US,24.0,371
user_05934,control,1.0,192.69,2024-11-23,mobile,IN,49.0,0
user_03588,control,0.0,31.84,,mobile,US,47.0,566
user_05173,treatment,1.0,93.28,,mobile,US,35.0,234
user_06469,control,0.0,88.17,,mobile,USA,22.0,543
user_02630,control,0.0,143.6,,mobile,USA,27.0,516
user_00764,control,2.0,46.08,2024-05-20,iphone,US,23.0,347
user_00638,treatment,0.0,26.3,,tablet,US,35.0,415
user_01827,treatment,0.0,85.26,,mobile,India,63.0,265
user_04669,treatment,0.0,197.58,,tablet,India,42.0,380
user_00503,control,1.0,"162,78",,iphone,United Kingdom,26.0,577
user_01560,control,0.0,190.4,,mobile,USA,64.0,343
user_06199,treatment,0.0,134.15,,desktop,US,19.0,356
user_02852,treatment,1.0,194.51,2024-08-08,mobile,US,56.0,444
user_07147,control,1.0,91.46,2024-06-09,desktop,United Kingdom,35.0,331
user_05104,control,0.0,60.73,,tablet,US,46.0,254
user_08440,control,0.0,128.71,2024-09-12,mobile,US,19.0,209
user_08588,treatment,0.0,68.38,2024-11-28,desktop,USA,54.0,0
user_00183,treatment,1.0,63.06,,mobile,USA,49.0,437
user_08813,control,1.0,-61.2,,mobile,UK,31.0,125
user_02090,treatment,0.0,127.41,,mobile,IN,45.0,407
user_01972,treatment,0.0,182.22,,android,USA,36.0,534
user_02621,treatment,0.0,197.14,,desktop,UK,19.0,88
user_05830,treatment,0.0,84.32,2024-09-09,mobile,UK,24.0,399
user_08075,control,0.0,186.97,,desktop,US,44.0,524
user_00321,control,1.0,172.27,,desktop,United States,44.0,423
user_00173,treatment,0.0,33.17,2024-02-18,desktop,India,45.0,331
user_03676,treatment,1.0,161.98,,desktop,United States,28.0,340
user_01885,treatment,1.0,125.52,,tablet,UK,61.0,0
user_06220,control,0.0,95.42,,mobile,India,45.0,434
user_03834,control,0.0,80.68,,mobile,United States,34.0,370
user_01236,control,0.0,55.34,2024-08-30,android,United Kingdom,34.0,404
user_06005,control,1.0,83.33,,desktop,United Kingdom,41.0,393
user_08531,control,1.0,161.15,2024-08-22,mobile,IN,55.0,503
user_06805,treatment,0.0,125.89,2024-12-01,android,US,63.0,181
user_00154,control,1.0,117.6,,desktop,USA,46.0,356
user_04713,treatment,1.0,48.39,,mobile ,USA,26.0,448
user_03105,treatment,0.0,94.11,2024-09-20,tablet,US,28.0,53
user_00846,treatment,0.0,181.37,,desktop,United States,40.0,400
user_03433,control,0.0,79.35,2024-02-06,desktop,USA,90.0,-28
user_01366,control,1.0,108.43,,tablet,USA,64.0,363
user_01307,control,1.0,116.8,,desktop,IN,18.0,418
user_03254,control,1.0,138.06,2024-04-22,tablet,India,18.0,106
user_04430,test,0.0,44.15,2024-11-11,mobile,US,19.0,334
user_06585,treatment,1.0,79.89,2024-06-16,tablet,USA,65.0,452
user_01259,treatment,1.0,"223,77",,mobile,US,51.0,589
user_02774,treatment,0.0,172.27,,desktop,United States,50.0,548
user_00619,treatment,2.0,197.53,2024-04-14,desktop,US,47.0,551
user_00543,control,1.0,116.35,,mobile,US,18.0,564
user_03936,treatment,0.0,182.73,2024-11-18,desktop,US,33.0,437
user_03775,treatment,1.0,40.2,,desktop,US,61.0,150
user_00940,treatment,1.0,83.28,,desktop,USA,27.0,242
user_07674,test,1.0,175.39,,desktop,IN,42.0,286
user_01574,control,0.0,$126.5,,mobile,US,42.0,0
user_00016,treatment,2.0,131.0,2024-11-14,mobile,USA,19.0,394
user_03673,control,0.0,138.76,2024-10-16,mobile,UK,21.0,355
user_05230,control,1.0,191.25,,android,IN,20.0,0
user_03947,treatment,1.0,13.98,,tablet,United Kingdom,33.0,444
user_08788,treatment,0.0,180.67,,mobile,US,62.0,188
user_04194,control,0.0,$183.95,,mobile,US,57.0,0
user_08168,treatment,0.0,172.27,2024-05-26,mobile,USA,63.0,376
user_08763,treatment,0.0,-71.35,2024-02-18,mobile,United States,31.0,79
user_06235,treatment,1.0,159.24,,mobile,United States,59.0,232
user_01105,treatment,1.0,172.27,,desktop,USA,65.0,40
user_00288,control,0.0,114.01,,mobile,India,28.0,345
user_04041,trt,1.0,72.61,2024-07-26,tablet,USA,55.0,376
user_00689,control,0.0,130.92,,tablet,UK,56.0,50
user_05507,control,1.0,167.15,,mobile,United Kingdom,27.0,438
user_06852,treatment,1.0,62.5,,mobile,IN,59.0,339
user_05410,treatment,0.0,-27.69,2024-08-24,android,UK,18.0,-10
user_03794,control,1.0,86.53,2024-11-24,desktop,USA,36.0,271
user_01073,treatment,1.0,172.27,,tablet,United States,54.0,343
user_08487,treatment,0.0,174.02,,desktop,United States,64.0,376
user_07592,treatment,1.0,76.08,,desktop,USA,52.0,527
user_08931,test,0.0,126.46,,iphone,United Kingdom,20.0,321
user_00216,control,1.0,40.81,,iphone,US,64.0,178
user_04285,control,0.0,176.8,2024-04-14,mobile,US,5.0,473
user_05817,treatment,1.0,159.95,2024-06-28,tablet,United Kingdom,25.0,226
user_01034,control,0.0,45.83,,iphone ,United States,54.0,0
user_00988,control,0.0,178.01,,mobile,India,32.0,561
user_01050,control,0.0,127.53,2024-03-15,mobile,United Kingdom,50.0,586
user_03533,control,1.0,172.27,,mobile,US,22.0,321
user_01459,trt,0.0,158.09,,mobile,United Kingdom,30.0,158
user_05504,treatment,1.0,45.3,2024-11-16,tablet,IN,37.0,93
user_03282,treatment,0.0,112.61,2024-08-24,mobile,United States,47.0,258
user_01063,control,0.0,61.64,,desktop,US,45.0,203
user_00764,control,1.0,-83.92,,desktop,United States,51.0,314
user_02416,treatment,0.0,128.82,,mobile,US,34.0,189
user_04066,treatment,1.0,16.37,2024-07-28,mobile,US,59.0,92
user_06832,treatment,0.0,70.96,2024-05-07,mobile,US,45.0,597
user_01210,treatment,2.0,139.2,,iphone,UK,27.0,423
user_00383,treatment,1.0,11.88,,desktop,USA,58.0,153
user_06048,control,0.0,12.12,,mobile,IN,50.0,202
user_03196,treatment,1.0,34.1,,desktop,USA,42.0,86
user_06179,trt,1.0,173.21,,tablet,US,50.0,352
user_05131,control,1.0,51.64,2024-09-14,desktop,US,27.0,399
user_04124,test,0.0,151.27,,mobile,UK,45.0,357
user_04436,treatment,1.0,160.49,,mobile,United States,24.0,269
user_01768,treatment,0.0,172.27,,tablet,United States,55.0,30
user_02807,control,0.0,176.67,,desktop,US,27.0,148
user_00358,treatment,0.0,$20.76,,desktop,US,18.0,429
user_06617,treatment,1.0,"417,61",2024-07-25,mobile,India,38.0,207
user_01761,control,0.0,180.99,2024-03-03,mobile,UK,42.0,430
user_03989,control,0.0,172.27,2024-10-07,mobile,US,60.0,0
user_07578,control,1.0,50.18,,android,US,21.0,188
user_06138,treatment,0.0,79.26,2024-05-05,tablet,IN,42.0,539
user_08694,treatment,1.0,167.68,,iphone,IN,34.0,491
user_06963,control,1.0,27.82,,mobile,United Kingdom,56.0,0
user_02216,control,1.0,-33.56,,tablet,IN,53.0,340
user_06705,control,1.0,41.38,,android,USA,40.0,418
user_00976,trt,1.0,180.78,,desktop,IN,48.0,487
user_03508,control,0.0,97.15,,mobile,United Kingdom,42.0,239
user_02833,control,1.0,94.34,2024-03-23,tablet ,USA,42.0,39
user_04267,control,1.0,-82.14,,iphone,US,33.0,182
user_00959,control,1.0,191.97,,desktop,United States,62.0,-94
user_00215,control,1.0,163.5,,desktop,United Kingdom,22.0,279
user_00657,control,0.0,177.57,,desktop,IN,49.0,34
user_00875,control,1.0,155.01,,desktop,United States,48.0,197
user_04934,control,1.0,-62.34,,desktop,United Kingdom,63.0,545
user_07091,treatment,0.0,107.92,2024-08-01,mobile,United States,38.0,172
user_02740,control,0.0,38.8,,desktop,United States,40.0,248
user_02718,treatment,0.0,17.35,2024-12-19,mobile,United Kingdom,25.0,229
user_05412,treatment,0.0,66.18,2024-07-29,mobile,US,48.0,351
user_00921,treatment,1.0,195.66,2024-09-27,iphone,US,47.0,0
user_02106,treatment,0.0,56.3,,mobile,UK,42.0,102
user_03915,treatment,1.0,197.26,,mobile,United States,45.0,384
user_08286,treatment,1.0,84.63,,iphone,United States,26.0,570
user_06602,control,1.0,186.28,2024-11-27,mobile,US,35.0,366
user_01824,treatment,1.0,25.43,,mobile,US,48.0,35
user_01735,treatment,0.0,108.0,,tablet,US,37.0,0
user_00684,treatment,0.0,95.41,2024-10-03,mobile,United Kingdom,34.0,207
user_00480,trt,2.0,172.27,2024-09-26,mobile,United States,39.0,575
user_06578,control,0.0,113.23,,desktop,US,52.0,385
user_05407,control,1.0,172.27,,tablet,IN,64.0,206
user_00853,treatment,0.0,174.82,2024-09-01,tablet,India,48.0,422
user_01252,trt,0.0,184.82,2024-08-20,tablet,India,42.0,66
user_06773,treatment,2.0,154.92,,desktop,US,44.0,283
user_00853,trt,1.0,134.61,,desktop,USA,57.0,406
user_00133,treatment,1.0,42.77,,android,USA,61.0,395
user_06537,control,0.0,87.64,,desktop,IN,39.0,338
user_00245,treatment,1.0,78.7,,desktop,US,38.0,511
user_01138,treatment,1.0,147.61,,mobile,US,53.0,150
user_08015,treatment,1.0,33.8,,desktop,UK,42.0,241
user_08891,control,2.0,14.47,2024-12-30,desktop,US,46.0,495
user_07873,control,0.0,-11.04,,desktop,UK,42.0,252
user_00069,treatment,2.0,180.56,,desktop,United States,22.0,202
user_01689,control,1.0,172.27,,desktop,IN,45.0,93
user_04465,treatment,0.0,172.27,2024-11-04,mobile,US,56.0,572
user_03321,treatment,0.0,23.86,2024-08-31,tablet,UK,48.0,387
user_03646,control,1.0,149.82,,desktop,US,33.0,376
user_02045,control,0.0,172.27,,desktop,US,38.0,222
user_07687,control,0.0,141.91,2024-03-26,mobile,US,44.0,524
user_07409,control,0.0,69.16,,mobile,USA,9.0,221
user_08479,treatment,1.0,84.04,2024-02-02,desktop,United States,25.0,65
user_05546,treatment,1.0,59.75,,tablet,US,30.0,521
user_04016,treatment,1.0,195.44,,desktop,USA,62.0,237
user_01862,treatment,0.0,77.74,2024-10-05,iphone,IN,50.0,56
user_06621,treatment,0.0,150.63,2024-10-31,desktop,USA,40.0,367
user_08380,trt,1.0,101.53,,iphone,UK,32.0,193
user_04736,control,1.0,130.07,,desktop,UK,53.0,-52
user_04862,control,0.0,133.8,,tablet,US,27.0,0
user_08842,treatment,0.0,165.87,2024-12-16,tablet,USA,42.0,322
user_07431,control,0.0,74.23,2024-08-27,desktop,IN,37.0,482
user_00352,control,1.0,164.99,,mobile,United Kingdom,23.0,182
user_00685,treatment,1.0,-52.1,,desktop,India,42.0,192
user_04341,treatment,1.0,90.62,,mobile,USA,41.0,106
user_06772,trt,1.0,135.99,,mobile,US,33.0,450
user_08549,treatment,1.0,13.77,,mobile,India,45.0,252
user_04275,control,1.0,$47.37,,iphone,India,28.0,425
user_00501,control,0.0,68.11,,desktop,United States,65.0,331
user_00503,control,0.0,121.78,,tablet,IN,49.0,590
user_08361,treatment,1.0,56.6,2024-07-21,desktop,India,20.0,0
user_00359,control,0.0,93.76,,android,USA,48.0,148
user_06203,treatment,1.0,172.27,,desktop,United States,42.0,549
user_08954,treatment,1.0,121.36,,mobile ,India,46.0,212
user_02704,treatment,1.0,132.37,2024-12-17,desktop,India,65.0,109
user_01977,treatment,1.0,49.65,2024-04-19,desktop ,US,50.0,523
user_01796,control,0.0,105.22,2024-01-23,desktop,US,59.0,253
user_02565,trt,1.0,40.74,,desktop,US,37.0,-73
user_04426,control,0.0,$40.09,,tablet,US,54.0,380
user_02471,treatment,1.0,115.01,2024-08-06,mobile,US,45.0,0
user_01116,treatment,1.0,85.05,,mobile ,India,48.0,0
user_01474,treatment,0.0,189.15,,tablet,India,53.0,58
user_03502,control,2.0,21.31,2024-09-14,mobile,US,51.0,116
user_05114,control,0.0,46.59,,tablet,India,60.0,366
user_01301,trt,0.0,87.48,,mobile,United Kingdom,50.0,91
user_04254,treatment,0.0,78.51,,mobile,US,44.0,291
user_05914,control,2.0,77.98,2024-03-13,mobile,USA,56.0,228
user_05516,treatment,1.0,69.25,,desktop,USA,61.0,238
user_02180,control,0.0,$26.15,,mobile,USA,31.0,0
user_02816,treatment,0.0,172.27,,tablet,US,35.0,108
user_04845,control,0.0,184.42,2024-05-07,desktop,US,36.0,88
user_08554,control,1.0,190.6,,mobile,IN,48.0,184
user_08420,control,1.0,172.27,2024-03-02,mobile,United Kingdom,60.0,164
user_04159,treatment,0.0,168.97,,mobile,United Kingdom,43.0,587
user_05187,control,1.0,"654,46",,desktop,IN,55.0,102
user_07602,control,0.0,134.82,,mobile,US,41.0,305
user_02654,treatment,1.0,103.48,,desktop,US,22.0,-11
user_04832,treatment,0.0,74.01,,desktop,US,51.0,0
user_05918,treatment,0.0,78.5,,iphone,UK,51.0,104
user_06447,treatment,0.0,122.0,2024-02-25,mobile,USA,42.0,189
user_01095,treatment,1.0,112.68,2024-03-16,tablet,India,43.0,436
user_00883,treatment,0.0,93.44,,tablet,USA,51.0,-62
user_08839,control,1.0,191.82,2024-04-04,desktop,United States,24.0,560
user_01227,treatment,1.0,38343.29,,mobile,United States,27.0,264
user_06792,control,0.0,188.95,,desktop,India,35.0,231
user_00275,treatment,0.0,55.48,2024-12-26,mobile,US,45.0,113
user_08142,trt,0.0,93.52,2024-09-06,desktop,US,23.0,51
user_02937,treatment,0.0,$117.48,,tablet,IN,35.0,427
user_07390,treatment,1.0,64.74,2024-09-08,desktop,UK,42.0,115
user_05990,treatment,0.0,124.67,,mobile,USA,53.0,345
user_08772,treatment,0.0,136.09,,mobile,US,65.0,168
user_00993,control,1.0,183.37,2024-05-15,mobile,US,46.0,137
user_02752,treatment,1.0,91.73,2024-04-22,desktop,US,33.0,196
user_03322,treatment,0.0,"485,29",2024-03-12,mobile,IN,25.0,346
user_01877,trt,0.0,131.42,2024-02-10,mobile,USA,37.0,77
user_00963,treatment,2.0,172.27,,desktop,US,30.0,0
user_02839,treatment,1.0,"750,44",2024-01-10,mobile,US,61.0,159
user_04343,control,1.0,28.54,,mobile,US,47.0,525
user_05373,control,0.0,31.03,2024-03-10,tablet,USA,55.0,181
user_03101,control,0.0,70.83,,android,USA,52.0,296
user_01968,treatment,1.0,186.38,,desktop,US,42.0,42
user_05450,treatment,1.0,197.97,,mobile,US,53.0,322
user_08391,treatment,1.0,154.29,,desktop,UK,42.0,284
user_08782,treatment,1.0,29.83,,iphone,India,28.0,306
user_07817,treatment,1.0,37.3,2024-04-17,desktop,US,41.0,378
user_00249,control,0.0,39302.51,,mobile,USA,29.0,371
user_06001,control,1.0,165.95,2024-03-24,mobile,US,49.0,518
user_01326,treatment,0.0,148.68,,iphone,USA,35.0,400
user_03297,control,1.0,105.09,,mobile,IN,57.0,175
user_03644,treatment,0.0,137.12,,desktop,US,26.0,223
user_03011,treatment,0.0,"919,69",2024-07-13,tablet,IN,46.0,66
user_01454,control,1.0,59.74,,mobile,IN,56.0,331
user_00919,control,0.0,17.75,,desktop,United Kingdom,21.0,0
user_01279,control,1.0,170.46,,iphone,IN,56.0,473
user_06691,control,0.0,19.6,,desktop,IN,43.0,97
user_03958,treatment,0.0,103.95,2024-05-07,desktop,US,55.0,252
user_01548,control,0.0,172.52,2024-03-04,mobile,US,42.0,0
user_06136,control,0.0,163.3,,mobile,US,20.0,451
user_01932,treatment,0.0,188.75,,desktop,US,54.0,60
user_01092,control,1.0,137.58,,tablet,USA,25.0,176
user_06546,control,1.0,99.28,,desktop,USA,62.0,141
user_00533,control,1.0,127.54,,tablet,UK,54.0,0
user_05549,control,0.0,121.65,,mobile,IN,48.0,-19
user_03057,control,1.0,133.91,,desktop,US,34.0,321
user_01720,treatment,1.0,95.02,,mobile,IN,59.0,510
user_00176,treatment,0.0,$19.99,2024-02-18,tablet,United Kingdom,62.0,427
user_03904,treatment,0.0,46.77,,tablet,US,41.0,527
user_00648,treatment,1.0,106.92,,mobile,US,39.0,130
user_06710,treatment,1.0,186.96,2024-11-26,iphone,IN,55.0,461
user_00304,trt,1.0,66.82,,tablet,United Kingdom,30.0,562
user_05341,treatment,0.0,26.78,2024-05-21,mobile,USA,25.0,232
user_01591,treatment,0.0,49.22,,mobile,UK,54.0,212
user_03949,treatment,0.0,73.09,,desktop,US,27.0,332
user_00174,trt,1.0,50.42,2024-08-02,mobile,US,43.0,356
user_06465,control,0.0,-31.64,,desktop,United States,44.0,554
user_02379,control,0.0,172.27,,mobile,India,24.0,98
user_02634,control,0.0,129.73,,mobile,India,44.0,97
user_04487,treatment,0.0,108.91,2024-08-06,mobile,USA,20.0,543
user_06749,control,0.0,$157.36,,desktop,USA,59.0,0
user_03578,control,2.0,92.87,,mobile,United Kingdom,38.0,438
user_00080,treatment,0.0,160.37,,mobile,United Kingdom,30.0,121
user_04622,treatment,1.0,183.54,,mobile,US,57.0,229
user_00211,trt,0.0,143.01,,desktop,United Kingdom,42.0,451
user_00597,treatment,0.0,181.72,2024-10-08,mobile,USA,23.0,171
user_00032,control,0.0,113.06,,android,US,32.0,598
user_05127,control,1.0,172.27,,android,IN,54.0,183
user_02612,treatment,1.0,100.18,2024-02-15,tablet,USA,20.0,119
user_08790,treatment,1.0,183.72,,mobile,US,26.0,269
user_05744,treatment,0.0,$101.27,,mobile,IN,39.0,533
user_06541,control,1.0,130.13,2024-09-05,mobile,United Kingdom,90.0,267
user_01767,treatment,0.0,21.73,2024-04-03,mobile,USA,33.0,-63
user_00682,treatment,1.0,142.94,,desktop,United Kingdom,62.0,165
user_05862,control,0.0,186.48,2024-05-15,iphone,USA,32.0,137
user_00286,treatment,1.0,89.92,,desktop,US,64.0,577
user_01323,control,0.0,142.18,,mobile,United States,30.0,315
user_02179,control,1.0,84.31,2024-01-15,iphone,US,22.0,472
user_02958,treatment,1.0,78.43,,desktop,India,58.0,443
user_08093,treatment,1.0,91.88,2024-01-01,mobile ,UK,49.0,491
user_04470,treatment,0.0,42.23,,mobile,US,58.0,46
user_00783,treatment,1.0,155.02,2024-11-14,desktop,India,35.0,420
user_08553,control,1.0,95.0,,mobile,US,27.0,236
user_00174,control,0.0,30.63,,iphone,USA,55.0,176
user_06288,control,1.0,56.33,,mobile,IN,40.0,593
user_00996,control,1.0,95.58,,desktop,USA,37.0,58
user_06263,treatment,1.0,199.39,,mobile,India,23.0,30
user_05925,treatment,1.0,122.7,,mobile,US,27.0,352
user_00181,control,1.0,12.05,,mobile ,United States,30.0,483
user_07964,control,0.0,49.28,2024-01-06,tablet,UK,26.0,275
user_00505,control,0.0,54.54,,tablet,IN,49.0,579
user_07739,treatment,1.0,100.55,,desktop,US,43.0,351
user_08933,treatment,1.0,117.42,2024-12-19,mobile,US,53.0,218
user_00071,treatment,0.0,78.63,2024-07-01,desktop,United Kingdom,65.0,0
user_03000,treatment,1.0,71.32,,desktop,USA,45.0,392
user_03821,control,0.0,96.66,,tablet,IN,40.0,585
user_01936,treatment,1.0,191.84,,desktop,United Kingdom,26.0,387
user_00215,treatment,0.0,174.72,,desktop,USA,42.0,564
user_08257,trt,0.0,93.78,2024-04-03,desktop,IN,28.0,318
user_02127,control,0.0,33.39,,tablet,US,57.0,189
user_03773,control,0.0,25.1,2024-07-12,desktop,US,22.0,596
user_00610,treatment,2.0,57.0,,mobile,USA,57.0,216
user_00818,control,1.0,53.26,,mobile,US,41.0,220
user_08358,treatment,0.0,161.2,,mobile,IN,42.0,61
user_02480,treatment,0.0,65.06,,mobile,UK,51.0,587
user_01642,control,0.0,106.89,2024-11-22,desktop,IN,42.0,476
user_03753,treatment,1.0,121.39,,mobile,USA,62.0,332
user_03758,control,2.0,105.81,2024-07-17,tablet,USA,56.0,361
user_02555,treatment,1.0,34.17,,mobile,USA,42.0,274
user_08387,test,1.0,53.31,2024-01-12,mobile,USA,44.0,-32
user_00923,control,0.0,67.76,,mobile,US,59.0,133
user_06172,treatment,0.0,56.34,2024-12-25,mobile,USA,55.0,0
user_07157,control,1.0,13.02,,desktop,US,24.0,345
user_02129,treatment,0.0,77.44,2024-01-29,tablet,United States,21.0,547
user_07184,control,0.0,10.19,2024-03-09,desktop,UK,54.0,146
user_00956,control,0.0,81.25,,desktop,United States,56.0,-22
user_00607,treatment,1.0,48.62,,mobile,UK,34.0,318
user_01181,control,1.0,172.27,,desktop,USA,58.0,522
user_03975,treatment,1.0,16.71,,tablet,US,22.0,137
user_07335,treatment,1.0,188.87,,mobile,USA,49.0,102
user_08943,treatment,0.0,120.65,,desktop,US,18.0,458
user_04340,treatment,1.0,172.27,,tablet,India,29.0,452
user_00517,treatment,0.0,23.22,,mobile,UK,32.0,323
user_03344,trt,1.0,172.27,,desktop,US,44.0,170
user_07648,treatment,0.0,131.4,,desktop,India,36.0,267
user_07231,control,1.0,92.6,,desktop,India,24.0,-49
user_05606,control,0.0,176.92,2024-11-26,mobile,United States,22.0,409
user_01203,treatment,1.0,144.37,,android,US,52.0,351
user_02160,treatment,2.0,-85.27,,tablet,US,57.0,428
user_06185,control,2.0,45.09,2024-02-25,desktop,USA,33.0,545
user_03500,treatment,1.0,86.78,,desktop,US,31.0,441
user_00116,control,0.0,39.56,,desktop,US,49.0,275
user_02769,control,0.0,77.82,,mobile,US,27.0,92
user_02063,control,1.0,44.0,2024-02-16,mobile,United States,58.0,99
user_03479,treatment,1.0,120.52,2024-09-26,mobile,US,42.0,470
user_04704,control,1.0,172.27,,desktop,IN,51.0,488
user_06291,treatment,1.0,130.78,2024-10-05,desktop,United States,31.0,110
user_00898,control,0.0,34448.56,2024-08-23,mobile,IN,51.0,230
user_03333,control,0.0,116.88,,iphone,United Kingdom,47.0,366
user_07791,treatment,1.0,172.27,2024-07-17,mobile,US,52.0,328
user_00295,control,1.0,97.34,,iphone,United States,49.0,568
user_04729,treatment,1.0,137.46,,desktop,USA,53.0,118
user_05011,treatment,0.0,70.34,,desktop,US,54.0,530
user_08438,treatment,1.0,57.29,,mobile,IN,59.0,-75
user_00600,treatment,1.0,29.93,,desktop,USA,36.0,261
user_04220,control,1.0,188.86,,mobile,USA,18.0,-12
user_02890,control,0.0,37.73,,mobile,United States,63.0,492
user_07298,treatment,1.0,-36.71,,tablet,UK,65.0,575
user_00593,trt,0.0,124.52,,desktop,US,56.0,537
user_03068,treatment,2.0,183.35,,mobile,USA,7.0,388
user_00496,treatment,0.0,175.52,,tablet,US,55.0,208
user_06695,treatment,1.0,150.79,,desktop,IN,35.0,-32
user_02904,control,1.0,195.92,2024-06-25,tablet,US,28.0,443
user_02992,control,1.0,172.27,2024-04-27,desktop,India,56.0,224
user_06412,control,1.0,"435,72",,tablet,UK,90.0,545
user_00226,control,1.0,59.24,,tablet,US,26.0,102
user_08281,control,1.0,95.71,,desktop,United Kingdom,21.0,305
user_02521,control,1.0,174.85,,mobile,United States,46.0,138
user_05346,control,0.0,37.22,,desktop,India,42.0,-63
user_02289,control,0.0,191.46,,desktop,IN,30.0,551
user_00692,control,0.0,76.5,2024-10-16,mobile ,United Kingdom,50.0,421
user_00204,control,0.0,17.18,2024-10-06,iphone,US,20.0,221
user_04237,control,1.0,82.7,2024-07-03,desktop,USA,58.0,288
user_06142,treatment,1.0,78.59,,mobile,USA,32.0,145
user_00154,treatment,1.0,130.4,,mobile,India,18.0,559
user_02437,control,1.0,125.82,2024-08-26,tablet,US,21.0,0
user_00210,control,1.0,133.36,,mobile,IN,65.0,262
user_00723,treatment,1.0,35.83,,mobile,US,53.0,324
user_03939,treatment,0.0,$112.29,,mobile,United Kingdom,36.0,124
user_05460,control,1.0,146.61,,mobile,US,51.0,143
user_04029,treatment,0.0,32.07,,mobile,IN,47.0,140
user_06894,treatment,1.0,81.89,,desktop ,India,60.0,587
user_07703,control,1.0,92.81,,desktop,UK,36.0,230
user_05848,treatment,0.0,172.27,2024-10-07,tablet,India,60.0,241
user_05505,treatment,2.0,125.86,,tablet,UK,57.0,0
user_02182,control,1.0,100.18,2024-05-07,desktop,IN,42.0,570
user_08622,treatment,0.0,$85.17,,tablet,USA,32.0,516
user_04620,control,0.0,$118.71,,mobile,USA,40.0,350
user_08656,control,0.0,"329,33",,tablet,United Kingdom,20.0,167
user_01973,treatment,0.0,167.71,,tablet,IN,22.0,0
user_02130,treatment,1.0,135.69,,tablet,UK,43.0,-10
user_02649,trt,0.0,139.65,,tablet,UK,52.0,551
user_08939,treatment,1.0,37.36,,tablet,United Kingdom,29.0,593
user_08490,treatment,1.0,-37.63,,tablet,USA,28.0,470
user_06062,treatment,0.0,41.85,,mobile,United Kingdom,35.0,494
user_07587,control,1.0,192.39,,desktop,US,42.0,515
user_05791,control,0.0,23658.45,,tablet,US,53.0,0
user_04830,treatment,0.0,112.93,,mobile,US,47.0,392
user_07386,control,0.0,94.47,2024-05-28,desktop,US,33.0,463
user_07222,treatment,0.0,172.27,,tablet,United States,28.0,36
user_00327,treatment,1.0,92.87,,desktop,USA,43.0,157
user_01534,test,2.0,164.6,,tablet,United Kingdom,49.0,363
user_04045,treatment,0.0,78.98,,mobile,India,20.0,222
user_00962,control,1.0,16.59,,tablet,IN,31.0,409
user_03172,control,0.0,94.08,,desktop,IN,42.0,515
user_05900,control,1.0,$146.66,,desktop,US,22.0,-62
user_07225,treatment,0.0,138.54,,desktop,USA,61.0,324
user_05775,control,1.0,172.27,,tablet,UK,30.0,359
user_02426,treatment,1.0,-94.79,,desktop,USA,49.0,62
user_07279,trt,2.0,$179.91,,android,India,28.0,0
user_05205,control,0.0,168.49,,android,United Kingdom,25.0,487
user_04543,control,1.0,180.53,,desktop,India,29.0,-52
user_07217,treatment,1.0,93.33,2024-01-27,desktop,USA,40.0,0
user_00034,treatment,1.0,32.15,,mobile,US,63.0,44
user_07064,treatment,0.0,172.27,,mobile,USA,51.0,133
user_01184,treatment,2.0,69.28,,tablet,UK,25.0,247
user_07517,control,0.0,172.27,,desktop ,US,26.0,475
user_06841,control,1.0,87.32,,tablet,United States,42.0,198
user_02589,control,0.0,194.75,,tablet,UK,44.0,313
user_04167,treatment,1.0,161.06,,tablet,US,42.0,523
user_06065,control,0.0,33.37,,tablet,USA,47.0,0
user_08640,control,0.0,172.27,,tablet,India,21.0,39
user_00199,treatment,0.0,32.33,,mobile,USA,19.0,254
user_07545,treatment,1.0,122.16,,desktop,US,10.0,92
user_04508,control,1.0,172.27,2024-08-16,desktop,US,38.0,0
user_01267,control,1.0,149.15,,mobile,United Kingdom,23.0,311
user_00679,treatment,1.0,157.87,,mobile,United States,42.0,326
user_00967,control,1.0,14.86,,desktop,US,28.0,-100
user_06264,control,1.0,86.3,,iphone,United States,28.0,178
user_08792,control,0.0,146.93,,tablet,USA,65.0,219
user_04807,trt,0.0,144.82,,mobile,US,20.0,104
user_02047,control,0.0,165.6,,tablet,USA,43.0,216
user_02684,control,1.0,50.9,2024-11-18,mobile,USA,40.0,478
user_01043,control,0.0,172.27,,mobile,United Kingdom,20.0,223
user_03614,control,0.0,120.97,,desktop,United States,46.0,588
user_07742,trt,1.0,97.56,,tablet,USA,18.0,576
user_02155,treatment,0.0,183.36,,mobile,USA,37.0,97
user_00542,treatment,1.0,120.76,2024-11-21,mobile,US,26.0,0
user_03347,control,1.0,159.81,,mobile,IN,61.0,378
user_03764,treatment,0.0,195.93,,mobile,UK,39.0,303
user_00972,treatment,1.0,199.29,,mobile,USA,45.0,31
user_08346,control,1.0,175.79,,iphone,UK,57.0,430
user_08896,treatment,1.0,171.54,,mobile,IN,41.0,578
user_00791,treatment,2.0,-76.73,,mobile,United Kingdom,48.0,288
user_02948,control,1.0,36.55,,desktop,US,36.0,0
user_01847,control,1.0,189.38,,desktop,United Kingdom,22.0,44
user_04206,treatment,0.0,96.09,,tablet,India,34.0,184
user_03490,treatment,0.0,"460,89",,iphone,UK,31.0,230
user_07872,treatment,1.0,13.61,,mobile,UK,50.0,0
user_08521,control,0.0,122.32,2024-05-24,desktop,India,22.0,0
user_00340,treatment,0.0,77.23,2024-06-13,desktop,IN,21.0,331
user_05389,treatment,1.0,131.46,,mobile,IN,32.0,87
user_03582,treatment,2.0,24.43,,tablet,UK,61.0,212
user_08837,treatment,0.0,114.84,,mobile,UK,44.0,301
user_00349,treatment,0.0,"666,42",,android,USA,36.0,46
user_08314,control,1.0,176.56,,tablet,USA,47.0,273
user_00459,control,0.0,135.66,2024-02-10,desktop,US,36.0,101
user_05976,treatment,1.0,$94.15,,tablet,UK,40.0,0
user_02587,control,0.0,152.72,,mobile,US,63.0,168
user_00579,treatment,1.0,195.19,,mobile,US,54.0,420
user_01166,treatment,2.0,193.96,,desktop,US,52.0,227
user_05823,treatment,1.0,173.47,2024-01-01,iphone,UK,42.0,140
user_05010,control,1.0,151.36,2024-03-20,desktop,UK,31.0,443
user_07369,treatment,1.0,110.17,2024-08-08,android,India,55.0,306
user_03027,control,1.0,194.4,,mobile,India,50.0,457
user_07296,treatment,0.0,172.27,2024-09-27,tablet,USA,63.0,389
user_02147,control,0.0,47.06,,desktop,US,53.0,58
user_06638,control,1.0,111.41,,android,India,35.0,194
user_01705,control,1.0,49.03,2024-07-09,desktop,US,49.0,202
user_00545,treatment,0.0,$130.88,,desktop,US,64.0,495
user_01126,control,1.0,97.13,2024-07-22,mobile,US,51.0,514
user_07678,control,1.0,149.65,,mobile,USA,55.0,190
user_05056,control,1.0,54.13,,desktop,US,18.0,32
user_03315,control,1.0,42.88,,tablet,US,32.0,505
user_02109,control,0.0,172.27,,desktop,United States,54.0,139
user_00745,control,1.0,19.16,2024-06-11,tablet,India,39.0,414
user_00517,treatment,1.0,21.13,,desktop,US,65.0,-37
user_01905,treatment,1.0,152.02,,mobile,IN,26.0,134
user_08097,treatment,1.0,157.23,,desktop,United States,36.0,264
user_03374,treatment,1.0,125.57,,desktop,United Kingdom,48.0,177
user_08211,control,1.0,90.02,,desktop,US,47.0,161
user_08921,treatment,1.0,75.7,,mobile,United States,30.0,112
user_02925,test,0.0,52.51,2024-10-31,desktop,USA,20.0,398
user_08224,control,1.0,140.8,,desktop,US,29.0,37
user_04153,trt,1.0,109.3,,mobile,US,45.0,526
user_03887,treatment,1.0,94.34,2024-10-11,mobile,US,57.0,224
user_00401,control,1.0,161.96,,desktop,US,65.0,282
user_00687,control,0.0,172.27,,mobile,United Kingdom,22.0,228
user_08566,control,1.0,119.04,2024-11-03,mobile,IN,26.0,561
user_05108,control,1.0,37.12,2024-08-29,tablet,IN,42.0,373
user_00807,test,0.0,138.76,,tablet,US,33.0,38
user_01288,treatment,1.0,67.87,,mobile,United States,37.0,325
user_00622,control,0.0,172.27,,mobile,US,26.0,374
user_00820,control,1.0,41.15,2024-05-24,desktop,United States,55.0,0
user_01725,control,1.0,78.48,,mobile,IN,58.0,45
user_06404,control,0.0,124.84,,desktop,IN,57.0,240
user_07912,treatment,0.0,94.61,,desktop,IN,25.0,-93
user_06282,treatment,1.0,70.81,2024-05-02,desktop,US,35.0,440
user_08026,control,0.0,161.34,,desktop,India,25.0,0
user_02449,control,1.0,156.45,,desktop,IN,26.0,467
user_04076,treatment,1.0,167.31,,mobile,India,64.0,105
user_08817,control,0.0,103.14,,tablet,UK,52.0,402
user_06231,treatment,0.0,172.27,2024-04-15,desktop,US,49.0,-100
user_03224,treatment,1.0,20.5,,mobile,USA,29.0,487
user_04813,control,0.0,70.14,,iphone,United States,30.0,483
user_00377,control,1.0,17.74,2024-08-19,mobile,United States,61.0,295
user_06074,treatment,1.0,172.27,,desktop,USA,39.0,188
user_00004,treatment,0.0,135.51,2024-12-11,desktop,USA,31.0,157
user_07613,control,1.0,23.67,2024-01-21,tablet,United Kingdom,22.0,40
user_00443,control,0.0,176.71,2024-02-10,mobile,US,23.0,533
user_01528,control,1.0,137.03,,iphone,US,42.0,384
user_00664,control,1.0,-45.36,,desktop,United Kingdom,39.0,306
user_07223,control,1.0,66.86,2024-01-04,mobile,USA,29.0,567
user_00234,trt,1.0,172.27,2024-10-23,desktop,UK,42.0,318
user_07790,control,1.0,172.27,2024-07-02,mobile,India,63.0,33
user_01821,treatment,0.0,70.13,2024-11-30,mobile,India,65.0,459
user_02207,treatment,1.0,172.27,2024-03-12,mobile,United Kingdom,32.0,306
user_07986,treatment,0.0,189.2,,tablet,USA,19.0,395
user_00432,control,0.0,93.76,,tablet,United States,26.0,239
user_07780,control,0.0,182.95,,desktop,UK,39.0,0
user_00974,control,0.0,163.85,2024-02-24,desktop,IN,42.0,263
user_05566,treatment,0.0,$114.8,,desktop,IN,62.0,-51
user_07000,treatment,0.0,57.49,,iphone,United States,58.0,269
user_08736,treatment,0.0,172.27,,desktop,US,20.0,426
user_07208,treatment,0.0,64.4,,desktop,UK,56.0,453
user_06597,trt,0.0,145.48,,desktop,India,51.0,151
user_02126,treatment,1.0,194.74,,mobile ,United Kingdom,42.0,224
user_04755,control,1.0,41.47,,mobile,United Kingdom,61.0,356
user_08683,treatment,1.0,17.67,,tablet,USA,55.0,533
user_04394,treatment,1.0,74.9,2024-01-21,mobile,United States,37.0,429
user_06371,control,1.0,66.57,,tablet,US,62.0,228
user_00398,control,1.0,188.1,,mobile ,US,19.0,445
user_05106,control,1.0,172.27,,mobile,United Kingdom,19.0,199
user_08473,treatment,1.0,169.89,,iphone,US,58.0,117
user_06261,control,1.0,71.76,,desktop,India,27.0,131
user_05785,control,0.0,93.79,,tablet,US,53.0,396
user_01714,control,2.0,63.94,,desktop,USA,47.0,174
user_02239,control,1.0,172.11,,mobile,United States,30.0,498
user_03686,control,1.0,173.56,2024-05-20,iphone,US,63.0,411
user_06079,control,1.0,84.32,,tablet,US,21.0,336
user_07077,treatment,1.0,26.6,,desktop,US,31.0,445
user_03524,test,0.0,57.3,2024-10-07,tablet,US,42.0,465
user_00128,control,2.0,158.75,,tablet,India,56.0,183
user_06842,treatment,0.0,168.77,,desktop,USA,25.0,0
user_06284,treatment,0.0,23.53,,desktop,USA,40.0,261
user_06957,treatment,0.0,191.7,,mobile,India,21.0,-93
user_02666,control,1.0,193.28,,desktop,IN,31.0,0
user_06500,control,2.0,197.38,,desktop ,US,26.0,214
user_03338,treatment,0.0,62.15,,tablet,US,32.0,0
user_07788,control,1.0,101.9,,mobile,USA,19.0,196
user_03799,control,0.0,143.71,2024-08-19,tablet,US,38.0,522
user_00687,control,0.0,78.69,,tablet,USA,58.0,223
user_00185,trt,0.0,39.88,2024-09-30,desktop,USA,43.0,273
user_07104,treatment,0.0,98.84,,mobile,UK,22.0,73
user_01928,test,1.0,112.01,2024-06-02,desktop,UK,60.0,0
user_08789,control,1.0,190.86,,mobile,India,60.0,202
user_07932,treatment,1.0,50.96,2024-06-18,desktop,US,42.0,167
user_07704,treatment,0.0,138.81,2024-03-02,desktop ,India,56.0,107
user_07773,control,2.0,10.93,2024-12-18,tablet,USA,20.0,-40
user_07374,control,0.0,129.05,,tablet,US,63.0,0
user_08503,control,1.0,93.79,,mobile,UK,29.0,264
user_01965,treatment,1.0,157.25,2024-01-09,android,US,22.0,45
user_07860,control,1.0,33.6,,mobile,United Kingdom,33.0,492
user_08412,treatment,0.0,121.11,,desktop,United Kingdom,43.0,236
user_03386,treatment,1.0,132.03,,desktop,UK,40.0,0
user_08930,treatment,1.0,18658.78,,tablet,IN,65.0,-82
user_08663,control,0.0,157.06,,desktop,United Kingdom,30.0,573
user_00175,trt,0.0,172.27,2024-06-26,desktop,US,36.0,160
user_05870,control,0.0,28.18,,desktop,IN,48.0,83
user_03299,treatment,2.0,21.25,,tablet,USA,42.0,322
user_02234,treatment,2.0,103.27,2024-05-21,mobile,UK,62.0,562
user_01302,control,0.0,-43.72,,mobile,US,39.0,243
user_00526,treatment,1.0,69.73,2024-04-07,tablet,India,19.0,173
user_05046,control,0.0,90.74,2024-05-01,desktop,UK,22.0,43
user_07228,control,1.0,198.19,,desktop,US,64.0,343
user_04587,control,0.0,171.36,,mobile,USA,54.0,138
user_03228,control,1.0,30.53,,mobile,US,53.0,163
user_02488,treatment,0.0,165.75,2024-02-12,tablet,India,46.0,0
user_08486,treatment,0.0,-99.71,2024-09-21,tablet,IN,21.0,102
user_07645,treatment,1.0,19.04,2024-11-07,desktop,United States,33.0,465
user_05896,control,1.0,-67.09,,mobile,United Kingdom,55.0,471
user_00808,control,2.0,38.71,2024-05-23,mobile,USA,25.0,0
user_02486,treatment,0.0,141.03,,desktop,USA,51.0,67
user_00625,trt,1.0,172.27,2024-05-20,mobile,United States,44.0,501
user_00759,treatment,1.0,169.48,,mobile,USA,28.0,520
user_00930,treatment,0.0,100.4,,android,US,20.0,530
user_01476,treatment,1.0,147.85,,tablet,USA,60.0,540
user_03693,treatment,1.0,11.32,2024-04-10,iphone,USA,37.0,202
user_02003,control,2.0,117.07,,mobile,India,57.0,390
user_04480,control,2.0,124.07,,tablet,USA,45.0,205
user_07769,trt,0.0,17.66,,mobile,USA,26.0,432
user_02518,control,0.0,-27.6,2024-06-15,iphone,India,34.0,570
user_03952,control,0.0,48.97,,desktop,IN,44.0,237
user_01581,treatment,0.0,77.15,,mobile,US,53.0,206
user_01290,control,1.0,-63.23,,mobile,UK,35.0,-21
user_00728,control,1.0,-92.18,,android,US,43.0,523
user_00534,treatment,1.0,136.37,,tablet,USA,12.0,351
user_06781,treatment,0.0,20.87,2024-06-06,tablet,US,59.0,118
user_00074,control,1.0,44.49,,android,US,29.0,514
user_07478,treatment,1.0,176.51,,desktop,UK,45.0,391
user_01461,test,0.0,28.22,,desktop,US,24.0,549
user_00384,treatment,0.0,48.37,,mobile,US,57.0,544
user_04090,treatment,1.0,199.9,,desktop,USA,51.0,335
user_00052,treatment,1.0,171.35,,android,US,64.0,536
user_03934,control,0.0,56.71,,tablet,UK,40.0,557
user_06873,control,0.0,135.5,,desktop,USA,27.0,382
user_04889,control,1.0,185.7,2024-10-22,mobile,India,61.0,534
user_08341,treatment,1.0,74.4,,desktop,USA,43.0,362
user_04193,control,1.0,121.19,,tablet,US,40.0,564
user_00817,test,1.0,162.74,2024-10-14,desktop,USA,23.0,197
user_03699,control,0.0,96.1,,desktop,US,38.0,0
user_02317,control,1.0,112.03,,desktop,IN,44.0,552
user_04600,treatment,1.0,185.42,,desktop,India,35.0,31
user_06611,treatment,1.0,107.69,,tablet,United Kingdom,35.0,67
user_01257,treatment,0.0,-39.53,,mobile,United Kingdom,27.0,247
user_00296,treatment,1.0,172.27,,mobile,US,62.0,195
user_00766,treatment,1.0,172.27,,mobile,USA,40.0,-11
user_08524,treatment,1.0,172.27,,mobile,US,28.0,546
user_05240,test,2.0,23.34,2024-07-23,mobile,US,27.0,308
user_01422,treatment,1.0,142.88,,mobile,United Kingdom,20.0,366
user_02884,treatment,0.0,41.47,,android,US,48.0,69
user_05126,treatment,0.0,114.27,2024-04-30,mobile,United States,23.0,76
user_00676,control,0.0,43.81,,desktop,United Kingdom,38.0,478
user_06953,control,0.0,136.62,,tablet,USA,43.0,0
user_07643,control,1.0,184.39,,desktop,IN,32.0,-22
user_01806,control,2.0,172.27,,iphone,US,64.0,54
user_04034,treatment,0.0,197.94,2024-06-02,tablet,United States,42.0,261
user_00206,control,0.0,172.27,,mobile,US,45.0,0
user_06392,treatment,0.0,125.2,2024-11-21,desktop,UK,24.0,572
user_03928,treatment,1.0,"599,26",2024-09-11,desktop,United States,49.0,444
user_01334,control,0.0,$125.92,2024-09-16,desktop,US,63.0,436
user_00321,treatment,0.0,135.71,,tablet,US,63.0,211
user_01894,control,1.0,20859.48,2024-10-07,mobile,India,35.0,53
user_00157,treatment,1.0,136.12,2024-06-06,desktop,USA,41.0,536
user_07207,control,1.0,51.98,,desktop,United States,31.0,291
user_01106,treatment,1.0,178.16,,mobile,US,51.0,172
user_07004,treatment,1.0,$116.09,,desktop,US,33.0,395
user_02452,treatment,0.0,$139.2,,mobile,USA,23.0,541
user_01628,treatment,0.0,172.27,,iphone ,US,37.0,435
user_00888,treatment,2.0,46.3,,mobile,US,60.0,598
user_06017,treatment,0.0,-50.07,,mobile,IN,39.0,348
user_05786,control,0.0,160.28,,desktop,USA,56.0,312
user_01820,treatment,0.0,172.27,,android,UK,30.0,232
user_00166,control,1.0,97.18,2024-10-23,tablet,US,30.0,48
user_00177,control,0.0,"962,57",2024-05-16,mobile,IN,30.0,584
user_03619,treatment,1.0,17.25,,mobile,US,40.0,-41
user_00355,control,1.0,188.69,,mobile,United Kingdom,44.0,344
user_05388,control,0.0,39.78,,desktop,USA,35.0,551
user_07528,treatment,1.0,122.0,,tablet,India,38.0,127
user_08832,control,0.0,73.1,2024-03-28,desktop,UK,42.0,382
user_03391,treatment,1.0,198.26,2024-11-15,desktop,US,33.0,489
user_06051,control,1.0,137.83,2024-04-15,mobile,USA,48.0,0
user_00860,treatment,1.0,110.55,,desktop,USA,55.0,0
user_04639,control,1.0,15.95,,desktop,US,40.0,551
user_00659,treatment,1.0,$117.69,2024-07-04,desktop,UK,52.0,0
user_01469,control,1.0,$172.15,,desktop,United States,63.0,245
user_06908,control,1.0,115.28,,desktop,US,29.0,228
user_00022,control,1.0,187.14,2024-09-15,mobile,US,18.0,352
user_04271,control,1.0,150.97,,desktop ,United States,50.0,598
user_00274,trt,0.0,101.31,,desktop,IN,58.0,-52
user_08052,treatment,1.0,61.92,,mobile,USA,61.0,513
user_01793,control,0.0,23530.56,,tablet,UK,40.0,90
user_08950,control,1.0,97.86,2024-02-29,tablet,USA,19.0,375
user_01873,control,1.0,18.09,,desktop,United Kingdom,36.0,569
user_02856,treatment,2.0,88.04,,mobile,UK,21.0,0
user_08665,control,1.0,144.55,2024-02-03,mobile,USA,25.0,64
user_04539,treatment,1.0,196.41,,mobile,USA,47.0,243
user_02745,control,1.0,$88.61,,tablet,UK,38.0,0
user_00527,test,0.0,160.11,,desktop,USA,43.0,294
user_05865,control,2.0,84.49,,mobile,US,48.0,65
user_07562,treatment,1.0,43.6,2024-11-07,mobile,US,21.0,106
user_02446,control,0.0,18.31,,iphone,US,42.0,498
user_08623,treatment,0.0,182.08,2024-05-15,tablet,United Kingdom,48.0,171
user_01051,control,0.0,154.46,2024-02-04,tablet,US,42.0,175
user_07249,treatment,1.0,96.33,2024-05-23,desktop,United States,59.0,167
user_03820,treatment,1.0,94.07,,desktop,United States,28.0,315
user_05076,control,1.0,161.43,,mobile,US,36.0,0
user_00581,control,0.0,128.62,,tablet,UK,24.0,339
user_00225,treatment,0.0,15.22,2024-09-07,iphone,US,46.0,30
user_04613,control,1.0,60.48,,iphone,US,27.0,344
user_04958,treatment,0.0,172.27,,mobile,United States,43.0,479
user_00146,treatment,0.0,20.28,,tablet,IN,56.0,177
user_07925,treatment,0.0,54.11,2024-09-12,desktop,United Kingdom,29.0,47
user_05814,control,0.0,140.35,,desktop,USA,56.0,472
user_00324,treatment,1.0,172.27,2024-04-10,iphone,US,42.0,-22
user_07171,treatment,1.0,145.92,2024-02-18,android,US,64.0,413
user_00941,control,1.0,193.05,,android,United Kingdom,42.0,575
user_06707,treatment,0.0,120.22,,iphone ,US,51.0,71
user_08182,control,1.0,"938,25",,tablet,India,50.0,202
user_00617,trt,0.0,35.5,,desktop,USA,36.0,536
user_01701,control,0.0,88.08,,iphone,USA,38.0,0
user_08701,control,0.0,44.27,,desktop,United States,43.0,-57
user_07115,control,1.0,113.26,,mobile ,UK,45.0,261
user_03657,treatment,1.0,43.06,,desktop,United Kingdom,40.0,511
user_00712,treatment,2.0,172.27,,tablet,USA,63.0,0
user_07252,control,0.0,110.77,,mobile,US,19.0,366
user_01359,control,0.0,10.02,2024-03-14,desktop,US,54.0,83
user_04284,control,1.0,"152,91",,desktop,US,27.0,391
user_04727,treatment,1.0,$92.68,,desktop,US,90.0,550
user_07353,treatment,1.0,133.07,,desktop,United Kingdom,39.0,0
user_01489,control,1.0,125.99,,mobile,United States,42.0,411
user_02248,treatment,0.0,151.54,,tablet,IN,52.0,396
user_00152,control,1.0,73.61,,mobile,US,31.0,263
user_00497,trt,1.0,112.19,2024-12-12,desktop,United Kingdom,27.0,339
user_03350,treatment,1.0,173.91,2024-06-06,mobile,UK,60.0,389
user_03613,control,0.0,34.2,,desktop,United Kingdom,59.0,213
user_04854,treatment,1.0,117.68,2024-04-18,desktop,UK,40.0,-72
user_03296,treatment,0.0,113.38,,mobile,UK,39.0,126
user_04304,control,0.0,27409.14,,desktop,United Kingdom,60.0,92
user_00970,control,1.0,172.27,,mobile,US,53.0,109
user_07367,treatment,0.0,133.02,,tablet,US,49.0,-51
user_01376,control,1.0,153.15,,desktop,US,65.0,509
user_02167,control,0.0,42.46,2024-08-25,iphone,USA,42.0,208
user_07700,control,1.0,172.27,,desktop,United Kingdom,58.0,478
user_04238,treatment,1.0,172.27,2024-10-17,android,United Kingdom,37.0,107
user_06156,treatment,0.0,172.27,,desktop,United States,34.0,-65
user_05834,treatment,0.0,116.32,,tablet,United Kingdom,42.0,323
user_00731,treatment,0.0,67.45,,iphone,USA,56.0,260
user_00138,treatment,1.0,82.04,,mobile,USA,25.0,259
user_08708,control,1.0,97.89,2024-03-22,mobile,US,25.0,442
user_05139,test,0.0,52.52,,mobile,USA,35.0,505
user_00566,control,0.0,98.37,2024-09-09,mobile,US,20.0,478
user_02574,control,1.0,72.73,,mobile,UK,56.0,270
user_03056,treatment,1.0,174.33,,tablet,UK,42.0,493
user_07381,treatment,1.0,199.07,,tablet,United States,21.0,551
user_09000,control,1.0,172.27,,android,United States,37.0,170
user_03546,control,1.0,193.57,2024-06-19,mobile,USA,37.0,484
user_06190,control,1.0,41.91,,mobile,USA,52.0,495
user_06716,control,0.0,101.77,,mobile,US,21.0,70
user_08114,control,1.0,185.15,,desktop,United Kingdom,27.0,410
user_07190,treatment,0.0,165.29,,tablet,India,90.0,86
user_01230,control,1.0,52.0,,mobile,US,42.0,133
user_06904,control,1.0,39.79,,android,USA,41.0,506
user_00471,control,0.0,172.27,2024-01-03,desktop,USA,51.0,288
user_04507,control,0.0,72.01,2024-09-06,tablet,US,63.0,0
user_06587,control,1.0,42.97,,desktop,IN,45.0,560
user_07146,treatment,0.0,66.02,,mobile,UK,53.0,382
user_00504,treatment,1.0,143.04,,tablet,United States,41.0,65
user_02478,control,1.0,"613,51",,mobile,IN,59.0,-83
user_08069,treatment,1.0,-61.24,,tablet,India,58.0,313
user_06262,control,1.0,172.27,,desktop,IN,42.0,375
user_00763,control,0.0,21.62,,tablet,United States,51.0,416
user_00660,control,0.0,154.43,2024-08-27,android ,USA,21.0,166
user_03133,control,0.0,61.53,,mobile,US,33.0,180
user_06122,treatment,1.0,"225,36",2024-02-09,desktop,India,45.0,-62
user_00515,treatment,0.0,86.38,2024-01-21,mobile,US,59.0,0
user_03869,treatment,0.0,107.3,,tablet ,United Kingdom,47.0,341
user_05571,control,0.0,28.87,,tablet,United Kingdom,58.0,383
user_06012,control,1.0,33.43,2024-08-22,mobile,United Kingdom,60.0,69
user_01500,treatment,1.0,44.63,,desktop,United Kingdom,51.0,238
user_00555,treatment,2.0,-77.22,2024-12-23,desktop,United Kingdom,48.0,-31
user_04522,treatment,0.0,127.83,,desktop,United Kingdom,27.0,0
user_03255,control,1.0,158.35,,desktop,USA,48.0,-89
user_01391,control,0.0,162.56,2024-02-12,mobile,US,63.0,511
user_02638,treatment,0.0,37.31,,desktop,IN,50.0,222
user_00934,trt,0.0,"104,65",,mobile,USA,20.0,576
user_00815,control,2.0,172.27,,desktop,US,34.0,447
user_01759,treatment,1.0,35.95,2024-04-29,desktop,USA,38.0,269
user_00647,trt,1.0,63.78,,desktop,UK,48.0,569
user_01752,treatment,1.0,57.36,2024-04-17,tablet,US,28.0,284
user_06700,trt,0.0,143.81,,desktop,United Kingdom,52.0,428
user_00085,control,0.0,108.96,,android,USA,60.0,258
user_05361,control,1.0,62.23,,desktop,USA,46.0,591
user_01211,control,1.0,56.42,2024-06-19,tablet,IN,22.0,251
user_03317,treatment,1.0,184.62,2024-07-23,android,US,55.0,199
user_02444,control,1.0,68.73,,desktop,USA,55.0,309
user_07486,control,1.0,199.02,,desktop,India,29.0,315
user_05727,treatment,0.0,135.19,2024-02-10,android,US,46.0,556
user_06269,control,1.0,89.02,,desktop,UK,31.0,217
user_08184,treatment,1.0,151.67,2024-03-06,mobile ,United Kingdom,37.0,104
user_05286,control,1.0,172.27,2024-05-02,desktop,USA,40.0,480
user_00233,treatment,1.0,172.27,,desktop,US,42.0,50
user_00606,control,1.0,190.34,2024-07-07,mobile,USA,38.0,203
user_05047,control,1.0,191.4,,desktop,India,63.0,470
user_02840,treatment,1.0,44.91,,android,US,36.0,72
user_05470,control,1.0,102.83,,mobile,United States,34.0,355
user_00909,test,1.0,171.9,,mobile,USA,65.0,385
user_03798,control,1.0,172.27,,tablet,US,41.0,320
user_00655,test,0.0,180.98,2024-04-05,android,UK,18.0,115
user_01537,control,0.0,57.82,2024-01-15,desktop,UK,50.0,299
user_04710,control,1.0,12.4,2024-04-07,mobile,US,52.0,153
user_02975,test,1.0,178.84,,mobile,India,51.0,290
user_07720,control,1.0,172.27,,desktop,USA,59.0,460
user_05417,control,1.0,142.75,,mobile,US,52.0,79
user_07733,treatment,1.0,101.83,,tablet,India,30.0,414
user_06407,control,1.0,44.36,,mobile,UK,44.0,0
user_07681,control,1.0,97.46,,tablet,US,56.0,593
user_07989,treatment,1.0,188.13,,iphone,US,46.0,252
user_05572,control,0.0,117.17,,desktop,IN,30.0,470
user_00532,control,1.0,100.02,,desktop,India,23.0,0
user_07418,treatment,1.0,190.9,,desktop,USA,39.0,476
user_06502,control,1.0,35.62,,mobile,United States,42.0,411
user_07023,control,1.0,54.91,,mobile,UK,22.0,270
user_08786,control,0.0,22.3,2024-01-02,mobile,UK,42.0,340
user_06951,treatment,1.0,52.12,2024-02-27,tablet,United Kingdom,42.0,234
user_08652,treatment,2.0,172.27,,mobile,United Kingdom,58.0,147
user_01137,treatment,0.0,109.92,2024-11-21,mobile,US,19.0,52
user_06574,treatment,0.0,23.49,,desktop,US,21.0,311
user_03876,control,1.0,140.69,,desktop,United States,53.0,464
user_02174,treatment,1.0,61.99,,android,US,58.0,434
user_03292,trt,1.0,179.51,,mobile,IN,63.0,0
user_01747,treatment,1.0,146.82,,tablet,India,37.0,-56
user_04004,treatment,0.0,68.07,,desktop,US,49.0,208
user_03162,treatment,0.0,190.99,2024-12-16,desktop,United Kingdom,43.0,84
user_04817,control,2.0,63.3,,mobile,IN,64.0,435
user_06095,treatment,1.0,91.34,,desktop,US,48.0,334
user_00418,control,2.0,167.91,2024-07-21,android,United Kingdom,32.0,0
user_07282,control,1.0,11.51,2024-10-27,desktop,USA,22.0,482
user_03167,control,1.0,81.75,,mobile,UK,59.0,162
user_00991,treatment,0.0,122.7,,desktop,UK,27.0,502
user_08743,treatment,1.0,$63.17,2024-05-06,mobile,India,31.0,202
user_00308,control,1.0,23.15,,mobile,India,54.0,-49
user_06109,control,0.0,129.37,,mobile,United States,64.0,255
user_01317,control,1.0,105.25,2024-07-20,mobile,United Kingdom,20.0,180
user_08078,treatment,0.0,104.68,,desktop,United Kingdom,44.0,0
user_00877,control,1.0,54.13,,desktop,IN,61.0,580
user_04247,control,0.0,178.5,2024-12-06,mobile,US,26.0,471
user_00153,treatment,0.0,"346,82",,mobile,US,48.0,0
user_05275,treatment,0.0,172.27,,tablet,US,50.0,192
user_00277,control,1.0,$11.85,2024-02-03,desktop,United States,44.0,425
user_08903,treatment,1.0,193.32,2024-01-31,mobile,IN,51.0,582
user_02024,treatment,0.0,114.33,,mobile,US,47.0,220
user_07862,treatment,0.0,-75.32,,mobile,United Kingdom,21.0,244
user_03858,control,1.0,150.83,2024-11-08,desktop,USA,30.0,316
user_05184,control,0.0,182.74,,mobile,US,36.0,350
user_08268,control,0.0,122.76,,mobile,United States,30.0,307
user_03575,control,0.0,162.78,,mobile,United States,33.0,408
user_06047,treatment,1.0,195.92,2024-10-04,desktop,US,51.0,0
user_02353,treatment,1.0,87.38,,mobile,US,34.0,126
user_00256,treatment,1.0,172.27,,mobile,US,59.0,240
user_06373,test,1.0,144.07,2024-05-11,desktop,US,29.0,505
user_01539,control,0.0,-52.88,,tablet,US,39.0,587
user_00410,control,1.0,87.91,2024-07-28,desktop,UK,53.0,458
user_07629,control,0.0,$43.36,,tablet,USA,27.0,228
user_08423,control,1.0,76.1,,desktop,IN,24.0,483
user_06368,control,0.0,22.26,,mobile,IN,27.0,124
user_02280,trt,1.0,144.52,2024-06-28,android,US,42.0,389
user_02031,treatment,0.0,172.27,,desktop,United Kingdom,27.0,133
user_00535,control,1.0,136.4,,tablet,UK,62.0,97
user_06111,treatment,1.0,63.68,,android,US,53.0,56
user_02231,treatment,1.0,104.4,2024-01-13,mobile,US,60.0,555
user_04135,control,0.0,134.3,,mobile,UK,37.0,-68
user_02586,control,0.0,161.81,,tablet,IN,90.0,276
user_05946,trt,0.0,187.85,,mobile,India,23.0,499
user_01792,treatment,0.0,150.51,,mobile,UK,44.0,493
user_06947,treatment,0.0,143.07,,tablet,USA,48.0,320
user_06543,control,1.0,59.14,,desktop,US,49.0,264
user_01923,treatment,0.0,36.66,,tablet,US,20.0,0
user_08800,treatment,0.0,189.46,,desktop,United Kingdom,23.0,494
user_02532,treatment,1.0,166.88,,mobile,USA,65.0,0
user_00196,treatment,0.0,58.44,,tablet,US,46.0,-33
user_07600,control,1.0,61.27,,desktop,USA,59.0,403
user_06440,test,1.0,149.85,,mobile,India,53.0,34
user_05247,control,1.0,140.27,2024-12-01,desktop,India,44.0,188
user_08321,control,1.0,140.69,,desktop ,United States,21.0,150
user_04931,treatment,1.0,90.33,,desktop,United Kingdom,43.0,434
user_07291,control,0.0,58.85,,android,India,41.0,77
user_08881,control,1.0,100.88,,mobile,USA,32.0,0
user_00899,control,0.0,146.85,,tablet,US,55.0,204
user_06008,control,1.0,-65.94,2024-01-26,mobile,United Kingdom,49.0,324
user_03358,treatment,1.0,21.35,2024-02-02,tablet,US,48.0,145
user_02046,trt,0.0,172.27,,tablet,IN,23.0,220
user_02791,control,0.0,49.25,2024-06-21,mobile,United States,42.0,379
user_00080,control,0.0,137.05,,desktop,India,20.0,88
user_05682,control,2.0,122.67,2024-03-22,android,US,29.0,304
user_06089,control,1.0,179.45,2024-08-26,desktop,USA,58.0,523
user_04995,control,0.0,175.08,,tablet,IN,64.0,170
user_00292,control,0.0,183.88,,desktop,USA,57.0,238
user_08804,treatment,1.0,116.92,2024-11-17,android,United States,21.0,0
user_00231,control,0.0,-68.88,,desktop,US,53.0,0
user_08478,control,0.0,139.7,,mobile,USA,34.0,454
user_07857,treatment,0.0,172.27,,tablet,US,58.0,326
user_00636,control,0.0,185.45,,mobile,USA,45.0,365
user_07236,control,0.0,159.74,,tablet,IN,31.0,554
user_04037,treatment,1.0,188.77,2024-11-24,desktop,USA,42.0,121
user_04479,treatment,0.0,74.14,,mobile,US,52.0,315
user_06809,control,0.0,"994,34",,mobile,UK,23.0,204
user_04583,treatment,0.0,173.42,,desktop,UK,26.0,-73
user_00351,control,0.0,10.93,2024-02-04,desktop,USA,63.0,0
user_07300,control,2.0,69.59,,mobile,India,45.0,0
user_03006,treatment,0.0,$42.98,2024-02-09,mobile,US,45.0,259
user_01148,control,1.0,44.92,,android,IN,30.0,482
user_05461,control,1.0,102.77,2024-03-16,mobile,US,26.0,146
user_06358,control,1.0,142.66,2024-11-16,mobile,US,46.0,445
user_03356,treatment,1.0,155.92,,mobile,USA,26.0,587
user_08612,treatment,0.0,30.16,,mobile,India,35.0,401
user_05459,control,0.0,172.27,,tablet,US,64.0,410
user_06706,trt,1.0,-48.74,,mobile,IN,20.0,325
user_00808,control,0.0,148.16,2024-05-31,mobile,United Kingdom,29.0,-15
user_06783,control,1.0,78.94,,desktop,USA,49.0,583
user_00383,treatment,1.0,87.85,2024-12-21,desktop,USA,28.0,120
user_07128,control,1.0,99.71,,desktop,US,25.0,-70
user_02770,treatment,0.0,151.11,,iphone,US,33.0,107
user_01292,treatment,0.0,119.24,,mobile,United States,46.0,313
user_05404,control,1.0,84.25,,desktop,UK,23.0,114
user_00786,control,0.0,132.09,,tablet,US,60.0,520
user_01690,treatment,1.0,24.42,2024-03-23,mobile,India,59.0,108
user_05288,treatment,1.0,$107.62,2024-01-09,desktop,US,24.0,264
user_04503,treatment,1.0,85.29,,tablet,USA,31.0,443
user_05401,treatment,1.0,140.26,,mobile,United Kingdom,46.0,587
user_01749,control,1.0,175.91,2024-06-21,tablet,United States,61.0,-100
user_03569,test,1.0,16.64,,mobile,India,58.0,117
user_03563,control,1.0,86.22,,mobile,USA,42.0,110
user_03955,treatment,1.0,189.83,,desktop,United States,57.0,233
user_00393,control,1.0,43.22,,iphone,USA,48.0,400
user_08583,control,0.0,56.49,,desktop,United States,51.0,359
user_07538,control,1.0,92.73,,tablet,IN,34.0,-80
user_03537,control,1.0,23079.39,,desktop,India,22.0,371
user_02061,control,0.0,172.27,2024-12-23,mobile,US,52.0,558
user_05886,control,1.0,-52.24,,android,United Kingdom,25.0,58
user_00502,treatment,1.0,10.76,,desktop,US,35.0,140
user_08433,control,0.0,97.13,2024-02-07,mobile,United States,65.0,138
user_06609,control,0.0,172.27,2024-03-13,mobile,UK,54.0,50
user_08180,control,0.0,151.07,2024-03-13,mobile ,US,46.0,117
user_01224,control,1.0,172.27,2024-10-20,mobile,UK,50.0,175
user_02018,treatment,0.0,54.43,,iphone,US,47.0,276
user_04085,treatment,2.0,159.24,,desktop,United States,43.0,554
user_08131,control,1.0,176.75,,tablet,US,34.0,0
user_02451,treatment,0.0,119.97,2024-07-11,tablet,India,22.0,236
user_01940,control,0.0,95.24,2024-07-26,mobile,United Kingdom,65.0,515
user_04677,treatment,1.0,-31.7,,mobile,United States,60.0,177
user_02014,control,2.0,147.11,2024-12-04,mobile,US,32.0,216
user_05013,treatment,0.0,16.3,,mobile,US,29.0,576
user_03128,control,1.0,146.59,2024-09-13,desktop,USA,42.0,543
user_00261,test,0.0,-29.21,,mobile,USA,25.0,342
user_04280,treatment,1.0,185.1,,tablet,USA,36.0,184
user_06369,control,0.0,38.72,,desktop,India,44.0,376
user_05020,control,0.0,116.78,2024-12-18,mobile,UK,27.0,545
user_08461,control,1.0,20.18,,mobile,US,35.0,259
user_07894,control,1.0,172.27,2024-10-19,mobile,US,54.0,165
user_05736,treatment,1.0,124.49,,tablet,United Kingdom,32.0,165
user_03741,control,1.0,184.18,2024-05-26,tablet,United Kingdom,57.0,31
user_06303,trt,1.0,187.29,,android,United States,37.0,301
user_05880,treatment,1.0,-20.34,,tablet,UK,65.0,219
user_00651,treatment,1.0,51.39,,desktop,US,21.0,219
user_05283,treatment,1.0,154.1,,mobile,US,39.0,0
user_02188,control,1.0,32.65,,tablet,USA,57.0,577
user_08977,control,1.0,187.27,,mobile,US,25.0,283
user_00283,treatment,1.0,141.62,2024-12-05,desktop,US,26.0,550
user_08304,control,1.0,182.03,,tablet,United States,59.0,0
user_03521,trt,1.0,-23.12,,android,US,42.0,515
user_04137,control,1.0,99.47,,mobile,US,38.0,319
user_04935,control,0.0,150.43,,tablet ,USA,47.0,594
user_02351,trt,0.0,182.66,,mobile,USA,42.0,0
user_01718,trt,1.0,101.34,,desktop,USA,48.0,193
user_02910,control,0.0,194.85,,desktop,US,19.0,-62
user_04101,trt,1.0,24.37,,tablet,United Kingdom,37.0,-24
user_06442,control,0.0,53.77,,desktop,USA,30.0,270
user_07297,treatment,0.0,67.45,,tablet,US,42.0,575
user_00668,control,1.0,172.27,,desktop,US,42.0,-55
user_00634,control,0.0,106.61,,tablet,IN,53.0,134
user_00857,treatment,2.0,174.74,2024-11-16,desktop,UK,58.0,558
user_07844,control,1.0,164.28,,desktop,USA,32.0,380
user_08751,control,0.0,167.73,,mobile,US,48.0,107
user_04612,trt,1.0,144.4,2024-01-25,iphone,United Kingdom,39.0,107
user_02115,control,0.0,51.37,,desktop,USA,62.0,449
user_08056,control,0.0,97.68,2024-07-10,android,US,46.0,137
user_04886,control,0.0,72.74,,desktop,USA,55.0,398
user_01838,treatment,0.0,110.14,,mobile,UK,42.0,0
user_08687,control,0.0,159.57,2024-05-21,desktop,India,55.0,0
user_02663,treatment,1.0,34.81,,desktop,UK,45.0,336
user_03544,control,1.0,148.74,,android,India,51.0,0
user_06623,control,0.0,148.98,2024-12-17,mobile,US,21.0,0
user_06785,control,2.0,151.51,,mobile,US,42.0,41
user_08253,treatment,0.0,172.27,,mobile,India,47.0,395
user_02905,control,1.0,151.93,2024-12-16,tablet,US,22.0,95
user_07224,treatment,0.0,103.06,2024-05-22,desktop,UK,58.0,-23
user_07980,trt,1.0,12.28,,tablet,UK,45.0,424
user_01394,control,0.0,92.24,2024-07-24,mobile ,USA,35.0,213
user_01869,control,0.0,11.7,2024-11-29,mobile,USA,64.0,-26
user_03913,control,1.0,139.04,2024-09-15,mobile,IN,25.0,253
user_08469,treatment,1.0,"733,28",,tablet,IN,57.0,80
user_05185,control,1.0,$46.68,,desktop,United Kingdom,35.0,219
user_00044,control,1.0,108.99,,iphone,US,42.0,57
user_05767,treatment,1.0,172.27,,mobile,UK,62.0,483
user_08047,control,1.0,160.81,,mobile,India,50.0,149
user_00421,control,0.0,116.37,,desktop,United Kingdom,53.0,418
user_00479,treatment,1.0,98.92,,mobile,US,56.0,599
user_01774,trt,1.0,170.9,,mobile,United Kingdom,37.0,198
user_04017,trt,0.0,94.06,,mobile,US,46.0,416
user_00545,control,1.0,27.91,,mobile,US,56.0,0
user_00951,treatment,0.0,71.79,2024-08-25,tablet,US,47.0,0
user_06495,treatment,0.0,185.63,2024-02-29,android,United States,37.0,193
user_07247,control,0.0,151.66,,mobile,UK,28.0,33
user_05670,treatment,1.0,172.27,,mobile,USA,28.0,-69
user_07097,control,1.0,30.37,,mobile,US,42.0,0
user_00721,treatment,1.0,57.05,,tablet,USA,62.0,-54
user_07459,treatment,1.0,94.87,,mobile,US,57.0,270
user_04596,treatment,2.0,184.29,,mobile,IN,48.0,519
user_00644,treatment,1.0,-74.4,,desktop,India,44.0,409
user_01548,treatment,0.0,67.45,,tablet,US,42.0,575
user_00314,treatment,1.0,155.4,2024-12-17,android,US,49.0,110
user_02089,treatment,1.0,126.58,,mobile,IN,42.0,380
user_07112,treatment,0.0,44.62,2024-06-15,desktop,UK,57.0,190
user_07415,control,0.0,57.84,,mobile,United States,47.0,580
user_04840,control,1.0,51.42,,mobile,United Kingdom,51.0,145
user_07611,treatment,1.0,129.77,2024-08-14,mobile,US,50.0,0
user_04575,test,0.0,24.64,,desktop,USA,44.0,519
user_02762,control,0.0,65.52,,tablet,United Kingdom,41.0,466
user_08823,treatment,0.0,-72.01,,mobile,US,90.0,385
user_02418,control,1.0,127.48,2024-01-27,android ,US,58.0,133
user_00915,control,1.0,78.66,,desktop,India,51.0,336
user_04053,treatment,1.0,140.15,,desktop,USA,55.0,0
user_00312,control,0.0,25.68,,android,UK,51.0,296
user_02911,treatment,0.0,181.61,2024-08-08,tablet,US,58.0,141
user_03014,treatment,0.0,96.19,,mobile,IN,23.0,281
user_00447,control,0.0,154.1,2024-11-16,desktop,USA,54.0,-31
user_05712,treatment,1.0,124.67,2024-05-03,desktop,US,27.0,218
user_03335,control,0.0,194.72,2024-06-07,desktop,India,36.0,385
user_03279,test,0.0,97.52,,mobile,India,43.0,333
user_02567,control,0.0,21.86,,mobile,USA,22.0,572
user_08106,treatment,0.0,184.82,,desktop,US,52.0,79
user_08818,treatment,1.0,174.07,,tablet,US,45.0,237
user_06395,control,0.0,35.44,,mobile,United Kingdom,51.0,325
user_02455,trt,1.0,81.75,,mobile,India,23.0,396
user_02300,control,0.0,21.37,,iphone,US,19.0,362
user_00938,control,1.0,178.02,,iphone,US,48.0,591
user_05820,treatment,0.0,33.62,,desktop,United Kingdom,30.0,384
user_06974,control,0.0,172.27,,desktop,US,65.0,139
user_01281,control,0.0,195.67,,mobile,US,19.0,389
user_03339,trt,0.0,13.0,,android,India,65.0,131
user_05860,control,1.0,152.53,,desktop,USA,50.0,441
user_05658,control,1.0,170.5,,tablet,United Kingdom,23.0,470
user_03930,control,1.0,-34.76,,mobile,USA,51.0,394
user_03191,treatment,0.0,81.01,2024-06-24,desktop,India,45.0,553
user_06608,control,0.0,64.53,2024-12-16,mobile,UK,59.0,-93
user_01482,test,1.0,150.61,,desktop,USA,29.0,0
user_02371,control,0.0,35.34,,tablet,US,18.0,51
user_08276,treatment,1.0,142.36,2024-03-26,iphone,US,21.0,163
user_03474,control,1.0,182.28,2024-06-11,iphone,USA,60.0,120
user_06864,control,0.0,-62.95,,mobile,USA,32.0,451
user_02735,treatment,1.0,35.29,,mobile,US,56.0,296
user_07961,control,0.0,107.35,2024-02-13,tablet,USA,52.0,588
user_01019,control,1.0,61.33,2024-05-28,desktop,USA,61.0,124
user_00030,control,1.0,172.27,2024-10-08,iphone,USA,30.0,457
user_08140,treatment,0.0,119.68,,mobile,India,19.0,118
user_00934,treatment,2.0,170.64,,desktop,UK,42.0,360
user_08509,trt,2.0,30.23,,tablet,UK,55.0,575
user_00118,control,1.0,150.76,,mobile,India,23.0,472
user_05033,control,0.0,89.66,,tablet,United Kingdom,28.0,306
user_01564,treatment,0.0,181.29,2024-09-24,desktop,India,30.0,71
user_00117,control,1.0,164.46,,mobile,UK,58.0,0
user_05422,treatment,0.0,16.34,,tablet,USA,41.0,0
user_04647,control,1.0,136.9,2024-02-08,desktop,India,38.0,253
user_00191,treatment,0.0,199.39,2024-05-08,desktop,US,48.0,184
user_02400,control,1.0,112.18,,desktop,United States,47.0,98
user_03140,trt,0.0,97.84,,mobile,USA,22.0,520
user_08513,control,0.0,116.58,,mobile,India,61.0,-80
user_01667,treatment,1.0,96.42,,desktop,IN,46.0,182
user_00136,control,0.0,89.96,,mobile,UK,61.0,224
user_02365,control,1.0,122.01,,desktop,United Kingdom,61.0,441
user_03368,treatment,1.0,92.1,,desktop,US,63.0,82
user_08395,treatment,0.0,190.7,2024-11-12,desktop,USA,58.0,569
user_00949,control,1.0,150.78,,tablet,USA,34.0,342
user_07548,treatment,1.0,131.16,,desktop,UK,48.0,219
user_04106,treatment,0.0,172.27,2024-07-04,desktop,USA,42.0,136
user_07312,treatment,0.0,89.72,,mobile,United States,42.0,75
user_06413,treatment,0.0,62.88,,mobile,USA,54.0,254
user_01803,treatment,1.0,142.51,,desktop,US,39.0,430
user_08278,control,1.0,128.52,,mobile,India,32.0,471
user_01387,control,1.0,154.21,2024-10-09,desktop,United Kingdom,59.0,512
user_02192,treatment,0.0,-24.89,,tablet,IN,59.0,124
user_08670,control,1.0,105.32,,iphone,India,61.0,-48
user_05951,treatment,1.0,46.34,,mobile,United Kingdom,28.0,122
user_06986,treatment,2.0,199.89,2024-03-02,desktop,India,45.0,447
user_03602,control,1.0,78.78,,mobile,United States,53.0,-51
user_02460,control,0.0,194.35,,tablet,IN,41.0,474
user_00780,control,0.0,85.46,2024-08-29,desktop,USA,40.0,203
user_04481,treatment,0.0,197.48,2024-07-10,mobile,United States,54.0,177
user_02255,treatment,1.0,96.03,2024-03-21,tablet,US,58.0,303
user_00054,control,1.0,30.3,2024-11-27,desktop,IN,52.0,377
user_00736,treatment,1.0,78.63,,android,United Kingdom,30.0,277
user_04687,treatment,0.0,63.79,,mobile,UK,58.0,235
user_04055,control,2.0,172.27,,desktop,IN,63.0,169
user_04223,control,1.0,107.65,2024-06-26,mobile,US,56.0,206
user_00776,treatment,0.0,50.11,,tablet,US,29.0,41
user_01927,treatment,1.0,99.79,,mobile,USA,28.0,434
user_00171,treatment,1.0,100.18,,tablet,United States,30.0,541
user_05889,trt,1.0,101.47,2024-09-04,iphone,US,62.0,78
user_04127,treatment,1.0,21.64,2024-04-01,mobile,USA,27.0,380
user_06960,treatment,1.0,$144.41,2024-03-07,desktop,India,25.0,39
user_03248,trt,0.0,155.64,,desktop,IN,59.0,396
user_00431,control,1.0,70.07,,tablet,US,42.0,486
user_03222,control,0.0,171.39,,desktop,UK,32.0,0
user_06884,control,0.0,130.16,,desktop,USA,28.0,516
user_01590,control,1.0,90.75,,iphone,India,45.0,503
user_03859,trt,1.0,16.3,2024-05-04,mobile,United Kingdom,37.0,149
user_08835,control,1.0,29.02,,desktop,USA,57.0,317
user_02995,treatment,1.0,67.37,2024-08-26,desktop,USA,33.0,73
user_03723,treatment,1.0,76.83,,tablet,UK,43.0,292
user_04473,control,1.0,173.82,,tablet,India,47.0,423
user_01941,control,0.0,-12.65,2024-07-31,android,United Kingdom,54.0,536
user_02397,treatment,1.0,161.82,,iphone,United Kingdom,35.0,279
user_04734,control,0.0,156.94,,desktop,United Kingdom,40.0,84
user_02223,control,0.0,179.47,2024-12-19,desktop,US,34.0,410
user_00508,treatment,0.0,38.36,,mobile,US,38.0,0
user_01180,control,0.0,$69.49,,desktop,US,61.0,542
user_00243,control,0.0,14.26,2024-10-21,desktop,US,28.0,272
user_08844,control,1.0,40.04,,android,India,20.0,350
user_04816,control,1.0,62.01,,mobile,USA,40.0,520
user_02556,control,0.0,49.71,,mobile,UK,62.0,39
user_00667,treatment,0.0,172.27,,tablet,US,52.0,283
user_03361,treatment,1.0,122.77,,mobile,UK,31.0,223
user_02093,control,1.0,172.27,,desktop,USA,37.0,292
user_05693,trt,1.0,104.96,2024-12-31,tablet,United Kingdom,29.0,89
user_01456,control,1.0,172.27,2024-04-26,desktop,US,34.0,566
user_07695,control,0.0,103.8,,tablet,US,39.0,217
user_05530,treatment,0.0,52.25,,desktop,USA,32.0,294
user_02868,control,0.0,101.4,,tablet,India,42.0,335
user_03872,test,1.0,152.03,2024-05-13,iphone,India,28.0,92
user_01586,trt,1.0,46.96,,android,US,51.0,424
user_05854,control,0.0,31.05,,tablet,USA,51.0,377
user_05225,treatment,0.0,48.74,,desktop,India,34.0,143
user_00862,control,1.0,81.18,2024-10-03,tablet,United States,21.0,144
user_04826,trt,2.0,-95.47,,mobile,US,30.0,449
user_05508,treatment,0.0,172.27,,iphone,United Kingdom,45.0,0
user_02859,treatment,0.0,113.87,2024-08-03,mobile,United States,35.0,0
user_07717,control,0.0,120.59,,android,USA,29.0,301
user_03993,trt,1.0,172.27,,desktop ,United Kingdom,61.0,447
user_07084,control,1.0,126.54,,desktop,UK,59.0,-86
user_06900,treatment,0.0,163.87,,desktop,USA,28.0,482
user_00832,treatment,0.0,172.27,2024-10-28,mobile,US,65.0,159
user_03596,control,0.0,12.95,,mobile,USA,40.0,-88
user_05893,treatment,1.0,147.41,2024-01-10,mobile,United Kingdom,42.0,529
user_01525,treatment,0.0,118.78,2024-07-03,tablet,USA,56.0,269
user_08359,control,2.0,$167.93,,iphone,UK,40.0,492
user_08961,control,0.0,107.96,,mobile,US,55.0,181
user_03885,treatment,1.0,170.17,,desktop,United States,60.0,164
user_05753,treatment,1.0,172.27,2024-02-23,mobile,UK,42.0,497
user_00499,treatment,0.0,-28.15,2024-08-21,mobile,United States,42.0,502
user_01029,treatment,0.0,162.39,,desktop,United States,21.0,591
user_02074,control,1.0,156.84,,mobile,India,56.0,261
user_03608,treatment,1.0,53.91,2024-11-16,desktop,US,29.0,557
user_02425,treatment,0.0,-90.46,,mobile,India,64.0,494
user_05142,control,1.0,120.66,,desktop,USA,63.0,208
user_04248,treatment,0.0,172.27,,mobile,USA,24.0,95
user_01934,treatment,0.0,62.76,2024-10-29,desktop,United States,56.0,0
user_00306,control,1.0,104.95,2024-11-28,tablet,United States,37.0,176
user_06273,control,1.0,-69.93,,mobile,United States,43.0,0
user_07396,treatment,0.0,91.95,2024-05-19,mobile,UK,24.0,-57
user_06660,control,1.0,69.41,,tablet,UK,61.0,109
user_00161,treatment,0.0,60.72,,iphone,USA,59.0,544
user_07879,control,0.0,36.08,,mobile,India,55.0,0
user_00716,control,1.0,59.99,2024-11-02,desktop,US,60.0,581
user_04809,control,0.0,185.14,,iphone,India,49.0,190
user_07824,treatment,1.0,160.53,,desktop,United States,25.0,358
user_00479,treatment,1.0,-86.79,,tablet,US,26.0,-47
user_02691,treatment,0.0,$93.18,2024-09-19,tablet,US,53.0,-36
user_01896,control,1.0,172.27,,mobile,United States,54.0,361
user_05274,treatment,0.0,24.54,,mobile,USA,32.0,425
user_08221,treatment,0.0,105.37,,tablet,UK,23.0,391
user_00538,treatment,1.0,172.27,2024-06-24,mobile,US,24.0,-40
user_02693,control,0.0,78.06,2024-01-11,desktop,India,30.0,495
user_00552,treatment,0.0,$25.86,,iphone,India,64.0,0
user_03465,treatment,0.0,150.44,,desktop,UK,65.0,570
user_00374,control,1.0,69.08,,mobile,United States,25.0,0
user_06217,control,0.0,145.95,,desktop,IN,37.0,224
user_02642,control,1.0,65.07,,tablet,United States,60.0,241
user_04782,treatment,0.0,-70.92,,mobile,IN,42.0,421
user_00189,control,1.0,186.65,,iphone,India,54.0,95
user_05191,control,1.0,129.24,,mobile,UK,18.0,521
user_06266,treatment,1.0,111.66,,desktop,US,55.0,550
user_03340,treatment,1.0,34836.41,,mobile,USA,19.0,0
user_04268,control,0.0,172.27,,mobile,US,35.0,272
user_06121,treatment,0.0,"681,73",2024-07-17,mobile,UK,51.0,0
user_05501,control,0.0,165.06,,mobile,United States,51.0,380
user_03735,treatment,0.0,23.65,,desktop,IN,42.0,292
user_07941,trt,0.0,106.45,,mobile,IN,56.0,586
user_00022,treatment,0.0,45.47,2024-05-13,desktop,USA,44.0,274
user_00968,control,0.0,141.98,,tablet,US,47.0,481
user_06979,treatment,2.0,131.32,2024-07-14,desktop,US,35.0,424
user_02714,treatment,1.0,46.16,,desktop,United Kingdom,48.0,83
user_08292,control,1.0,120.04,2024-10-15,mobile,United Kingdom,29.0,59
user_07777,treatment,1.0,104.75,2024-10-19,desktop,US,61.0,104
user_04334,treatment,1.0,176.68,,tablet,United States,19.0,397
user_02268,control,1.0,-62.15,,mobile,US,63.0,354
user_01967,control,0.0,173.32,,mobile,US,45.0,302
user_00523,treatment,1.0,185.86,2024-10-06,android,US,29.0,365
user_00629,treatment,0.0,172.27,2024-06-03,desktop,US,62.0,575
user_07751,control,1.0,$190.01,,iphone,US,22.0,289
user_01086,control,1.0,$127.88,,desktop,United Kingdom,58.0,432
user_02830,control,2.0,176.16,2024-09-25,android,United States,62.0,371
user_08077,treatment,0.0,36.14,,tablet,India,47.0,523
user_08024,control,1.0,156.65,,mobile,US,41.0,456
user_01143,treatment,1.0,26.87,2024-07-03,desktop,United States,22.0,531
user_04976,trt,0.0,96.6,,desktop,USA,52.0,236
user_08724,treatment,1.0,137.87,,iphone,USA,42.0,568
user_00862,treatment,1.0,49.83,,desktop,US,53.0,92
user_07163,treatment,0.0,158.77,2024-12-10,mobile,US,65.0,498
user_00318,control,0.0,154.96,,tablet ,United States,36.0,589
user_06981,treatment,0.0,58.09,,desktop,United States,47.0,468
user_00274,control,0.0,-38.98,2024-02-13,mobile,US,37.0,0
user_06572,control,0.0,79.04,2024-11-02,android,IN,48.0,208
user_04463,trt,0.0,126.35,,mobile,US,19.0,419
user_06451,treatment,0.0,31.42,,desktop,US,63.0,319
user_08795,test,0.0,164.11,,iphone,UK,26.0,419
user_02926,treatment,1.0,172.27,2024-01-07,android,United Kingdom,58.0,382
user_04142,control,0.0,63.26,,mobile,United Kingdom,62.0,481
user_04033,treatment,1.0,21.99,,tablet,US,35.0,560
user_04406,control,0.0,-97.92,2024-08-08,tablet,UK,24.0,329
user_02608,treatment,1.0,26.05,,mobile,US,43.0,-30
user_00939,treatment,1.0,-81.97,,desktop,US,59.0,0
user_00159,control,0.0,38.04,,mobile,USA,62.0,242
user_04392,treatment,0.0,"916,26",,tablet,US,59.0,306
user_06826,treatment,0.0,69.67,,desktop,United Kingdom,90.0,67
user_08714,treatment,1.0,159.82,,android,US,65.0,538
user_03402,test,0.0,62.9,,desktop,US,8.0,431
user_00894,control,0.0,104.52,,tablet,UK,65.0,217
user_00706,control,1.0,171.79,,desktop,UK,42.0,453
user_06196,control,1.0,183.57,2024-03-30,desktop,IN,24.0,404
user_00387,trt,1.0,43.87,,desktop,USA,56.0,71
user_08607,treatment,1.0,131.11,2024-08-10,mobile,UK,64.0,322
user_08630,treatment,1.0,70.41,,mobile,India,50.0,-17
user_02075,treatment,1.0,"794,83",,desktop,UK,42.0,165
user_08454,treatment,0.0,191.95,2024-12-30,desktop,United Kingdom,41.0,248
user_00904,treatment,1.0,63.03,,tablet,UK,30.0,380
user_07746,control,0.0,52.58,,desktop,USA,49.0,-32
user_01588,treatment,0.0,54.7,,desktop,United States,30.0,575
user_06040,treatment,1.0,147.82,,desktop,India,42.0,595
user_00141,control,0.0,144.83,2024-07-25,android,US,18.0,0
user_08787,control,1.0,184.43,2024-06-27,tablet,USA,30.0,87
user_05289,control,0.0,15.79,,desktop,United Kingdom,44.0,81
user_02430,control,1.0,43.57,2024-02-24,iphone,IN,45.0,458
user_06554,control,1.0,13422.07,2024-02-25,mobile,United Kingdom,50.0,152
user_04152,control,1.0,89.56,,tablet,IN,32.0,275
user_00394,treatment,1.0,172.27,,tablet,UK,28.0,581
user_00679,treatment,0.0,143.11,,mobile,UK,27.0,68
user_06899,control,1.0,191.68,,mobile,USA,62.0,68
user_05065,control,1.0,181.42,2024-04-08,android,US,48.0,591
user_01319,treatment,1.0,20.29,,mobile,US,62.0,262
user_03847,treatment,1.0,187.8,,mobile,United Kingdom,59.0,172
user_05734,control,1.0,144.73,,desktop,US,34.0,222
user_07714,treatment,0.0,35.34,,desktop,USA,50.0,0
user_01688,treatment,0.0,49.53,2024-12-01,tablet,India,64.0,522
user_03668,control,0.0,153.68,,tablet,IN,21.0,339
user_00628,control,1.0,81.62,2024-08-15,iphone,IN,52.0,-12
user_07142,treatment,0.0,99.37,,iphone,US,27.0,474
user_07547,control,1.0,101.97,,mobile,US,48.0,239
user_02101,control,0.0,111.73,,desktop,USA,52.0,591
user_03146,treatment,0.0,140.39,2024-06-14,tablet,United States,46.0,0
user_03483,treatment,1.0,138.77,2024-07-22,desktop,US,44.0,46
user_00336,treatment,0.0,-81.54,,tablet,IN,32.0,328
user_06560,control,0.0,172.27,,desktop,US,50.0,170
user_07518,treatment,0.0,172.27,,mobile,UK,65.0,535
user_01855,treatment,0.0,"383,65",2024-05-31,mobile,USA,21.0,399
user_08325,control,0.0,83.16,,tablet,US,49.0,285
user_05720,trt,1.0,152.97,2024-08-27,desktop,United Kingdom,59.0,360
user_03994,treatment,0.0,88.33,,iphone,IN,19.0,95
user_02805,control,1.0,80.59,,mobile,USA,38.0,0
user_00702,control,1.0,"273,32",,mobile,India,62.0,180
user_04846,control,0.0,199.61,,desktop,USA,62.0,420
user_00590,treatment,1.0,165.92,,tablet,US,31.0,84
user_05016,treatment,0.0,130.03,,tablet,USA,41.0,354
user_06424,treatment,1.0,151.87,2024-01-09,desktop,UK,65.0,491
user_04324,control,1.0,172.27,2024-05-01,desktop,United Kingdom,42.0,0
user_03948,treatment,0.0,166.21,,mobile,US,38.0,598
user_02584,trt,1.0,186.52,,mobile,IN,43.0,123
user_07842,control,1.0,150.23,,mobile,UK,55.0,345
user_00239,control,1.0,75.12,2024-08-29,iphone,IN,57.0,293
user_00732,control,0.0,154.84,2024-07-20,mobile,US,27.0,245
user_00705,treatment,1.0,-55.29,2024-05-11,mobile,USA,90.0,174
user_00457,control,0.0,172.45,,desktop,IN,42.0,108
user_00890,trt,0.0,-99.63,2024-08-01,android,United Kingdom,42.0,346
user_07566,control,2.0,43.65,2024-10-23,tablet,UK,29.0,360
user_02599,treatment,1.0,24.75,,mobile,United States,54.0,42
user_06811,control,0.0,144.04,,mobile,India,64.0,544
user_03023,treatment,1.0,86.92,2024-05-03,desktop,USA,45.0,214
user_08055,control,1.0,172.27,,iphone,USA,22.0,84
user_07347,control,1.0,86.17,2024-05-08,mobile,USA,25.0,34
user_01481,treatment,1.0,42.39,,desktop,US,60.0,215
user_01472,control,1.0,42.38,,tablet,USA,32.0,174
user_04307,treatment,1.0,44.61,2024-07-04,tablet,USA,64.0,487
user_05233,treatment,0.0,101.11,2024-02-06,desktop,United States,54.0,323
user_01200,treatment,0.0,85.57,,mobile,US,24.0,466
user_03674,treatment,0.0,196.99,2024-03-29,mobile,USA,42.0,414
user_03525,treatment,1.0,149.92,,mobile,United Kingdom,62.0,118
user_08609,control,1.0,147.37,,desktop,IN,43.0,426
user_01726,treatment,0.0,184.36,2024-04-15,desktop,IN,55.0,600
user_07762,control,1.0,164.0,2024-12-04,desktop,USA,60.0,589
user_03083,treatment,1.0,170.82,,desktop,United Kingdom,57.0,331
user_05977,treatment,0.0,64.72,2024-10-02,mobile,United Kingdom,31.0,377
user_01526,control,0.0,33.35,,desktop,US,44.0,293
user_01336,trt,1.0,96.01,,android,USA,20.0,475
user_04038,control,0.0,146.39,,mobile,IN,46.0,272
user_03681,control,0.0,-65.18,,tablet,USA,50.0,184
user_01998,control,1.0,28.19,,tablet,United States,60.0,166
user_08350,control,1.0,172.27,,tablet,US,40.0,302
user_07707,trt,1.0,91.06,,tablet,UK,27.0,364
user_08076,control,0.0,100.38,2024-02-03,mobile,USA,18.0,108
user_01213,treatment,0.0,40.94,,mobile,United Kingdom,32.0,131
user_07237,treatment,1.0,"381,57",,iphone,UK,65.0,393
user_00367,treatment,1.0,82.26,,mobile,India,57.0,153
user_03143,control,0.0,20.96,,desktop,United Kingdom,42.0,353
user_02679,control,1.0,20.38,,desktop,UK,54.0,209
user_01353,trt,0.0,91.05,2024-12-02,desktop,India,58.0,0
user_04731,control,1.0,82.62,,desktop,UK,24.0,0
user_08684,control,0.0,-92.77,2024-02-18,tablet,United States,21.0,551
user_02570,treatment,1.0,169.83,,desktop,US,44.0,-45
user_07442,treatment,1.0,85.66,2024-05-09,mobile,US,28.0,137
user_03009,trt,0.0,172.27,,tablet,USA,57.0,577
user_06388,control,0.0,85.62,,desktop,US,58.0,283
user_00598,control,0.0,93.87,,desktop,US,19.0,94
user_05448,treatment,1.0,133.96,2024-09-03,desktop,USA,59.0,55
user_07329,control,1.0,33.2,2024-06-15,desktop,IN,23.0,0
user_07781,treatment,1.0,63.58,,mobile,USA,46.0,402
user_07437,treatment,1.0,153.1,,desktop,United States,28.0,95
user_01032,control,0.0,151.29,2024-06-28,desktop,United Kingdom,51.0,-38
user_00588,control,1.0,10.27,,mobile,IN,64.0,86
user_01727,control,0.0,194.11,2024-12-16,desktop,UK,33.0,250
user_02603,treatment,1.0,52.57,2024-11-10,tablet,India,25.0,429
user_02396,treatment,0.0,59.17,,iphone,US,42.0,0
user_02626,control,0.0,112.61,,desktop,India,39.0,157
user_03325,treatment,1.0,"810,27",,desktop,India,30.0,87
user_08011,treatment,1.0,76.41,,tablet,UK,27.0,290
user_07093,control,0.0,45.43,2024-04-10,desktop ,UK,35.0,505
user_02121,treatment,1.0,62.12,,desktop,USA,42.0,201
user_08414,treatment,1.0,84.31,2024-01-08,desktop,US,32.0,575
user_07235,treatment,1.0,33174.83,,mobile,United States,26.0,-63
user_02345,control,0.0,10.43,2024-08-23,mobile,US,42.0,159
user_08345,trt,1.0,128.36,2024-11-11,mobile,US,61.0,-57
user_08083,treatment,0.0,109.81,2024-08-19,mobile,UK,64.0,215
user_04166,control,2.0,60.89,2024-05-11,desktop,United Kingdom,25.0,434
user_03919,control,0.0,90.02,,tablet,United States,63.0,403
user_06310,treatment,0.0,160.26,,iphone,United States,41.0,267
user_00612,control,0.0,110.39,2024-07-06,desktop,US,30.0,552
user_07591,trt,0.0,55.54,2024-10-31,desktop,US,41.0,260
user_04910,control,1.0,"568,17",,tablet,UK,44.0,376
user_00980,treatment,0.0,16.58,,desktop,US,32.0,241
user_06246,treatment,1.0,195.88,,desktop,UK,21.0,430
user_03200,treatment,1.0,"785,75",,desktop,United Kingdom,60.0,-30
user_00881,control,1.0,"986,89",,android,USA,28.0,107
user_08676,control,1.0,104.24,,tablet,US,62.0,207
user_04453,control,1.0,198.86,2024-03-25,desktop,USA,42.0,69
user_02797,control,0.0,71.62,2024-10-16,mobile,United States,53.0,542
user_05763,treatment,1.0,154.33,,mobile,United States,47.0,211
user_04209,control,0.0,193.86,2024-06-21,tablet,USA,30.0,385
user_01471,treatment,1.0,170.18,2024-10-25,android,UK,46.0,308
user_04991,treatment,0.0,"204,26",2024-09-08,android,US,28.0,-21
user_02427,control,1.0,172.91,,mobile,United Kingdom,36.0,594
user_02225,control,1.0,45.18,,desktop,US,62.0,475
user_07931,treatment,0.0,132.91,,tablet,US,33.0,93
user_02135,control,0.0,86.36,,mobile,IN,35.0,51
user_00773,control,2.0,-21.73,,tablet,UK,63.0,121
user_05620,treatment,1.0,106.14,,mobile,United States,45.0,565
user_08104,control,1.0,194.28,,tablet,IN,35.0,312
user_01196,treatment,0.0,190.03,,mobile,USA,65.0,520
user_08718,treatment,1.0,115.96,,tablet,India,35.0,331
user_00339,treatment,0.0,-41.29,,desktop,United Kingdom,64.0,358
user_08344,treatment,1.0,93.18,,desktop,US,23.0,0
user_00604,control,1.0,10.66,2024-04-12,desktop,India,41.0,-85
user_01083,treatment,1.0,172.27,2024-02-23,tablet,US,61.0,359
user_08238,control,1.0,18.95,,tablet,US,47.0,456
user_01545,control,0.0,15.61,,tablet,US,24.0,201
user_03902,control,0.0,93.05,,tablet,UK,21.0,166
user_06580,treatment,0.0,"949,25",,mobile,India,62.0,107
user_04147,treatment,1.0,64.9,2024-01-21,mobile,United States,32.0,217
user_03766,control,0.0,41.94,,desktop,United States,54.0,219
user_04356,control,0.0,152.33,,tablet,India,21.0,174
user_05155,treatment,0.0,56.69,,mobile,US,64.0,333
user_00840,control,0.0,92.11,,desktop,US,30.0,310
user_05678,treatment,0.0,28.87,,desktop,US,62.0,-67
user_07187,control,2.0,44.18,2024-01-29,mobile,USA,39.0,286
user_07446,treatment,2.0,99.24,,mobile,US,62.0,403
user_03216,control,1.0,172.27,,mobile,USA,37.0,365
user_04758,treatment,1.0,76.81,,mobile,USA,47.0,135
user_01734,control,2.0,56.31,,android,United Kingdom,38.0,0
user_07113,treatment,0.0,-26.33,2024-06-07,mobile,United States,59.0,157
user_00666,control,1.0,195.64,,android,UK,62.0,93
user_07111,treatment,0.0,136.67,,desktop,IN,51.0,134
user_02086,control,0.0,155.26,2024-06-18,tablet,US,22.0,193
user_05879,treatment,1.0,191.53,,desktop,India,28.0,468
user_01075,control,1.0,172.27,,mobile,United Kingdom,26.0,40
user_03950,treatment,0.0,116.87,,tablet,India,27.0,104
user_00585,treatment,1.0,75.69,2024-06-20,mobile,IN,49.0,62
user_08707,control,1.0,$65.12,,tablet,US,59.0,429
user_00885,treatment,0.0,31.54,2024-05-08,mobile,US,59.0,140
user_00327,treatment,1.0,-55.08,,mobile,United Kingdom,37.0,578
user_00469,treatment,0.0,44.71,,desktop,US,41.0,320
user_01316,control,1.0,34.12,,tablet,USA,47.0,-37
user_07331,control,1.0,160.67,,desktop,IN,21.0,191
user_07007,control,1.0,"420,42",,iphone,US,31.0,276
user_00292,treatment,0.0,58.53,,mobile,US,22.0,352
user_00909,control,1.0,119.28,,desktop ,USA,54.0,206
user_01373,control,2.0,71.85,,mobile,USA,62.0,364
user_00776,treatment,1.0,173.32,2024-07-15,desktop,US,58.0,249
user_00268,treatment,1.0,176.31,,mobile,US,32.0,0
user_00103,treatment,0.0,72.74,,mobile,USA,26.0,531
user_02848,control,1.0,135.65,2024-01-28,tablet,India,50.0,278
user_00651,treatment,1.0,128.72,,desktop,India,49.0,-16
user_05885,treatment,0.0,132.74,2024-06-12,android,USA,60.0,596
user_00149,treatment,1.0,172.27,,tablet,US,24.0,440
user_02524,treatment,1.0,"152,91",,mobile,US,34.0,235
user_06024,control,0.0,43873.28,,desktop,IN,41.0,86
user_03270,treatment,0.0,172.27,,desktop,United States,63.0,419
user_05692,treatment,0.0,113.66,,mobile,US,47.0,-87
user_00914,treatment,0.0,196.96,2024-02-19,mobile,United States,46.0,496
user_00027,control,0.0,172.27,2024-10-08,mobile,United Kingdom,65.0,436
user_06994,treatment,1.0,164.22,,mobile,India,48.0,339
user_00754,treatment,1.0,172.27,2024-08-12,android,USA,49.0,54
user_02341,treatment,1.0,172.27,,tablet,UK,49.0,482
user_01671,control,1.0,135.65,2024-05-22,desktop,United States,23.0,449
user_06403,control,2.0,16.69,2024-01-23,mobile,India,63.0,392
user_07702,control,1.0,172.27,2024-08-30,android,USA,44.0,587
user_04749,treatment,0.0,53.58,,desktop,US,29.0,0
user_00330,control,0.0,45.61,,desktop,US,54.0,0
user_04588,treatment,1.0,130.9,2024-10-14,desktop,USA,45.0,239
user_06077,control,1.0,136.87,,mobile,India,60.0,62
user_04808,control,0.0,186.66,,mobile,USA,18.0,388
user_06064,treatment,0.0,21.23,,tablet,US,28.0,455
user_03469,treatment,0.0,21.72,2024-07-03,desktop,US,26.0,270
user_07043,control,1.0,168.26,,mobile,United States,42.0,129
user_04094,control,1.0,166.76,2024-07-19,android,UK,50.0,501
user_03945,control,0.0,172.27,,mobile,US,20.0,251
user_06671,treatment,0.0,102.98,,mobile,India,30.0,482
user_02658,treatment,0.0,106.76,,desktop,US,24.0,-64
user_05582,treatment,2.0,164.74,2024-12-06,tablet,UK,34.0,506
user_04571,trt,0.0,86.42,,desktop,USA,35.0,0
user_07046,treatment,0.0,108.58,,mobile,IN,35.0,301
user_00848,control,0.0,86.24,,tablet,India,46.0,476
user_02078,treatment,1.0,70.03,2024-02-27,mobile,IN,52.0,574
user_01840,control,1.0,172.27,,desktop,UK,21.0,198
user_01337,control,0.0,-20.54,,mobile,UK,63.0,556
user_08854,treatment,0.0,110.02,,desktop,United Kingdom,18.0,561
user_00990,treatment,1.0,137.16,,mobile,USA,47.0,136
user_04225,treatment,1.0,-29.7,,tablet,USA,53.0,336
user_00005,treatment,1.0,57.42,,tablet,US,65.0,0
user_00090,treatment,1.0,128.57,2024-06-11,mobile,India,23.0,30
user_08189,treatment,0.0,112.85,2024-06-10,mobile,US,47.0,261
user_01728,treatment,0.0,132.52,,mobile,United States,38.0,450
user_00662,control,0.0,14.95,,mobile,United Kingdom,31.0,575
user_06868,control,1.0,130.61,,tablet,US,20.0,318
user_08372,treatment,0.0,23.28,,mobile,United Kingdom,55.0,-47
user_01893,treatment,0.0,30.69,,desktop,USA,52.0,375
user_03871,treatment,1.0,123.81,,desktop ,USA,20.0,414
user_00040,treatment,1.0,116.86,,mobile,United States,45.0,479
user_07012,control,1.0,70.76,,desktop,US,40.0,-29
user_04113,treatment,0.0,15.13,,tablet,USA,60.0,475
user_02096,treatment,1.0,86.17,2024-07-02,android,US,24.0,74
user_05521,control,1.0,167.62,2024-01-28,mobile,US,49.0,-54
user_02254,trt,0.0,172.76,2024-05-27,desktop,India,32.0,30
user_00241,treatment,0.0,77.92,,tablet,US,22.0,443
user_01338,control,1.0,194.19,,iphone,India,61.0,555
user_00049,treatment,1.0,190.9,,tablet,USA,44.0,80
user_06857,treatment,1.0,118.61,,mobile,US,24.0,-16
user_07265,control,0.0,160.19,,tablet,United Kingdom,60.0,255
user_02319,control,1.0,191.44,,mobile,United States,63.0,121
user_00977,control,1.0,153.17,,tablet,United Kingdom,90.0,0
user_03903,treatment,0.0,101.36,,mobile,UK,32.0,48
user_07001,treatment,1.0,148.3,,mobile,US,42.0,244
user_03346,treatment,0.0,21.03,2024-03-28,mobile,IN,56.0,290
user_05517,treatment,2.0,82.33,2024-01-10,desktop,USA,40.0,131
user_00866,treatment,0.0,$184.99,,tablet,USA,31.0,323
user_06146,control,0.0,95.7,2024-04-29,iphone,India,52.0,393
user_00198,treatment,1.0,152.79,,mobile,IN,39.0,239
user_05829,control,1.0,189.8,2024-03-16,desktop,United Kingdom,35.0,292
user_01063,treatment,1.0,60.27,2024-03-12,mobile,United Kingdom,21.0,176
user_02767,treatment,0.0,61.39,,mobile,US,41.0,326
user_04564,treatment,1.0,45.41,,mobile,United Kingdom,22.0,539
user_00316,treatment,0.0,186.67,,mobile,USA,36.0,540
user_02940,control,1.0,188.26,2024-07-16,desktop,US,28.0,67
user_01487,treatment,0.0,143.27,2024-06-12,mobile,USA,39.0,192
user_02605,control,0.0,17.06,,tablet,USA,48.0,376
user_02779,control,0.0,118.45,,desktop,India,44.0,575
user_01220,control,1.0,171.16,,mobile,US,33.0,505
user_00219,control,1.0,63.95,,mobile,USA,42.0,361
user_07675,treatment,2.0,125.71,2024-09-03,tablet,United Kingdom,24.0,199
user_04093,treatment,1.0,49.83,2024-12-20,mobile,United Kingdom,52.0,203
user_07052,control,0.0,150.64,2024-08-20,desktop,US,59.0,362
user_02799,control,0.0,46.13,,tablet,US,26.0,66
user_02647,control,0.0,164.16,,desktop,US,62.0,41
user_08303,treatment,0.0,176.82,,mobile,US,24.0,0
user_05568,control,1.0,-61.48,2024-02-14,mobile,United States,64.0,190
user_02080,control,1.0,94.84,,mobile,India,38.0,175
user_05884,control,0.0,107.18,,desktop,USA,29.0,471
user_02932,control,1.0,144.19,2024-08-11,desktop,UK,24.0,78
user_00989,control,1.0,170.9,,desktop,USA,30.0,511
user_08732,control,1.0,185.02,,desktop,USA,51.0,499
user_00699,control,0.0,117.28,,desktop,US,62.0,142
user_02253,control,0.0,154.37,2024-03-28,desktop,US,38.0,228
user_06745,treatment,0.0,172.27,,mobile,UK,22.0,481
user_08134,control,0.0,76.35,,desktop,USA,42.0,-96
user_02178,treatment,1.0,41403.88,,desktop,US,18.0,347
user_05803,control,0.0,136.73,,desktop,India,63.0,323
user_05098,control,0.0,67.66,,tablet,UK,55.0,227
user_00148,control,0.0,57.8,2024-02-14,tablet,United Kingdom,64.0,133
user_07869,treatment,1.0,125.38,,mobile,US,44.0,515
user_01763,control,1.0,138.77,2024-07-11,desktop,United Kingdom,61.0,213
user_00304,control,0.0,34.61,,mobile,United States,18.0,579
user_02755,control,1.0,70.21,,tablet,IN,56.0,566
user_00413,treatment,0.0,"980,81",,mobile,US,32.0,489
user_08409,control,1.0,77.46,,desktop,United Kingdom,50.0,-80
user_03720,treatment,0.0,101.21,,tablet,US,62.0,306
user_02329,treatment,0.0,119.29,,desktop,United Kingdom,49.0,315
user_05825,control,1.0,120.05,,tablet,United States,27.0,505
user_02428,treatment,0.0,162.75,,mobile,United Kingdom,41.0,105
user_07898,control,1.0,156.73,2024-10-25,tablet,US,43.0,70
user_00038,treatment,1.0,76.71,2024-07-03,mobile,USA,22.0,-36
user_08154,treatment,0.0,93.67,,tablet,USA,36.0,322
user_01142,treatment,1.0,52.28,2024-01-24,iphone,India,42.0,379
user_02636,control,1.0,31.67,,mobile,United Kingdom,42.0,305
user_05815,control,0.0,128.92,,android,US,57.0,438
user_01758,control,1.0,124.58,,mobile,US,54.0,41
user_06740,treatment,1.0,10.62,,desktop,UK,33.0,426
user_06274,control,0.0,39.37,,desktop,UK,46.0,0
user_03559,treatment,2.0,37.43,2024-08-25,mobile,United Kingdom,55.0,564
user_03359,control,0.0,175.15,,android,IN,30.0,344
user_00984,control,1.0,"997,43",,desktop,US,34.0,475
user_00810,test,1.0,31.22,,desktop,US,20.0,589
user_07982,control,1.0,165.79,2024-06-10,mobile,IN,45.0,93
user_04595,control,1.0,191.08,,mobile,USA,41.0,67
user_07488,treatment,0.0,96.68,2024-02-10,tablet,United Kingdom,59.0,158
user_00760,control,1.0,36104.07,2024-08-19,mobile,USA,54.0,410
user_08923,control,1.0,"536,56",2024-03-29,mobile,US,50.0,597
user_02736,treatment,1.0,105.21,2024-07-23,desktop,India,61.0,505
user_07102,control,0.0,143.72,,tablet,USA,51.0,549
user_02918,control,1.0,155.5,,mobile,IN,33.0,590
user_05754,treatment,0.0,76.48,2024-11-08,tablet ,USA,53.0,159
user_06659,treatment,0.0,172.27,,desktop,US,27.0,105
user_03882,treatment,0.0,197.73,,desktop,US,46.0,391
user_00258,treatment,0.0,74.32,,tablet,India,22.0,222
user_02892,trt,0.0,172.27,2024-10-02,android,UK,39.0,175
user_01420,treatment,1.0,39.71,,mobile,USA,46.0,-16
user_01364,control,0.0,166.97,,android,USA,24.0,213
user_02880,control,1.0,33.96,,mobile,UK,42.0,0
user_02184,control,0.0,16.01,,desktop,India,22.0,200
user_06474,treatment,0.0,161.95,2024-08-26,mobile,IN,34.0,303
user_00920,control,0.0,135.73,2024-03-25,android,IN,43.0,450
user_06209,treatment,1.0,61.44,,desktop,US,39.0,230
user_00513,control,1.0,186.65,,mobile,USA,26.0,-89
user_00343,control,0.0,84.88,,desktop,US,29.0,-97
user_07798,treatment,1.0,72.83,,mobile,United States,26.0,401
user_04025,control,1.0,137.85,,desktop,IN,42.0,0
user_08538,treatment,0.0,172.27,,mobile,USA,51.0,129
user_01547,treatment,0.0,193.09,2024-01-03,mobile,USA,25.0,0
user_00768,treatment,1.0,41.01,,android,US,55.0,0
user_00623,treatment,1.0,118.05,,desktop,US,62.0,578
user_00412,control,0.0,106.95,,desktop,United States,41.0,284
user_00232,control,1.0,172.27,2024-02-11,tablet,US,49.0,367
user_00159,control,0.0,159.6,,mobile,India,35.0,150
user_01365,treatment,1.0,60.33,2024-12-28,mobile,USA,44.0,435
user_06083,control,1.0,163.37,,tablet,USA,58.0,138
user_07365,control,0.0,-61.28,,mobile,USA,32.0,530
user_01119,control,1.0,"816,89",2024-09-19,desktop,UK,42.0,135
user_02775,control,0.0,10394.57,2024-07-28,mobile,IN,42.0,545
user_07535,control,1.0,44.24,,mobile,USA,36.0,33
user_01294,control,0.0,87.52,2024-02-13,desktop,UK,23.0,361
user_07755,control,1.0,58.64,,desktop,United States,52.0,79
user_00596,control,0.0,22.22,2024-05-13,desktop,United States,59.0,-24
user_03093,treatment,0.0,64.06,2024-12-15,mobile,United Kingdom,65.0,128
user_04757,treatment,1.0,46.29,2024-04-27,desktop,United States,37.0,297
user_08324,control,0.0,95.16,,mobile,UK,46.0,255
user_06970,control,0.0,130.04,,mobile,India,29.0,67
user_00044,treatment,0.0,166.5,,desktop,United States,33.0,259
user_02240,treatment,1.0,170.36,,mobile,USA,43.0,-48
user_06318,treatment,1.0,71.36,,mobile,US,19.0,123
user_08124,control,0.0,79.13,,mobile ,United Kingdom,34.0,-30
user_08569,treatment,0.0,167.67,,desktop,IN,32.0,301
user_05204,control,1.0,145.34,,desktop,UK,47.0,315
user_08831,treatment,0.0,-17.73,,desktop,USA,56.0,-63
user_03944,control,1.0,-10.98,,mobile,United States,52.0,405
user_05548,treatment,1.0,-96.49,,mobile,India,45.0,227
user_03937,control,1.0,13.39,,desktop,United Kingdom,6.0,499
user_04825,control,1.0,156.42,,mobile,United Kingdom,39.0,71
user_00815,control,0.0,79.41,,iphone,US,51.0,307
user_08925,control,1.0,15.32,,mobile,IN,52.0,52
user_08098,treatment,1.0,66.97,2024-03-01,desktop,IN,57.0,238
user_05844,control,0.0,71.31,,android,United States,48.0,431
user_08471,treatment,0.0,86.98,,android,USA,59.0,252
user_04253,control,1.0,132.97,,desktop,United States,30.0,579
user_07729,treatment,0.0,73.23,,mobile ,UK,29.0,471
user_04452,control,0.0,101.68,,desktop,US,58.0,196
user_02404,treatment,0.0,134.01,,mobile,USA,48.0,542
user_00574,treatment,1.0,73.91,2024-02-26,mobile,US,42.0,-50
user_08336,control,1.0,167.37,,desktop,US,21.0,91
user_02395,control,0.0,20.64,,mobile,IN,64.0,106
user_04764,treatment,0.0,181.3,,desktop,US,56.0,488
user_01468,treatment,0.0,119.06,,mobile,USA,42.0,-76
user_04184,control,1.0,-49.82,2024-07-30,mobile,US,21.0,189
user_05747,control,2.0,$172.82,2024-01-01,desktop,US,42.0,211
user_05615,treatment,0.0,85.65,,mobile,India,31.0,294
user_01367,trt,1.0,126.36,,desktop,USA,30.0,548
user_06770,control,2.0,155.51,2024-06-08,desktop,IN,62.0,306
user_03824,treatment,1.0,172.27,,tablet,IN,62.0,0
user_07201,control,1.0,19.6,2024-10-29,mobile,USA,25.0,-58
user_08547,control,2.0,99.07,,mobile,UK,21.0,0
user_04831,treatment,1.0,127.69,2024-12-24,desktop,India,63.0,148
user_02458,control,1.0,92.01,,mobile,US,19.0,441
user_00352,treatment,0.0,172.27,,mobile,US,33.0,118
user_06867,control,1.0,47.21,,mobile,UK,39.0,523
user_05552,treatment,1.0,126.38,2024-05-06,desktop,UK,34.0,-98
user_04609,trt,1.0,42.16,,mobile,IN,55.0,299
user_04678,control,0.0,181.25,,tablet,UK,51.0,145
user_00567,control,0.0,185.02,,iphone,IN,44.0,169
user_02788,control,0.0,46.77,,desktop,US,59.0,243
user_07734,control,0.0,188.58,,mobile,India,20.0,589
user_00464,control,0.0,-51.93,2024-09-26,desktop,UK,34.0,290
user_07833,treatment,1.0,68.01,,mobile,US,38.0,93
user_05717,control,0.0,172.27,2024-02-29,tablet,USA,41.0,512
user_07044,control,0.0,131.41,,mobile,United States,29.0,358
user_01721,control,0.0,179.96,,desktop,UK,20.0,351
user_04624,control,0.0,178.66,,android,India,38.0,137
user_08241,treatment,1.0,181.85,2024-07-26,desktop,US,41.0,292
user_07433,control,1.0,-52.52,2024-04-11,mobile,UK,53.0,580
user_07874,control,1.0,16.8,,tablet,US,62.0,521
user_02390,treatment,0.0,-85.52,2024-02-29,desktop ,India,31.0,40
user_04396,control,1.0,43.44,,mobile,US,56.0,208
user_03039,test,1.0,131.93,2024-08-09,desktop,USA,32.0,376
user_03265,treatment,1.0,18.83,,tablet,India,64.0,538
user_00704,treatment,1.0,"652,47",2024-12-15,mobile,USA,39.0,97
user_07758,control,1.0,172.27,,mobile,USA,25.0,67
user_03695,control,0.0,185.1,,android,USA,60.0,0
user_01707,control,1.0,-55.82,,desktop,US,21.0,458
user_00893,control,0.0,125.43,,desktop,US,21.0,191
user_08467,treatment,0.0,68.32,,android,US,43.0,221
user_01357,control,1.0,74.89,,desktop,US,50.0,318
user_08735,control,1.0,185.26,,desktop,US,20.0,0
user_03114,treatment,0.0,177.89,2024-11-02,desktop,USA,42.0,306
user_04204,control,1.0,16.16,2024-07-16,mobile,USA,50.0,81
user_01452,control,1.0,145.4,2024-12-24,mobile,US,23.0,220
user_07966,control,0.0,92.39,,desktop,India,56.0,285
user_03607,trt,1.0,176.98,2024-02-20,mobile,USA,18.0,551
user_00140,treatment,1.0,94.88,2024-10-17,desktop,USA,53.0,33
user_08201,control,0.0,27.7,,desktop,IN,31.0,215
user_02200,treatment,1.0,141.63,,desktop,US,26.0,349
user_07979,control,0.0,112.57,2024-12-10,desktop,US,22.0,55
user_08946,control,1.0,68.69,2024-08-02,desktop,UK,29.0,426
user_02676,treatment,1.0,51.03,,android,USA,35.0,-89
user_05306,control,0.0,49.14,2024-12-29,mobile,United Kingdom,42.0,119
user_05855,treatment,1.0,172.27,2024-06-22,mobile,USA,36.0,33
user_06410,treatment,1.0,79.12,2024-04-15,mobile,USA,18.0,593
user_06486,treatment,0.0,125.44,2024-08-28,mobile,USA,48.0,247
user_03087,control,1.0,149.72,,mobile ,United States,36.0,278
user_00982,control,1.0,170.78,,tablet,United States,20.0,561
user_00483,treatment,1.0,25.04,,android,USA,57.0,305
user_07868,treatment,1.0,48.5,,mobile,United Kingdom,24.0,105
user_00116,treatment,0.0,17.01,,tablet,US,62.0,218
user_00266,trt,1.0,116.47,2024-03-06,iphone,United States,45.0,365
user_06727,control,1.0,-56.98,2024-01-13,mobile,UK,25.0,354
user_03832,trt,0.0,179.63,2024-02-13,mobile,United States,56.0,479
user_00933,control,0.0,152.71,,tablet,India,50.0,339
user_00471,treatment,0.0,42.85,,mobile,United Kingdom,44.0,140
user_05423,control,1.0,144.99,2024-10-13,desktop,UK,48.0,34
user_00727,control,1.0,176.77,,tablet,United Kingdom,42.0,225
user_00287,trt,1.0,143.92,,tablet,United States,25.0,-40
user_05560,control,0.0,188.02,,iphone,United States,48.0,109
user_05125,treatment,0.0,127.67,2024-03-13,desktop ,US,27.0,444
user_08967,control,0.0,$76.29,,iphone,USA,18.0,213
user_07668,treatment,1.0,55.81,,tablet,US,20.0,0
user_01957,treatment,0.0,100.12,2024-03-01,iphone,United Kingdom,25.0,511
user_04750,control,2.0,157.52,,desktop,US,25.0,296
user_07280,control,0.0,172.27,2024-04-20,desktop,UK,30.0,470
user_08642,treatment,0.0,42.17,2024-11-27,desktop,UK,32.0,350
user_05355,control,0.0,63.0,,mobile,United Kingdom,53.0,396
user_04171,control,0.0,48.11,,desktop,UK,40.0,434
user_07359,control,1.0,97.1,2024-01-06,desktop,USA,23.0,0
user_00919,control,1.0,172.27,,desktop,US,56.0,299
user_07688,control,0.0,158.9,,mobile,United States,37.0,-13
user_06381,control,1.0,16.27,,tablet,United Kingdom,59.0,0
user_03113,control,0.0,63.86,,tablet,US,42.0,78
user_01298,treatment,1.0,22.29,2024-11-02,desktop,India,42.0,-80
user_06944,treatment,0.0,25.49,2024-05-17,desktop,US,42.0,497
user_06523,control,0.0,18.71,,mobile,USA,59.0,491
user_06796,treatment,1.0,78.75,,mobile,United Kingdom,51.0,167
user_02682,treatment,1.0,153.28,,tablet,US,20.0,481
user_04370,treatment,0.0,140.19,2024-12-07,mobile,IN,65.0,433
user_00765,treatment,0.0,54.89,,desktop,USA,42.0,73
user_00048,treatment,1.0,73.72,,mobile,USA,32.0,154
user_02107,treatment,0.0,179.91,,tablet,IN,55.0,176
user_04235,treatment,0.0,199.96,,desktop,US,47.0,250
user_00178,treatment,1.0,138.0,,mobile,US,34.0,30
user_06126,control,1.0,10.84,2024-01-23,mobile,UK,58.0,358
user_07197,control,1.0,117.92,,desktop,USA,28.0,367
user_02650,control,0.0,$176.28,,mobile,US,51.0,284
user_04027,control,0.0,118.61,,desktop,United Kingdom,36.0,421
user_04914,control,0.0,194.93,,android,US,57.0,493
user_06379,treatment,1.0,125.75,2024-09-11,desktop,United Kingdom,40.0,463
user_07215,control,1.0,"143,81",2024-07-30,tablet,UK,54.0,471
user_07444,treatment,2.0,180.07,,mobile,US,19.0,486
user_08677,control,1.0,139.29,,tablet,IN,48.0,371
user_00702,control,1.0,70.32,,mobile,United States,22.0,315
user_00023,control,1.0,165.92,,desktop,United States,57.0,533
user_08476,treatment,1.0,65.0,,mobile,US,27.0,498
user_02346,treatment,1.0,172.27,2024-06-17,desktop,India,50.0,31
user_01897,trt,0.0,144.17,,mobile,United Kingdom,44.0,218
user_01658,treatment,1.0,42.3,2024-05-25,tablet,US,25.0,104
user_00041,treatment,2.0,33.04,,mobile,IN,28.0,466
user_03331,treatment,2.0,190.23,,mobile,IN,56.0,324
user_02267,control,0.0,65.06,2024-06-22,mobile,India,47.0,565
user_06614,treatment,1.0,129.44,,desktop,US,18.0,-22
user_00569,control,1.0,13.15,2024-04-11,iphone,India,61.0,194
user_01536,treatment,1.0,45.65,,tablet,IN,37.0,0
user_00001,control,0.0,193.38,2024-10-30,mobile,US,28.0,593
user_00486,control,1.0,16.95,,tablet,IN,37.0,556
user_01283,control,0.0,185.43,,tablet,US,18.0,168
user_01453,control,1.0,172.27,2024-11-22,desktop,India,32.0,318
user_03884,control,1.0,100.67,,mobile,US,28.0,587
user_00403,control,0.0,178.04,,mobile,India,24.0,305
user_00654,control,1.0,100.7,,mobile,USA,40.0,552
user_04420,treatment,0.0,163.34,,mobile,India,55.0,35
user_00589,treatment,1.0,140.28,2024-01-20,iphone,UK,20.0,84
user_02233,control,1.0,172.27,2024-07-25,android,United States,52.0,384
user_00546,control,0.0,33.6,,desktop,UK,24.0,79
user_08815,test,1.0,-57.1,,desktop,IN,48.0,161
user_02072,treatment,1.0,164.44,2024-12-22,mobile,US,55.0,451
user_02977,control,0.0,79.59,,desktop,United Kingdom,22.0,556
user_06787,control,1.0,191.21,,mobile,IN,32.0,471
user_03055,control,0.0,87.2,,mobile,India,36.0,463
user_08147,control,0.0,62.96,,android,USA,58.0,0
user_00971,treatment,1.0,70.85,,desktop,India,42.0,427
user_07395,treatment,1.0,"293,52",2024-06-02,desktop,US,37.0,524
user_03262,treatment,1.0,169.22,2024-08-09,desktop,United States,24.0,426
user_02590,trt,1.0,174.12,,mobile,US,31.0,475
user_07471,treatment,0.0,60.72,,desktop,India,49.0,495
user_05650,control,1.0,155.97,2024-10-04,desktop,USA,54.0,235
user_01646,treatment,1.0,168.94,2024-02-25,mobile,USA,50.0,210
user_00359,treatment,1.0,179.29,,mobile,US,37.0,183
user_02468,trt,1.0,41.01,2024-04-22,tablet,US,54.0,31
user_02931,control,1.0,192.73,2024-10-19,tablet,US,28.0,487
user_08613,treatment,0.0,12.46,2024-10-02,tablet,US,33.0,290
user_04900,control,1.0,189.04,,desktop,IN,28.0,310
user_00744,control,1.0,195.34,,mobile,United Kingdom,20.0,489
user_08369,control,1.0,54.62,2024-07-18,tablet,US,64.0,-47
user_02439,treatment,1.0,99.06,,tablet,USA,53.0,167
user_00142,control,0.0,101.27,2024-08-21,mobile,US,40.0,227
user_02613,control,0.0,81.36,,tablet,US,27.0,176
user_03616,treatment,0.0,75.2,,mobile,IN,41.0,317
user_02412,treatment,0.0,107.91,2024-05-29,mobile,USA,56.0,526
user_00097,control,0.0,135.53,,desktop,USA,26.0,100
user_00859,control,0.0,12.91,,mobile,USA,29.0,122
user_08060,control,0.0,42.16,,desktop,USA,47.0,137
user_00991,control,0.0,108.46,2024-02-21,desktop,US,38.0,507
user_07952,treatment,1.0,121.49,2024-11-18,desktop,US,23.0,292
user_06255,test,0.0,74.44,,desktop,US,57.0,301
user_03617,treatment,0.0,42.06,,mobile,US,43.0,258
user_05940,treatment,0.0,141.88,,tablet,US,42.0,-23
user_01179,control,0.0,36.93,,mobile,USA,20.0,77
user_01002,treatment,0.0,150.61,,mobile,United States,22.0,193
user_02754,control,1.0,189.2,,mobile,United States,45.0,353
user_08234,treatment,1.0,135.37,,desktop,United States,60.0,334
user_08456,control,1.0,172.27,,desktop,India,42.0,277
user_01653,treatment,1.0,$67.54,,tablet,USA,23.0,95
user_00233,control,1.0,30300.39,,mobile,US,41.0,0
user_00015,treatment,0.0,102.74,,mobile,US,18.0,0
user_05028,treatment,0.0,138.15,2024-01-23,tablet,India,40.0,71
user_01124,control,1.0,84.68,,tablet,US,54.0,244
user_01335,treatment,0.0,120.17,2024-04-30,tablet,United Kingdom,41.0,239
user_03451,treatment,1.0,172.27,,tablet,US,30.0,436
user_02764,control,1.0,146.93,,mobile,India,65.0,0
user_02526,control,2.0,172.27,2024-08-05,mobile,IN,26.0,246
user_06516,control,2.0,193.63,2024-04-07,desktop,USA,61.0,275
user_00725,treatment,0.0,152.77,,desktop,United Kingdom,48.0,283
user_07209,treatment,1.0,20.58,2024-06-26,desktop,US,55.0,531
user_06314,test,0.0,88.97,,tablet,USA,63.0,571
user_08848,treatment,1.0,159.95,,tablet,US,46.0,205
user_08143,treatment,1.0,158.44,,iphone,US,30.0,128
user_02035,control,0.0,78.15,,mobile,United Kingdom,46.0,242
user_06058,treatment,1.0,$24.7,,desktop,USA,27.0,-19
user_04872,treatment,1.0,180.53,2024-04-26,desktop,United Kingdom,62.0,33
user_00326,control,1.0,-44.44,,mobile,US,54.0,464
user_04520,treatment,1.0,145.5,,mobile,USA,34.0,433
user_04359,treatment,1.0,150.38,,tablet,UK,62.0,36
user_03910,treatment,1.0,24.53,,desktop,US,32.0,230
user_04311,control,1.0,172.27,,mobile,USA,24.0,36
user_01133,treatment,1.0,22.88,,desktop,US,53.0,-93
user_03394,treatment,1.0,62.1,,mobile,United States,52.0,190
user_00563,treatment,0.0,30.55,,desktop,USA,20.0,581
user_00141,treatment,0.0,139.45,,desktop,United States,52.0,295
user_06129,treatment,1.0,163.97,,desktop,IN,21.0,293
user_00578,treatment,0.0,108.79,,desktop,US,42.0,193
user_02315,trt,0.0,21.31,,mobile,United States,49.0,417
user_08063,treatment,0.0,-75.69,2024-01-21,desktop,United Kingdom,49.0,579
user_02850,treatment,2.0,172.27,,mobile,United States,62.0,526
user_01706,trt,0.0,90.29,,desktop,United States,31.0,0
user_07509,treatment,1.0,150.25,,desktop,UK,42.0,584
user_08049,treatment,1.0,43.76,,android,US,22.0,597
user_06684,control,1.0,31.28,2024-07-04,android,US,48.0,199
user_08464,treatment,0.0,148.25,2024-07-12,mobile,UK,30.0,457
user_08437,control,2.0,168.18,,tablet,US,58.0,435
user_07585,treatment,1.0,87.88,,tablet,US,45.0,341
user_05248,treatment,0.0,84.35,,android,United Kingdom,54.0,431
user_08152,control,0.0,83.55,,tablet,United States,42.0,383
user_00222,treatment,1.0,25.63,,mobile,IN,23.0,0
user_05863,control,1.0,185.47,2024-08-14,desktop,US,56.0,493
user_01174,treatment,1.0,104.38,2024-08-12,desktop,United Kingdom,60.0,514
user_00160,treatment,1.0,95.01,,mobile,United States,18.0,0
user_03890,control,0.0,89.25,2024-05-11,tablet,IN,60.0,115
user_06795,control,1.0,142.34,,desktop,US,47.0,241
user_04964,control,1.0,14.04,,desktop,US,49.0,224
user_04667,treatment,1.0,172.27,,desktop,IN,47.0,532
user_06484,treatment,1.0,33.15,,desktop,United Kingdom,34.0,505
user_03680,treatment,1.0,130.78,,mobile,US,31.0,519
user_00014,control,0.0,"899,72",,mobile,USA,55.0,372
user_03754,control,0.0,127.35,2024-10-08,desktop,USA,49.0,-38
user_03423,control,1.0,19.36,2024-10-02,mobile,US,22.0,176
user_04521,control,0.0,142.95,2024-04-08,desktop,USA,43.0,0
user_04028,treatment,1.0,120.46,2024-01-03,mobile,India,31.0,244
user_00345,control,0.0,195.91,,desktop,IN,18.0,231
user_02125,treatment,1.0,128.06,,iphone,US,30.0,331
user_03719,control,0.0,11.27,,desktop,United Kingdom,61.0,400
user_06046,trt,1.0,172.27,,mobile,UK,65.0,351
user_05357,treatment,1.0,172.27,,desktop,US,42.0,598
user_02103,control,0.0,28722.81,,desktop,United Kingdom,90.0,202
user_05399,treatment,1.0,27.16,,mobile,United States,38.0,404
user_00370,control,0.0,-45.47,,desktop,US,26.0,436
user_01346,control,2.0,"984,25",,mobile,United Kingdom,21.0,63
user_08133,treatment,1.0,"113,56",2024-05-21,mobile,US,51.0,-16
user_08796,control,0.0,14.12,,desktop,USA,28.0,463
user_00705,treatment,1.0,14.14,,desktop,IN,56.0,479
user_03906,control,1.0,20.11,,mobile,United States,32.0,197
user_04916,treatment,1.0,36.21,2024-03-20,mobile,US,23.0,364
user_08914,control,1.0,21.41,,mobile,USA,28.0,321
user_04176,control,1.0,129.03,,desktop,US,18.0,293
user_05837,control,0.0,43.78,,mobile,United States,57.0,-81
user_00865,control,0.0,108.49,2024-03-14,iphone,US,47.0,318
user_06845,control,0.0,196.95,,tablet,USA,23.0,530
user_06237,treatment,0.0,16.85,,desktop,United States,19.0,377
user_08508,control,1.0,73.58,2024-05-01,tablet,India,39.0,-13
user_04621,control,1.0,$81.66,2024-04-08,tablet,US,61.0,0
user_07523,control,0.0,172.27,,desktop,United States,62.0,142
user_01496,control,0.0,63.95,,tablet,USA,34.0,113
user_08756,treatment,1.0,15.32,2024-11-27,desktop,US,37.0,285
user_05211,control,1.0,121.85,,mobile,India,42.0,412
user_01944,treatment,1.0,59.52,2024-06-05,mobile,United Kingdom,42.0,382
user_07502,treatment,1.0,189.34,,iphone,USA,43.0,37
user_06538,control,0.0,33.5,,mobile,United Kingdom,30.0,148
user_05811,control,0.0,196.66,,desktop,IN,42.0,482
user_03075,control,1.0,105.96,,desktop,United Kingdom,60.0,145
user_01561,trt,1.0,72.76,2024-03-12,mobile,US,47.0,-36
user_08887,control,1.0,81.08,2024-07-02,mobile,United States,35.0,592
user_03312,control,0.0,133.28,2024-04-17,tablet,India,42.0,261
user_04227,control,1.0,168.0,,desktop,US,42.0,-48
user_05924,treatment,0.0,31.18,,mobile,US,20.0,0
user_00002,control,0.0,34.36,,mobile,IN,40.0,215
user_03387,control,1.0,78.38,2024-01-28,desktop,USA,42.0,481
user_05463,control,0.0,143.2,,desktop,US,41.0,74
user_08139,control,2.0,99.26,2024-08-19,mobile,United Kingdom,30.0,581
user_00670,trt,0.0,130.96,,mobile,United States,52.0,516
user_00396,control,1.0,166.51,,tablet,IN,30.0,561
user_02509,control,0.0,141.09,2024-11-29,desktop,US,22.0,542
user_00450,treatment,1.0,94.11,,iphone,IN,39.0,382
user_07434,control,0.0,40.84,2024-08-10,mobile,United Kingdom,42.0,-50
user_00553,treatment,1.0,40.67,2024-03-22,tablet,United States,22.0,453
user_08523,control,0.0,85.51,,mobile,USA,64.0,128
user_08992,trt,2.0,108.47,,tablet,US,37.0,490
user_07884,treatment,0.0,139.68,,mobile,US,35.0,0
user_01325,treatment,0.0,$159.48,2024-04-11,desktop,US,40.0,348
user_00199,control,1.0,198.02,,mobile,US,64.0,37
user_00879,treatment,2.0,163.28,2024-06-21,mobile,United States,63.0,345
user_01772,trt,1.0,141.32,,mobile,US,21.0,342
user_03628,treatment,0.0,58.42,,desktop,US,22.0,382
user_03637,control,1.0,135.52,,mobile,US,40.0,411
user_00605,control,1.0,126.39,,android,US,35.0,41
user_00718,control,0.0,180.5,2024-10-08,desktop,US,42.0,465
user_00816,treatment,0.0,$24.58,,desktop,US,19.0,0
user_01464,treatment,0.0,"113,57",2024-11-16,desktop,India,61.0,434
user_04179,treatment,0.0,-40.02,,desktop,UK,47.0,343
user_06143,treatment,1.0,114.88,2024-04-26,desktop,US,59.0,231
user_07536,treatment,0.0,128.81,,desktop,US,42.0,-80
user_07843,control,0.0,65.64,,tablet,US,31.0,493
user_00265,control,1.0,192.3,,desktop,United Kingdom,45.0,228
user_02841,test,0.0,172.27,,mobile,UK,22.0,-70
user_03218,treatment,0.0,10.09,,iphone,United States,42.0,510
user_04580,control,0.0,167.14,,desktop,UK,27.0,100
user_01958,test,0.0,127.12,,desktop,US,50.0,0
user_06393,trt,2.0,40.08,2024-11-13,desktop,US,32.0,-39
user_05758,control,1.0,-55.39,2024-10-03,mobile,United States,42.0,566
user_04306,treatment,1.0,172.27,,desktop,US,34.0,517
user_06016,control,1.0,135.48,,mobile,UK,35.0,187
user_05117,control,0.0,137.21,,desktop,United Kingdom,26.0,0
user_02966,control,1.0,177.57,2024-11-17,iphone,UK,54.0,440
user_03769,treatment,1.0,172.27,2024-10-25,tablet,India,32.0,413
user_01381,control,1.0,98.45,2024-05-20,mobile,US,36.0,256
user_00456,control,0.0,45.03,,mobile,USA,43.0,366
user_00300,treatment,0.0,143.96,2024-04-15,mobile,USA,36.0,145
user_01423,control,1.0,173.04,2024-08-16,mobile,India,22.0,127
user_05176,treatment,0.0,71.0,2024-08-15,tablet,USA,31.0,407
user_06799,control,0.0,154.66,,desktop,United Kingdom,27.0,456
user_08557,control,1.0,109.32,,desktop,USA,34.0,208
user_04839,treatment,1.0,179.58,,desktop,USA,24.0,187
user_02686,treatment,1.0,105.25,,android,IN,36.0,465
user_01343,treatment,0.0,194.83,,desktop,US,54.0,0
user_00485,control,0.0,75.82,,mobile,India,35.0,330
user_05484,control,0.0,156.02,,desktop,United Kingdom,39.0,399
user_04631,treatment,1.0,172.27,,android,IN,42.0,323
user_08448,control,0.0,29.7,,desktop,United States,51.0,293
user_08181,trt,0.0,43337.83,2024-02-23,mobile,US,39.0,220
user_03026,control,1.0,122.43,,desktop,US,39.0,50
user_07103,control,1.0,"948,69",,desktop,USA,41.0,227
user_01975,control,1.0,172.27,,mobile,US,31.0,147
user_05418,control,0.0,148.36,2024-02-14,tablet,USA,36.0,363
user_07464,treatment,1.0,139.22,2024-09-17,desktop,IN,38.0,243
user_01523,control,1.0,56.75,,mobile,UK,19.0,535
user_05437,trt,0.0,53.45,,tablet,USA,41.0,0
user_07477,control,2.0,14.83,2024-07-15,tablet,USA,65.0,0
user_07499,control,1.0,160.76,,desktop,US,42.0,111
user_08912,treatment,0.0,48.38,2024-01-30,mobile,US,42.0,323
user_03665,control,2.0,65.45,2024-10-11,desktop,US,56.0,426
user_06910,treatment,1.0,104.2,,tablet,USA,22.0,135
user_06476,control,1.0,58.63,,mobile,United Kingdom,56.0,577
user_03427,control,1.0,65.56,,desktop,India,42.0,419
user_01209,treatment,1.0,86.13,,desktop,IN,54.0,427
user_02498,treatment,2.0,190.68,,tablet,US,34.0,429
user_04695,treatment,0.0,56.94,,android,US,35.0,-92
user_08495,treatment,1.0,39.05,,mobile,India,27.0,-78
user_08673,treatment,1.0,154.25,,android,US,36.0,408
user_03593,treatment,1.0,47.6,,desktop,US,31.0,-41
user_06422,treatment,0.0,172.27,,tablet,UK,24.0,0
user_01666,control,2.0,172.27,2024-03-11,mobile,IN,22.0,573
user_00066,control,0.0,166.56,,iphone,US,48.0,396
user_02310,treatment,1.0,193.1,,desktop,US,58.0,110
user_04062,treatment,0.0,189.64,,mobile,UK,18.0,57
user_00329,treatment,0.0,172.27,2024-04-05,android,United Kingdom,36.0,142
user_00195,control,1.0,106.03,,tablet,US,43.0,330
user_00388,treatment,1.0,172.27,,mobile,IN,18.0,419
user_03729,treatment,0.0,"895,73",,desktop,UK,33.0,401
user_01868,treatment,1.0,126.34,,desktop,United Kingdom,64.0,0
user_04979,control,1.0,55.89,,mobile,United States,29.0,437
user_03712,treatment,0.0,41.64,,mobile,India,28.0,418
user_03298,control,0.0,88.26,,desktop,India,38.0,392
user_02980,control,2.0,86.64,,mobile,United States,44.0,127
user_01177,control,0.0,12.15,2024-07-03,desktop,United Kingdom,36.0,118
user_00227,treatment,0.0,153.07,,desktop,US,47.0,502
user_00248,control,1.0,-97.56,,desktop,USA,25.0,500
user_02258,treatment,0.0,172.27,,desktop,India,30.0,82
user_05800,treatment,0.0,24.9,,mobile,United States,18.0,558
user_01634,control,0.0,123.63,,mobile,USA,32.0,221
user_04293,treatment,1.0,191.7,,mobile,UK,33.0,182
user_05446,control,1.0,10.19,,mobile,United Kingdom,23.0,304
user_04676,control,1.0,$35.58,,mobile,USA,27.0,359
user_00168,trt,0.0,57.56,,mobile,USA,19.0,423
user_03049,treatment,0.0,169.25,,android,UK,42.0,156
user_05813,treatment,1.0,143.33,2024-12-14,desktop,India,42.0,168
user_06296,trt,1.0,-92.48,,desktop,US,62.0,339
user_08585,control,1.0,116.44,,tablet,USA,49.0,344
user_07450,control,0.0,172.27,,mobile,US,20.0,553
user_03455,treatment,0.0,94.97,,desktop,UK,34.0,332
user_01421,control,0.0,55.14,,desktop,USA,58.0,521
user_00667,control,1.0,117.88,,desktop,United States,23.0,546
user_02338,treatment,0.0,23700.46,,desktop,UK,35.0,61
user_06683,treatment,1.0,103.79,,tablet,US,53.0,435
user_07904,treatment,0.0,149.02,,mobile,USA,90.0,463
user_01668,treatment,1.0,74.31,,desktop,IN,49.0,0
user_06831,control,1.0,-73.17,,tablet,US,42.0,327
user_02549,control,0.0,52.51,2024-10-22,mobile,IN,51.0,175
user_05677,treatment,1.0,$99.44,2024-02-12,desktop,US,59.0,588
user_06211,control,0.0,-31.54,2024-01-31,android,United Kingdom,59.0,133
user_05030,control,1.0,145.53,,iphone,US,51.0,467
user_00111,control,1.0,187.4,,tablet,India,51.0,442
user_06532,treatment,0.0,168.37,2024-06-17,mobile,India,52.0,100
user_01700,control,2.0,120.18,,desktop,United Kingdom,48.0,128
user_08121,treatment,1.0,$164.4,,desktop,USA,58.0,113
user_07676,treatment,1.0,184.46,,tablet,India,30.0,0
user_07155,treatment,1.0,54.52,,iphone,US,42.0,193
user_03806,treatment,1.0,$20.68,,tablet,IN,46.0,413
user_05779,trt,1.0,172.27,,mobile,United States,50.0,295
user_04763,control,0.0,141.82,2024-11-10,desktop,United Kingdom,52.0,90
user_07556,treatment,1.0,188.24,,mobile,US,32.0,134
user_08389,treatment,2.0,148.57,2024-10-09,mobile,US,39.0,214
user_02473,control,1.0,22.81,2024-12-25,desktop,US,62.0,-67
user_06117,treatment,1.0,-81.32,,desktop,United Kingdom,49.0,-22
user_05537,control,1.0,153.45,,desktop ,US,47.0,434
user_03862,control,1.0,45.78,,mobile,USA,18.0,433
user_07117,control,1.0,170.27,,mobile,United States,55.0,205
user_06943,treatment,1.0,14.89,2024-08-13,mobile,IN,25.0,363
user_06472,control,2.0,198.71,,desktop,US,53.0,498
user_00178,treatment,0.0,17.93,,desktop,UK,42.0,404
user_06161,control,0.0,122.99,2024-01-16,mobile,USA,37.0,35
user_01565,treatment,1.0,17.91,2024-07-15,tablet,IN,33.0,140
user_00366,control,0.0,64.72,,mobile,UK,22.0,385
user_01619,control,1.0,172.27,,mobile,India,30.0,255
user_01925,treatment,1.0,82.19,2024-08-04,desktop,United Kingdom,55.0,219
user_00349,control,0.0,194.87,,mobile,US,27.0,479
user_05217,treatment,0.0,188.62,,tablet,United States,39.0,549
user_00720,control,2.0,174.98,,desktop,India,31.0,-11
user_00447,control,0.0,183.55,,mobile,US,53.0,564
user_05674,treatment,1.0,122.9,,mobile,India,57.0,-63
user_08493,trt,0.0,$158.21,,desktop,US,60.0,429
user_00086,control,0.0,168.13,2024-05-31,desktop,United States,41.0,351
user_05639,control,1.0,135.34,,mobile,India,36.0,92
user_02508,test,0.0,191.03,,desktop,India,53.0,152
user_08484,treatment,1.0,184.54,,tablet,US,28.0,41
user_02970,treatment,0.0,74.29,2024-05-15,desktop,US,40.0,411
user_04822,control,0.0,78.76,,tablet,United Kingdom,49.0,552
user_05254,control,1.0,58.26,2024-01-08,desktop,US,54.0,70
user_05424,control,0.0,134.18,,desktop,US,27.0,481
user_06060,control,0.0,61.65,,mobile,India,34.0,298
user_03663,control,0.0,103.09,2024-03-14,iphone,US,36.0,-63
user_06670,treatment,1.0,172.27,,mobile,UK,33.0,396
user_01745,treatment,1.0,-92.87,2024-07-13,desktop,United States,37.0,0
user_07138,treatment,0.0,26.94,,desktop,US,54.0,323
user_08775,control,1.0,172.27,,mobile,India,50.0,-15
user_05480,control,0.0,40.39,,desktop,USA,25.0,0
user_01790,control,1.0,129.79,,desktop,IN,44.0,524
user_04172,control,0.0,14.5,2024-10-14,desktop,US,42.0,315
user_00488,treatment,1.0,39346.36,,desktop,IN,48.0,0
user_08616,control,1.0,"452,50",2024-09-25,tablet,US,27.0,251
user_06674,control,1.0,116.19,,tablet,UK,34.0,545
user_00927,trt,0.0,187.35,2024-11-07,mobile,United Kingdom,20.0,383
user_05780,control,1.0,121.85,2024-07-30,mobile,IN,54.0,93
user_00998,control,1.0,189.71,2024-04-10,desktop,US,31.0,451
user_08646,control,0.0,172.27,,desktop,USA,35.0,527
user_01610,control,1.0,123.41,,mobile,India,54.0,191
user_04660,control,0.0,57.21,,mobile,US,26.0,-41
user_06482,control,1.0,78.3,,mobile,US,48.0,324
user_06265,control,1.0,21283.95,,desktop,US,53.0,308
user_00027,treatment,0.0,172.27,2024-01-20,mobile,USA,56.0,-66
user_06889,control,0.0,77.29,,mobile,United States,63.0,102
user_00966,treatment,1.0,88.44,,tablet,US,53.0,62
user_06391,treatment,1.0,38.01,,desktop,India,45.0,521
user_08272,control,1.0,17.43,,desktop,US,31.0,234
user_06762,control,1.0,59.89,,desktop,USA,31.0,287
user_07270,treatment,0.0,172.27,2024-07-02,mobile,US,18.0,512
user_04525,control,1.0,-36.76,,tablet,UK,52.0,185
user_02501,control,1.0,28331.64,,mobile,United States,47.0,582
user_03095,control,1.0,90.07,,mobile,India,24.0,113
user_01355,control,0.0,148.58,,android,United Kingdom,50.0,0
user_05296,control,1.0,83.28,2024-12-05,desktop,USA,54.0,482
user_04158,control,1.0,-62.2,,desktop,United States,36.0,0
user_02369,treatment,0.0,195.44,,mobile,India,54.0,419
user_00363,control,0.0,172.27,,desktop,UK,32.0,582
user_04770,treatment,0.0,113.36,,mobile,IN,22.0,62
user_06036,treatment,0.0,157.15,,tablet,UK,21.0,214
user_06419,control,0.0,11.1,,mobile,United States,53.0,476
user_03258,treatment,1.0,76.63,2024-02-04,mobile,UK,37.0,460
user_05172,treatment,0.0,82.19,2024-01-08,tablet,US,46.0,189
user_08003,trt,2.0,172.27,,tablet,United States,55.0,447
user_08373,control,1.0,188.27,2024-12-06,tablet,India,32.0,77
user_01620,treatment,0.0,140.71,2024-12-21,iphone,US,36.0,177
user_07525,control,0.0,129.31,,desktop,USA,21.0,482
user_01953,treatment,1.0,"189,75",2024-09-30,tablet,US,65.0,149
user_07401,treatment,0.0,26.67,,android,US,29.0,155
user_04640,treatment,1.0,-96.07,,tablet,United Kingdom,40.0,86
user_01188,control,0.0,27.6,,android,US,59.0,246
user_00251,control,0.0,72.01,,desktop,United States,42.0,478
user_06949,treatment,0.0,173.51,2024-03-27,desktop,IN,39.0,456
user_08064,treatment,1.0,172.27,2024-12-12,desktop,United Kingdom,32.0,188
user_00584,treatment,1.0,"147,43",,tablet,IN,60.0,213
user_06225,treatment,0.0,35.53,,desktop,USA,63.0,282
user_01819,control,1.0,37.88,,mobile,IN,62.0,466
user_00335,trt,0.0,48.45,,mobile,US,60.0,532
user_08096,control,1.0,180.59,,tablet,US,46.0,523
user_05522,treatment,1.0,114.65,,desktop,United Kingdom,28.0,467
user_08149,control,1.0,172.27,,mobile,US,62.0,190
user_03710,treatment,2.0,79.19,,mobile,India,42.0,549
user_07456,control,1.0,172.27,,desktop,India,20.0,52
user_00944,control,0.0,183.46,2024-01-25,desktop,USA,60.0,580
user_02475,control,0.0,54.98,,mobile,United States,63.0,522
user_05354,control,1.0,53.75,,mobile,United Kingdom,24.0,313
user_00073,treatment,1.0,56.62,,tablet,UK,37.0,477
user_07182,treatment,0.0,42.14,,tablet,US,54.0,185
user_07530,control,0.0,-93.0,2024-01-15,tablet,IN,38.0,91
user_07840,treatment,1.0,32.56,,desktop,US,31.0,515
user_05921,control,0.0,101.01,,mobile,US,39.0,0
user_05039,treatment,0.0,100.16,,mobile,US,26.0,47
user_01089,treatment,1.0,147.6,,mobile,US,51.0,524
user_06108,control,2.0,78.98,,tablet,US,40.0,215
user_01441,trt,1.0,190.47,2024-11-28,desktop,IN,55.0,0
user_02218,treatment,1.0,172.27,2024-07-15,tablet,US,25.0,95
user_00564,control,1.0,28.98,2024-05-14,tablet,USA,20.0,503
user_02722,treatment,1.0,61.53,2024-03-02,tablet,United States,55.0,104
user_08840,treatment,0.0,190.05,,mobile,United States,34.0,589
user_04416,treatment,1.0,165.58,,tablet,IN,64.0,0
user_08310,trt,2.0,176.12,2024-09-26,mobile,US,49.0,-21
user_07594,treatment,1.0,67.56,2024-05-19,desktop,United States,48.0,66
user_08203,treatment,1.0,125.25,2024-03-21,desktop,United States,38.0,503
user_08302,control,1.0,-86.53,2024-02-16,mobile,US,26.0,170
user_00678,control,0.0,42.07,,desktop,United States,60.0,237
user_00033,control,0.0,45.23,,tablet,US,51.0,543
user_02183,control,0.0,20.12,,mobile,IN,43.0,348
user_00887,treatment,1.0,82.9,,mobile,US,26.0,181
user_00029,control,0.0,149.13,,mobile,US,6.0,0
user_07315,trt,1.0,177.33,,desktop,US,44.0,39
user_01145,control,0.0,129.56,2024-02-08,mobile,IN,37.0,0
user_08857,treatment,1.0,91.99,2024-03-21,mobile,India,28.0,266
user_02783,treatment,1.0,11046.32,,desktop,USA,35.0,31
user_06244,control,1.0,53.17,2024-01-15,tablet,UK,90.0,332
user_07428,control,0.0,22.67,,mobile,United States,18.0,489
user_03422,treatment,0.0,48.82,,desktop,US,49.0,544
user_01881,control,0.0,172.27,,desktop,IN,29.0,181
user_01297,treatment,0.0,108.03,,android,USA,23.0,373
user_00208,control,0.0,179.73,,desktop,USA,42.0,0
user_06316,treatment,0.0,161.34,,desktop,UK,27.0,537
user_05349,control,1.0,150.32,2024-04-18,iphone,USA,48.0,296
user_01393,treatment,0.0,172.27,,desktop,India,21.0,560
user_07810,control,0.0,"962,52",,tablet,USA,34.0,527
user_05017,treatment,0.0,172.27,2024-06-09,mobile,US,18.0,-32
user_06006,control,0.0,65.65,2024-10-19,tablet,US,51.0,0
user_06267,treatment,0.0,172.27,,desktop,UK,43.0,311
user_07094,treatment,1.0,"723,99",,desktop,US,24.0,0
user_06169,control,0.0,149.33,,mobile,United States,52.0,410
user_01600,control,1.0,-96.74,,desktop,USA,57.0,486
user_07462,control,1.0,91.74,,tablet,IN,39.0,399
user_00573,treatment,1.0,39.7,2024-03-06,desktop,UK,44.0,282
user_06690,treatment,0.0,172.27,,desktop,USA,32.0,128
user_03348,control,0.0,"407,81",,mobile,India,40.0,0
user_04493,control,0.0,58.78,,tablet,India,59.0,437
user_03073,treatment,1.0,137.7,,desktop,UK,49.0,323
user_00608,control,1.0,94.32,,mobile,US,61.0,155
user_08587,control,0.0,$115.85,,mobile,United Kingdom,27.0,101
user_05387,control,0.0,172.27,2024-02-26,tablet,USA,51.0,0
user_04966,control,0.0,128.62,,mobile,USA,50.0,556
user_04467,control,1.0,44.48,,desktop,United Kingdom,47.0,523
user_01111,treatment,1.0,38695.54,,mobile,US,35.0,350
user_04466,control,0.0,103.76,,android,India,31.0,440
user_00566,treatment,1.0,54.98,2024-11-04,mobile,IN,50.0,210
user_04088,treatment,1.0,191.34,,android,USA,27.0,222
user_05343,treatment,1.0,37.86,,iphone,United Kingdom,44.0,567
user_02070,control,0.0,150.07,2024-03-10,iphone,US,42.0,313
user_00214,control,0.0,172.27,2024-12-18,desktop,IN,90.0,49
user_02220,control,1.0,111.14,,desktop,US,59.0,31
user_02656,control,1.0,$92.58,,desktop,USA,42.0,396
user_00614,control,1.0,98.58,,mobile,USA,53.0,581
user_01991,treatment,0.0,151.2,2024-06-09,desktop,USA,28.0,390
user_00507,trt,1.0,-91.35,,mobile,UK,33.0,394
user_02377,control,0.0,172.27,2024-05-10,iphone,United States,35.0,500
user_06066,treatment,1.0,92.79,,android,United Kingdom,47.0,-69
user_02934,control,1.0,152.97,2024-05-02,tablet,United Kingdom,42.0,75
user_06685,control,1.0,139.39,,android,US,55.0,423
user_04801,control,0.0,165.1,,tablet,India,49.0,503
user_05479,treatment,0.0,12.71,,tablet,UK,32.0,474
user_03901,control,0.0,50.35,2024-01-30,desktop,US,59.0,278
user_07048,test,1.0,30.03,,tablet,India,54.0,138
user_07292,control,0.0,22.87,,tablet,US,59.0,402
user_00257,trt,1.0,81.9,,desktop,US,53.0,-26
user_07923,control,1.0,93.48,2024-04-16,tablet,United Kingdom,20.0,131
user_00659,control,0.0,64.16,2024-12-04,mobile,US,61.0,351
user_08528,trt,0.0,"332,66",2024-06-02,desktop,IN,35.0,595
user_00652,treatment,1.0,152.23,,mobile,United States,23.0,50
user_00868,treatment,0.0,172.27,,tablet,USA,56.0,197
user_08801,treatment,1.0,50.03,,mobile,UK,37.0,260
user_08885,control,1.0,103.31,2024-10-17,tablet,USA,61.0,502
user_00372,control,1.0,42995.33,2024-02-04,tablet,UK,52.0,66
user_06398,treatment,0.0,"385,27",,desktop,United Kingdom,37.0,571
user_07067,trt,0.0,131.99,,mobile,US,21.0,371
user_04410,control,1.0,197.14,,mobile,United States,57.0,557
user_02139,control,1.0,184.92,,desktop,US,43.0,91
user_04071,treatment,2.0,"283,74",,mobile,UK,25.0,305
user_08129,control,0.0,185.97,2024-08-09,tablet,India,64.0,478
user_06130,treatment,0.0,36.13,2024-12-25,mobile,UK,57.0,45
user_02435,control,1.0,$47.34,,tablet,United Kingdom,57.0,378
user_06777,treatment,0.0,174.33,,desktop,US,39.0,439
user_00805,control,0.0,-46.64,,mobile,United States,62.0,460
user_05115,treatment,2.0,172.27,,tablet,US,33.0,451
user_00382,control,1.0,153.08,,mobile,India,41.0,586
user_00061,treatment,1.0,142.74,,tablet,India,22.0,388
user_04408,treatment,0.0,162.14,2024-01-10,mobile,US,43.0,-98
user_07497,control,0.0,118.87,,mobile,United States,35.0,468
user_03744,control,1.0,45.84,,desktop,US,25.0,158
user_02374,control,1.0,30.11,,desktop,US,55.0,376
user_06317,treatment,1.0,132.22,2024-09-04,tablet,USA,34.0,41
user_01558,treatment,0.0,87.59,,desktop,US,37.0,34
user_00544,trt,0.0,174.08,2024-10-06,tablet,USA,44.0,0
user_00242,treatment,1.0,183.69,,tablet,United Kingdom,22.0,73
user_00326,treatment,0.0,98.81,2024-06-01,mobile,IN,53.0,184
user_00733,treatment,1.0,"738,79",2024-07-09,tablet,India,59.0,522
user_01295,treatment,0.0,$54.02,,mobile,US,45.0,395
user_00822,control,1.0,148.58,,android,India,37.0,275
user_03396,control,0.0,46.94,2024-02-05,desktop,IN,49.0,275
user_04385,treatment,0.0,15.08,,mobile,UK,35.0,0
user_07354,control,1.0,195.79,2024-05-02,mobile,US,54.0,75
user_02499,treatment,0.0,106.44,,mobile,USA,47.0,59
user_03877,control,0.0,139.18,,iphone,UK,39.0,197
user_07799,control,2.0,35001.1,,mobile,US,50.0,472
user_01592,treatment,2.0,25.8,,mobile,US,59.0,462
user_04776,treatment,1.0,40.12,2024-01-29,mobile,India,26.0,178
user_04191,treatment,1.0,171.56,,iphone,UK,27.0,338
user_06753,control,1.0,159.03,2024-08-18,desktop,US,56.0,424
user_00709,control,2.0,97.95,,mobile,USA,24.0,556
user_05502,control,0.0,21.52,,mobile,United States,18.0,0
user_03078,treatment,1.0,68.77,,mobile,UK,53.0,583
user_08870,treatment,0.0,172.27,2024-06-08,tablet,IN,38.0,148
user_03495,control,1.0,162.94,2024-01-31,tablet,US,33.0,-67
user_06411,treatment,0.0,84.11,2024-11-03,mobile,USA,22.0,64
user_00223,control,1.0,92.95,,tablet,USA,28.0,115
user_04665,test,1.0,$173.74,,desktop,IN,42.0,434
user_02144,control,1.0,174.36,2024-03-08,mobile,IN,39.0,461
user_04122,control,1.0,99.64,,mobile,USA,35.0,287
user_01483,control,1.0,48.42,,iphone,USA,47.0,265
user_04331,treatment,1.0,-80.79,2024-07-30,tablet,USA,38.0,520
user_00703,trt,1.0,112.16,,tablet,United States,38.0,582
user_06584,control,0.0,102.76,,mobile,USA,58.0,476
user_00286,control,0.0,98.26,,mobile,IN,61.0,479
user_06533,treatment,1.0,22.28,2024-01-25,mobile,IN,18.0,403
user_03612,treatment,1.0,143.16,,mobile,UK,42.0,433
user_00317,control,0.0,19.45,,desktop,IN,38.0,570
user_05073,control,0.0,100.29,,tablet,USA,43.0,141
user_06114,control,1.0,168.36,,mobile,United Kingdom,24.0,408
user_07797,control,1.0,120.72,2024-12-04,mobile,US,47.0,255
user_05735,control,0.0,22950.77,2024-11-09,iphone,UK,38.0,346
user_04449,treatment,1.0,172.27,,desktop,USA,41.0,207
user_04949,treatment,0.0,151.28,,desktop,India,21.0,112
user_04103,control,2.0,$126.48,,desktop,US,42.0,476
user_04372,control,0.0,65.04,,tablet,US,61.0,97
user_06452,treatment,1.0,31.91,,tablet,India,30.0,231
user_02264,control,0.0,115.62,,tablet,USA,42.0,-98
user_01864,control,0.0,125.78,,tablet,US,37.0,356
user_05157,control,0.0,142.96,,desktop,US,50.0,0
user_00929,control,0.0,172.47,2024-12-14,mobile,United Kingdom,38.0,65
user_04198,control,1.0,173.44,2024-12-27,mobile,US,62.0,421
user_05881,treatment,0.0,172.27,,mobile,United States,42.0,82
user_01406,treatment,1.0,-72.51,,android,India,56.0,578
user_04992,treatment,0.0,53.17,,desktop,US,42.0,261
user_04205,control,2.0,47.56,,desktop,UK,42.0,192
user_05926,treatment,1.0,172.27,,desktop,UK,34.0,-89
user_07422,control,1.0,"729,44",,desktop,US,39.0,237
user_04517,treatment,1.0,136.04,2024-04-04,desktop,United Kingdom,39.0,367
user_06257,treatment,0.0,101.89,,desktop,US,31.0,72
user_01431,treatment,0.0,38.1,2024-03-01,tablet,US,28.0,134
user_07527,control,0.0,88.48,,mobile,India,51.0,100
user_05973,treatment,0.0,92.8,2024-01-27,android,USA,31.0,261
user_07263,control,1.0,100.03,,desktop,USA,45.0,-37
user_00354,control,1.0,36.7,,tablet,USA,45.0,147
user_01839,control,2.0,111.33,,desktop,UK,32.0,541
user_06009,treatment,0.0,-90.67,2024-08-07,mobile,India,61.0,314
user_05878,control,0.0,172.27,,tablet,US,46.0,287
user_04263,treatment,0.0,-28.66,,mobile,United Kingdom,34.0,0
user_02153,control,2.0,74.3,2024-10-15,tablet,United Kingdom,61.0,151
user_01567,control,0.0,95.69,,iphone,US,27.0,274
user_06380,control,1.0,119.65,,mobile,US,36.0,-32
user_07191,treatment,0.0,158.1,,desktop,US,18.0,70
user_02282,control,0.0,116.27,,iphone,United States,37.0,589
user_02652,control,0.0,172.27,,mobile,India,40.0,76
user_02804,treatment,0.0,73.25,,mobile,US,52.0,235
user_08778,treatment,1.0,77.03,,tablet,IN,27.0,300
user_06224,treatment,0.0,142.12,,desktop,USA,41.0,449
user_07141,treatment,0.0,84.72,,iphone,IN,23.0,124
user_04661,treatment,0.0,159.31,2024-03-12,iphone ,United States,51.0,489
user_01874,trt,0.0,-76.2,2024-05-03,desktop,US,57.0,117
user_02720,treatment,0.0,161.74,,desktop,US,38.0,444
user_00881,control,2.0,172.27,,tablet,India,23.0,570
user_02994,control,0.0,177.5,2024-01-26,mobile,USA,49.0,197
user_00608,control,1.0,40.53,,mobile,USA,58.0,59
user_03294,treatment,1.0,23.92,2024-03-28,desktop,US,51.0,173
user_02726,treatment,1.0,116.55,,desktop,UK,41.0,241
user_05284,treatment,1.0,22.36,2024-10-20,mobile,US,58.0,52
user_03341,treatment,0.0,183.19,,desktop,India,29.0,225
user_06606,control,1.0,188.75,2024-11-16,tablet,IN,64.0,179
user_02424,treatment,1.0,61.91,2024-09-06,tablet,US,59.0,521
user_02356,control,1.0,76.17,,mobile,US,64.0,281
user_07670,control,0.0,69.87,,mobile,US,42.0,-40
user_00786,treatment,1.0,190.81,,desktop,USA,34.0,501
user_02965,control,0.0,114.29,2024-11-21,mobile,India,45.0,132
user_03675,control,0.0,81.78,,mobile,IN,58.0,119
user_03633,control,0.0,160.69,,desktop,USA,57.0,574
user_02681,control,1.0,46.72,,mobile,United Kingdom,48.0,564
user_02778,treatment,0.0,99.22,,mobile,US,24.0,248
user_02988,control,1.0,88.56,,tablet,IN,41.0,280
user_04501,control,0.0,50.53,2024-08-23,desktop,US,23.0,173
user_00097,control,1.0,166.93,,desktop,USA,38.0,64
user_03823,test,2.0,157.83,,mobile,India,29.0,123
user_02325,treatment,1.0,39.96,,mobile,IN,63.0,456
user_00664,control,1.0,116.08,2024-05-07,tablet,UK,39.0,0
user_07274,treatment,1.0,-62.65,2024-05-09,mobile,United Kingdom,40.0,335
user_00129,test,1.0,42.37,,desktop ,United Kingdom,42.0,452
user_05947,treatment,1.0,92.27,,desktop,India,42.0,564
user_00019,trt,1.0,188.61,,android,IN,19.0,147
user_08294,treatment,0.0,168.97,,desktop ,USA,58.0,0
user_00932,control,0.0,184.43,,tablet,India,56.0,545
user_08183,treatment,1.0,132.94,,desktop,US,38.0,176
user_00599,treatment,0.0,150.48,2024-08-12,mobile,US,28.0,490
user_04929,treatment,0.0,80.25,2024-05-01,android,IN,5.0,294
user_04288,treatment,2.0,139.52,,mobile,India,60.0,562
user_00648,treatment,1.0,127.86,,tablet,India,19.0,108
user_05739,treatment,2.0,41.08,2024-03-24,desktop,US,46.0,503
user_03620,control,1.0,50.38,2024-01-04,mobile,US,27.0,578
user_05607,treatment,1.0,145.54,,mobile,US,25.0,0
user_05852,control,1.0,103.57,2024-01-24,desktop,US,37.0,61
user_06847,control,0.0,-94.08,2024-02-14,android,US,28.0,272
user_02237,control,0.0,172.27,2024-06-23,android,India,60.0,445
user_03895,treatment,1.0,100.13,,tablet,IN,58.0,565
user_03393,control,1.0,42.95,,desktop,India,54.0,268
user_04821,treatment,1.0,172.27,2024-03-03,tablet,US,56.0,390
user_02712,control,2.0,17.72,,desktop,United Kingdom,39.0,481
user_04395,treatment,1.0,$21.32,2024-06-25,tablet,United States,39.0,404
user_00894,control,0.0,22.68,2024-09-20,mobile,India,36.0,0
user_06652,treatment,0.0,60.63,2024-06-16,desktop,US,65.0,580
user_04378,control,0.0,$54.31,,mobile,IN,60.0,233
user_03219,control,2.0,172.27,,android,United Kingdom,45.0,-66
user_07740,control,1.0,177.1,,mobile,US,28.0,299
user_01906,treatment,0.0,44.34,2024-09-04,tablet,United Kingdom,35.0,423
user_06148,control,0.0,115.47,,iphone,United Kingdom,31.0,341
user_05400,control,0.0,43.04,2024-07-09,mobile,IN,55.0,365
user_05001,control,2.0,96.05,,mobile,India,30.0,577
user_06336,control,1.0,20.01,,desktop,US,32.0,579
user_00737,treatment,1.0,184.56,2024-10-23,mobile,India,27.0,441
user_02140,treatment,2.0,169.38,2024-06-06,tablet,US,59.0,0
user_01680,treatment,1.0,30.07,,mobile,United States,21.0,490
user_08688,control,2.0,141.15,2024-01-10,mobile,US,43.0,120
user_00082,treatment,0.0,83.39,2024-12-25,desktop,US,45.0,506
user_04110,treatment,0.0,153.62,,desktop,UK,42.0,547
user_07245,treatment,1.0,172.27,,mobile,India,52.0,246
user_02269,control,1.0,70.53,,mobile,India,37.0,132
user_07639,control,1.0,194.41,,desktop,US,46.0,345
user_00920,control,0.0,128.23,,mobile,US,29.0,257
user_03716,control,0.0,"274,61",,desktop,USA,20.0,-70
user_08357,treatment,1.0,124.22,,mobile,USA,49.0,595
user_06549,control,1.0,131.46,2024-10-02,mobile,US,24.0,348
user_00064,treatment,1.0,10.9,,mobile,India,58.0,536
user_04747,control,1.0,"596,87",,mobile,USA,62.0,393
user_05258,treatment,2.0,-37.82,,desktop,US,39.0,-29
user_07881,treatment,0.0,182.91,,desktop,India,51.0,368
user_07919,control,0.0,172.27,,mobile,USA,44.0,554
user_04358,treatment,0.0,36.34,,android,United Kingdom,26.0,255
user_06110,treatment,0.0,$135.2,2024-05-01,desktop,USA,59.0,206
user_00707,control,1.0,24.87,2024-07-25,android,US,22.0,226
user_02669,treatment,1.0,172.27,,desktop,IN,39.0,75
user_02243,control,2.0,168.83,2024-08-11,mobile,USA,62.0,68
user_00999,control,1.0,56.26,,desktop,UK,11.0,385
user_02054,control,0.0,172.27,2024-10-01,tablet,USA,21.0,36
user_06073,treatment,1.0,"612,63",2024-12-07,tablet,USA,47.0,235
user_05957,treatment,0.0,$169.87,,mobile,USA,57.0,211
user_03109,control,1.0,172.27,2024-01-01,desktop,US,28.0,445
user_04644,treatment,2.0,26.4,,desktop,United States,42.0,463
user_02943,control,1.0,33.26,2024-09-08,tablet,USA,23.0,488
user_01000,control,0.0,39.13,,desktop,USA,42.0,0
user_02102,control,1.0,27.58,,mobile,US,59.0,71
user_00212,control,1.0,102.23,2024-07-07,desktop,US,63.0,72
user_07823,control,0.0,172.27,,mobile,US,90.0,-58
user_01615,treatment,1.0,107.75,,tablet,US,45.0,280
user_06988,control,1.0,173.25,2024-06-02,tablet,United Kingdom,52.0,165
user_00162,control,1.0,94.89,2024-01-04,tablet,US,18.0,-60
user_02002,control,1.0,97.03,,tablet,USA,32.0,555
user_03066,trt,0.0,170.68,,mobile,United Kingdom,25.0,598
user_03010,treatment,1.0,87.49,,desktop,USA,54.0,486
user_00098,treatment,1.0,172.27,,mobile,US,49.0,302
user_04928,test,0.0,172.27,,mobile,US,18.0,0
user_00435,control,0.0,$62.58,,mobile,India,65.0,537
user_06150,treatment,0.0,13.07,2024-02-05,desktop,US,41.0,459
user_07376,control,1.0,101.47,,mobile,USA,49.0,-54
user_05610,trt,0.0,-52.67,,mobile,USA,40.0,330
user_07915,control,0.0,130.22,,desktop,IN,27.0,292
user_03909,treatment,0.0,86.75,2024-04-02,mobile,IN,26.0,274
user_08013,control,1.0,172.27,2024-08-11,android,United States,32.0,202
user_05964,trt,2.0,19.95,2024-10-14,desktop,USA,42.0,63
user_06245,control,0.0,179.26,,mobile,India,42.0,480
user_07660,control,0.0,"578,88",,mobile,US,55.0,71
user_02410,control,1.0,102.09,2024-09-05,android,IN,50.0,561
user_07795,control,1.0,26.35,,desktop,USA,57.0,294
user_08997,treatment,0.0,60.88,,mobile,US,46.0,197
user_04538,treatment,2.0,100.22,2024-04-08,iphone,IN,55.0,489
user_03600,treatment,2.0,53.7,,tablet,United Kingdom,48.0,527
user_07351,control,0.0,"865,80",,desktop,US,53.0,529
user_02044,control,0.0,42.85,,desktop,United States,27.0,419
user_06975,control,1.0,104.94,2024-05-18,tablet,USA,38.0,0
user_00739,control,1.0,138.14,2024-08-27,mobile,US,34.0,260
user_05402,control,0.0,125.18,2024-11-21,mobile,USA,50.0,62
user_02902,treatment,0.0,-99.25,2024-06-17,iphone,USA,21.0,332
user_04026,treatment,0.0,47.47,2024-10-22,desktop,US,29.0,204
user_05236,treatment,1.0,145.03,2024-03-22,tablet,India,35.0,152
user_00422,treatment,1.0,-39.27,,desktop,USA,51.0,281
user_00660,treatment,1.0,33.9,,desktop,UK,38.0,402
user_00408,control,0.0,172.27,,tablet,US,43.0,383
user_02071,treatment,1.0,34.6,2024-11-07,desktop,US,43.0,-65
user_00208,control,0.0,$87.85,,tablet,United States,51.0,459
user_07489,control,1.0,197.38,,mobile,United Kingdom,45.0,368
user_03572,control,1.0,43.46,,tablet,United States,29.0,524
user_00710,control,1.0,167.11,2024-08-21,mobile,US,35.0,315
user_04848,control,0.0,53.77,,desktop,USA,39.0,555
user_03603,treatment,0.0,100.56,,mobile ,US,56.0,202
user_00513,control,1.0,26.77,,desktop,US,50.0,547
user_00458,control,1.0,183.02,,desktop,IN,26.0,515
user_05353,control,1.0,17.8,,iphone,US,42.0,-82
user_00558,treatment,1.0,120.02,2024-04-17,desktop,USA,22.0,440
user_02703,control,0.0,148.59,,android,IN,50.0,170
user_05062,control,1.0,134.67,2024-09-07,tablet,India,42.0,350
user_02611,treatment,1.0,139.33,2024-03-10,desktop,UK,58.0,470
user_00768,control,0.0,172.61,,tablet,United Kingdom,52.0,311
user_05169,control,0.0,172.27,2024-01-26,desktop,United States,53.0,550
user_00072,control,1.0,$143.94,,tablet,United States,55.0,158
user_07922,treatment,0.0,43834.81,,mobile,USA,42.0,286
user_07950,control,1.0,159.09,,tablet,India,57.0,0
user_04633,treatment,0.0,143.13,,tablet,United States,30.0,369
user_04199,control,1.0,144.52,,iphone,US,41.0,109
user_03052,treatment,2.0,79.61,,desktop,United States,47.0,0
user_08279,treatment,1.0,48.17,2024-06-01,mobile,US,48.0,163
user_08144,treatment,1.0,118.03,2024-08-04,desktop ,India,29.0,412
user_05372,control,1.0,68.57,,desktop,India,60.0,379
user_08586,treatment,1.0,128.37,,tablet,USA,51.0,501
user_01185,treatment,0.0,172.27,2024-01-05,mobile,US,55.0,567
user_00873,control,0.0,$62.29,,android,United States,35.0,227
user_04815,control,0.0,172.27,,mobile,UK,28.0,305
user_02493,treatment,1.0,15.57,2024-06-02,desktop,US,62.0,234
user_04823,control,1.0,113.25,,desktop,USA,48.0,242
user_03583,control,0.0,162.75,2024-02-03,tablet,UK,42.0,51
user_01218,treatment,0.0,24.6,,desktop,United States,48.0,129
user_05419,control,0.0,172.27,,desktop,US,42.0,200
user_00691,control,1.0,62.28,,desktop,US,55.0,451
user_06294,control,2.0,183.46,,mobile,UK,43.0,480
user_08417,treatment,1.0,159.18,,desktop,IN,38.0,0
user_05310,control,1.0,147.22,,mobile,IN,59.0,529
user_04567,trt,0.0,103.62,,desktop,United Kingdom,48.0,372
user_02357,treatment,1.0,30.75,,tablet,US,19.0,-38
user_03929,control,0.0,172.27,2024-08-12,mobile,UK,21.0,101
user_04258,treatment,0.0,93.42,,mobile,IN,19.0,95
user_03020,treatment,1.0,82.91,2024-01-17,tablet,USA,63.0,131
user_06945,treatment,0.0,141.01,,mobile,UK,61.0,194
user_05585,control,1.0,197.67,,tablet,US,36.0,207
user_07124,treatment,1.0,30.68,,desktop,USA,25.0,506
user_04163,treatment,0.0,172.27,,mobile,USA,24.0,283
user_06433,control,1.0,134.01,,android,United States,29.0,460
user_07015,treatment,1.0,116.96,,mobile,USA,18.0,374
user_02993,trt,0.0,58.11,,mobile,US,50.0,453
user_01685,treatment,1.0,"477,24",,mobile,IN,29.0,547
user_06838,trt,0.0,184.68,,desktop,US,49.0,338
user_05012,treatment,1.0,188.33,2024-01-15,desktop,USA,55.0,119
user_05936,treatment,1.0,172.27,,desktop,US,42.0,253
user_05190,control,1.0,30.29,,tablet,India,41.0,568
user_02694,control,0.0,126.26,,desktop,IN,50.0,171
user_00870,treatment,2.0,172.27,,tablet,United Kingdom,58.0,0
user_06775,treatment,1.0,75.3,2024-11-27,tablet,US,57.0,222
user_05839,control,1.0,124.69,,mobile,US,52.0,240
user_04632,control,1.0,35.61,,tablet,US,59.0,406
user_00839,control,0.0,115.28,2024-12-01,tablet,USA,23.0,404
user_00255,treatment,1.0,190.82,2024-12-27,mobile,USA,53.0,55
user_01234,control,0.0,175.89,,tablet,US,53.0,243
user_00602,treatment,1.0,139.88,,mobile,US,51.0,245
user_08777,trt,0.0,172.27,,mobile,US,35.0,343
user_05436,control,0.0,172.27,2024-08-13,desktop,UK,42.0,140
user_08738,treatment,0.0,179.18,,tablet,USA,30.0,372
user_04956,control,1.0,65.99,,mobile,US,42.0,320
user_03257,control,1.0,125.16,,mobile,USA,41.0,262
user_00464,control,0.0,35.66,,tablet,US,42.0,0
user_04125,control,1.0,-78.41,,desktop,UK,46.0,229
user_05686,control,0.0,"799,16",2024-01-09,iphone,US,52.0,412
user_04967,control,0.0,174.36,,android,US,55.0,259
user_02136,control,0.0,172.27,2024-05-26,desktop,USA,40.0,259
user_00840,treatment,1.0,65.15,,desktop,US,62.0,397
user_00757,control,0.0,164.11,2024-03-29,mobile,IN,19.0,216
user_02408,treatment,0.0,-83.72,2024-09-08,mobile,UK,62.0,0
user_07306,control,0.0,126.57,,tablet,US,41.0,80
user_08337,treatment,0.0,58.05,,desktop,United States,59.0,174
user_00759,control,1.0,59.55,,android,US,56.0,520
user_04585,control,1.0,$14.12,2024-04-15,tablet,UK,48.0,420
user_06743,control,1.0,23.88,,mobile,USA,32.0,219
user_05064,treatment,0.0,179.57,2024-01-01,mobile,US,38.0,109
user_04374,control,1.0,142.4,,desktop,USA,42.0,314
user_01852,control,1.0,172.27,,mobile,USA,51.0,75
user_07693,control,1.0,$188.29,,desktop,US,44.0,125
user_05101,control,1.0,56.5,,desktop,US,37.0,249
user_06675,control,0.0,81.24,,desktop,United Kingdom,23.0,194
user_05153,treatment,0.0,183.01,,desktop,IN,65.0,198
user_00172,treatment,0.0,171.92,2024-09-17,tablet,UK,34.0,337
user_08284,treatment,0.0,42.66,,desktop,USA,36.0,598
user_03641,treatment,1.0,17.92,,mobile,US,65.0,83
user_01389,treatment,1.0,20.89,,mobile,USA,52.0,504
user_02933,treatment,0.0,170.93,2024-03-11,mobile,IN,42.0,33
user_04346,treatment,2.0,45.46,,mobile,USA,26.0,415
user_08987,control,1.0,182.27,,mobile,US,38.0,62
user_06530,control,0.0,175.29,,desktop,United Kingdom,34.0,435
user_03487,treatment,1.0,$29.69,2024-08-29,mobile,US,51.0,454
user_05586,control,1.0,124.14,2024-04-23,tablet,United Kingdom,41.0,479
user_00856,control,1.0,17.53,,mobile,United States,60.0,0
user_08458,test,1.0,43.84,2024-03-02,mobile,USA,24.0,-25
user_06155,treatment,0.0,34.59,,mobile,USA,19.0,124
user_03770,treatment,0.0,199.69,,mobile,IN,48.0,336
user_03926,treatment,0.0,"769,11",,desktop,IN,49.0,347
user_00213,control,0.0,63.64,,mobile,United States,65.0,283
user_01222,treatment,1.0,24.63,2024-08-31,tablet,United Kingdom,19.0,74
user_06328,control,1.0,15.58,,desktop,UK,47.0,524
user_00804,control,1.0,121.56,,desktop,India,32.0,48
user_08320,treatment,2.0,131.67,2024-06-11,mobile,United Kingdom,19.0,104
user_07373,test,2.0,74.77,2024-12-03,desktop,USA,40.0,77
user_04262,control,1.0,118.47,,mobile,US,33.0,462
user_02323,treatment,0.0,98.32,2024-09-13,mobile,USA,53.0,79
user_00109,treatment,1.0,16.69,2024-07-14,tablet,India,43.0,466
user_04256,control,0.0,70.15,2024-01-07,mobile,US,49.0,436
user_05160,treatment,1.0,11.87,2024-01-24,desktop,USA,61.0,497
user_05234,control,1.0,161.03,,android,US,64.0,-63
user_00522,control,1.0,86.17,,mobile,United Kingdom,55.0,337
user_02707,control,0.0,172.27,,tablet,IN,53.0,412
user_05841,control,0.0,174.69,,tablet,US,63.0,201
user_06112,control,1.0,151.57,,mobile,US,42.0,252
user_00104,treatment,0.0,138.52,2024-09-30,iphone,US,51.0,57
user_05045,control,0.0,34708.08,2024-02-09,desktop,US,53.0,0
user_03031,treatment,2.0,98.17,,android,US,49.0,355
user_03067,treatment,0.0,31.21,,tablet,US,38.0,189
user_00861,control,0.0,172.27,,mobile,IN,57.0,499
user_01511,treatment,0.0,32.17,,desktop,USA,52.0,533
user_08974,treatment,0.0,-16.5,,mobile,USA,25.0,0
user_06766,treatment,2.0,186.15,,mobile,India,26.0,73
user_02277,control,0.0,143.3,2024-12-22,desktop,US,64.0,334
user_00711,trt,0.0,-38.28,,mobile,United Kingdom,59.0,-70
user_02571,treatment,1.0,188.94,,mobile,India,47.0,591
user_02260,control,0.0,185.38,,iphone,USA,26.0,216
user_08393,trt,1.0,172.27,,tablet ,US,42.0,301
user_05276,control,1.0,124.93,,mobile,US,60.0,82
user_02653,treatment,1.0,100.58,,desktop,UK,46.0,88
user_00835,control,0.0,$165.21,,mobile,US,44.0,532
user_01607,treatment,0.0,52.58,,mobile,US,25.0,307
user_05052,treatment,1.0,146.33,,mobile,IN,56.0,185
user_04429,control,1.0,33.66,2024-06-18,tablet,USA,31.0,53
user_05822,control,1.0,153.78,,mobile,USA,20.0,157
user_00992,treatment,0.0,100.85,,tablet,UK,57.0,339
user_00942,control,0.0,172.27,,mobile,United States,23.0,289
user_08654,treatment,1.0,100.78,,mobile,US,30.0,181
user_04437,treatment,1.0,172.27,,iphone,USA,42.0,165
user_01813,control,0.0,"471,68",,desktop,IN,23.0,533
user_07816,control,2.0,-58.23,,mobile,USA,48.0,0
user_04668,control,0.0,75.99,,mobile,United Kingdom,28.0,438
user_07750,treatment,0.0,42.42,2024-12-16,mobile,UK,27.0,100
user_06007,control,1.0,145.14,,tablet,USA,63.0,-54
user_04869,treatment,0.0,172.27,2024-11-10,mobile,USA,58.0,99
user_03307,treatment,1.0,"390,57",,tablet,US,43.0,135
user_06829,treatment,1.0,$162.37,,mobile,United Kingdom,56.0,335
user_04211,control,2.0,197.27,,tablet,United States,42.0,356
user_05613,control,0.0,41.7,,desktop,UK,18.0,273
user_07732,treatment,0.0,93.99,2024-02-24,desktop,UK,64.0,205
user_04186,control,1.0,139.16,,tablet,USA,53.0,558
user_02211,test,1.0,50.48,,iphone,United Kingdom,22.0,0
user_04052,treatment,0.0,64.5,,mobile,United States,58.0,549
user_02516,control,0.0,77.54,,tablet,UK,47.0,199
user_07189,control,1.0,172.27,,tablet,US,37.0,95
user_03367,treatment,1.0,149.08,,tablet,India,25.0,251
user_07358,control,1.0,160.78,2024-02-24,mobile,USA,28.0,-43
user_05621,treatment,1.0,23.43,,desktop,UK,58.0,245
user_00061,control,1.0,172.27,,tablet ,United States,25.0,398
user_02336,control,0.0,159.67,,desktop,US,32.0,358
user_06041,treatment,0.0,169.61,,desktop,US,50.0,0
user_03860,treatment,1.0,107.93,,desktop,United States,62.0,117
user_07985,treatment,1.0,83.25,2024-07-29,mobile ,US,35.0,204
user_04717,trt,1.0,172.27,,mobile,United Kingdom,53.0,75
user_08441,control,0.0,128.67,2024-12-14,mobile,United States,49.0,156
user_01633,treatment,0.0,20.22,,mobile,USA,65.0,244
user_08237,control,0.0,182.6,,mobile,US,56.0,571
user_07467,test,1.0,154.39,2024-08-16,desktop,IN,24.0,104
user_02007,treatment,0.0,176.6,,tablet,US,47.0,285
user_03660,treatment,0.0,84.87,,tablet,USA,18.0,419
user_08952,treatment,0.0,159.05,,tablet,USA,63.0,539
user_06812,control,1.0,194.98,2024-08-02,iphone,US,43.0,421
user_00124,treatment,0.0,"981,79",,mobile,UK,50.0,208
user_06977,control,1.0,67.2,,desktop,US,27.0,593
user_08210,control,0.0,110.69,2024-11-01,mobile,US,39.0,528
user_06590,control,2.0,172.27,,android,US,54.0,61
user_04773,control,1.0,$14.34,2024-09-08,mobile,US,27.0,451
user_06013,treatment,1.0,163.84,,tablet,IN,26.0,479
user_08518,treatment,1.0,$28.83,,mobile,USA,47.0,457
user_00694,treatment,1.0,103.33,,desktop,US,27.0,-55
user_07947,control,0.0,45.49,2024-06-26,mobile,US,63.0,0
user_05656,treatment,1.0,172.27,,mobile,US,52.0,418
user_06927,treatment,1.0,167.85,,mobile,UK,60.0,376
user_06450,control,1.0,98.7,,tablet,US,10.0,312
user_03477,treatment,1.0,139.59,,tablet,UK,34.0,443
user_08559,treatment,0.0,160.66,,desktop,India,58.0,577
user_00124,treatment,0.0,99.69,2024-03-09,tablet,USA,43.0,34
user_00570,treatment,2.0,11.44,,desktop,IN,56.0,59
user_06551,control,1.0,190.39,2024-09-30,mobile,US,55.0,231
user_03840,treatment,2.0,28.07,2024-03-11,desktop,US,65.0,0
user_08326,treatment,1.0,189.4,,android,India,65.0,588
user_05014,control,0.0,172.27,,mobile,US,51.0,493
user_01358,trt,1.0,179.57,,tablet,UK,48.0,133
user_00376,control,1.0,112.65,2024-01-01,tablet,USA,30.0,61
user_04180,treatment,1.0,-69.42,,mobile,United States,46.0,464
user_07363,trt,0.0,65.47,,mobile,United Kingdom,90.0,84
user_04896,control,0.0,53.27,,mobile,United States,31.0,508
user_01903,treatment,1.0,188.96,,desktop,United States,23.0,524
user_00708,treatment,0.0,33.62,,desktop,US,61.0,166
user_00024,treatment,0.0,48.92,2024-02-15,mobile,US,32.0,94
user_05137,control,1.0,88.84,,mobile,UK,63.0,242
user_00661,treatment,0.0,192.67,,mobile,US,40.0,67
user_07958,treatment,0.0,158.92,,desktop,US,30.0,250
user_01920,control,0.0,"377,47",2024-06-02,desktop,UK,27.0,413
user_02128,control,1.0,116.42,,desktop,US,42.0,123
user_02786,control,1.0,145.47,,mobile,USA,50.0,132
user_08578,control,1.0,172.27,,mobile,IN,47.0,460
user_01361,control,0.0,172.27,2024-07-12,desktop,United States,54.0,277
user_00490,control,1.0,137.68,,mobile,United States,29.0,357
user_04778,treatment,0.0,188.42,,desktop,USA,46.0,-14
user_02689,treatment,1.0,120.57,,mobile,US,61.0,586
user_08031,treatment,0.0,32.64,,android,US,27.0,-80
user_01629,control,1.0,37.91,,desktop,US,34.0,111
user_08027,control,1.0,102.9,2024-05-06,mobile,UK,48.0,347
user_04087,treatment,1.0,118.94,,tablet,US,34.0,455
user_04352,trt,1.0,175.25,2024-05-27,tablet,US,57.0,478
user_06640,control,1.0,86.32,,tablet,UK,53.0,571
user_02251,treatment,0.0,153.65,2024-11-11,tablet,USA,28.0,237
user_08533,control,1.0,172.27,,desktop,United States,42.0,401
user_00823,treatment,1.0,83.98,2024-05-17,desktop,UK,51.0,595
user_06754,treatment,1.0,64.44,,mobile,United States,39.0,352
user_04504,treatment,0.0,175.42,,desktop,India,37.0,465
user_00563,control,1.0,64.54,,tablet,United Kingdom,59.0,385
user_00452,treatment,0.0,"394,25",,tablet,United Kingdom,61.0,-26
user_02064,trt,1.0,$122.78,2024-05-18,desktop,USA,33.0,544
user_08971,control,0.0,76.39,2024-01-12,iphone,US,19.0,383
user_04301,treatment,0.0,133.8,,desktop,India,29.0,540
user_02476,control,0.0,30.15,2024-08-16,desktop,United Kingdom,18.0,0
user_03779,treatment,0.0,191.08,,mobile,IN,42.0,0
user_03366,trt,1.0,168.39,,mobile,India,57.0,36
user_06709,control,0.0,134.46,,desktop,United Kingdom,61.0,33
user_05037,treatment,0.0,105.15,,mobile,US,42.0,65
user_00813,treatment,2.0,40080.99,2024-12-11,desktop,IN,46.0,200
user_01140,control,1.0,-60.8,2024-12-12,tablet,India,51.0,440
user_00656,treatment,1.0,122.62,,tablet,USA,65.0,0
user_01485,control,0.0,64.97,,desktop,United Kingdom,43.0,432
user_01332,control,1.0,57.28,,desktop,India,40.0,515
user_01544,treatment,0.0,175.08,,mobile,US,35.0,0
user_07871,control,0.0,161.82,2024-11-25,desktop,IN,28.0,392
user_01710,control,0.0,18.71,,desktop,United States,30.0,133
user_08352,treatment,0.0,65.3,,desktop,UK,40.0,214
user_03310,treatment,1.0,13.16,,tablet,USA,41.0,596
user_01491,treatment,0.0,126.7,,tablet,IN,38.0,286
user_06501,treatment,1.0,181.04,,desktop,UK,90.0,356
user_01603,control,0.0,151.03,,tablet,US,46.0,346
user_00337,control,0.0,"520,82",,tablet,US,49.0,400
user_03807,control,0.0,105.8,,desktop,USA,48.0,285
user_02569,control,0.0,172.27,2024-06-29,desktop,IN,49.0,163
user_07694,treatment,2.0,35.8,2024-01-15,desktop,USA,54.0,210
user_07230,treatment,1.0,174.22,,mobile,IN,36.0,475
user_03780,control,1.0,172.27,2024-03-03,desktop,US,50.0,314
user_07588,treatment,1.0,$42.77,,desktop,India,36.0,146
user_00050,treatment,2.0,173.09,,mobile,US,22.0,0
user_00238,treatment,1.0,76.54,,desktop,India,42.0,106
user_05237,control,0.0,142.42,,desktop,IN,46.0,396
user_04987,treatment,1.0,170.17,2024-02-21,mobile,United States,20.0,353
user_03851,control,0.0,46.72,,android,USA,48.0,125
user_04477,treatment,1.0,144.53,2024-04-05,desktop,United States,28.0,216
user_02120,control,1.0,110.3,,desktop,United States,36.0,581
user_05923,treatment,1.0,165.39,2024-05-02,mobile,US,38.0,334
user_00537,treatment,0.0,$15.22,,mobile,US,49.0,488
user_01960,treatment,0.0,14.89,,mobile,United States,48.0,0
user_02205,treatment,0.0,36.51,,desktop,USA,52.0,-89
user_07204,treatment,0.0,21.41,,mobile,UK,60.0,299
user_05282,control,0.0,129.2,,desktop,US,37.0,-36
user_04686,control,1.0,$20.07,2024-02-08,desktop,US,55.0,103
user_06243,control,1.0,172.27,,mobile,UK,35.0,430
user_07908,control,1.0,78.13,,tablet,IN,59.0,112
user_05198,control,1.0,187.81,2024-09-23,desktop,US,58.0,460
user_03380,control,1.0,129.4,,mobile,US,42.0,302
user_02546,control,0.0,151.16,,tablet,US,37.0,0
user_05334,treatment,0.0,114.87,,mobile,USA,62.0,285
user_02442,control,1.0,-32.13,2024-04-06,tablet,US,28.0,290
user_04895,control,1.0,41.15,,mobile,US,42.0,106
user_06319,control,0.0,172.27,2024-10-24,desktop,USA,59.0,0
user_04784,control,1.0,-87.68,,mobile,United States,58.0,93
user_02802,trt,0.0,148.4,,desktop,USA,43.0,561
user_02087,control,1.0,172.27,,mobile,United States,49.0,351
user_08481,control,0.0,162.34,,desktop,US,24.0,517
user_07018,treatment,1.0,134.33,2024-08-11,mobile,India,48.0,597
user_01162,control,1.0,76.32,2024-04-01,tablet,IN,28.0,320
user_00550,treatment,0.0,87.59,2024-03-04,mobile,USA,51.0,125
user_07920,control,0.0,172.27,,android,IN,25.0,98
user_03240,control,1.0,173.35,,mobile,United Kingdom,23.0,315
user_06699,treatment,1.0,155.57,2024-06-07,mobile,US,58.0,44
user_03221,treatment,0.0,65.61,,tablet,US,43.0,225
user_04368,treatment,1.0,73.87,,mobile,UK,36.0,62
user_06991,treatment,0.0,32.53,,desktop,US,18.0,271
user_00658,treatment,1.0,-31.35,,desktop,US,54.0,459
user_03584,treatment,0.0,172.27,,android,US,60.0,551
user_01828,treatment,1.0,189.67,,desktop,US,47.0,83
user_00200,control,1.0,114.07,,desktop,US,59.0,539
user_03981,treatment,1.0,152.64,,desktop,USA,59.0,334
user_06383,treatment,0.0,123.25,,tablet,US,28.0,0
user_02133,treatment,1.0,151.57,,mobile,USA,59.0,249
user_00903,treatment,0.0,20.62,2024-07-22,mobile,India,48.0,177
user_08427,treatment,1.0,137.67,2024-04-21,mobile,US,57.0,0
user_08434,treatment,0.0,"515,54",,desktop,India,46.0,536
user_04013,control,1.0,118.02,,desktop,UK,42.0,439
user_04616,control,0.0,82.98,2024-12-12,mobile,India,42.0,0
user_07856,treatment,0.0,157.7,,desktop,US,27.0,44
user_05481,control,0.0,35.52,,mobile,USA,24.0,334
user_05260,treatment,0.0,187.39,2024-12-02,mobile,UK,38.0,-98
user_06818,control,1.0,170.88,,mobile,USA,24.0,-38
user_02602,control,0.0,131.38,,iphone,UK,65.0,411
user_07984,treatment,0.0,172.27,,desktop,US,32.0,181
user_06125,test,1.0,197.05,,desktop,UK,42.0,132
user_06140,trt,1.0,20.48,,mobile,India,55.0,503
user_02494,control,0.0,172.27,2024-03-12,mobile,United States,26.0,441
user_00381,control,0.0,172.27,,iphone,United States,47.0,544
user_00710,control,1.0,58.64,,mobile,IN,52.0,370
user_05116,control,1.0,172.27,,tablet,United States,42.0,403
user_05590,treatment,0.0,71.92,,mobile,India,25.0,56
user_02457,treatment,1.0,84.73,,desktop,USA,45.0,415
user_00446,treatment,1.0,24.27,,android,India,31.0,66
user_08915,control,0.0,28.14,,android,United Kingdom,34.0,129
user_06966,control,1.0,172.27,2024-02-26,mobile,US,34.0,465
user_08260,treatment,1.0,172.27,,mobile,United Kingdom,19.0,333
user_00525,treatment,0.0,123.39,,desktop,UK,23.0,380
user_07543,treatment,0.0,75.1,2024-10-17,desktop,United States,25.0,545
user_00946,treatment,1.0,172.27,2024-03-07,desktop,USA,36.0,81
user_06737,treatment,0.0,65.13,2024-07-22,tablet,United States,34.0,203
user_07345,treatment,1.0,65.83,,desktop,USA,21.0,0
user_07854,control,0.0,152.75,,desktop,United States,28.0,162
user_08148,control,0.0,"193,48",,desktop,US,18.0,328
user_07736,trt,1.0,47.0,,mobile,India,55.0,496
user_02291,treatment,2.0,32.22,,desktop,United States,55.0,530
user_07170,treatment,0.0,145.01,,desktop,US,31.0,440
user_05999,control,0.0,83.35,,mobile,US,62.0,227
user_06341,treatment,1.0,-39.89,2024-12-19,mobile,United Kingdom,24.0,95
user_04810,control,1.0,127.14,,tablet,United States,20.0,231
user_08669,control,1.0,72.8,,android,USA,32.0,186
user_03091,treatment,0.0,49.33,2024-06-07,desktop,USA,57.0,264
user_02604,control,1.0,158.85,,desktop,India,60.0,386
user_08403,control,1.0,90.29,,mobile,US,20.0,183
user_00192,control,0.0,73.5,,desktop,USA,40.0,370
user_01551,control,1.0,172.3,,mobile,US,27.0,459
user_03464,treatment,2.0,164.74,2024-12-06,tablet,UK,34.0,506
user_05330,control,0.0,"915,10",,desktop,United States,49.0,371
user_03035,treatment,1.0,25.75,,mobile,US,18.0,206
user_00472,control,1.0,138.01,2024-09-27,desktop,US,30.0,595
user_04218,treatment,0.0,"924,80",2024-03-19,desktop,US,28.0,-86
user_01621,treatment,1.0,172.27,,mobile,US,24.0,242
user_00565,treatment,0.0,172.27,2024-02-09,android,IN,50.0,66
user_04347,treatment,1.0,"331,57",,mobile,USA,41.0,154
user_05770,treatment,0.0,113.2,2024-12-25,tablet,IN,31.0,475
user_05583,treatment,1.0,21.19,,mobile,US,63.0,347
user_04063,control,1.0,86.52,,mobile,US,50.0,361
user_00328,treatment,1.0,"718,30",,mobile,USA,32.0,146
user_05564,treatment,0.0,79.58,2024-07-14,android,UK,28.0,513
user_00353,treatment,0.0,162.29,2024-03-11,mobile,India,20.0,587
user_07794,treatment,0.0,77.89,2024-09-26,desktop,United Kingdom,22.0,242
user_02610,control,1.0,122.08,,tablet,UK,28.0,130
user_01413,control,1.0,22.86,2024-10-09,tablet,US,49.0,299
user_00438,control,0.0,$130.4,,desktop,United States,54.0,-91
user_07782,treatment,1.0,122.18,,desktop,India,43.0,411
user_04339,control,0.0,74.68,,tablet,USA,45.0,317
user_01994,treatment,0.0,94.81,,mobile,USA,52.0,365
user_04320,control,2.0,20.56,,desktop,UK,58.0,336
user_03019,trt,1.0,107.13,,desktop,India,42.0,164
user_06566,control,0.0,29.8,2024-08-15,android,USA,40.0,393
user_06405,control,1.0,15.89,,android,India,52.0,503
user_03917,treatment,1.0,14.14,,desktop,IN,56.0,479
user_03653,control,1.0,172.27,,mobile,United States,18.0,88
user_05579,treatment,0.0,199.53,,desktop,United Kingdom,42.0,37
user_00918,trt,0.0,78.69,,desktop,USA,40.0,557
user_02598,control,0.0,74.05,,desktop,US,28.0,597
user_03040,treatment,0.0,74.58,,mobile,US,35.0,555
user_08539,control,1.0,164.98,,tablet ,United Kingdom,46.0,116
user_06969,treatment,1.0,178.69,,mobile,US,53.0,213
user_03407,control,1.0,172.27,2024-09-26,mobile,United States,20.0,202
user_05624,treatment,0.0,137.17,,desktop,India,53.0,85
user_00960,test,1.0,193.47,,desktop,IN,46.0,-58
user_08001,treatment,1.0,131.23,,mobile,USA,42.0,33
user_07803,treatment,1.0,110.53,2024-08-04,tablet,India,47.0,411
user_00384,control,1.0,126.42,,mobile,IN,58.0,418
user_04551,treatment,1.0,172.27,,iphone,United Kingdom,41.0,368
user_05888,treatment,1.0,135.97,2024-04-25,mobile,India,26.0,449
user_00743,control,1.0,192.5,2024-05-14,mobile,US,40.0,0
user_03666,control,2.0,159.61,,desktop,USA,37.0,434
user_00673,control,1.0,172.27,2024-01-02,mobile,United States,22.0,490
user_08973,test,0.0,63.56,,desktop,USA,45.0,409
user_03468,control,0.0,185.43,,desktop,IN,36.0,310
user_00302,control,2.0,104.24,,tablet,United Kingdom,63.0,61
user_08956,control,2.0,84.28,,tablet,US,61.0,143
user_00825,control,1.0,194.72,,iphone,US,26.0,178
user_08162,control,2.0,46.33,,desktop,US,26.0,308
user_06519,control,1.0,150.57,2024-05-11,mobile,US,22.0,536
user_00243,control,0.0,25.02,,desktop,United States,90.0,314
user_00669,control,0.0,40141.98,2024-10-25,desktop,IN,48.0,227
user_02092,control,0.0,147.71,,mobile,US,53.0,471
user_07534,treatment,0.0,86.55,,mobile,India,54.0,197
user_06919,control,0.0,97.4,,mobile,US,23.0,578
user_05136,treatment,0.0,115.34,2024-10-26,desktop,USA,32.0,417
user_04077,treatment,0.0,127.69,,tablet,IN,30.0,548
user_04909,control,1.0,94.02,,mobile,India,42.0,314
user_06875,trt,1.0,79.97,,desktop,US,25.0,491
user_07841,test,0.0,172.27,,desktop,US,56.0,378
user_02861,treatment,0.0,93.4,2024-06-12,desktop,US,42.0,558
user_01299,control,0.0,172.27,,mobile,United States,37.0,399
user_08983,control,1.0,172.27,2024-06-24,mobile,UK,46.0,564
user_00757,control,1.0,76.22,2024-12-30,mobile,India,54.0,528
user_03112,treatment,1.0,62.88,,mobile,United States,37.0,426
user_00814,control,0.0,172.27,,iphone,USA,55.0,333
user_06342,treatment,1.0,15.7,,desktop,US,40.0,271
user_05756,control,1.0,$184.67,,desktop,IN,65.0,0
user_02015,control,1.0,106.49,2024-02-23,mobile ,India,19.0,264
user_07144,treatment,0.0,186.06,,desktop,USA,23.0,600
user_03161,control,1.0,13.49,,desktop,US,23.0,440
user_04654,control,0.0,44.75,,tablet,US,51.0,91
user_03332,treatment,1.0,177.68,,desktop,US,40.0,579
user_00905,control,0.0,-50.84,,mobile,US,42.0,153
user_00828,control,1.0,115.79,2024-03-09,mobile,IN,58.0,266
user_04800,control,1.0,77.27,,mobile,United Kingdom,65.0,561
user_01157,treatment,1.0,62.86,,desktop,India,23.0,192
user_00497,treatment,1.0,172.27,,mobile,IN,42.0,267
user_01931,treatment,1.0,173.88,,desktop ,United Kingdom,36.0,-51
user_05035,treatment,0.0,95.24,2024-02-26,desktop,United States,49.0,98
user_00400,treatment,1.0,46.17,,mobile,India,32.0,138
user_05578,treatment,1.0,53.77,2024-03-17,tablet,USA,28.0,239
user_06144,control,0.0,174.63,,iphone,US,32.0,315
user_07828,treatment,1.0,116.43,,iphone,IN,64.0,0
user_08261,control,1.0,24201.47,,tablet,USA,38.0,157
user_01789,control,1.0,62.59,2024-07-07,android,USA,64.0,556
user_00824,control,1.0,63.77,2024-06-05,desktop,US,55.0,57
user_00626,treatment,1.0,141.31,,mobile,US,46.0,249
user_08872,control,1.0,98.47,,mobile,United Kingdom,21.0,202
user_02851,control,1.0,11.36,,mobile,US,45.0,355
user_05103,control,0.0,187.46,2024-02-06,desktop,US,54.0,519
user_08255,control,1.0,194.55,,android,IN,60.0,187
user_08428,treatment,1.0,33242.75,,tablet,United Kingdom,35.0,147
user_08175,treatment,1.0,15229.64,,tablet,US,40.0,0
user_05542,treatment,1.0,-42.81,,tablet,UK,48.0,578
user_00291,control,1.0,139.82,,desktop,India,36.0,240
user_06496,control,0.0,-67.43,,desktop,India,50.0,163
user_00047,control,0.0,154.5,,tablet,UK,27.0,38
user_00101,control,0.0,122.92,,desktop,IN,38.0,201
user_05543,control,0.0,12.52,,desktop,United States,26.0,47
user_01253,trt,0.0,154.97,,tablet,United States,27.0,208
user_06123,treatment,0.0,193.72,,desktop,UK,62.0,456
user_01165,trt,2.0,$187.32,,desktop,USA,48.0,260
user_05561,treatment,0.0,101.72,,mobile,IN,49.0,513
user_02919,treatment,0.0,134.64,,desktop,US,46.0,199
user_00409,control,0.0,24.25,,desktop,US,26.0,211
user_05998,control,0.0,31.48,,iphone,India,51.0,290
user_01938,treatment,1.0,"593,61",2024-04-06,desktop ,USA,34.0,54
user_00512,control,1.0,179.8,,mobile,USA,65.0,-16
user_07608,treatment,0.0,"445,43",2024-08-03,desktop,United States,42.0,213
user_01891,control,0.0,143.63,,mobile,USA,42.0,428
user_06228,treatment,1.0,180.13,,mobile,UK,50.0,62
user_05710,control,2.0,185.41,2024-02-15,desktop,US,61.0,0
user_07479,treatment,0.0,179.39,2024-06-16,iphone ,United Kingdom,26.0,412
user_02041,treatment,1.0,44.6,2024-10-31,desktop ,USA,34.0,248
user_02083,treatment,1.0,11.24,,tablet,USA,42.0,364
user_04879,control,0.0,172.27,,desktop,US,55.0,411
user_02099,treatment,2.0,76.29,,desktop,UK,36.0,353
user_00021,control,1.0,172.27,,tablet,IN,60.0,310
user_08200,treatment,1.0,27.16,,desktop,UK,38.0,367
user_01836,treatment,2.0,30.99,,mobile,United States,55.0,374
user_03070,treatment,1.0,73.19,,tablet,US,12.0,323
user_06159,trt,1.0,96.01,,mobile,United States,22.0,502
user_03273,control,0.0,169.43,2024-01-28,desktop ,US,27.0,469
user_00075,control,0.0,136.63,,mobile,United Kingdom,49.0,106
user_07644,treatment,1.0,194.88,,mobile,USA,40.0,0
user_02275,treatment,0.0,85.55,2024-03-30,desktop,USA,25.0,-68
user_01578,control,2.0,94.72,,desktop ,United Kingdom,42.0,292
user_07646,control,1.0,69.08,,tablet,India,45.0,44
user_05671,treatment,1.0,172.27,2024-09-06,tablet,United States,33.0,290
user_05901,control,1.0,62.54,,mobile,US,29.0,224
user_00039,control,0.0,107.6,,desktop,United Kingdom,24.0,271
user_05420,treatment,1.0,38.7,2024-12-08,tablet,USA,23.0,482
user_01937,treatment,0.0,172.27,,desktop ,US,41.0,535
user_00239,control,1.0,90.89,,tablet,IN,52.0,365
user_02976,control,1.0,97.69,,desktop,USA,48.0,455
user_05381,control,0.0,155.56,,tablet,IN,27.0,332
user_00825,control,1.0,121.52,,mobile,USA,42.0,114
user_06340,treatment,1.0,192.56,2024-08-22,desktop,US,63.0,-61
user_00433,treatment,0.0,193.76,,desktop,US,18.0,0
user_01345,treatment,1.0,178.67,2024-08-23,desktop,IN,60.0,402
user_00924,control,0.0,"475,62",2024-09-03,mobile,USA,35.0,147
user_03523,treatment,1.0,62.73,,android,US,33.0,147
user_00020,control,0.0,196.92,2024-11-19,mobile,US,45.0,593
user_00229,treatment,1.0,11431.24,,desktop,US,30.0,411
user_08216,control,1.0,159.91,,mobile,USA,26.0,244
user_06581,treatment,0.0,11.74,,desktop,United Kingdom,40.0,531
user_00301,control,1.0,77.59,,tablet,US,60.0,491
user_08628,treatment,1.0,176.53,,tablet,United States,28.0,495
user_04761,control,0.0,140.1,,mobile,IN,60.0,267
user_06460,control,2.0,45.76,,tablet,US,37.0,0
user_02680,treatment,0.0,94.61,,desktop,US,54.0,219
user_07025,treatment,0.0,76.4,,desktop,US,90.0,278
user_07385,treatment,1.0,43.78,2024-10-29,desktop,United States,33.0,512
user_02753,control,0.0,14.5,2024-11-17,mobile,UK,25.0,119
user_00454,control,1.0,37.02,,mobile,United Kingdom,42.0,43
user_07305,treatment,0.0,99.05,2024-07-27,desktop,USA,37.0,517
user_08465,trt,1.0,81.51,,tablet,UK,40.0,126
user_08934,trt,1.0,138.02,2024-08-12,mobile,US,41.0,547
user_02073,treatment,0.0,34.39,2024-09-15,mobile,US,42.0,59
user_05525,control,1.0,94.72,2024-05-22,tablet,India,42.0,125
user_03505,treatment,1.0,-18.9,,tablet,US,48.0,285
user_08117,treatment,1.0,172.27,,tablet,United States,42.0,-63
user_04488,control,1.0,63.14,2024-05-17,tablet,US,48.0,546
user_05385,control,1.0,115.03,,mobile,USA,29.0,413
user_07630,control,1.0,23.5,,desktop,US,45.0,84
user_01983,control,0.0,173.38,,desktop,United States,48.0,553
user_00402,treatment,0.0,193.41,,tablet,United States,46.0,360
user_08904,control,0.0,48.87,2024-04-10,tablet,UK,28.0,339
user_04006,control,1.0,$137.82,,desktop,US,62.0,321
user_05776,control,1.0,126.51,,desktop,US,29.0,433
user_06586,control,1.0,92.22,2024-08-09,mobile,US,45.0,429
user_07774,control,1.0,131.47,,desktop ,India,33.0,0
user_02079,test,1.0,86.17,2024-08-12,desktop,US,44.0,173
user_07461,control,0.0,29.83,2024-04-10,desktop,IN,6.0,134
user_00415,control,1.0,144.85,2024-07-23,desktop,US,62.0,443
user_00806,control,1.0,115.71,,iphone,IN,37.0,115
user_00104,control,0.0,126.45,2024-03-19,desktop,USA,31.0,412
user_07286,control,0.0,143.31,2024-08-04,desktop,US,45.0,87
user_02230,treatment,1.0,142.91,,desktop,US,37.0,423
user_02159,treatment,0.0,194.25,,mobile,US,35.0,-82
user_03077,treatment,1.0,74.37,,tablet,USA,39.0,558
user_03008,trt,1.0,164.41,2024-04-17,desktop,USA,33.0,311
user_08092,treatment,0.0,167.92,2024-05-23,android,US,27.0,0
user_07468,control,2.0,54.93,2024-01-15,tablet,India,49.0,0
user_01919,test,0.0,$151.71,2024-11-15,mobile,United States,52.0,32
user_02166,control,1.0,178.93,,tablet,USA,58.0,589
user_04959,control,1.0,98.39,,desktop,US,41.0,580
user_00878,treatment,1.0,172.27,2024-10-14,mobile,India,47.0,365
user_01344,treatment,0.0,71.2,,tablet,UK,31.0,442
user_04074,control,1.0,"605,90",,desktop,India,34.0,566
user_02773,treatment,0.0,172.27,,tablet,USA,43.0,54
user_05469,control,1.0,"400,28",2024-04-04,mobile,United States,62.0,452
user_00564,treatment,1.0,187.33,,desktop,US,58.0,486
user_05832,control,0.0,151.96,2024-03-11,mobile,India,42.0,525
user_03511,treatment,1.0,35.77,,mobile,USA,59.0,262
user_00953,control,0.0,75.78,,desktop,India,23.0,286
user_06793,control,0.0,105.84,,mobile,USA,30.0,546
user_05433,control,1.0,186.74,,tablet,USA,59.0,418
user_01168,treatment,1.0,93.2,,android,UK,42.0,54
user_01396,control,1.0,23.75,2024-01-12,mobile,IN,42.0,103
user_07934,treatment,0.0,20.55,2024-05-04,tablet,USA,43.0,270
user_04598,control,0.0,193.42,,desktop,India,43.0,381
user_04500,treatment,0.0,196.99,,iphone,IN,34.0,-25
user_03961,control,1.0,72.26,,mobile,United Kingdom,40.0,212
user_08541,control,0.0,142.48,,desktop,US,23.0,165
user_07372,control,0.0,172.27,,mobile ,US,31.0,119
user_08825,control,1.0,95.16,,desktop,US,56.0,274
user_05058,control,1.0,103.28,,mobile,US,49.0,599
user_00581,treatment,0.0,114.45,2024-04-21,desktop,US,6.0,-86
user_06648,trt,0.0,102.95,,tablet,IN,20.0,150
user_06434,treatment,1.0,20333.46,2024-08-24,mobile,IN,42.0,582
user_05336,treatment,0.0,172.27,,mobile,US,55.0,293
user_06746,treatment,1.0,18.53,2024-05-17,mobile,US,65.0,576
user_01907,control,1.0,116.75,,desktop,US,42.0,0
user_06426,control,1.0,172.27,2024-11-06,desktop,IN,41.0,195
user_08068,treatment,0.0,88.35,,desktop ,US,36.0,512
user_00931,treatment,1.0,172.27,,desktop,US,29.0,379
user_03226,control,1.0,130.27,,mobile,United States,57.0,298
user_08803,control,0.0,113.35,,mobile,IN,44.0,429
user_08313,control,1.0,66.03,,desktop,IN,58.0,541
user_00209,control,1.0,53.3,,desktop,UK,46.0,424
user_02881,control,0.0,97.62,,mobile,United Kingdom,46.0,225
user_03290,test,1.0,121.95,,iphone,United Kingdom,36.0,307
user_00886,control,0.0,40.18,,desktop,USA,25.0,395
user_07420,treatment,0.0,96.59,,desktop,UK,27.0,142
user_04719,treatment,1.0,51.2,,desktop,US,43.0,178
user_01202,control,1.0,172.58,,desktop,US,60.0,87
user_03805,control,0.0,122.64,,mobile,IN,18.0,256
user_07024,treatment,1.0,18.78,2024-10-11,mobile,USA,20.0,172
user_03771,treatment,1.0,-81.93,,mobile,India,26.0,133
user_06399,treatment,1.0,168.88,,mobile,UK,26.0,284
user_01533,treatment,0.0,"174,50",,tablet,IN,22.0,500
user_01696,control,1.0,-41.78,,mobile,UK,50.0,553
user_01195,treatment,0.0,171.86,2024-04-08,desktop,US,21.0,102
user_00859,control,0.0,142.25,,desktop,UK,55.0,125
user_00970,treatment,0.0,64.77,,iphone,UK,51.0,531
user_00557,control,1.0,41.38,2024-03-20,desktop,United Kingdom,57.0,361
user_00423,treatment,1.0,133.98,,tablet,US,38.0,325
user_01255,treatment,1.0,28.23,,mobile,India,62.0,0
user_00489,treatment,0.0,151.72,,desktop,United States,34.0,281
user_03562,control,2.0,38.57,2024-03-17,desktop,USA,65.0,544
user_06120,test,0.0,67.39,,mobile,UK,23.0,412
user_05750,control,1.0,18.6,,iphone,UK,23.0,413
user_02595,control,0.0,192.47,2024-02-19,desktop,USA,41.0,583
user_00091,control,0.0,140.02,2024-06-11,mobile,UK,51.0,591
user_03123,treatment,1.0,17.14,,android,India,53.0,492
user_02440,control,0.0,176.73,2024-04-13,desktop,US,23.0,92
user_04336,control,0.0,27.18,,tablet,US,60.0,556
user_08384,control,0.0,80.5,,desktop,US,48.0,59
user_00715,test,1.0,"436,48",,tablet,IN,57.0,479
user_01773,control,1.0,172.27,,android,US,24.0,108
user_02698,treatment,0.0,115.21,2024-10-18,tablet,India,40.0,-28
user_00947,treatment,0.0,-25.35,2024-04-04,tablet,USA,50.0,539
user_06170,treatment,1.0,172.27,,tablet,US,19.0,0
user_03239,control,0.0,120.83,2024-11-29,desktop,United Kingdom,30.0,335
user_08917,treatment,1.0,11.09,,desktop,USA,61.0,0
user_03706,treatment,0.0,"257,95",,mobile,USA,90.0,442
user_03399,trt,2.0,161.35,,mobile,US,18.0,0
user_04871,treatment,0.0,74.29,,tablet,USA,47.0,-15
user_01924,control,1.0,103.22,,desktop,US,47.0,555
user_00011,control,1.0,169.19,,mobile,UK,18.0,578
user_07506,control,0.0,$184.67,,mobile,India,29.0,0
user_03267,treatment,1.0,"169,52",,tablet,UK,62.0,274
user_06680,treatment,0.0,-54.37,,mobile,USA,25.0,189
user_03868,control,2.0,172.27,2024-01-29,mobile,United States,24.0,396
user_00016,control,0.0,"284,72",2024-10-09,mobile,US,23.0,38
user_01014,treatment,0.0,196.37,,desktop,US,21.0,138
user_00845,treatment,1.0,-46.34,,desktop,US,12.0,174
user_02405,treatment,1.0,37.4,2024-12-03,tablet,USA,30.0,229
user_03438,treatment,1.0,67.84,,desktop,IN,45.0,536
user_03711,control,0.0,78.72,2024-12-17,tablet,UK,42.0,136
user_00254,control,0.0,172.27,,desktop,India,29.0,119
user_08548,control,1.0,112.69,2024-07-16,tablet,United States,19.0,303
user_00700,treatment,0.0,"321,29",,iphone,USA,59.0,592
user_03408,treatment,0.0,170.06,,android,IN,32.0,486
user_02561,treatment,2.0,87.53,,tablet,India,58.0,33
user_04423,treatment,1.0,192.45,2024-02-19,android,UK,29.0,598
user_05393,treatment,1.0,130.27,,mobile,USA,56.0,99
user_07573,treatment,0.0,186.28,,mobile,United States,31.0,46
user_06070,control,1.0,152.91,2024-03-26,desktop,US,61.0,394
user_00302,treatment,0.0,188.56,,tablet,USA,36.0,0
user_06856,control,1.0,-97.34,,iphone,UK,54.0,0
user_04532,treatment,0.0,170.64,2024-01-14,iphone,USA,20.0,311
user_00062,trt,0.0,-71.55,,mobile,IN,21.0,191
user_01651,control,1.0,35.82,,android,IN,54.0,506
user_01304,control,1.0,70.84,2024-11-13,desktop,USA,58.0,229
user_01844,treatment,1.0,18.53,2024-03-10,mobile,US,34.0,116
user_06893,treatment,0.0,12.69,,desktop,United States,42.0,0
user_03594,treatment,0.0,28.05,2024-11-15,mobile,USA,38.0,170
user_08425,trt,0.0,61.86,2024-08-12,mobile,US,49.0,62
user_08540,trt,1.0,182.56,,mobile,United States,22.0,581
user_07832,trt,1.0,172.5,2024-01-29,desktop,USA,38.0,189
user_02765,treatment,1.0,64.73,,iphone,IN,42.0,453
user_02515,treatment,1.0,191.28,,iphone,US,65.0,135
user_00547,treatment,1.0,153.7,2024-07-22,android,US,37.0,43
user_08520,treatment,0.0,-46.01,,desktop,United States,36.0,275
user_03492,treatment,0.0,89.21,,desktop,US,29.0,312
user_04322,trt,0.0,159.6,2024-05-30,mobile,USA,35.0,288
user_07529,treatment,0.0,186.75,2024-09-14,android,USA,21.0,0
user_03527,treatment,0.0,50.23,,desktop,United Kingdom,26.0,214
user_07918,control,0.0,184.99,2024-11-15,iphone,USA,49.0,256
user_00680,treatment,1.0,73.84,,desktop,US,43.0,462
user_07724,treatment,0.0,-89.38,,desktop,India,36.0,0
user_00833,trt,1.0,115.08,2024-09-28,mobile,USA,64.0,398
user_00167,treatment,1.0,172.27,2024-10-08,mobile,United Kingdom,43.0,111
user_03042,treatment,0.0,$147.94,,desktop,USA,46.0,594
user_05081,trt,1.0,95.76,,android,IN,58.0,200
user_00847,treatment,1.0,56.53,2024-10-16,desktop,US,32.0,184
user_06885,control,0.0,34.82,,mobile,USA,32.0,75
user_07712,treatment,0.0,36836.3,,mobile,USA,37.0,532
user_06618,control,1.0,61.09,,desktop,US,32.0,193
user_08516,treatment,1.0,56.01,,mobile,US,19.0,133
user_04380,control,0.0,159.61,,iphone,USA,29.0,213
user_05523,treatment,2.0,45.61,,tablet,United Kingdom,22.0,399
user_03060,treatment,1.0,118.87,,desktop,India,54.0,-28
user_08653,treatment,0.0,96.52,2024-12-17,iphone,UK,53.0,0
user_04888,control,0.0,135.59,,android,US,54.0,0
user_03982,treatment,1.0,89.26,2024-06-04,desktop,USA,19.0,325
user_00217,trt,0.0,103.11,,mobile,US,59.0,423
user_00767,control,1.0,29.06,2024-06-15,mobile,US,40.0,131
user_07510,treatment,1.0,123.94,,desktop,UK,24.0,206
user_01478,treatment,0.0,40.81,,mobile,United States,49.0,330
user_01064,control,1.0,68.85,2024-08-28,tablet,USA,30.0,134
user_05713,control,1.0,190.5,2024-09-23,desktop,UK,45.0,49
user_01987,control,0.0,192.93,,android,United Kingdom,31.0,35
user_03022,control,1.0,158.65,,desktop,United States,33.0,229
user_03850,control,1.0,96.24,2024-02-21,desktop ,United Kingdom,52.0,238
user_01625,treatment,0.0,72.33,2024-02-26,desktop,USA,29.0,117
user_00607,control,0.0,184.97,,mobile,United States,29.0,435
user_06972,control,0.0,19.42,2024-12-21,android,United Kingdom,90.0,352
user_00346,control,0.0,172.27,,desktop,IN,39.0,-38
user_03125,treatment,0.0,140.92,,mobile,USA,5.0,455
user_05531,trt,1.0,90.62,,mobile,United States,49.0,268
user_00414,test,1.0,196.4,,desktop,US,24.0,-26
user_00696,control,1.0,72.0,2024-10-29,mobile,US,63.0,310
user_07348,treatment,1.0,172.27,2024-10-24,mobile,UK,46.0,244
user_02631,control,1.0,174.75,2024-04-06,desktop,USA,47.0,551
user_01510,control,0.0,55.34,,tablet,US,24.0,459
user_08240,treatment,0.0,20.25,2024-11-22,desktop,USA,49.0,250
user_08067,control,1.0,112.08,,mobile,US,41.0,370
user_00861,treatment,1.0,150.8,,tablet,UK,37.0,490
user_04456,treatment,1.0,84.47,,tablet,United States,50.0,0
user_03589,treatment,0.0,31.11,,tablet,US,55.0,559
user_01742,treatment,1.0,30.68,,iphone,United States,18.0,31
user_03305,control,1.0,33.43,,tablet,USA,42.0,145
user_06687,treatment,1.0,$63.52,,mobile,US,57.0,349
user_00741,control,0.0,63.44,,desktop,US,42.0,501
user_03528,control,1.0,123.04,,desktop,US,55.0,139
user_00686,control,1.0,68.81,2024-10-10,mobile,United States,47.0,489
user_00186,control,1.0,56.81,,android,US,18.0,524
user_02514,treatment,0.0,75.86,,mobile,India,36.0,87
user_02891,control,2.0,139.95,,desktop ,UK,58.0,255
user_06099,treatment,0.0,139.4,,mobile,India,27.0,301
user_00267,control,0.0,89.07,2024-11-27,desktop,IN,51.0,292
user_00386,control,0.0,172.27,,mobile,IN,27.0,134
user_06259,treatment,0.0,143.11,,tablet,US,33.0,582
user_06642,control,1.0,58.05,,mobile,USA,29.0,440
user_06221,treatment,1.0,136.26,,desktop,US,62.0,457
user_07378,treatment,1.0,50.49,,tablet,US,57.0,102
user_04703,treatment,0.0,$94.61,,desktop,United States,42.0,285
user_03059,treatment,1.0,163.49,2024-08-10,tablet,United States,36.0,373
user_02536,treatment,0.0,113.75,2024-06-06,mobile,US,25.0,-89
user_01241,treatment,0.0,132.81,,desktop,US,48.0,463
user_04911,treatment,1.0,164.43,,tablet,US,38.0,335
user_01411,control,0.0,28.79,2024-08-20,mobile,US,21.0,64
user_05363,treatment,1.0,128.6,,desktop,United States,30.0,129
user_04604,control,0.0,45.43,2024-02-05,tablet,US,49.0,594
user_00379,control,1.0,$72.32,2024-02-03,mobile,United Kingdom,22.0,62
user_00290,treatment,0.0,72.57,,mobile,USA,64.0,364
user_06396,treatment,0.0,184.78,,android,UK,42.0,432
user_07303,control,0.0,172.27,2024-08-27,desktop,US,33.0,312
user_00256,treatment,1.0,178.46,,mobile,United Kingdom,57.0,523
user_02974,control,0.0,63.1,,desktop,USA,38.0,342
user_03789,control,1.0,119.36,2024-11-19,desktop,USA,25.0,543
user_00794,treatment,1.0,84.68,2024-05-03,mobile,UK,53.0,186
user_02012,treatment,1.0,129.48,,tablet,UK,51.0,98
user_02402,control,0.0,172.27,,mobile,IN,45.0,524
user_00311,control,0.0,-54.01,,desktop,USA,46.0,571
user_01312,control,1.0,193.31,,mobile,USA,34.0,536
user_02006,control,0.0,161.7,,mobile,United States,48.0,359
user_01071,control,0.0,97.02,,desktop,US,90.0,-63
user_00952,treatment,1.0,83.4,,desktop,USA,51.0,544
user_06634,control,0.0,172.27,2024-12-25,tablet,USA,24.0,0
user_00841,control,0.0,114.92,,tablet,UK,47.0,212
user_08660,control,0.0,49.99,2024-02-09,tablet,US,50.0,42
user_00220,treatment,0.0,172.27,,desktop,US,20.0,444
user_08841,treatment,0.0,172.27,,desktop,India,60.0,-57
user_05690,control,1.0,182.95,,mobile,UK,21.0,402
user_04737,treatment,1.0,46.34,,mobile,United Kingdom,28.0,122
user_02979,control,0.0,44.04,2024-12-26,iphone,US,48.0,267
user_04811,treatment,1.0,147.8,2024-04-24,desktop,US,42.0,524
user_05861,control,0.0,99.86,,desktop,UK,38.0,259
user_01974,control,1.0,43.28,,tablet,IN,48.0,220
user_08544,control,0.0,172.27,,mobile,US,56.0,-16
user_06415,treatment,0.0,164.82,2024-12-07,mobile,United States,27.0,264
user_08042,control,1.0,135.34,2024-03-14,mobile,UK,24.0,598
user_01504,control,0.0,118.89,,desktop,United Kingdom,53.0,484
user_03369,control,1.0,140.48,,mobile,US,58.0,131
user_08248,treatment,1.0,26.52,,mobile,India,46.0,56
user_05069,treatment,1.0,89.3,,desktop,US,41.0,498
user_07109,treatment,1.0,105.42,,mobile,US,34.0,392
user_01405,treatment,2.0,57.75,,desktop,IN,62.0,184
user_03558,treatment,0.0,"678,97",2024-09-08,tablet ,US,42.0,0
user_00399,treatment,0.0,132.05,,iphone,India,60.0,248
user_06656,treatment,1.0,77.46,,tablet,United States,37.0,77
user_06525,control,1.0,71.82,,mobile,United States,45.0,182
user_01223,control,1.0,113.31,,mobile ,US,65.0,-31
user_03180,control,0.0,"802,16",,desktop,US,18.0,447
user_00668,treatment,1.0,19.76,,mobile,US,42.0,249
user_07419,control,1.0,61.73,,mobile,India,53.0,492
user_02210,control,1.0,167.69,,desktop,USA,40.0,101
user_01217,treatment,1.0,15.75,,tablet,India,50.0,180
user_04068,treatment,1.0,114.47,2024-08-07,mobile,US,55.0,163
user_08227,test,1.0,87.68,,mobile,US,64.0,0
user_03774,treatment,0.0,160.47,,desktop,United Kingdom,65.0,34
user_02719,control,0.0,122.46,,tablet,IN,34.0,52
user_01030,treatment,1.0,-86.89,,tablet,UK,45.0,0
user_07946,control,0.0,117.74,,desktop,United Kingdom,41.0,318
user_05019,treatment,1.0,71.91,,tablet,USA,42.0,339
user_04231,trt,0.0,172.27,,tablet,USA,42.0,186
user_03097,treatment,1.0,130.85,2024-06-21,mobile,United States,22.0,573
user_08453,treatment,1.0,84.88,,mobile,USA,40.0,312
user_00994,treatment,0.0,23.13,2024-11-22,tablet,US,30.0,30
user_00941,control,1.0,20.74,,desktop,USA,40.0,512
user_01088,treatment,0.0,180.96,2024-03-27,tablet,USA,43.0,70
user_06094,control,1.0,$110.68,,mobile,IN,24.0,65
user_08432,control,1.0,165.38,2024-05-05,tablet,US,48.0,342
user_03316,control,1.0,181.53,2024-10-01,desktop,United Kingdom,31.0,334
user_01577,control,1.0,172.46,2024-01-02,mobile,US,56.0,395
user_00195,treatment,0.0,83.98,,mobile,United States,59.0,0
user_07902,treatment,1.0,152.83,,desktop ,UK,64.0,530
user_04855,test,1.0,174.08,2024-09-04,tablet,United States,63.0,0
user_06251,control,0.0,13.85,,mobile,India,49.0,81
user_01669,control,1.0,160.33,2024-07-31,mobile,United Kingdom,18.0,448
user_08022,treatment,1.0,91.73,2024-12-30,tablet,US,43.0,509
user_00892,control,2.0,39.87,2024-12-31,mobile,USA,28.0,484
user_00990,treatment,1.0,81.22,,mobile,USA,48.0,203
user_04701,control,1.0,119.31,,mobile,USA,41.0,583
user_08501,control,1.0,183.88,,tablet,India,49.0,221
user_03428,control,0.0,150.92,,mobile,United States,23.0,206
user_08293,treatment,1.0,76.99,,mobile,US,58.0,332
user_00785,control,0.0,56.06,,tablet,UK,31.0,156
user_03384,control,0.0,48.21,,mobile,USA,49.0,87
user_04624,treatment,1.0,139.99,,mobile,UK,18.0,341
user_01699,control,1.0,32.65,,desktop,US,60.0,571
user_07120,treatment,1.0,"892,31",,desktop,USA,59.0,261
user_00526,trt,0.0,172.27,,desktop ,USA,52.0,0
user_06363,control,0.0,104.23,,desktop,USA,20.0,492
user_00716,control,1.0,57.24,2024-07-12,android,United States,34.0,571
user_06385,control,0.0,177.88,,desktop,United States,28.0,99
user_06604,control,0.0,146.45,,android,India,47.0,429
user_06628,control,0.0,179.41,,tablet,IN,57.0,78
user_06409,control,0.0,-42.37,2024-07-17,desktop,United Kingdom,46.0,190
user_08726,control,2.0,$21.99,,iphone,United States,27.0,244
user_07580,control,0.0,$55.71,,mobile,US,59.0,401
user_01616,treatment,1.0,45.8,,android,US,47.0,246
user_05208,control,1.0,86.63,2024-05-19,mobile,UK,55.0,69
user_04638,control,0.0,36.16,,android,India,31.0,245
user_08480,control,1.0,172.27,,iphone,USA,63.0,214
user_05440,trt,0.0,159.32,,mobile,United States,20.0,0
user_05774,control,0.0,61.96,2024-12-05,desktop,United States,45.0,437
user_04629,treatment,0.0,"914,16",2024-01-28,android,US,60.0,360
user_08132,treatment,1.0,177.88,,desktop,US,55.0,335
user_03197,test,0.0,$147.54,,iphone,United Kingdom,21.0,565
user_06157,control,0.0,82.04,2024-06-26,mobile,IN,43.0,0
user_06950,treatment,1.0,-16.24,2024-09-26,tablet,IN,49.0,0
user_08995,treatment,0.0,60.11,2024-04-07,desktop,India,60.0,142
user_02235,treatment,1.0,24.62,,tablet,US,52.0,-73
user_00132,treatment,1.0,123.6,,mobile,USA,29.0,-12
user_08717,treatment,0.0,187.81,2024-11-22,mobile,US,41.0,0
user_04483,treatment,1.0,19.6,,mobile,United Kingdom,57.0,364
user_01028,control,1.0,11.71,2024-03-25,mobile,United States,32.0,319
user_02232,treatment,0.0,172.27,,desktop,UK,39.0,548
user_05882,control,0.0,88.04,,desktop,India,47.0,253
user_01780,treatment,0.0,-34.71,,desktop,USA,37.0,373
user_00067,treatment,1.0,86.55,,desktop,USA,55.0,519
user_01024,treatment,0.0,-65.84,,iphone,USA,21.0,390
user_05063,treatment,0.0,130.43,,tablet,US,19.0,378
user_05541,treatment,1.0,11.19,,desktop ,UK,36.0,527
user_08571,treatment,1.0,172.27,2024-09-07,mobile,IN,24.0,-40
user_07229,treatment,0.0,57.8,,desktop,India,54.0,0
user_07726,treatment,1.0,25.9,,mobile,UK,61.0,163
user_03493,control,0.0,172.27,,desktop,United Kingdom,65.0,561
user_01985,control,1.0,14.9,,mobile,USA,39.0,354
user_00891,treatment,1.0,-99.62,,desktop,United States,65.0,419
user_05135,control,0.0,151.76,,mobile,US,65.0,506
user_08190,control,0.0,13.39,2024-02-14,tablet,US,60.0,526
user_07429,treatment,0.0,24.13,,desktop,United States,27.0,43
user_00650,treatment,1.0,37.48,,mobile,IN,54.0,279
user_00889,control,0.0,181.9,,mobile,United Kingdom,30.0,248
user_04554,treatment,2.0,165.48,2024-05-11,desktop,United States,40.0,0
user_07969,control,0.0,172.27,,android,US,51.0,0
user_02226,treatment,0.0,97.62,2024-11-24,mobile,US,56.0,555
user_01054,treatment,1.0,172.27,2024-07-09,desktop,US,57.0,100
user_04552,treatment,0.0,"655,75",,desktop,India,63.0,515
user_08759,treatment,0.0,172.27,,mobile,USA,58.0,581
user_01036,treatment,0.0,198.21,,desktop,US,32.0,411
user_03732,treatment,0.0,113.84,,mobile,US,60.0,84
user_08861,treatment,1.0,-87.86,2024-05-30,desktop,United States,52.0,158
user_00194,treatment,2.0,104.36,,mobile ,US,58.0,36
user_02702,treatment,0.0,169.51,2024-01-13,desktop,United States,38.0,460
user_01542,control,0.0,172.27,2024-02-24,mobile,UK,26.0,294
user_06717,treatment,0.0,50.14,2024-01-01,desktop,US,33.0,-61
user_00294,treatment,1.0,28816.83,2024-09-13,mobile,US,51.0,196
user_03203,treatment,2.0,172.27,2024-01-25,mobile,US,53.0,310
user_08900,treatment,1.0,"307,15",,mobile,USA,30.0,596
user_01989,control,1.0,37.35,2024-07-27,desktop,IN,35.0,521
user_06054,control,1.0,189.76,2024-03-24,android,United Kingdom,38.0,102
user_05952,treatment,1.0,42.84,,desktop,UK,45.0,0
user_03728,control,0.0,195.3,,desktop,UK,42.0,537
user_00707,treatment,0.0,135.39,,desktop,US,29.0,99
user_02593,control,0.0,126.31,2024-03-19,desktop,USA,57.0,225
user_04693,trt,0.0,160.21,,iphone,US,56.0,-46
user_01144,control,1.0,68.08,,mobile,United Kingdom,65.0,534
user_00884,treatment,1.0,172.27,2024-05-05,mobile,USA,47.0,0
user_01004,treatment,1.0,-86.62,2024-04-03,mobile,IN,57.0,325
user_06204,control,0.0,174.15,2024-11-20,tablet,USA,18.0,39
user_07827,control,1.0,61.43,,tablet,United States,30.0,33
user_04834,control,0.0,175.22,2024-08-16,desktop,United Kingdom,46.0,44
user_01799,treatment,1.0,128.27,,mobile,US,31.0,529
user_07738,test,0.0,134.18,2024-10-17,android,US,90.0,-38
user_07334,control,1.0,15.62,,desktop,IN,26.0,419
user_02461,control,1.0,"163,38",,mobile,USA,45.0,537
user_03329,control,1.0,43.53,2024-08-27,desktop,IN,34.0,128
user_07205,treatment,0.0,188.68,,mobile,US,35.0,216
user_01627,control,1.0,123.98,2024-05-28,mobile,UK,24.0,435
user_05796,treatment,0.0,127.52,,mobile,US,42.0,-65
user_04021,treatment,1.0,151.32,,mobile,United States,42.0,107
user_00332,treatment,0.0,128.1,,mobile,USA,33.0,453
user_03062,treatment,1.0,170.88,2024-09-24,mobile,United Kingdom,26.0,0
user_06432,treatment,0.0,27.83,,desktop,US,51.0,114
user_02560,treatment,0.0,174.58,,desktop,India,51.0,413
user_07944,treatment,0.0,47.47,2024-08-17,mobile,US,52.0,587
user_08105,treatment,0.0,173.91,,desktop,USA,55.0,543
user_04730,treatment,0.0,145.36,,desktop,USA,57.0,216
user_01553,trt,1.0,123.52,2024-12-01,tablet,USA,43.0,290
user_07257,treatment,2.0,94.98,,desktop,USA,24.0,542
user_06327,control,1.0,"928,17",2024-02-14,tablet,United States,44.0,600
user_02939,control,1.0,49.57,,tablet,IN,46.0,423
user_01013,treatment,1.0,93.38,2024-06-26,desktop,United Kingdom,33.0,469
user_01988,treatment,1.0,103.45,,mobile,US,35.0,377
user_06862,control,0.0,122.04,,tablet,India,55.0,520
user_08204,treatment,1.0,139.59,2024-12-03,desktop,United Kingdom,51.0,573
user_00468,control,1.0,35.68,,desktop,US,42.0,462
user_01439,treatment,0.0,59.46,,desktop,UK,46.0,512
user_07579,control,0.0,116.93,,desktop ,USA,53.0,336
user_00404,control,0.0,103.96,2024-04-16,mobile,USA,21.0,429
user_05352,control,0.0,102.87,2024-04-02,mobile,US,60.0,514
user_07551,treatment,0.0,150.74,2024-12-27,desktop,USA,58.0,71
user_03896,control,1.0,89.94,2024-07-29,mobile,USA,56.0,456
user_08041,treatment,1.0,172.27,,android,United States,26.0,431
user_02372,treatment,2.0,98.97,,desktop,United Kingdom,22.0,369
user_00995,control,0.0,-25.12,,tablet,USA,24.0,98
user_03485,control,2.0,60.07,,desktop,UK,60.0,461
user_04844,control,0.0,172.27,,android ,IN,44.0,286
user_08270,control,1.0,184.61,2024-10-03,tablet,USA,22.0,337
user_03557,treatment,0.0,170.23,,tablet,United Kingdom,27.0,299
user_01508,treatment,1.0,172.27,2024-08-13,tablet,US,45.0,373
user_04425,treatment,1.0,94.41,,mobile,UK,63.0,362
user_07470,treatment,0.0,106.05,,desktop,United Kingdom,22.0,531
user_02375,control,1.0,137.13,2024-08-29,desktop,IN,18.0,389
user_04183,control,0.0,130.07,,tablet,India,52.0,437
user_03927,treatment,0.0,192.18,2024-08-12,tablet,UK,39.0,571
user_00405,treatment,0.0,172.27,,desktop,United States,55.0,34
user_03979,treatment,1.0,104.78,,mobile,USA,27.0,37
user_07174,treatment,0.0,108.81,,mobile,US,54.0,575
user_01390,treatment,1.0,98.31,,mobile,United States,22.0,77
user_05021,control,1.0,144.16,2024-05-02,desktop,US,42.0,285
user_06091,control,0.0,10.3,,mobile,US,33.0,492
user_00055,control,1.0,136.62,,iphone,US,50.0,554
user_05002,control,0.0,107.93,,tablet,India,44.0,476
user_01261,control,0.0,98.11,,desktop,US,42.0,575
user_02229,trt,1.0,50.85,2024-02-08,tablet,USA,48.0,414
user_00792,trt,0.0,177.06,,tablet,United States,23.0,0
user_05152,test,1.0,124.21,,mobile,United Kingdom,48.0,313
user_04117,treatment,0.0,156.87,,mobile,US,45.0,475
user_07304,trt,1.0,172.27,2024-09-18,iphone,USA,57.0,235
user_00289,control,0.0,172.27,,tablet,US,52.0,303
user_01135,treatment,1.0,$56.04,,mobile,IN,45.0,228
user_05724,control,1.0,75.89,,tablet,USA,62.0,304
user_07822,control,0.0,181.67,,desktop,India,44.0,111
user_01888,control,0.0,81.2,,mobile,USA,40.0,393
user_07475,control,0.0,172.27,,mobile,UK,62.0,273
user_06922,control,0.0,37.61,2024-07-14,desktop,IN,25.0,258
user_00444,control,1.0,97.46,,mobile,IN,18.0,375
user_04305,treatment,0.0,168.81,,tablet,USA,44.0,227
user_02364,trt,1.0,172.27,,tablet,US,53.0,433
user_03512,control,1.0,156.64,,tablet,US,31.0,589
user_06850,control,1.0,125.21,,tablet,US,34.0,123
user_04302,treatment,2.0,"625,72",,iphone,UK,24.0,466
user_05266,treatment,0.0,140.93,,mobile,US,42.0,567
user_07066,control,1.0,139.58,,desktop,IN,64.0,0
user_00747,treatment,1.0,154.72,2024-10-13,mobile,US,50.0,294
user_08703,treatment,1.0,124.6,2024-12-09,tablet,UK,57.0,385
user_08851,control,0.0,26.71,,desktop,US,65.0,0
user_00179,control,0.0,195.13,,desktop,USA,44.0,133
user_06596,control,1.0,138.4,,mobile,UK,29.0,135
user_05078,control,0.0,19.92,,desktop ,UK,59.0,132
user_03586,control,1.0,$186.04,2024-10-13,iphone,US,22.0,287
user_03698,treatment,1.0,160.03,,desktop,US,42.0,0
user_07558,control,1.0,172.27,,android,USA,55.0,378
user_02717,treatment,1.0,39.48,2024-02-28,tablet,India,18.0,-71
user_08791,control,1.0,$166.53,,mobile,United States,28.0,422
user_00719,treatment,1.0,80.3,,desktop,United Kingdom,60.0,0
user_07273,control,0.0,110.35,,tablet,US,64.0,207
user_00081,treatment,0.0,126.74,,tablet,USA,51.0,476
user_08618,treatment,1.0,110.67,,tablet,UK,39.0,421
user_01850,treatment,0.0,82.0,,tablet,United States,65.0,0
user_07642,treatment,1.0,149.0,,android,US,42.0,397
user_02554,treatment,0.0,28.01,,mobile,UK,63.0,599
user_01443,trt,0.0,131.14,,desktop,United Kingdom,33.0,157
user_08034,control,1.0,50.11,,mobile,US,37.0,197
user_01703,treatment,0.0,163.8,,mobile,United Kingdom,58.0,499
user_06810,control,0.0,88.6,,desktop,US,42.0,262
user_05351,trt,1.0,96.84,,desktop,United Kingdom,42.0,597
user_01781,treatment,0.0,83.21,2024-01-22,desktop,IN,45.0,281
user_00025,control,1.0,191.15,,tablet,US,41.0,453
user_03353,treatment,2.0,175.54,,mobile,USA,42.0,204
user_05435,treatment,1.0,107.77,,iphone,IN,51.0,519
user_05588,treatment,0.0,90.54,,mobile,India,29.0,342
user_04214,control,1.0,19.83,,desktop,IN,42.0,585
user_01160,control,1.0,13.75,,mobile,United States,48.0,550
user_00460,treatment,1.0,135.75,,desktop,IN,26.0,474
user_01812,treatment,0.0,16.03,2024-01-20,desktop,India,6.0,356
user_02668,treatment,0.0,178.43,,mobile,USA,42.0,58
user_04942,control,1.0,20.3,,mobile,United Kingdom,27.0,464
user_01845,control,0.0,30.22,,mobile,US,46.0,35
user_07583,control,0.0,148.08,,mobile,India,45.0,232
user_07900,trt,0.0,120.78,2024-07-17,desktop,United Kingdom,59.0,590
user_07344,treatment,0.0,195.49,2024-12-18,tablet,US,27.0,-75
user_00756,treatment,2.0,154.62,,desktop,USA,59.0,44
user_07641,control,1.0,51.42,2024-12-05,desktop,United States,24.0,597
user_08309,treatment,1.0,141.12,,iphone,USA,30.0,73
user_00006,control,1.0,172.27,,mobile,US,52.0,-66
user_00450,control,0.0,22.82,,android,IN,62.0,469
user_07006,treatment,0.0,45.55,,mobile,US,44.0,271
user_08171,control,1.0,103.63,,mobile,United Kingdom,58.0,477
user_08821,control,0.0,194.76,,desktop,US,42.0,0
user_05323,control,1.0,148.92,2024-10-30,tablet,IN,57.0,511
user_01655,treatment,1.0,19.48,2024-11-01,desktop,United States,38.0,-80
user_08948,trt,1.0,168.4,,tablet,US,51.0,520
user_00169,treatment,1.0,148.4,,mobile,United Kingdom,44.0,0
user_02578,control,0.0,87.22,,desktop,US,42.0,519
user_05741,trt,0.0,167.66,,desktop,United Kingdom,24.0,35
user_00829,treatment,1.0,167.81,,desktop,USA,39.0,477
user_08419,treatment,1.0,28.98,,mobile,United States,63.0,323
user_01085,control,1.0,24607.59,,desktop,UK,44.0,0
user_03786,control,0.0,-47.93,,desktop,USA,42.0,0
user_02784,treatment,1.0,97.42,,desktop,UK,28.0,76
user_04208,control,1.0,172.27,,desktop,USA,60.0,194
user_01515,control,0.0,119.24,,desktop,India,59.0,112
user_00347,control,1.0,105.04,,mobile,USA,54.0,469
user_00445,treatment,0.0,133.04,,mobile,United States,20.0,-86
user_03755,trt,1.0,175.62,,desktop,UK,50.0,66
user_00048,control,0.0,69.79,,android,USA,42.0,390
user_07484,control,1.0,173.34,2024-03-25,mobile,IN,62.0,398
user_00308,control,1.0,183.04,,mobile,IN,65.0,413
user_07807,treatment,1.0,-32.71,2024-06-05,desktop ,US,32.0,0
user_05626,treatment,2.0,63.89,,desktop,United Kingdom,41.0,114
user_02655,treatment,1.0,195.13,,desktop,US,30.0,-48
user_02795,treatment,1.0,168.33,,mobile,US,33.0,533
user_08625,control,1.0,"362,74",2024-01-11,desktop,US,56.0,-24
user_02326,control,0.0,121.19,,tablet,USA,56.0,238
user_07134,control,0.0,10.34,,mobile,US,34.0,173
user_06982,control,1.0,-54.61,,mobile,IN,64.0,425
user_00385,trt,1.0,163.94,2024-01-26,desktop,US,30.0,591
user_08695,test,1.0,161.06,,iphone ,India,19.0,187
user_04850,trt,0.0,75.87,,android,UK,38.0,90
user_00854,treatment,2.0,55.69,,desktop,US,39.0,521
user_08601,control,0.0,27.97,,desktop,UK,21.0,471
user_02559,treatment,1.0,145.99,,mobile,IN,47.0,67
user_02156,treatment,0.0,137.24,2024-07-17,desktop,US,42.0,147
user_06165,control,0.0,32.59,,mobile,USA,32.0,481
user_01861,control,0.0,144.07,2024-06-13,tablet,IN,22.0,503
user_00205,treatment,1.0,24.66,,desktop,US,46.0,154
user_06506,trt,1.0,33006.48,,iphone,US,34.0,525
user_03378,treatment,0.0,34.76,,desktop,USA,53.0,179
user_00735,treatment,1.0,121.32,,mobile,UK,28.0,453
user_00916,treatment,1.0,83.29,2024-11-11,tablet,US,31.0,156
user_03611,control,0.0,172.27,,desktop,US,44.0,120
user_03822,control,1.0,60.93,,desktop,US,33.0,270
user_05935,treatment,1.0,110.39,2024-07-18,tablet,United States,56.0,-17
user_00472,treatment,0.0,178.19,,tablet,US,58.0,89
user_02557,treatment,0.0,162.47,,mobile,US,29.0,480
user_03605,control,1.0,44.2,,tablet,United Kingdom,34.0,486
user_00424,treatment,0.0,117.85,,desktop,US,53.0,32
user_01322,treatment,1.0,73.32,,mobile,United States,60.0,451
user_07166,control,0.0,46.88,,mobile,US,42.0,596
user_05696,control,1.0,198.07,,mobile,USA,48.0,69
user_08123,control,1.0,189.34,,mobile,United Kingdom,42.0,-45
user_04819,treatment,0.0,39.79,,iphone,USA,25.0,546
user_08208,treatment,1.0,89.89,2024-05-15,mobile,USA,50.0,319
user_03449,treatment,0.0,77.57,,mobile,UK,42.0,268
user_03743,treatment,1.0,120.22,,tablet,US,32.0,530
user_06902,treatment,0.0,59.41,2024-10-02,desktop,US,61.0,435
user_00480,control,0.0,51.02,,desktop,UK,50.0,326
user_00834,control,0.0,19681.03,,mobile,US,39.0,306
user_00401,control,1.0,133.06,,mobile,US,33.0,348
user_04912,treatment,2.0,90.86,,mobile,IN,23.0,218
user_00529,control,0.0,$11.08,,tablet,IN,47.0,187
user_02066,control,0.0,116.07,,desktop,United States,44.0,221
user_00642,control,0.0,19.41,,android,US,18.0,0
user_04250,treatment,1.0,185.97,,desktop,US,46.0,0
user_01554,treatment,0.0,12407.65,,mobile,UK,21.0,127
user_00837,treatment,0.0,136.08,,mobile,India,60.0,448
user_07476,treatment,1.0,138.33,,tablet,US,53.0,502
user_07628,treatment,1.0,101.46,2024-12-03,tablet,UK,46.0,371
user_06463,treatment,1.0,102.23,2024-01-31,iphone,US,39.0,0
user_08223,treatment,0.0,178.42,,mobile,US,49.0,229
user_08615,control,1.0,120.59,2024-02-20,desktop,USA,53.0,39
user_05326,test,0.0,97.91,,mobile,USA,24.0,270
user_02113,treatment,1.0,138.02,,iphone,USA,34.0,430
user_05257,treatment,0.0,183.89,,mobile,US,24.0,287
user_01917,treatment,1.0,14819.66,,tablet,USA,46.0,286
user_04576,treatment,0.0,49.96,,mobile,United Kingdom,34.0,415
user_03750,treatment,1.0,154.14,,mobile,USA,35.0,402
user_04200,treatment,1.0,100.82,2024-03-02,iphone,United States,27.0,378
user_01067,control,0.0,172.27,,mobile,IN,36.0,-39
user_00782,control,1.0,89.27,2024-07-19,mobile,IN,56.0,119
user_04054,treatment,1.0,-97.17,,tablet,US,29.0,366
user_08090,control,1.0,87.19,2024-01-05,desktop,USA,56.0,509
user_04953,control,2.0,93.79,,mobile,United States,32.0,449
user_01856,control,0.0,28.01,2024-12-18,tablet,USA,33.0,0
user_05511,control,0.0,188.32,,desktop,IN,60.0,445
user_03964,control,0.0,189.83,,mobile,IN,44.0,536
user_04933,control,1.0,187.09,2024-01-30,tablet,IN,42.0,121
user_01300,control,0.0,172.27,,desktop,United Kingdom,42.0,168
user_03543,treatment,0.0,90.68,2024-03-29,desktop,United States,38.0,50
user_00900,control,1.0,197.3,,desktop,US,44.0,139
user_00102,treatment,1.0,137.33,,desktop,US,43.0,0
user_07211,treatment,1.0,83.16,2024-07-18,android,USA,57.0,193
user_00093,control,0.0,$151.81,2024-09-24,mobile,UK,44.0,488
user_00483,treatment,1.0,108.07,,tablet,US,19.0,564
user_05231,treatment,1.0,32.37,,desktop,IN,45.0,0
user_00914,treatment,1.0,178.43,,mobile,US,49.0,-94
user_04614,treatment,1.0,172.17,,desktop,United Kingdom,59.0,403
user_01851,control,1.0,153.68,,mobile,US,38.0,252
user_06553,control,1.0,104.16,,desktop,USA,40.0,366
user_03817,control,0.0,156.97,,desktop,United States,43.0,565
user_05989,treatment,0.0,17.06,,mobile,US,33.0,0
user_06198,treatment,1.0,163.13,,tablet,United Kingdom,63.0,235
user_08648,trt,0.0,172.27,,mobile,USA,23.0,243
user_06688,control,0.0,19.39,2024-06-08,mobile,United States,46.0,441
user_08424,control,1.0,94.83,,desktop,United Kingdom,51.0,248
user_07802,control,0.0,79.22,2024-10-20,desktop,USA,31.0,222
user_08576,treatment,1.0,172.27,,android,US,63.0,388
user_04577,control,0.0,101.19,,desktop,US,50.0,-92
user_05661,control,0.0,"208,50",,desktop,USA,18.0,438
user_04868,control,1.0,26.54,2024-08-10,mobile,US,33.0,260
user_00711,control,2.0,26.08,,iphone,USA,65.0,0
user_01115,control,0.0,179.04,,tablet,IN,26.0,95
user_02903,control,0.0,31.69,,desktop,US,42.0,352
user_07432,treatment,0.0,194.12,2024-09-05,desktop,UK,36.0,568
user_06736,treatment,1.0,37.81,2024-01-14,mobile,United States,58.0,187
user_00361,control,1.0,"831,63",,mobile,India,42.0,30
user_00787,treatment,1.0,172.27,2024-09-06,tablet,USA,51.0,350
user_04145,treatment,1.0,78.98,2024-09-29,desktop,India,24.0,530
user_04156,control,0.0,12.75,,desktop,India,18.0,372
user_08935,control,1.0,173.52,2024-12-30,desktop,India,44.0,76
user_06294,treatment,0.0,60.88,,desktop,United States,22.0,393
user_04064,control,1.0,167.55,,desktop,IN,42.0,187
user_08499,treatment,1.0,67.55,,mobile,UK,41.0,279
user_04362,control,1.0,60.54,,desktop,United Kingdom,51.0,402
user_05635,treatment,0.0,172.27,2024-02-18,desktop,United States,42.0,571
user_05309,trt,1.0,72.41,2024-11-13,mobile,UK,35.0,144
user_03841,trt,0.0,137.47,2024-11-16,desktop,IN,48.0,334
user_07891,treatment,1.0,156.12,,desktop,USA,21.0,0
user_08017,control,1.0,-48.34,2024-09-30,desktop,USA,49.0,0
user_08283,treatment,0.0,177.14,2024-05-02,tablet,USA,63.0,323
user_07808,control,2.0,162.02,2024-11-06,mobile,UK,62.0,388
user_00212,control,0.0,16.64,,desktop,US,36.0,499
user_00562,control,1.0,-37.76,2024-09-15,android,India,31.0,589
user_08865,test,1.0,19.7,,mobile,India,60.0,416
user_07081,trt,0.0,162.68,,desktop,United States,38.0,-28
user_00284,control,1.0,181.65,2024-11-14,desktop,US,40.0,0
user_03935,trt,0.0,162.58,,desktop,USA,63.0,318
user_08846,treatment,1.0,21.86,2024-09-09,mobile,IN,54.0,363
user_04357,control,0.0,28.51,,desktop,US,37.0,82
user_04215,control,0.0,19.55,,mobile,US,42.0,475
user_05737,control,0.0,180.4,,desktop,IN,48.0,94
user_02550,treatment,1.0,154.8,,mobile,UK,42.0,91
user_08367,control,1.0,115.99,,desktop,US,51.0,0
user_04249,control,0.0,74.9,,desktop,USA,47.0,155
user_06359,control,1.0,104.31,2024-08-25,android,USA,38.0,229
user_05167,treatment,0.0,"498,51",2024-11-07,iphone,United Kingdom,41.0,113
user_05478,treatment,1.0,131.77,,desktop,India,42.0,203
user_07194,control,1.0,39.45,2024-05-20,mobile,US,63.0,182
user_06619,treatment,0.0,$142.37,,android,United States,24.0,0
user_02525,treatment,1.0,45.38,,desktop,UK,26.0,109
user_04095,treatment,0.0,-91.1,,mobile,US,46.0,591
user_01048,treatment,1.0,65.58,,mobile,US,23.0,394
user_03651,treatment,0.0,186.38,,mobile,United Kingdom,43.0,415
user_00604,treatment,0.0,164.03,,tablet,USA,49.0,444
user_05877,control,0.0,120.47,,tablet,US,32.0,289
user_00742,control,0.0,78.19,2024-06-16,desktop,United States,21.0,559
user_03526,treatment,1.0,102.65,2024-10-17,mobile,USA,58.0,93
user_02378,control,0.0,56.34,2024-11-29,iphone,IN,59.0,0
user_08355,treatment,1.0,-28.98,,tablet,IN,44.0,77
user_04740,control,1.0,172.27,,mobile,US,42.0,0
user_02447,treatment,1.0,70.92,2024-01-09,mobile,US,35.0,528
user_00202,control,1.0,160.93,2024-08-08,desktop,US,57.0,-79
user_08867,treatment,1.0,64.63,2024-09-13,desktop,India,46.0,43
user_05576,control,1.0,129.62,,mobile,US,35.0,451
user_01470,treatment,0.0,172.27,2024-05-03,tablet,UK,46.0,0
user_02822,control,1.0,$16.18,2024-01-21,desktop,US,21.0,574
user_07176,control,0.0,172.27,2024-10-21,mobile,United Kingdom,38.0,288
user_05285,control,1.0,72.14,2024-05-24,desktop,IN,47.0,161
user_08664,treatment,0.0,123.66,2024-11-10,mobile,IN,43.0,-88
user_03790,control,0.0,-63.87,,desktop ,US,26.0,346
user_05360,test,0.0,73.65,,mobile,US,28.0,441
user_00787,treatment,1.0,98.17,2024-05-05,mobile,USA,33.0,0
user_00419,treatment,1.0,33.03,,desktop,United States,57.0,125
user_01035,treatment,1.0,92.23,2024-04-02,tablet,United States,37.0,102
user_00436,control,0.0,151.15,2024-12-06,android,US,53.0,436
user_04861,control,0.0,93.42,2024-01-10,mobile,United States,27.0,41
user_00311,control,1.0,75.86,2024-08-21,desktop,United States,32.0,298
user_00546,trt,0.0,38.63,,desktop,US,57.0,502
user_08638,control,0.0,174.26,2024-11-19,tablet,India,62.0,439
user_04031,control,1.0,35.49,,desktop,USA,29.0,200
user_07082,control,1.0,28.15,,mobile,IN,33.0,194
user_08855,trt,1.0,172.27,,mobile,USA,37.0,125
user_02454,treatment,1.0,26.0,,mobile,US,55.0,100
user_05500,treatment,1.0,118.47,,mobile,IN,27.0,54
user_06461,control,0.0,172.27,2024-02-07,mobile,US,50.0,61
user_07632,treatment,0.0,199.35,2024-07-10,iphone,USA,60.0,181
user_06430,treatment,0.0,161.07,2024-04-29,iphone,USA,60.0,-55
user_02923,treatment,2.0,172.27,,desktop,India,42.0,387
user_06346,treatment,1.0,56.43,2024-04-04,iphone,USA,22.0,0
user_06924,treatment,0.0,35.02,,tablet,USA,25.0,-12
user_00620,control,0.0,158.46,,desktop,IN,53.0,209
user_00802,trt,1.0,152.34,,desktop,US,25.0,479
user_03444,control,0.0,18.46,,mobile,US,41.0,316
user_07061,control,0.0,169.62,,mobile,United Kingdom,49.0,273
user_00250,control,0.0,115.79,2024-12-07,tablet ,United Kingdom,57.0,432
user_03320,treatment,1.0,150.01,,android,US,51.0,180
user_00793,treatment,0.0,130.69,,android,IN,50.0,-68
user_07954,treatment,0.0,88.74,2024-09-28,mobile,US,22.0,251
user_04745,treatment,1.0,173.87,2024-12-10,android,US,38.0,473
user_02645,control,0.0,37.24,2024-02-04,mobile,IN,42.0,430
user_04197,treatment,0.0,141.05,,mobile,USA,39.0,586
user_05816,control,1.0,48.94,2024-01-13,tablet,USA,29.0,113
user_00963,control,0.0,186.38,,desktop,USA,42.0,155
user_05057,control,2.0,172.27,,desktop ,United Kingdom,61.0,428
user_00738,treatment,0.0,84.74,,mobile,IN,38.0,127
user_05894,control,0.0,121.0,,mobile,UK,51.0,394
user_06348,control,1.0,195.78,,tablet,United Kingdom,45.0,206
user_05107,trt,1.0,36.91,,mobile,US,64.0,295
user_03413,control,0.0,142.2,,desktop,US,48.0,90
user_07271,control,0.0,181.39,,tablet,UK,21.0,433
user_03484,treatment,1.0,150.22,2024-08-03,desktop ,US,54.0,562
user_01039,treatment,0.0,"535,43",,desktop,US,57.0,0
user_04424,treatment,0.0,180.18,,mobile,US,31.0,0
user_01622,trt,0.0,190.3,,mobile,USA,63.0,477
user_07855,treatment,0.0,83.75,,iphone,US,22.0,331
user_03260,test,0.0,172.27,,desktop,US,65.0,553
user_00372,control,1.0,-57.94,,iphone,US,57.0,411
user_00267,treatment,0.0,172.27,,tablet,United States,33.0,81
user_00750,treatment,0.0,142.2,2024-01-16,mobile ,UK,22.0,248
user_00375,treatment,0.0,166.73,,mobile,US,47.0,566
user_04858,treatment,0.0,116.45,,mobile,UK,42.0,0
user_06678,treatment,0.0,172.27,,desktop,UK,57.0,516
user_08748,control,0.0,193.58,,mobile,USA,20.0,0
user_01947,control,0.0,99.27,,android,US,46.0,66
user_07053,control,1.0,172.61,,desktop,United States,34.0,163
user_06370,treatment,0.0,34.86,,mobile,US,55.0,0
user_02407,treatment,1.0,52.59,,mobile,India,38.0,220
user_08730,treatment,1.0,89.12,2024-09-17,tablet,US,47.0,95
user_07137,control,0.0,-12.81,,desktop,India,33.0,38
user_03401,control,2.0,145.7,,desktop,USA,62.0,321
user_00337,control,0.0,-87.53,,desktop,US,47.0,588
user_00937,treatment,1.0,"292,28",,mobile,United States,43.0,220
user_08205,treatment,1.0,165.26,2024-06-19,mobile,IN,62.0,-61
user_08869,treatment,0.0,175.66,,tablet,India,42.0,0
user_03629,control,1.0,140.26,,tablet,US,36.0,419
user_03946,control,0.0,176.9,2024-12-17,mobile,India,29.0,262
user_01779,control,1.0,33.56,,tablet,USA,29.0,335
user_05426,treatment,0.0,153.34,,desktop,India,35.0,106
user_08807,control,1.0,20.2,,desktop,United States,23.0,0
user_00754,treatment,1.0,139.05,2024-03-08,tablet,USA,42.0,119
user_08126,control,0.0,172.27,2024-08-18,mobile,US,43.0,595
user_08045,control,2.0,111.28,2024-02-08,mobile,IN,29.0,-84
user_00549,treatment,1.0,46.99,,mobile,UK,37.0,126
user_03852,control,2.0,180.85,2024-05-21,tablet,UK,44.0,439
user_02582,control,0.0,54.75,2024-07-12,iphone,USA,56.0,507
user_02962,control,1.0,10.78,2024-11-18,tablet,USA,22.0,549
user_08259,treatment,2.0,57.6,,tablet,USA,48.0,41
user_00331,treatment,0.0,172.76,,mobile,UK,90.0,201
user_08244,control,1.0,$25.0,,mobile,India,46.0,149
user_00790,treatment,1.0,62.67,2024-06-11,desktop,USA,20.0,498
user_07427,treatment,0.0,172.27,,desktop,USA,47.0,121
user_03797,treatment,1.0,92.96,,tablet,USA,34.0,221
user_04750,treatment,1.0,172.27,,tablet,India,28.0,-93
user_08519,control,0.0,-47.73,,tablet,UK,53.0,234
user_07805,treatment,0.0,108.14,,mobile,United Kingdom,42.0,398
user_04697,trt,0.0,151.59,,mobile,UK,40.0,497
user_08565,treatment,0.0,88.53,,mobile,United Kingdom,49.0,0
user_08862,treatment,1.0,186.56,,mobile,US,38.0,509
user_08919,trt,1.0,53.71,,desktop,USA,29.0,526
user_00398,treatment,0.0,46.86,2024-06-04,tablet,US,61.0,191
user_00163,treatment,1.0,150.56,,tablet,USA,48.0,202
user_07212,control,1.0,54.97,2024-08-20,desktop ,India,57.0,521
user_08307,control,0.0,32.69,2024-02-06,tablet,India,32.0,482
user_08926,control,1.0,147.33,,desktop,USA,57.0,344
user_01717,control,1.0,10.52,,desktop,US,31.0,360
user_00017,treatment,0.0,100.5,,mobile,IN,23.0,70
user_00452,treatment,1.0,$57.21,,desktop,United States,18.0,112
user_04877,treatment,0.0,109.28,,tablet,US,22.0,0
user_05201,test,0.0,134.12,,desktop,US,39.0,356
user_05277,control,0.0,52.0,,desktop,USA,56.0,279
user_07604,control,1.0,$27.94,,iphone,IN,51.0,434
user_03462,treatment,1.0,49.2,,desktop,United Kingdom,45.0,349
user_06309,test,1.0,172.27,2024-11-04,mobile,US,59.0,35
user_06218,control,2.0,89.72,2024-04-10,mobile,US,24.0,178
user_07806,control,2.0,135.88,2024-01-20,tablet,US,41.0,491
user_07679,treatment,1.0,199.78,2024-04-23,desktop ,USA,20.0,320
user_05220,treatment,1.0,$118.75,,desktop,United States,56.0,560
user_01816,treatment,0.0,92.1,,tablet,India,90.0,111
user_00135,treatment,1.0,175.67,2024-09-28,tablet,United Kingdom,61.0,576
user_01502,control,0.0,58.32,,iphone,US,64.0,487
user_05551,treatment,1.0,24.74,2024-06-13,mobile,UK,21.0,428
user_04537,treatment,0.0,154.91,,mobile,US,47.0,109
user_08686,treatment,1.0,30.32,,tablet,US,42.0,543
user_00453,treatment,0.0,75.17,2024-03-05,desktop,United States,59.0,387
user_05262,treatment,0.0,172.27,,tablet,USA,32.0,62
user_01805,treatment,1.0,57.01,,mobile,US,19.0,215
user_06449,treatment,1.0,190.64,,mobile,UK,22.0,376
user_02270,control,1.0,166.68,,iphone,USA,36.0,257
user_02812,treatment,0.0,38.6,2024-10-08,tablet,USA,27.0,447
user_07756,treatment,1.0,31.3,,tablet,IN,28.0,234
user_07278,control,1.0,66.55,,iphone,USA,51.0,222
user_08019,treatment,0.0,57.46,2024-10-05,desktop,IN,54.0,434
user_08568,control,1.0,134.22,2024-01-30,tablet,USA,20.0,340
user_08949,control,1.0,46.84,,desktop,US,27.0,72
user_01356,treatment,0.0,17.95,,mobile,US,57.0,-83
user_03459,treatment,0.0,41.61,,mobile,US,41.0,148
user_07544,treatment,0.0,61.05,,mobile,UK,36.0,356
user_00093,control,1.0,110.26,2024-09-23,tablet,India,51.0,0
user_01645,treatment,1.0,98.73,,desktop,US,49.0,291
user_07406,treatment,0.0,83.16,2024-11-13,mobile,UK,42.0,277
user_00908,control,1.0,58.94,2024-05-12,tablet,US,45.0,441
user_05684,control,1.0,"491,17",,mobile,UK,57.0,215
user_07388,trt,1.0,79.07,,mobile,US,54.0,188
user_05760,treatment,2.0,126.77,,tablet,UK,41.0,458
user_04388,treatment,1.0,-45.56,2024-07-31,desktop,United States,45.0,338
user_04903,treatment,0.0,25.19,2024-02-11,desktop,USA,42.0,459
user_06014,treatment,0.0,41.04,,mobile,USA,36.0,334
user_05643,treatment,0.0,172.27,,tablet,India,20.0,576
user_00728,control,0.0,111.46,2024-08-20,desktop,India,36.0,152
user_06106,control,1.0,108.35,,tablet,USA,28.0,136
user_00281,treatment,0.0,39.76,2024-06-26,tablet,USA,48.0,99
user_07089,control,1.0,174.86,2024-04-10,mobile,US,25.0,344
user_06673,treatment,1.0,123.94,,desktop,UK,24.0,206
user_00533,trt,1.0,21.26,2024-04-10,mobile,IN,44.0,140
user_01785,control,0.0,122.51,,desktop,USA,44.0,568
user_04014,treatment,0.0,109.26,,tablet,USA,46.0,419
user_05482,control,1.0,52.12,,desktop,IN,27.0,398
user_06613,control,1.0,48065.48,,android,India,30.0,154
user_04738,control,1.0,72.29,2024-08-29,iphone,US,29.0,365
user_01484,treatment,1.0,95.87,2024-02-12,desktop,United Kingdom,28.0,0
user_05685,control,1.0,187.83,,tablet,United Kingdom,40.0,455
user_03826,treatment,0.0,87.53,2024-07-16,mobile,US,52.0,128
user_00913,treatment,0.0,89.9,,tablet,United Kingdom,61.0,521
user_06550,treatment,0.0,"593,15",,desktop,US,51.0,465
user_06797,control,0.0,116.46,,desktop,US,20.0,583
user_06941,trt,1.0,13.12,2024-10-16,mobile,US,46.0,-21
user_04421,trt,1.0,136.67,,mobile,US,31.0,0
user_05809,control,0.0,156.19,,desktop,US,63.0,367
user_00935,control,1.0,153.28,,tablet,USA,41.0,201
user_07713,control,0.0,188.12,,mobile,US,55.0,-38
user_03053,treatment,1.0,36.9,2024-01-05,mobile,IN,33.0,181
user_08575,control,1.0,66.57,,mobile,India,47.0,475
user_07294,treatment,1.0,$109.54,,desktop,USA,28.0,0
user_07973,treatment,1.0,29.29,,android,United Kingdom,47.0,204
user_08849,control,0.0,67.26,2024-07-29,mobile,US,60.0,429
user_08167,control,1.0,11.83,2024-08-07,tablet,UK,39.0,196
user_07014,control,0.0,172.27,,mobile,United Kingdom,65.0,133
user_07631,treatment,0.0,103.35,,mobile,UK,45.0,121
user_00303,control,1.0,179.81,,desktop,US,24.0,488
user_08176,trt,1.0,81.14,2024-08-04,mobile,United Kingdom,35.0,31
user_05995,control,1.0,190.25,,mobile,USA,29.0,108
user_06938,control,0.0,-48.38,,mobile,United States,53.0,126
user_00010,treatment,0.0,155.82,,android,US,33.0,227
user_03308,control,0.0,"983,45",,mobile ,IN,47.0,477
user_05462,control,1.0,117.57,,iphone,USA,47.0,431
user_02021,control,1.0,33.64,2024-09-24,mobile,IN,40.0,325
user_03214,control,0.0,46.16,,tablet,US,63.0,520
user_04789,control,1.0,94.75,,tablet,India,46.0,278
user_01308,control,0.0,12.06,2024-02-01,tablet,USA,49.0,450
user_05799,treatment,0.0,125.09,2024-01-29,mobile ,United States,47.0,233
user_00387,control,1.0,129.37,,desktop,US,40.0,267
user_05573,treatment,0.0,176.65,2024-06-03,desktop,USA,35.0,161
user_00649,treatment,0.0,83.95,,iphone,USA,37.0,564
user_06869,control,1.0,118.84,,tablet,USA,30.0,426
user_04556,treatment,1.0,"555,30",,desktop,United States,56.0,-72
user_02116,control,1.0,127.87,2024-08-23,mobile,US,24.0,138
user_00095,control,1.0,172.27,,android,United Kingdom,62.0,353
user_03855,control,0.0,$58.65,2024-04-04,desktop,US,42.0,255
user_02665,treatment,0.0,170.49,,desktop,US,28.0,156
user_06394,treatment,1.0,116.95,2024-12-24,desktop,US,33.0,0
user_07266,control,1.0,105.88,,desktop,United Kingdom,50.0,275
user_05328,treatment,0.0,57.12,,mobile,United States,51.0,260
user_06372,control,1.0,177.22,,mobile,USA,28.0,380
user_03554,control,1.0,174.11,2024-12-31,desktop,USA,40.0,218
user_00078,treatment,2.0,139.08,,desktop,US,54.0,-62
user_01926,treatment,0.0,101.59,,tablet,USA,48.0,291
user_00113,control,0.0,46.52,2024-05-04,mobile,UK,61.0,403
user_02152,treatment,1.0,104.41,,mobile,UK,62.0,507
user_02750,control,0.0,22.2,,mobile,United Kingdom,30.0,47
user_04261,treatment,0.0,-46.29,,desktop,IN,56.0,391
user_07539,trt,0.0,25.7,,desktop,United States,26.0,0
user_00883,control,0.0,29.57,2024-05-24,iphone,US,18.0,434
user_01442,control,0.0,124.91,2024-01-25,mobile,India,60.0,175
user_02849,control,0.0,36462.96,,mobile,US,55.0,339
user_05835,control,1.0,199.3,,desktop,US,51.0,558
user_06254,treatment,1.0,162.22,2024-07-23,desktop,US,52.0,395
user_05599,control,1.0,34.13,,mobile,UK,34.0,515
user_00476,treatment,1.0,149.99,,desktop,IN,19.0,381
user_01101,control,1.0,131.58,,mobile,US,24.0,35
user_01347,treatment,0.0,45.94,,tablet,USA,65.0,474
user_02517,treatment,0.0,83.79,2024-08-16,tablet,USA,63.0,0
user_01722,treatment,0.0,16.02,,tablet,United States,27.0,331
user_03689,control,1.0,160.92,,desktop,US,23.0,157
user_02721,control,0.0,109.25,,desktop,USA,63.0,0
user_05429,treatment,1.0,10.42,,desktop,India,20.0,211
user_00592,control,0.0,52.35,,desktop,United States,48.0,93
user_03540,control,1.0,162.37,,desktop,IN,54.0,195
user_04996,treatment,0.0,13.91,2024-10-16,desktop,US,42.0,532
user_04726,control,1.0,-35.18,,android,US,34.0,0
user_06286,control,1.0,185.7,,mobile,United States,55.0,336
user_03289,treatment,0.0,172.27,2024-09-17,desktop,India,42.0,0
user_00115,control,1.0,16.2,2024-03-17,mobile,USA,65.0,303
user_02053,treatment,0.0,-10.4,2024-12-11,desktop,USA,57.0,330
user_08250,control,0.0,-86.93,,tablet,IN,23.0,402
user_00291,control,2.0,135.47,2024-07-30,desktop,IN,30.0,130
user_01446,treatment,0.0,56.87,2024-02-06,tablet,USA,33.0,548
user_05876,treatment,0.0,20.48,,tablet,United Kingdom,59.0,538
user_00064,control,1.0,144.85,,desktop,United Kingdom,40.0,547
user_03379,test,1.0,176.78,,tablet,UK,30.0,598
user_05655,treatment,0.0,172.27,,mobile,US,60.0,319
user_05555,control,0.0,117.07,,mobile,USA,51.0,393
user_04511,treatment,0.0,152.01,2024-03-03,desktop,United Kingdom,57.0,190
user_04945,treatment,0.0,58.4,2024-09-20,tablet,USA,42.0,424
user_08976,treatment,1.0,66.66,2024-12-17,tablet,IN,39.0,479
user_01199,control,1.0,127.64,,mobile,India,58.0,556
user_08755,treatment,0.0,47.85,,iphone,USA,24.0,589
user_01556,control,2.0,65.34,,tablet,US,23.0,104
user_07060,control,0.0,74.52,2024-10-20,mobile,USA,65.0,475
user_00373,treatment,1.0,135.03,,desktop,USA,34.0,145
user_00674,control,1.0,21.99,,desktop,US,57.0,0
user_00602,treatment,1.0,170.87,,android,US,53.0,322
user_00492,control,1.0,-35.45,2024-01-06,tablet,United States,40.0,447
user_00118,treatment,1.0,$25.1,,desktop,United States,21.0,242
user_01637,treatment,1.0,159.78,,tablet,IN,42.0,235
user_05322,treatment,0.0,179.38,,iphone,United Kingdom,64.0,57
user_00298,treatment,1.0,18632.65,2024-07-18,mobile,United Kingdom,42.0,243
user_00244,trt,0.0,121.77,,desktop,UK,65.0,179
user_02431,treatment,1.0,46.34,,desktop,United States,37.0,547
user_04735,control,1.0,57.51,,mobile,United States,18.0,406
user_01272,trt,0.0,134.69,,iphone,US,58.0,370
user_07031,treatment,1.0,97.77,,desktop,United States,53.0,509
user_03385,treatment,1.0,169.82,2024-03-17,mobile,IN,41.0,49
user_00872,control,0.0,20.36,,tablet,United States,49.0,512
user_05788,control,0.0,130.07,,mobile,UK,25.0,151
user_04707,treatment,0.0,-13.75,,tablet,IN,39.0,447
user_00665,control,1.0,"304,91",2024-12-26,mobile,United Kingdom,54.0,278
user_04528,trt,0.0,44.84,2024-05-24,desktop,United Kingdom,41.0,434
user_01644,treatment,1.0,135.18,2024-10-29,tablet,UK,29.0,584
user_00079,treatment,0.0,181.29,2024-12-08,tablet,United States,25.0,234
user_06647,control,1.0,193.94,,tablet,IN,39.0,-55
user_00547,control,1.0,136.68,,desktop,US,47.0,412
user_07088,trt,0.0,160.23,,mobile,USA,52.0,255
user_04418,treatment,1.0,38.77,,android,USA,18.0,375
user_03880,control,1.0,186.22,,desktop,United States,36.0,149
user_03284,treatment,0.0,90.63,,desktop,US,28.0,278
user_08271,control,0.0,86.46,2024-05-21,mobile,USA,23.0,0
user_04333,control,0.0,55.8,,desktop,US,62.0,544
user_08529,treatment,1.0,22.99,,mobile,IN,65.0,0
user_08431,control,0.0,148.08,,desktop,UK,26.0,331
user_01587,control,0.0,133.1,,mobile,India,30.0,301
user_01773,treatment,1.0,90.31,,tablet,US,40.0,407
user_03104,treatment,0.0,172.27,,iphone,US,56.0,339
user_06930,control,1.0,95.66,,mobile,IN,56.0,436
user_06649,control,0.0,39.51,,desktop,US,41.0,32
user_07337,treatment,0.0,57.06,,desktop,US,54.0,145
user_06249,control,0.0,-58.96,,desktop,IN,45.0,134
user_01096,treatment,1.0,89.56,,mobile,IN,24.0,329
user_08020,control,1.0,172.27,,tablet,USA,52.0,542
user_06301,treatment,1.0,144.92,,mobile,US,61.0,390
user_01882,control,1.0,127.79,2024-07-17,tablet,US,41.0,48
user_06166,treatment,1.0,"827,78",,tablet,United States,18.0,326
user_04684,control,0.0,57.69,,tablet,IN,41.0,464
user_02609,control,0.0,172.27,,mobile,US,31.0,101
user_05778,treatment,0.0,11.12,,android,India,40.0,574
user_08112,treatment,1.0,124.85,,mobile,UK,37.0,0
user_00419,treatment,0.0,172.27,2024-05-31,mobile,United Kingdom,42.0,88
user_00247,control,1.0,17.2,,desktop,US,45.0,377
user_00693,treatment,0.0,179.0,,tablet,United Kingdom,33.0,588
user_08339,treatment,1.0,24.32,2024-11-04,desktop,United Kingdom,49.0,469
user_08836,treatment,0.0,82.71,,mobile,USA,62.0,392
user_08332,control,1.0,18.81,,desktop ,IN,46.0,233
user_08843,trt,1.0,126.52,2024-06-30,tablet,UK,49.0,250
user_00166,control,0.0,172.27,2024-02-23,tablet,UK,53.0,370
user_07139,control,1.0,172.27,,desktop,US,31.0,456
user_00234,control,1.0,$52.8,2024-10-03,iphone,India,54.0,477
user_08729,treatment,1.0,140.56,,desktop,USA,38.0,82
user_03622,control,0.0,89.32,2024-11-20,iphone,US,90.0,460
user_00714,control,1.0,"106,10",,mobile,US,47.0,425
user_05207,treatment,1.0,172.27,,desktop,USA,61.0,298
user_04555,treatment,2.0,49.96,2024-06-28,desktop,US,31.0,393
user_05773,control,0.0,176.9,,tablet,US,54.0,189
user_02895,control,0.0,172.27,,desktop,US,18.0,430
user_06625,treatment,1.0,179.9,,tablet,IN,41.0,39
user_08593,treatment,1.0,177.61,2024-07-14,mobile,UK,58.0,111
user_08269,control,0.0,121.06,,mobile,US,58.0,383
user_00962,control,0.0,199.89,2024-10-25,desktop,India,42.0,338
user_05694,control,1.0,172.68,2024-02-16,desktop,USA,49.0,152
user_07005,control,1.0,185.49,,tablet,United Kingdom,43.0,140
user_00886,trt,0.0,111.13,,tablet,US,47.0,562
user_01374,treatment,1.0,174.28,,desktop,USA,64.0,90
user_00004,treatment,1.0,105.44,2024-12-21,tablet,United States,31.0,138
user_00964,treatment,1.0,172.27,,mobile,US,59.0,308
user_04691,trt,0.0,80.03,2024-05-17,tablet,UK,24.0,206
user_03678,control,0.0,91.32,2024-04-29,tablet,US,34.0,138
user_00495,treatment,1.0,113.1,,desktop,USA,19.0,63
user_01152,control,0.0,$181.85,2024-10-20,tablet,USA,46.0,528
user_07653,control,0.0,88.82,,desktop,UK,62.0,348
user_00936,treatment,0.0,65.46,,iphone,USA,34.0,145
user_00795,control,1.0,83.88,,mobile ,United States,43.0,168
user_05319,control,1.0,$32.42,,android,US,44.0,431
user_00509,control,0.0,69.5,,mobile,IN,50.0,200
user_01520,treatment,0.0,172.27,,mobile,US,42.0,-11
user_00698,trt,1.0,172.27,,desktop,United Kingdom,63.0,412
user_07242,treatment,0.0,93.69,,tablet,US,60.0,567
user_08856,control,0.0,102.63,,tablet,USA,54.0,291
user_04847,trt,0.0,158.99,,tablet,India,31.0,291
user_00235,trt,0.0,66.94,,mobile,USA,42.0,144
user_01568,treatment,1.0,92.08,2024-01-18,mobile,USA,41.0,439
user_05539,control,2.0,162.18,,mobile,IN,43.0,0
user_03028,control,1.0,166.79,2024-08-10,mobile,United Kingdom,55.0,0
user_00315,control,0.0,165.18,2024-02-03,desktop,US,26.0,388
user_08379,control,0.0,35.16,,desktop,US,57.0,317
user_06275,test,1.0,158.93,2024-10-24,desktop,US,42.0,497
user_05338,treatment,0.0,162.24,,desktop,IN,56.0,85
user_06033,control,0.0,172.27,2024-11-10,mobile,UK,54.0,429
user_01711,treatment,1.0,48.23,,mobile,USA,51.0,165
user_02056,trt,0.0,44.0,,mobile,UK,27.0,225
user_07656,treatment,1.0,37.05,2024-01-26,mobile,UK,39.0,0
user_08110,control,0.0,81.82,,mobile,United States,48.0,71
user_08138,treatment,1.0,116.1,,tablet,USA,52.0,95
user_05192,control,0.0,24.31,,mobile,USA,38.0,0
user_00424,treatment,0.0,171.9,,mobile,IN,49.0,255
user_01687,control,1.0,61.37,2024-11-21,mobile,USA,57.0,213
user_00983,treatment,2.0,172.27,2024-02-21,tablet,UK,18.0,137
user_01275,treatment,1.0,$70.39,,desktop,US,40.0,471
user_05154,treatment,1.0,15.91,2024-06-26,iphone,US,31.0,0
user_04797,control,1.0,172.27,,tablet,United States,63.0,347
user_04310,test,0.0,116.01,2024-11-13,android,US,18.0,527
user_06735,control,0.0,124.66,2024-02-21,desktop,IN,46.0,0
user_00704,treatment,0.0,29.16,,desktop,USA,45.0,236
user_07796,treatment,0.0,21.78,,mobile,United Kingdom,42.0,436
user_06672,control,1.0,57.14,,tablet,United Kingdom,45.0,596
user_07924,trt,0.0,184.46,,tablet,USA,34.0,156
user_01889,control,1.0,67.07,,desktop,India,39.0,96
user_05302,test,0.0,155.77,,android,USA,24.0,576
user_00012,control,0.0,159.44,2024-11-07,tablet,USA,60.0,36
user_02619,control,1.0,81.56,,desktop,IN,24.0,574
user_04513,treatment,0.0,181.04,,android,India,19.0,505
user_05910,treatment,0.0,192.58,,tablet,United Kingdom,37.0,0
user_03501,treatment,0.0,101.38,,mobile,US,23.0,573
user_08374,control,0.0,172.27,,desktop,USA,42.0,0
user_02899,treatment,1.0,100.84,,mobile,US,29.0,230
user_03458,treatment,0.0,$172.04,2024-01-19,mobile,IN,55.0,593
user_01076,treatment,0.0,62.48,,mobile,USA,46.0,495
user_06855,treatment,0.0,88.68,,mobile,United States,42.0,-71
user_00045,control,1.0,170.41,,mobile,UK,59.0,0
user_06133,control,0.0,-28.35,,mobile,IN,44.0,280
user_00833,control,0.0,"697,43",,desktop,IN,42.0,544
user_07391,treatment,0.0,177.83,,mobile,USA,43.0,322
user_04189,control,0.0,137.53,,tablet,USA,50.0,194
user_04264,control,1.0,199.33,2024-02-16,desktop,US,62.0,371
user_07008,control,1.0,48.63,,mobile,USA,50.0,-80
user_00601,treatment,0.0,169.13,,mobile,US,38.0,542
user_07818,control,0.0,112.77,,android,US,25.0,581
user_04212,treatment,0.0,93.83,,mobile,USA,52.0,328
user_06331,treatment,1.0,15.46,,mobile,USA,60.0,379
user_06637,test,1.0,$62.8,,mobile,US,23.0,437
user_02195,control,0.0,30.31,2024-03-11,mobile,US,58.0,0
user_00640,treatment,2.0,77.58,2024-06-19,iphone,US,49.0,0
user_01060,trt,2.0,32.89,,tablet,UK,48.0,111
user_08287,test,1.0,$40.01,,desktop,UK,28.0,543
user_01995,control,0.0,167.34,2024-11-08,mobile,USA,44.0,570
user_07659,control,1.0,55.85,,android,India,41.0,146
user_01904,treatment,1.0,181.42,,mobile,USA,43.0,123
user_06714,treatment,1.0,142.33,2024-08-12,desktop,USA,18.0,350
user_00120,treatment,1.0,153.76,2024-01-14,tablet,IN,20.0,182
user_05138,control,1.0,102.31,,tablet,United States,61.0,255
user_03223,treatment,1.0,80.05,2024-11-27,mobile,UK,37.0,66
user_00677,treatment,1.0,77.0,2024-02-15,desktop,US,55.0,204
user_00817,test,1.0,191.25,,mobile,IN,60.0,102
user_06082,control,1.0,172.27,,mobile,IN,28.0,427
user_00417,control,1.0,86.44,,iphone,USA,42.0,-42
user_04723,control,1.0,172.48,,mobile,United States,42.0,383
user_00755,control,2.0,42.07,,tablet,USA,25.0,-44
user_04233,treatment,0.0,172.27,,mobile,United Kingdom,22.0,338
user_01902,treatment,0.0,131.85,,mobile,USA,49.0,308
user_02505,control,0.0,86.86,,mobile,US,48.0,303
user_00574,treatment,1.0,54.73,2024-06-24,tablet,United Kingdom,53.0,433
user_04024,treatment,1.0,30.29,,tablet,United Kingdom,62.0,114
user_04316,control,1.0,32252.4,,tablet,US,31.0,138
user_08273,control,1.0,123.25,,desktop,US,51.0,525
user_07716,control,0.0,-30.27,2024-08-19,desktop,UK,59.0,489
user_00395,treatment,1.0,-52.49,2024-10-20,iphone,United States,32.0,214
user_06965,control,0.0,126.66,,iphone,US,21.0,70
user_01652,treatment,0.0,109.54,,iphone,UK,49.0,383
user_00874,treatment,1.0,"941,41",,desktop,USA,47.0,-92
user_08356,treatment,2.0,142.97,,desktop,USA,31.0,0
user_02392,treatment,0.0,20.79,,desktop,India,65.0,-69
user_02110,treatment,1.0,199.05,,desktop,US,53.0,0
user_01123,control,1.0,199.17,,desktop,United States,22.0,465
user_04003,control,1.0,11.46,,mobile,India,56.0,267
user_06747,treatment,0.0,184.19,2024-07-08,desktop,USA,58.0,156
user_07241,treatment,1.0,$157.79,2024-04-20,mobile,US,35.0,156
user_00436,control,1.0,-98.99,,desktop,US,30.0,263
user_03280,treatment,0.0,$104.94,2024-11-03,android,USA,26.0,287
user_05305,control,1.0,161.11,,mobile,US,59.0,425
user_03004,control,1.0,172.27,,desktop,US,29.0,0
user_05317,control,1.0,190.72,,desktop,United Kingdom,47.0,475
user_00647,control,1.0,83.12,,mobile,United Kingdom,55.0,100
user_02482,control,0.0,34.06,2024-03-24,mobile,US,28.0,283
user_02672,treatment,1.0,123.55,,iphone,US,46.0,445
user_06599,control,1.0,149.6,,mobile,UK,44.0,-63
user_06732,control,0.0,32.82,,desktop,UK,30.0,365
user_00885,trt,0.0,88.51,2024-01-12,desktop,United States,12.0,405
user_00586,treatment,0.0,16.02,,tablet,United States,27.0,331
user_05006,control,0.0,82.86,,android,USA,46.0,199
user_08322,treatment,1.0,45.83,2024-06-07,mobile,USA,42.0,339
user_03209,test,1.0,155.62,,desktop,United States,18.0,239
user_08722,trt,0.0,159.98,,iphone,USA,58.0,543
user_07974,test,1.0,172.27,,tablet,United States,18.0,38
user_01477,treatment,0.0,"542,11",2024-02-28,mobile,US,65.0,436
user_00717,treatment,0.0,56.02,,desktop,United Kingdom,34.0,0
user_08333,control,0.0,137.1,2024-02-12,desktop,US,54.0,-65
user_05706,test,0.0,-47.9,,tablet,UK,25.0,366
user_08662,trt,1.0,135.32,2024-05-31,desktop,USA,33.0,217
user_05396,treatment,1.0,$143.83,,android,USA,19.0,-97
user_04853,treatment,1.0,57.82,2024-08-31,desktop,UK,39.0,58
user_00834,control,0.0,191.88,2024-01-06,android,USA,38.0,154
user_07039,control,0.0,39.98,,mobile,IN,36.0,0
user_07830,control,0.0,19.49,2024-02-06,mobile,United Kingdom,26.0,232
user_00254,treatment,2.0,171.36,,mobile,United States,52.0,182
user_08156,control,0.0,119.47,,tablet,USA,33.0,124
user_02580,control,1.0,48.8,,mobile,India,45.0,229
user_01005,control,0.0,156.96,,desktop,IN,42.0,31
user_01118,treatment,0.0,51.63,2024-01-16,tablet,United States,61.0,-41
user_08699,control,0.0,118.34,2024-12-01,mobile,IN,26.0,0
user_02331,control,1.0,195.02,2024-08-10,desktop,UK,53.0,0
user_04126,treatment,1.0,128.74,,iphone,US,57.0,51
user_01134,control,0.0,35.92,,mobile,USA,65.0,422
user_06871,treatment,0.0,49.84,,desktop,US,24.0,589
user_03119,control,1.0,149.65,2024-11-05,desktop,USA,32.0,394
user_03303,treatment,1.0,66.53,,mobile,UK,44.0,476
user_05512,treatment,1.0,97.57,2024-05-09,mobile,USA,42.0,-94
user_00669,trt,1.0,187.89,,mobile,US,43.0,162
user_05602,test,0.0,43.9,,mobile,UK,35.0,75
user_06645,control,0.0,52.18,,desktop,US,52.0,430
user_08194,control,1.0,67.81,,android,USA,18.0,543
user_08290,treatment,0.0,115.35,2024-04-26,tablet,United States,63.0,0
user_04217,trt,0.0,173.11,,mobile,United Kingdom,42.0,425
user_06401,treatment,0.0,149.62,2024-03-20,desktop,USA,50.0,404
user_03595,treatment,1.0,12.88,,mobile,US,38.0,403
user_07327,treatment,2.0,95.82,2024-08-19,mobile,United Kingdom,19.0,201
user_07133,control,1.0,117.25,,tablet,US,51.0,242
user_04294,control,1.0,38.3,2024-12-23,tablet,UK,27.0,563
user_02352,control,0.0,172.68,,mobile,United Kingdom,61.0,185
user_03264,control,1.0,-20.86,,desktop,IN,48.0,215
user_00216,treatment,0.0,172.27,,desktop,USA,58.0,298
user_06233,treatment,1.0,172.27,,iphone,UK,30.0,513
user_06635,treatment,1.0,36.82,,desktop,IN,62.0,0
user_02495,treatment,0.0,$180.33,,tablet,US,30.0,425
user_08166,control,1.0,51.53,2024-01-10,desktop,IN,61.0,551
user_00411,treatment,2.0,198.71,2024-06-01,mobile,US,59.0,597
user_00322,control,0.0,$21.04,,mobile ,UK,29.0,208
user_01639,treatment,1.0,104.57,,tablet,United States,26.0,94
user_01447,control,0.0,172.27,,desktop,US,37.0,243
user_07626,control,0.0,56.98,,tablet,USA,52.0,496
user_06239,control,0.0,40.33,,desktop,US,53.0,235
user_07638,control,1.0,"902,10",,desktop,US,60.0,570
user_04140,control,1.0,83.72,,iphone,United States,23.0,325
user_00518,control,0.0,40.87,2024-11-20,mobile,India,42.0,507
user_02249,treatment,1.0,41.29,,desktop,USA,56.0,431
user_01330,treatment,0.0,172.27,,tablet,United States,32.0,413
user_08392,control,1.0,167.56,,mobile,US,21.0,579
user_00805,control,1.0,172.27,2024-10-20,desktop,UK,41.0,-24
user_01854,control,0.0,"554,15",2024-05-28,desktop,United Kingdom,32.0,57
user_08398,control,1.0,74.55,,desktop,US,53.0,227
user_00120,treatment,0.0,172.27,,mobile,USA,56.0,470
user_08649,control,0.0,13.83,2024-10-08,android,US,53.0,295
user_05716,treatment,1.0,144.48,2024-06-09,mobile,US,18.0,195
user_06790,treatment,0.0,114.99,,iphone,India,39.0,454
user_03536,control,1.0,124.94,,mobile,IN,56.0,0
user_08927,control,1.0,172.27,2024-01-02,desktop,India,52.0,428
user_06350,control,1.0,183.37,,iphone,US,45.0,111
user_07971,treatment,1.0,29098.73,2024-04-20,tablet,US,51.0,-15
user_06507,treatment,0.0,197.67,,android,USA,65.0,222
user_03295,treatment,1.0,172.27,,tablet,India,42.0,521
user_03560,control,2.0,71.56,2024-07-16,tablet,UK,49.0,457
user_02287,treatment,0.0,196.01,2024-12-01,tablet,IN,32.0,588
user_02541,treatment,1.0,64.39,,mobile,USA,65.0,569
user_01899,control,1.0,182.35,,desktop,United States,54.0,53
user_07552,control,1.0,172.27,2024-05-03,mobile,IN,44.0,429
user_02692,treatment,0.0,34.72,2024-03-09,tablet,UK,62.0,155
user_07402,control,0.0,21.83,2024-04-04,desktop,USA,35.0,275
user_03018,treatment,1.0,88.16,,tablet,US,38.0,416
user_03276,treatment,0.0,22.55,,mobile,United Kingdom,44.0,412
user_05449,control,0.0,48.06,,desktop,US,35.0,472
user_00319,treatment,1.0,-45.13,,desktop,USA,35.0,359
user_07210,treatment,0.0,95.96,,tablet,USA,31.0,-97
user_00856,control,1.0,62.74,,iphone,United States,25.0,59
user_00745,treatment,1.0,158.11,,desktop,United Kingdom,25.0,596
user_04292,control,1.0,58.9,2024-05-10,desktop,India,44.0,564
user_06032,treatment,0.0,130.94,,tablet,United Kingdom,60.0,476
user_06351,treatment,0.0,50.86,,tablet,United Kingdom,48.0,-91
user_00588,treatment,1.0,56.9,,desktop,United Kingdom,26.0,265
user_03201,control,0.0,60.96,,mobile,US,19.0,146
user_00165,treatment,1.0,124.98,,mobile,United States,33.0,296
user_03865,treatment,0.0,124.2,2024-02-10,desktop,USA,50.0,122
user_00015,control,0.0,99.48,,desktop,US,26.0,-51
user_05453,control,2.0,199.12,,mobile,USA,57.0,115
user_08492,control,1.0,92.04,2024-02-20,mobile,US,57.0,499
user_05804,control,0.0,109.72,,desktop,United States,55.0,144
user_01693,control,1.0,119.93,,tablet,United Kingdom,48.0,72
user_08577,treatment,1.0,$169.96,,android,US,56.0,0
user_05697,control,0.0,84.43,,mobile,India,21.0,0
user_05049,treatment,1.0,60.35,2024-08-09,desktop,US,28.0,151
user_00917,control,0.0,36.79,,desktop ,UK,22.0,308
user_02825,treatment,1.0,111.05,,tablet,India,57.0,270
user_00091,control,1.0,88.77,,desktop,USA,52.0,465
user_07721,treatment,1.0,-51.35,,mobile,IN,42.0,72
user_04067,treatment,1.0,101.76,2024-11-16,desktop,IN,39.0,119
user_03471,treatment,0.0,70.74,,tablet,India,90.0,486
user_06068,trt,0.0,122.7,,desktop,US,46.0,363
user_00343,treatment,0.0,49.59,,mobile,USA,42.0,288
user_05609,treatment,1.0,176.84,,tablet,USA,29.0,526
user_08128,control,0.0,43.08,,desktop,United States,44.0,110
user_00530,control,1.0,58.9,,android,United Kingdom,60.0,511
user_05196,trt,2.0,131.89,,desktop,US,45.0,197
user_07108,treatment,1.0,58.95,,iphone,US,48.0,563
user_07867,control,0.0,75.04,,desktop,US,57.0,174
user_02111,control,1.0,159.3,,mobile,USA,25.0,428
user_04308,treatment,0.0,"263,73",,desktop,US,23.0,0
user_03169,test,1.0,118.48,,mobile,United States,32.0,233
user_07272,treatment,0.0,$136.54,,mobile,UK,29.0,356
user_07627,treatment,1.0,42.28,2024-07-10,desktop ,US,30.0,69
user_03434,trt,0.0,189.8,,mobile,US,39.0,240
user_05178,control,0.0,48.09,,iphone,IN,32.0,49
user_04440,treatment,1.0,17.01,,mobile,US,46.0,262
user_06414,treatment,0.0,173.95,,android,USA,56.0,-25
user_07135,control,1.0,172.27,,mobile,US,46.0,209
user_00864,trt,1.0,166.72,,mobile,India,61.0,214
user_01082,test,1.0,57.73,,mobile,United Kingdom,42.0,280
user_04820,control,0.0,172.27,,desktop,UK,37.0,275
user_02867,treatment,1.0,46258.14,,mobile,US,43.0,442
user_08426,control,0.0,116.24,,tablet,United Kingdom,20.0,264
user_03677,treatment,1.0,108.64,,desktop,US,26.0,191
user_03991,treatment,0.0,90.46,,desktop,USA,30.0,116
user_08159,treatment,1.0,61.87,,mobile,US,18.0,116
user_00950,treatment,2.0,69.1,,android,USA,31.0,123
user_07903,control,1.0,74.01,,tablet,US,39.0,550
user_04924,treatment,1.0,22.17,,mobile,IN,56.0,486
user_02262,control,1.0,92.07,2024-05-25,mobile,United Kingdom,28.0,-89
user_01130,treatment,0.0,17.48,,mobile,IN,28.0,363
user_03839,treatment,1.0,50.97,,tablet,United Kingdom,30.0,102
user_01466,control,1.0,130.17,,mobile,India,26.0,212
user_00441,treatment,0.0,147.56,,tablet,United States,56.0,129
user_01513,treatment,0.0,111.28,,desktop,India,37.0,402
user_08263,treatment,1.0,26.97,,mobile,United States,51.0,344
user_06078,treatment,1.0,$73.58,,tablet,USA,38.0,347
user_06160,trt,0.0,24741.12,,mobile,US,28.0,150
user_08746,control,1.0,62.29,,mobile,India,64.0,591
user_07955,treatment,0.0,184.6,,desktop,UK,40.0,240
user_04089,treatment,0.0,56.39,,mobile,United States,39.0,307
user_01654,control,0.0,169.4,2024-09-08,desktop,USA,64.0,442
user_08447,control,1.0,131.39,,mobile,US,30.0,322
user_03963,control,1.0,172.27,,desktop,United Kingdom,55.0,0
user_02741,control,1.0,"547,63",,mobile,India,55.0,268
user_03259,treatment,1.0,73.29,,tablet,US,62.0,118
user_02641,control,1.0,150.71,,tablet,United Kingdom,53.0,505
user_08226,control,1.0,"781,74",,mobile,United Kingdom,20.0,69
user_05909,control,0.0,172.27,,mobile,United Kingdom,35.0,-90
user_05975,treatment,0.0,71.18,,android,USA,50.0,-11
user_02715,treatment,0.0,187.68,,mobile,UK,38.0,135
user_05912,treatment,0.0,"272,16",,tablet ,US,42.0,314
user_00334,control,0.0,81.92,,desktop,India,38.0,211
user_04777,treatment,1.0,173.37,2024-07-19,mobile,US,57.0,267
user_04222,control,0.0,22.94,,mobile,UK,34.0,231
user_06952,treatment,0.0,172.7,2024-04-11,mobile,IN,42.0,445
user_06182,treatment,0.0,108.48,,mobile,US,46.0,219
user_02563,treatment,1.0,20.71,,desktop,USA,47.0,-23
user_08597,control,1.0,68.93,,mobile,India,62.0,-20
user_03737,control,1.0,51.03,,tablet,United States,62.0,421
user_01349,treatment,1.0,75.2,,desktop,US,40.0,0
user_06536,control,0.0,80.51,,desktop,United States,32.0,201
user_02858,control,1.0,89.46,,desktop,United Kingdom,42.0,447
user_05784,control,1.0,101.7,2024-05-17,mobile,US,48.0,0
user_05812,trt,1.0,102.99,2024-12-16,iphone,IN,52.0,255
user_08960,treatment,0.0,176.69,,mobile,US,47.0,389
user_03272,control,1.0,31.61,,mobile,UK,25.0,376
user_07568,control,0.0,144.64,2024-11-29,desktop,USA,63.0,225
user_07680,treatment,0.0,153.73,,tablet,USA,35.0,171
user_08108,treatment,0.0,181.06,,tablet,US,37.0,463
user_02637,control,0.0,161.26,,mobile,US,57.0,0
user_08215,test,1.0,108.91,,android,India,45.0,-52
user_02685,control,1.0,174.32,,android,US,60.0,513
user_00008,control,1.0,107.11,,mobile,India,23.0,49
user_06137,treatment,1.0,144.77,2024-12-28,android,US,56.0,311
user_07063,control,1.0,185.19,,android,USA,90.0,590
user_00645,treatment,1.0,120.27,,android,US,25.0,254
user_03854,treatment,1.0,93.02,2024-03-06,mobile,US,50.0,569
user_02271,control,1.0,60.15,,tablet,US,37.0,286
user_00723,trt,1.0,121.68,2024-05-15,mobile,USA,42.0,469
user_01379,treatment,0.0,25.91,2024-08-01,desktop,US,50.0,589
user_08219,treatment,1.0,18.65,,mobile,US,30.0,473
user_00260,test,1.0,"182,98",,desktop,US,26.0,258
user_05235,treatment,0.0,166.1,,tablet,US,30.0,394
user_04920,control,0.0,32611.71,,desktop,USA,23.0,562
user_06174,treatment,0.0,21.7,,mobile,USA,52.0,-98
user_05917,control,1.0,163.52,2024-07-25,mobile,USA,46.0,491
user_03894,treatment,0.0,186.97,,iphone,United States,43.0,260
user_00237,control,0.0,92.08,,mobile,USA,25.0,177
user_00507,treatment,1.0,189.7,,desktop,US,57.0,100
user_04573,treatment,1.0,19.75,,mobile,USA,42.0,176
user_08383,control,1.0,17.57,2024-06-09,mobile,US,35.0,455
user_02302,control,2.0,172.27,,desktop,India,40.0,289
user_05984,treatment,1.0,12.28,,tablet,United States,58.0,565
user_00355,control,1.0,179.61,2024-04-01,tablet,USA,61.0,507
user_02244,treatment,1.0,175.1,,mobile,US,20.0,54
user_02842,treatment,0.0,104.97,,desktop,US,48.0,304
user_00701,control,1.0,$118.19,,desktop,US,26.0,182
user_03460,treatment,1.0,163.61,,android,USA,65.0,570
user_00439,trt,2.0,75.27,,android,USA,44.0,80
user_00066,control,0.0,126.29,2024-05-07,android,United Kingdom,21.0,48
user_04714,treatment,1.0,38.83,,desktop,United Kingdom,50.0,0
user_03182,treatment,1.0,40.55,2024-05-06,mobile,US,24.0,600
user_02984,treatment,0.0,103.3,2024-06-25,mobile,US,35.0,552
user_03482,control,1.0,-62.8,2024-02-02,desktop,UK,52.0,413
user_01798,control,0.0,$62.86,2024-02-17,iphone,United States,41.0,70
user_08274,control,2.0,193.4,,mobile,United States,20.0,583
user_07095,control,0.0,81.76,,mobile,United Kingdom,64.0,197
user_07325,treatment,0.0,163.05,,desktop,USA,52.0,-42
user_07673,control,1.0,172.27,,desktop,IN,32.0,250
user_02896,control,1.0,177.28,,desktop,IN,54.0,37
user_00127,treatment,1.0,30.53,,mobile,US,38.0,558
user_06253,control,1.0,172.27,2024-09-25,desktop,United Kingdom,51.0,423
user_00954,treatment,1.0,66.1,,desktop,United States,57.0,488
user_00981,control,1.0,50.03,2024-03-26,android,USA,42.0,284
user_06098,control,0.0,31.15,,desktop,United States,42.0,370
user_06050,control,1.0,146.93,2024-03-17,desktop,United Kingdom,60.0,557
user_01656,control,0.0,48.09,,mobile,US,25.0,448
user_00109,treatment,1.0,-23.14,,mobile,United States,54.0,317
user_04981,treatment,0.0,146.16,2024-09-06,mobile,US,20.0,68
user_07239,treatment,0.0,108.32,,tablet,USA,53.0,421
user_04960,control,1.0,60.56,2024-02-28,tablet,US,32.0,317
user_05415,control,0.0,190.86,,android,United States,25.0,215
user_03517,treatment,1.0,-88.59,,mobile,United Kingdom,53.0,346
user_07098,treatment,1.0,$97.66,,mobile,IN,23.0,499
user_08266,control,1.0,151.06,2024-06-26,android,US,42.0,245
user_05898,control,0.0,30.0,,desktop,US,28.0,312
user_00829,treatment,1.0,12.32,2024-08-31,mobile,US,43.0,332
user_01631,control,1.0,188.63,,mobile,India,38.0,312
user_00348,control,1.0,68.01,2024-12-30,desktop,UK,52.0,-97
user_03153,control,0.0,73.95,,mobile,UK,49.0,585
user_04982,control,1.0,$76.98,,tablet,UK,27.0,414
user_05303,treatment,0.0,88.46,2024-04-10,tablet,UK,27.0,62
user_00613,treatment,0.0,56.48,2024-06-07,tablet,US,23.0,392
user_02708,test,1.0,96.7,2024-10-17,desktop,United States,23.0,407
user_07710,treatment,0.0,139.34,,desktop,US,61.0,416
user_04472,treatment,2.0,76.8,,iphone,USA,24.0,189
user_08218,control,0.0,"918,99",,desktop,India,30.0,374
user_01518,control,1.0,184.31,,iphone,India,23.0,572
user_01562,control,0.0,89.39,,desktop,IN,60.0,117
user_00094,control,1.0,17.35,,mobile,US,35.0,551
user_04918,control,2.0,28.32,,desktop,USA,57.0,0
user_07262,treatment,0.0,94.61,,desktop,US,54.0,219
user_01979,treatment,1.0,169.64,2024-03-03,desktop,US,51.0,316
user_06693,treatment,0.0,95.46,,desktop,US,19.0,511
user_08596,treatment,0.0,60.52,,tablet,India,30.0,537
user_04471,treatment,1.0,$138.36,,desktop,United States,51.0,180
user_00430,control,0.0,29.68,,mobile,IN,58.0,559
user_01122,treatment,1.0,83.36,,desktop,US,49.0,158
user_07939,treatment,1.0,140.26,2024-10-17,android,IN,46.0,0
user_07009,control,1.0,127.15,2024-10-12,mobile,US,65.0,145
user_06115,control,1.0,172.27,2024-01-16,tablet,US,51.0,333
user_03970,treatment,0.0,-96.12,,desktop,United Kingdom,64.0,138
user_00386,control,1.0,150.17,2024-10-22,desktop,USA,37.0,489
user_08711,treatment,1.0,29.34,,tablet,India,24.0,98
user_00937,control,1.0,178.9,2024-07-02,desktop,US,56.0,132
user_00560,treatment,1.0,23.97,,mobile,UK,39.0,312
user_00125,treatment,1.0,25615.05,,tablet,US,35.0,287
user_07068,control,0.0,187.23,,mobile,UK,38.0,0
user_00877,test,1.0,152.67,,mobile,US,47.0,0
user_08074,treatment,1.0,112.32,,mobile,US,42.0,428
user_05526,test,0.0,198.02,,tablet,United States,20.0,504
user_07864,control,1.0,140.5,,desktop,USA,35.0,272
user_00137,control,1.0,172.27,,mobile,UK,38.0,292
user_03103,treatment,0.0,$164.58,,tablet,India,29.0,228
user_06247,treatment,0.0,182.68,,mobile,US,63.0,266
user_00656,treatment,1.0,137.9,2024-12-28,desktop,UK,20.0,0
user_08000,control,1.0,113.68,,desktop,United Kingdom,42.0,124
user_06967,control,0.0,172.27,,desktop,United States,59.0,220
user_02095,control,0.0,78.84,,mobile,US,24.0,263
user_05492,treatment,1.0,11.53,2024-03-25,mobile,US,49.0,180
user_02281,control,1.0,139.03,,android,US,56.0,0
user_03403,control,0.0,133.65,,desktop,USA,53.0,-56
user_04901,treatment,1.0,21.48,,mobile,USA,44.0,80
user_08363,control,0.0,71.38,,mobile,United States,49.0,574
user_00543,treatment,0.0,73.21,,desktop,United States,32.0,438
user_05405,treatment,1.0,102.61,,tablet,US,40.0,0
user_06760,control,0.0,156.33,2024-03-30,tablet ,US,60.0,336
user_05960,control,1.0,180.2,,mobile,IN,38.0,440
user_08964,control,1.0,169.06,,desktop,US,21.0,136
user_08054,treatment,1.0,27.66,,iphone,US,61.0,292
user_01239,treatment,1.0,172.67,2024-08-22,tablet,US,39.0,213
user_08727,test,1.0,62.87,2024-05-28,mobile,IN,24.0,583
user_00135,control,1.0,199.2,,mobile,US,48.0,182
user_03856,treatment,0.0,18.27,,tablet,USA,45.0,267
user_00085,treatment,1.0,$106.22,,tablet,US,42.0,189
user_00276,control,0.0,148.86,2024-01-03,iphone,USA,62.0,318
user_03951,control,0.0,142.21,,mobile,USA,45.0,-23
user_08397,control,1.0,185.05,,mobile,United States,62.0,217
user_02927,treatment,0.0,159.46,,desktop,UK,50.0,63
user_02503,treatment,1.0,"942,93",,desktop,US,50.0,517
user_05569,control,2.0,62.93,2024-01-22,desktop,USA,49.0,462
user_08719,control,0.0,-41.8,2024-08-09,mobile,US,60.0,159
user_08762,control,1.0,90.17,,mobile,India,61.0,384
user_07570,control,0.0,"623,69",2024-06-23,iphone,India,31.0,324
user_07970,treatment,1.0,171.31,,desktop,UK,50.0,408
user_04673,control,0.0,95.61,2024-04-28,tablet,US,52.0,60
user_01022,trt,1.0,172.27,,tablet,India,36.0,78
user_07722,control,0.0,143.32,,desktop,US,24.0,397
user_08173,control,0.0,83.12,,iphone,US,64.0,140
user_05134,control,0.0,163.37,,desktop,IN,47.0,320
user_05485,control,1.0,78.06,,tablet,United Kingdom,55.0,416
user_04930,treatment,1.0,$196.41,2024-05-18,desktop,UK,30.0,-92
user_08808,treatment,1.0,50.62,,desktop,US,50.0,35
user_07719,control,1.0,172.27,2024-10-16,tablet,US,37.0,450
user_05732,control,0.0,126.71,,desktop,United States,25.0,456
user_02224,control,0.0,68.5,,desktop,US,26.0,137
user_00251,treatment,1.0,113.43,2024-10-30,tablet,USA,42.0,286
user_05339,control,1.0,135.75,2024-05-04,iphone,UK,28.0,172
user_05452,treatment,0.0,136.34,,iphone,US,62.0,302
user_05344,control,1.0,89.1,2024-09-14,tablet,UK,27.0,448
user_04165,treatment,1.0,91.73,,mobile,USA,62.0,440
user_00098,control,0.0,12.17,,desktop,India,45.0,0
user_07022,treatment,0.0,38.74,,tablet,USA,27.0,380
user_06708,control,0.0,65.52,,mobile,USA,61.0,577
user_04944,treatment,0.0,99.11,2024-02-29,mobile,United States,22.0,115
user_05593,treatment,0.0,69.26,,mobile,US,60.0,546
user_05958,treatment,0.0,103.76,,mobile,India,44.0,244
user_07011,trt,1.0,164.46,,mobile,US,53.0,480
user_02161,treatment,0.0,163.7,,android,US,65.0,140
user_03813,control,1.0,132.88,,mobile,United Kingdom,35.0,282
user_08502,control,0.0,93.96,2024-12-08,desktop,United States,26.0,355
user_01191,control,0.0,172.27,,mobile ,USA,56.0,560
user_03506,treatment,1.0,161.08,2024-10-18,mobile,USA,42.0,517
user_00850,treatment,1.0,48.41,,mobile,United Kingdom,53.0,-51
user_00235,control,1.0,72.68,2024-10-29,desktop,IN,25.0,591
user_05897,treatment,1.0,145.63,2024-04-29,mobile,US,51.0,115
user_00397,control,0.0,178.61,2024-09-14,iphone,US,32.0,295
user_00947,control,1.0,160.71,,desktop,US,57.0,550
user_07577,treatment,1.0,164.16,,desktop,USA,58.0,124
user_08127,control,0.0,39.3,,tablet,United States,22.0,-81
user_02606,treatment,1.0,16.44,,mobile,United States,63.0,134
user_04422,treatment,0.0,172.27,,desktop,UK,40.0,269
user_03513,treatment,0.0,122.96,2024-06-17,desktop,US,45.0,419
user_04617,trt,0.0,101.0,,mobile,IN,65.0,257
user_07441,trt,0.0,172.27,,mobile,IN,18.0,474
user_07196,control,1.0,101.67,,tablet,US,31.0,282
user_07379,control,0.0,198.88,2024-01-08,mobile,UK,63.0,475
user_00811,treatment,0.0,89.05,2024-03-14,tablet,US,32.0,302
user_03625,treatment,0.0,16.62,,tablet,United States,55.0,366
user_02834,control,1.0,102.33,,desktop,US,59.0,172
user_07896,treatment,1.0,57.97,,mobile,USA,46.0,274
user_06300,control,1.0,170.19,,mobile,UK,25.0,169
user_06761,test,1.0,143.93,2024-09-16,tablet,UK,65.0,70
user_06827,control,0.0,191.18,2024-09-12,mobile,IN,47.0,358
user_08602,control,0.0,116.4,,tablet,India,61.0,0
user_00713,control,0.0,33.62,,desktop,US,25.0,561
user_03144,treatment,0.0,135.33,,mobile,US,18.0,472
user_00261,control,0.0,154.22,,mobile,USA,29.0,0
user_08599,treatment,1.0,114.97,2024-08-27,desktop,United States,62.0,264
user_00203,control,1.0,85.83,,tablet,IN,62.0,222
user_06556,control,1.0,199.15,,android,US,37.0,105
user_04427,treatment,0.0,172.27,,mobile,India,60.0,514
user_06116,trt,1.0,25.03,2024-07-15,desktop,United Kingdom,42.0,259
user_05043,treatment,1.0,89.91,2024-04-23,desktop,United Kingdom,54.0,435
user_08262,treatment,1.0,116.18,,mobile,US,35.0,156
user_00992,control,1.0,95.93,,mobile,India,42.0,376
user_07743,control,1.0,171.01,,android,US,20.0,273
user_01238,treatment,0.0,194.9,,mobile,US,64.0,125
user_04974,control,0.0,184.99,,android,UK,62.0,511
user_08120,treatment,1.0,117.09,2024-08-08,desktop,India,60.0,0
user_01182,treatment,1.0,76.65,,mobile,UK,47.0,422
user_02511,control,1.0,148.14,,desktop,IN,62.0,339
user_00733,control,0.0,197.52,2024-03-29,android ,IN,53.0,56
user_08051,treatment,0.0,129.15,,mobile,US,19.0,0
user_08249,control,0.0,73.5,2024-12-29,desktop,US,53.0,308
user_07332,treatment,1.0,176.03,2024-02-19,iphone,IN,55.0,96
user_02417,treatment,0.0,82.18,,desktop,United Kingdom,42.0,394
user_03115,control,2.0,73.55,,android,US,42.0,136
user_00350,control,0.0,20.37,,mobile,United Kingdom,59.0,158
user_06205,treatment,1.0,172.27,,desktop,US,53.0,521
user_01276,treatment,0.0,123.18,,mobile,IN,20.0,-32
user_00828,control,0.0,59.84,,mobile,US,62.0,38
user_01109,treatment,1.0,119.95,,desktop,India,20.0,209
user_05304,control,0.0,176.05,2024-07-09,mobile,US,54.0,468
user_00806,treatment,1.0,155.29,,desktop,India,44.0,285
user_02624,treatment,0.0,153.4,,desktop,India,54.0,408
user_04603,control,0.0,129.64,2024-12-03,tablet,USA,37.0,156
user_06335,control,2.0,51.48,2024-07-14,mobile,USA,31.0,152
user_02327,control,1.0,94.81,2024-06-12,mobile,US,29.0,155
user_07532,treatment,1.0,57.42,,tablet,US,33.0,568
user_01698,treatment,0.0,53.02,,mobile,UK,32.0,119
user_05623,treatment,1.0,-65.67,,mobile,India,55.0,539
user_02504,treatment,0.0,50.1,,tablet,USA,45.0,477
user_02143,treatment,1.0,76.76,,iphone,United States,36.0,256
user_07883,control,0.0,54.6,2024-04-21,mobile,India,20.0,150
user_04637,control,0.0,$92.15,,mobile,United States,39.0,530
user_01782,control,1.0,178.85,,mobile,UK,50.0,222
user_02414,treatment,1.0,23.58,2024-08-03,iphone,US,64.0,298
user_00864,control,0.0,18.19,,mobile,USA,24.0,451
user_03918,treatment,1.0,$124.01,2024-01-02,mobile,UK,28.0,344
user_04099,treatment,0.0,137.42,,desktop,United States,37.0,318
user_00781,control,0.0,46.02,2024-11-10,desktop,India,25.0,563
user_01437,treatment,1.0,62.06,2024-07-29,desktop,US,62.0,194
user_00474,control,1.0,20.52,2024-05-12,mobile,US,27.0,0
user_01506,treatment,1.0,166.02,2024-01-12,desktop,United States,35.0,389
user_04239,test,1.0,149.46,,tablet,IN,20.0,595
user_03288,treatment,0.0,129.85,,android,United States,41.0,537
user_07625,control,1.0,144.62,,mobile,US,18.0,277
user_00521,control,2.0,74.21,,desktop,UK,60.0,342
user_07763,control,0.0,21.11,,tablet,USA,54.0,592
user_07149,treatment,0.0,57.68,,tablet,USA,20.0,104
user_06565,test,1.0,100.2,,tablet,US,23.0,285
user_02659,treatment,1.0,156.46,2024-06-10,android,United Kingdom,26.0,396
user_00554,control,1.0,36.82,,iphone,United Kingdom,50.0,381
user_03354,test,0.0,144.21,2024-08-04,mobile,United States,52.0,72
user_00170,treatment,2.0,159.65,2024-02-15,mobile,US,26.0,204
user_01269,control,1.0,172.27,2024-02-17,tablet,US,59.0,572
user_06207,control,0.0,-24.31,,tablet,US,30.0,145
user_05144,control,0.0,172.27,,mobile,UK,40.0,493
user_08819,control,0.0,187.41,,tablet,US,42.0,59
user_00924,trt,0.0,88.96,,tablet,UK,65.0,119
user_00654,control,1.0,$125.2,2024-05-17,android,UK,42.0,422
user_01173,control,1.0,172.27,,desktop,USA,49.0,516
user_08941,control,0.0,$71.66,,mobile,United Kingdom,63.0,86
user_00551,treatment,0.0,25.33,,desktop,USA,49.0,535
user_05616,treatment,1.0,33.82,2024-02-22,mobile,USA,42.0,34
user_01457,control,1.0,21.08,,tablet,US,20.0,293
user_00366,control,0.0,149.81,,desktop,US,31.0,145
user_03021,treatment,0.0,-25.76,,tablet,USA,63.0,233
user_02236,control,0.0,83.05,,tablet,UK,35.0,199
user_05506,control,2.0,185.17,,desktop,India,40.0,147
user_00982,control,0.0,-58.8,2024-04-25,mobile,United Kingdom,63.0,78
user_02368,treatment,1.0,129.37,2024-07-18,mobile,United Kingdom,19.0,333
user_06212,control,1.0,86.06,,desktop,US,64.0,580
user_03232,treatment,1.0,143.83,,mobile,US,18.0,278
user_03974,treatment,0.0,125.59,2024-12-28,desktop,US,30.0,447
user_07877,treatment,0.0,23.25,2024-04-30,mobile,United States,34.0,243
user_06767,control,1.0,44.17,2024-10-18,desktop,USA,62.0,326
user_00958,trt,1.0,38.23,,mobile,US,56.0,528
user_00065,treatment,0.0,184.18,2024-06-16,android,US,26.0,437
user_07451,control,0.0,$146.99,,desktop,US,38.0,86
user_06935,control,1.0,156.92,,android,India,22.0,482
user_04407,treatment,2.0,98.88,,desktop,US,60.0,174
user_05982,treatment,1.0,181.24,,mobile,India,18.0,60
user_02960,treatment,1.0,184.33,,mobile,US,40.0,0
user_01552,treatment,1.0,97.29,2024-07-18,mobile,US,44.0,-20
user_07179,control,1.0,172.27,2024-08-27,tablet,US,33.0,536
user_04382,trt,1.0,75.72,,desktop,US,46.0,56
user_00911,control,1.0,16.28,,desktop,United Kingdom,42.0,521
user_05024,treatment,1.0,110.47,,desktop,US,52.0,595
user_00334,treatment,1.0,42.96,,desktop,US,43.0,451
user_04040,control,1.0,32.52,,tablet,IN,45.0,0
user_03088,trt,0.0,-52.87,,desktop,IN,60.0,100
user_07121,test,1.0,49.73,,tablet,United States,23.0,394
user_05071,treatment,1.0,148.11,,android,United States,46.0,237
user_00350,treatment,2.0,162.06,2024-11-27,mobile,US,53.0,98
user_01320,control,0.0,194.81,,tablet,USA,20.0,375
user_05970,treatment,0.0,178.95,,desktop,US,26.0,545
user_03411,control,1.0,172.27,2024-01-08,tablet,United Kingdom,29.0,507
user_00688,treatment,0.0,45641.8,,mobile,IN,47.0,422
user_06151,control,2.0,174.56,,tablet,USA,27.0,186
user_01704,control,1.0,11.36,2024-10-25,mobile,US,62.0,451
user_05567,control,1.0,186.5,,desktop,US,45.0,452
user_03499,control,0.0,$18.85,,mobile,US,31.0,547
user_00246,control,1.0,43.54,2024-05-23,android,US,54.0,226
user_05869,control,2.0,71.08,2024-12-17,desktop,USA,42.0,137
user_02789,control,2.0,62.54,2024-08-24,mobile ,IN,52.0,317
user_00255,control,1.0,"213,56",,tablet,US,29.0,-21
user_08285,treatment,1.0,"282,36",2024-03-02,mobile,United Kingdom,50.0,49
user_07085,treatment,0.0,"253,10",,tablet,US,42.0,453
user_00126,treatment,1.0,134.07,,desktop,India,34.0,480
user_07058,treatment,1.0,110.52,,mobile,United States,48.0,131
user_01100,control,0.0,140.85,2024-04-29,mobile,United Kingdom,62.0,501
user_02872,control,0.0,12.83,,mobile,US,45.0,280
user_00810,treatment,0.0,41.27,2024-07-01,mobile,USA,51.0,268
user_00852,treatment,0.0,"581,11",,desktop,UK,30.0,407
user_00674,control,0.0,45.83,,mobile,United States,23.0,105
user_03568,control,0.0,10.57,,tablet,USA,32.0,69
user_06545,test,0.0,71.95,,mobile,IN,52.0,76
user_03199,treatment,0.0,153.04,,desktop,United Kingdom,27.0,72
user_02477,treatment,0.0,100.67,,mobile,United Kingdom,62.0,424
user_02301,control,1.0,133.48,2024-09-18,mobile ,United Kingdom,53.0,489
user_04530,control,2.0,21.42,,desktop,USA,55.0,335
user_04162,treatment,1.0,141.27,,desktop,US,37.0,396
user_05666,treatment,0.0,18.0,,mobile,US,54.0,0
user_07617,treatment,1.0,"893,10",2024-06-22,mobile,UK,31.0,315
user_03291,control,1.0,70.74,,mobile,US,23.0,0
user_05633,treatment,0.0,146.61,,mobile,US,57.0,86
user_01678,control,1.0,164.74,,desktop,United Kingdom,28.0,390
user_07051,control,0.0,35.78,,tablet,USA,65.0,336
user_04589,control,2.0,23.33,,mobile,US,44.0,-74
user_05630,control,0.0,13.24,,desktop,IN,57.0,596
user_08349,control,0.0,171.39,,desktop,India,49.0,93
user_00078,control,0.0,118.15,,mobile,IN,56.0,0
user_00370,treatment,1.0,70.7,,mobile,US,42.0,568
user_08439,control,0.0,129.56,2024-04-30,tablet,IN,59.0,-49
user_00734,treatment,1.0,$163.08,,mobile,India,53.0,130
user_00197,treatment,1.0,-52.74,,desktop,US,43.0,556
user_03911,treatment,1.0,37.8,,tablet,USA,48.0,416
user_08102,treatment,1.0,172.27,,desktop,US,54.0,463
user_05313,control,1.0,73.75,,mobile,UK,52.0,32
user_00394,control,1.0,119.97,,desktop,IN,56.0,334
user_07929,treatment,1.0,122.79,,mobile,US,29.0,501
user_04332,treatment,1.0,$52.55,,mobile,India,62.0,-34
user_04478,control,0.0,150.13,,mobile,USA,58.0,452
user_05249,control,1.0,99.18,,tablet,India,8.0,299
user_06616,treatment,0.0,159.37,,mobile,US,37.0,568
user_04390,control,2.0,16.27,2024-05-22,desktop,US,56.0,121
user_00809,treatment,0.0,182.82,,mobile,USA,47.0,600
user_00719,test,1.0,172.27,,tablet,United States,48.0,161
user_00565,treatment,1.0,22.67,,mobile,UK,33.0,35
user_02292,treatment,1.0,158.25,2024-01-06,desktop,US,49.0,339
user_08860,control,1.0,"546,62",,mobile,USA,22.0,0
user_02185,control,0.0,172.27,,mobile,United States,63.0,-49
user_03371,control,1.0,183.03,,tablet,IN,49.0,272
user_04351,treatment,0.0,105.49,2024-11-29,desktop,United States,32.0,-97
user_07448,treatment,1.0,172.85,,desktop,UK,65.0,201
user_01572,treatment,1.0,-77.93,,mobile,United Kingdom,31.0,224
user_04300,treatment,0.0,192.17,,mobile,IN,32.0,388
user_03382,control,1.0,35.19,2024-06-15,desktop,UK,36.0,580
user_01061,control,1.0,104.2,,desktop,USA,27.0,451
user_00798,test,1.0,154.09,2024-08-05,desktop,United Kingdom,48.0,205
user_03671,control,0.0,172.44,,mobile,USA,32.0,493
user_02432,treatment,1.0,186.87,,desktop,USA,26.0,0
user_05978,treatment,1.0,175.36,,desktop,USA,32.0,129
user_05527,control,0.0,135.1,,tablet,United States,57.0,467
user_08863,treatment,1.0,193.19,,desktop,United States,21.0,0
user_05764,treatment,1.0,147.33,,mobile,US,48.0,587
user_00575,treatment,0.0,94.64,,mobile,US,24.0,0
user_02441,treatment,1.0,128.87,,desktop,United Kingdom,20.0,280
user_08689,treatment,0.0,72.75,,android,IN,30.0,183
user_07481,control,0.0,10730.87,2024-10-13,desktop,United States,22.0,261
user_06086,control,2.0,131.89,,mobile,US,51.0,492
user_03013,control,1.0,77.28,,mobile,US,30.0,543
user_07445,treatment,1.0,194.02,,desktop,US,48.0,196
user_03227,treatment,1.0,57.7,2024-04-07,desktop,US,23.0,263
user_00426,control,2.0,152.18,2024-05-12,desktop,US,58.0,171
user_03636,treatment,0.0,183.53,,mobile,IN,65.0,213
user_00792,treatment,1.0,18.51,,desktop,United States,28.0,432
user_06531,treatment,0.0,64.11,,iphone,US,48.0,545
user_02191,treatment,0.0,172.27,,mobile,United States,30.0,486
user_08741,control,1.0,55.85,,desktop,USA,37.0,543
user_01512,treatment,1.0,173.42,2024-02-16,desktop,US,19.0,420
user_02987,control,1.0,166.69,2024-06-14,desktop,United States,39.0,0
user_02803,control,0.0,196.76,2024-11-04,desktop,IN,42.0,401
user_05281,treatment,1.0,151.76,,android,USA,47.0,-63
user_05908,treatment,0.0,157.4,2024-09-21,desktop,US,58.0,269
user_05651,control,0.0,110.0,,desktop,IN,24.0,401
user_02633,control,0.0,72.65,2024-04-09,tablet,USA,62.0,393
user_05991,treatment,0.0,186.89,,desktop,UK,35.0,116
user_06325,control,0.0,69.05,2024-11-24,desktop,US,42.0,90
user_03253,treatment,1.0,-85.63,,mobile,US,26.0,252
user_03126,treatment,1.0,55.85,,desktop,USA,20.0,599
user_03717,trt,0.0,28.58,,tablet,US,23.0,-68
user_06374,control,0.0,161.79,2024-10-17,mobile,United States,20.0,152
user_02592,treatment,0.0,99.28,,mobile,India,36.0,553
user_04891,control,1.0,65.06,,mobile,USA,50.0,296
user_01409,control,1.0,117.69,,mobile,USA,54.0,0
user_05391,control,1.0,"778,98",,desktop,United Kingdom,21.0,0
user_05368,control,1.0,142.34,,tablet,IN,27.0,440
user_08444,control,1.0,39.46,2024-05-07,desktop,USA,43.0,53
user_05985,control,1.0,191.89,,desktop,United Kingdom,44.0,456
user_00675,control,1.0,131.81,,mobile,US,61.0,419
user_08338,control,0.0,198.91,2024-01-08,tablet,United Kingdom,50.0,-37
user_05932,treatment,0.0,45.55,,tablet,USA,21.0,381
user_08990,treatment,1.0,49.97,2024-02-09,tablet,India,29.0,455
user_00956,control,1.0,44.52,2024-12-03,mobile,UK,50.0,154
user_00686,treatment,1.0,172.27,,mobile,US,28.0,36
user_00713,control,0.0,197.21,2024-11-24,mobile,US,42.0,-48
user_00510,treatment,1.0,40.43,,desktop,USA,46.0,212
user_03781,control,0.0,29397.47,,desktop,India,44.0,537
user_07914,treatment,1.0,195.92,,desktop,United States,42.0,281
user_00363,trt,1.0,193.03,,tablet,US,63.0,439
user_07701,treatment,0.0,171.89,,mobile,UK,20.0,-48
user_08853,control,1.0,60.35,2024-07-24,desktop,US,52.0,76
user_07557,control,0.0,172.27,,mobile,USA,42.0,505
user_05226,treatment,0.0,172.27,,desktop,US,53.0,141
user_00770,treatment,1.0,31.27,,desktop,IN,21.0,291
user_04502,trt,0.0,142.75,2024-07-03,mobile,US,38.0,110
user_05151,trt,1.0,80.91,,android,US,23.0,444
user_00849,treatment,2.0,172.27,2024-02-12,desktop,UK,53.0,0
user_00624,treatment,1.0,172.27,2024-02-17,tablet,United Kingdom,48.0,32
user_08705,control,1.0,85.24,2024-05-11,mobile,USA,59.0,30
user_01901,treatment,0.0,187.02,,desktop,USA,40.0,225
user_06163,control,0.0,118.08,,desktop,US,51.0,0
user_05038,treatment,1.0,11.42,,tablet,UK,42.0,482
user_01110,control,0.0,31.34,,mobile,USA,20.0,480
user_07553,treatment,0.0,172.27,2024-08-25,desktop,United Kingdom,42.0,148
user_04814,control,1.0,181.5,,tablet,USA,51.0,489
user_05640,treatment,0.0,190.19,,tablet,United Kingdom,62.0,441
user_01056,control,1.0,110.69,,desktop,UK,25.0,38
user_07598,control,0.0,172.27,,android,India,19.0,443
user_02581,control,1.0,128.29,,tablet,US,18.0,594
user_06830,control,1.0,41.97,,desktop,IN,38.0,37
user_05632,control,1.0,183.49,2024-06-21,mobile,US,29.0,182
user_04365,control,1.0,39.82,,tablet,IN,23.0,430
user_00801,control,0.0,191.05,2024-09-21,desktop,UK,50.0,43
user_07256,control,1.0,176.03,2024-04-01,mobile,IN,27.0,521
user_00119,treatment,1.0,46.82,,desktop,IN,63.0,243
user_01136,treatment,0.0,"872,17",2024-02-18,mobile,US,37.0,304
user_08164,treatment,0.0,167.41,2024-04-25,desktop,IN,36.0,197
user_06872,treatment,0.0,106.82,2024-12-07,desktop,UK,50.0,599
user_07865,control,0.0,138.41,,android,USA,31.0,229
user_00269,control,0.0,96.25,,mobile,United States,52.0,536
user_05398,control,0.0,153.34,2024-02-14,mobile,United Kingdom,35.0,255
user_00930,control,0.0,92.54,2024-11-24,mobile,United States,39.0,597
user_05027,trt,1.0,17.41,,desktop,US,64.0,40
user_01675,treatment,1.0,90.98,,mobile,United States,63.0,327
user_00434,control,1.0,81.69,,tablet,US,55.0,470
user_07661,treatment,0.0,193.73,2024-04-19,tablet,USA,52.0,449
user_02423,treatment,2.0,73.38,,iphone,US,43.0,265
user_06173,treatment,1.0,105.42,2024-01-20,mobile,US,29.0,183
user_00143,control,1.0,88.6,2024-02-08,mobile,US,18.0,504
user_04781,control,0.0,77.19,,tablet,USA,18.0,107
user_07186,treatment,1.0,175.84,,desktop,IN,52.0,0
user_01911,control,0.0,77.09,,tablet,UK,57.0,0
user_02956,treatment,0.0,151.17,2024-03-11,desktop,India,55.0,558
user_01340,control,1.0,22.09,,tablet,India,31.0,190
user_00649,control,1.0,169.05,2024-10-08,tablet,US,59.0,-73
user_02548,treatment,1.0,28.53,2024-01-10,tablet,USA,51.0,580
user_07851,treatment,0.0,133.63,,tablet,United Kingdom,35.0,217
user_00416,control,2.0,101.75,,desktop,UK,41.0,185
user_01017,treatment,0.0,57.45,2024-07-22,android,UK,50.0,0
user_04651,control,1.0,116.67,2024-11-20,iphone,USA,18.0,375
user_05846,control,1.0,41.09,,mobile,United States,61.0,404
user_01514,control,1.0,-93.21,,mobile,US,52.0,108
user_06010,treatment,0.0,104.92,2024-09-12,tablet,US,53.0,-28
user_03421,control,0.0,35.66,2024-02-20,tablet,US,25.0,59
user_00429,control,1.0,28.56,,mobile,IN,50.0,599
user_05850,treatment,1.0,34.64,,desktop,US,29.0,429
user_05327,treatment,0.0,120.75,,desktop,US,50.0,161
user_08116,treatment,1.0,182.72,,mobile,UK,38.0,527
user_04143,control,0.0,16.93,,desktop,IN,62.0,62
user_02869,control,1.0,192.75,,mobile,US,24.0,172
user_00276,control,1.0,135.35,2024-09-14,mobile,US,25.0,0
user_00708,control,0.0,14.04,,android,United Kingdom,53.0,403
user_07764,control,1.0,156.06,2024-07-10,desktop,US,29.0,181
user_06759,treatment,0.0,186.0,2024-11-03,android,United States,30.0,0
user_06105,control,0.0,194.23,,android,United States,21.0,0
user_07411,treatment,1.0,74.09,2024-06-27,desktop,United Kingdom,23.0,183
user_03351,control,2.0,77.93,,mobile,USA,34.0,-83
user_03398,treatment,0.0,101.79,,tablet,USA,35.0,0
user_02705,treatment,1.0,46.02,2024-11-28,desktop,US,61.0,77
user_03819,control,1.0,172.27,2024-12-04,desktop,IN,60.0,568
user_01505,control,0.0,170.15,,desktop,United States,56.0,111
user_05996,treatment,0.0,53.84,,mobile,USA,32.0,66
user_03497,treatment,1.0,47.41,,tablet,US,40.0,120
user_04446,trt,0.0,163.34,,mobile,USA,63.0,486
user_00985,control,0.0,199.7,,tablet,USA,27.0,247
user_00900,treatment,0.0,137.28,,desktop,United States,38.0,0
user_05688,control,1.0,-58.56,,desktop,US,24.0,351
user_00482,control,1.0,12.77,,mobile,US,24.0,471
user_07118,treatment,1.0,193.65,2024-01-20,tablet,UK,42.0,425
user_08466,treatment,0.0,172.27,,mobile,US,61.0,113
user_04447,control,1.0,93.86,,desktop,US,43.0,473
user_05683,trt,0.0,12.18,,tablet,US,38.0,230
user_05676,control,0.0,16.91,2024-09-22,tablet,US,53.0,571
user_07125,control,0.0,181.79,,mobile,United Kingdom,57.0,506
user_07593,treatment,0.0,-17.84,,desktop,USA,43.0,290
user_08560,control,0.0,"481,89",,tablet,United States,47.0,64
user_00595,treatment,0.0,30.13,2024-02-01,tablet,US,42.0,194
user_00056,control,2.0,190.99,,tablet,IN,24.0,228
user_06564,control,1.0,107.0,2024-07-27,iphone,US,31.0,558
user_03278,treatment,0.0,171.09,,mobile,USA,53.0,0
user_08485,treatment,0.0,16.92,,tablet,United Kingdom,51.0,409
user_01986,treatment,1.0,54.71,,mobile,USA,41.0,397
user_00891,treatment,0.0,148.29,,desktop,IN,62.0,48
user_05218,treatment,0.0,163.73,2024-10-30,desktop,USA,40.0,281
user_05664,treatment,0.0,30.79,,mobile,UK,47.0,220
user_07293,treatment,1.0,86.09,,mobile,IN,31.0,577
user_01158,treatment,1.0,33.19,2024-08-25,desktop,United States,27.0,117
user_01766,treatment,0.0,37.28,,desktop,USA,42.0,212
user_06076,control,1.0,123.83,,android,USA,57.0,319
user_08328,control,1.0,31237.89,,mobile,US,55.0,498
user_08445,control,0.0,32.21,,mobile ,United Kingdom,30.0,0
user_05749,control,1.0,102.0,,desktop,United States,44.0,88
user_07308,treatment,0.0,119.39,,tablet ,UK,37.0,-86
user_06473,treatment,1.0,75.49,,desktop,United Kingdom,51.0,226
user_02005,control,1.0,148.58,,tablet,US,34.0,138
user_03900,treatment,0.0,187.07,,tablet,IN,27.0,-21
user_04338,treatment,1.0,172.27,,mobile,United States,50.0,210
user_05148,treatment,0.0,119.37,,desktop,India,29.0,306
user_00905,control,1.0,112.64,,desktop,USA,31.0,512
user_05647,control,0.0,"110,91",2024-04-20,tablet,UK,50.0,60
user_02661,control,1.0,85.06,,mobile,IN,23.0,598
user_01132,control,0.0,130.5,,desktop,US,56.0,140
user_04963,control,0.0,96.96,,tablet,United States,64.0,295
user_07609,control,0.0,49.05,,mobile,USA,41.0,92
user_04012,treatment,1.0,197.48,,mobile,India,22.0,249
user_03204,treatment,1.0,"875,17",,mobile,USA,40.0,36
user_08334,control,1.0,-53.64,,desktop,IN,42.0,233
user_01865,trt,1.0,14.1,,mobile,United States,52.0,544
user_02332,control,1.0,-60.35,,mobile,UK,42.0,592
user_00034,treatment,0.0,105.44,,desktop,US,38.0,504
user_01956,control,0.0,160.71,2024-11-10,mobile,USA,44.0,330
user_08488,treatment,0.0,172.27,,desktop,United States,30.0,242
user_08526,control,1.0,122.3,,tablet,US,59.0,223
user_04244,treatment,0.0,188.69,,tablet,US,55.0,-90
user_07119,control,1.0,102.47,,tablet,US,62.0,144
user_04748,control,0.0,172.27,,mobile,India,61.0,0
user_01517,trt,0.0,"477,81",2024-06-25,mobile,United Kingdom,40.0,116
user_05256,treatment,1.0,42.71,2024-05-10,desktop,IN,58.0,0
user_07473,control,1.0,"775,78",,tablet,United States,33.0,149
user_06653,trt,0.0,187.18,,mobile,USA,38.0,320
user_01352,treatment,1.0,80.48,2024-07-14,android,US,60.0,166
user_08095,treatment,1.0,111.86,,mobile,USA,65.0,277
user_04514,treatment,2.0,$101.22,2024-07-02,mobile,US,38.0,223
user_01841,control,1.0,54.08,,mobile,US,53.0,93
user_02522,treatment,0.0,92.11,2024-09-01,desktop,US,65.0,84
user_00778,treatment,0.0,94.04,,desktop,UK,35.0,564
user_00637,treatment,1.0,168.3,2024-02-11,mobile,US,43.0,357
user_04683,control,1.0,172.27,,desktop,USA,61.0,541
user_00953,control,2.0,131.86,,iphone,USA,51.0,308
user_03579,control,1.0,94.05,,mobile,United States,50.0,572
user_06389,control,0.0,195.91,2024-01-11,desktop,US,34.0,164
user_06906,control,0.0,96.69,,desktop,United Kingdom,42.0,110
user_00576,control,1.0,57.58,,mobile,UK,33.0,326
user_03300,control,0.0,191.3,,mobile,USA,62.0,245
user_00187,treatment,1.0,167.09,,mobile,USA,51.0,512
user_00122,control,0.0,198.57,,tablet,USA,57.0,83
user_07129,control,1.0,166.01,2024-02-06,desktop,United Kingdom,26.0,585
user_04371,control,1.0,167.38,,mobile,US,51.0,0
user_01640,control,1.0,64.97,,desktop,US,21.0,171
user_04276,treatment,0.0,172.27,,desktop,US,36.0,140
user_07253,treatment,1.0,172.27,,tablet,USA,42.0,530
user_07360,control,1.0,107.14,,mobile,USA,33.0,350
user_06734,treatment,1.0,144.01,,mobile ,UK,49.0,422
user_00530,control,1.0,28.65,,iphone,United Kingdom,53.0,547
user_05559,test,1.0,137.99,2024-08-21,iphone,US,53.0,79
user_03136,control,0.0,58.19,,iphone,US,57.0,190
user_02547,treatment,0.0,60.41,,mobile,US,42.0,0
user_05723,treatment,1.0,57.47,2024-12-03,mobile,US,31.0,567
user_05202,treatment,0.0,70.19,,desktop,USA,30.0,570
user_03627,trt,0.0,122.77,2024-01-19,tablet,USA,63.0,160
user_01546,control,1.0,88.69,2024-12-08,tablet,IN,42.0,377
user_08025,treatment,0.0,158.39,,mobile,USA,61.0,0
user_07258,control,1.0,172.27,,mobile,IN,59.0,575
user_08366,treatment,1.0,152.9,,desktop,US,58.0,372
user_08797,treatment,0.0,83.45,,desktop,United Kingdom,49.0,316
user_08213,treatment,2.0,-96.73,,tablet,US,42.0,430
user_02713,treatment,1.0,172.27,2024-09-27,tablet,US,42.0,471
user_07752,control,2.0,174.59,,desktop,USA,59.0,243
user_08280,control,0.0,172.27,2024-09-09,tablet,United Kingdom,24.0,205
user_00794,control,1.0,139.82,2024-09-15,desktop,US,31.0,268
user_06488,treatment,1.0,$57.41,2024-04-30,desktop,UK,33.0,222
user_04270,treatment,1.0,195.52,,mobile,USA,29.0,558
user_05068,treatment,0.0,172.27,,tablet,India,43.0,-58
user_02290,treatment,1.0,-90.43,,tablet,USA,50.0,343
user_07399,treatment,1.0,154.91,,android,United States,44.0,539
user_02001,control,1.0,84.78,,iphone,US,42.0,399
user_02387,control,0.0,182.44,2024-10-17,mobile,US,43.0,352
user_00925,treatment,0.0,136.15,,desktop,India,25.0,-46
user_00577,control,0.0,124.53,,mobile,US,44.0,473
user_00035,trt,2.0,172.27,,mobile,US,32.0,276
user_06643,control,0.0,161.16,2024-11-07,tablet,US,40.0,378
user_00580,control,0.0,$10.72,,desktop,United States,23.0,403
user_08066,treatment,0.0,95.56,,tablet,India,34.0,313
user_01791,treatment,1.0,-44.5,,mobile,USA,33.0,0
user_00030,control,2.0,167.48,,mobile,United Kingdom,58.0,75
user_03679,treatment,0.0,186.3,,desktop,US,33.0,-30
user_00236,control,0.0,90.16,2024-07-18,mobile,US,53.0,363
user_00317,treatment,0.0,60.1,,desktop,USA,45.0,179
user_02853,control,2.0,53.11,,mobile,United States,59.0,281
user_06912,control,1.0,172.27,,desktop,UK,20.0,409
user_06329,control,1.0,155.89,,mobile,United Kingdom,47.0,278
user_03534,treatment,1.0,188.92,2024-05-06,mobile,US,37.0,225
user_02815,control,0.0,142.13,,mobile,US,42.0,152
user_04535,treatment,0.0,25.96,2024-07-04,mobile,US,42.0,222
user_00514,treatment,0.0,158.34,2024-03-26,tablet,United Kingdom,26.0,228
user_05872,control,1.0,$51.2,,tablet,US,38.0,365
user_00290,treatment,0.0,172.27,,tablet,United Kingdom,55.0,103
user_01716,control,0.0,33.54,,desktop ,United States,18.0,402
user_05320,control,0.0,108.06,,mobile,USA,39.0,535
user_03713,treatment,1.0,80.9,2024-01-03,desktop,US,42.0,363
user_00328,control,2.0,85.88,,tablet,India,36.0,335
user_08032,treatment,0.0,194.35,2024-09-29,desktop,US,55.0,62
user_01448,control,0.0,162.9,2024-10-14,mobile,IN,46.0,433
user_01731,treatment,1.0,122.41,2024-04-05,mobile,United States,58.0,535
user_00087,treatment,2.0,20.84,,desktop,IN,41.0,-27
user_04753,control,1.0,172.27,,tablet,India,55.0,492
user_02540,control,0.0,38.64,,mobile,US,65.0,221
user_00265,treatment,1.0,31.53,,desktop,US,49.0,555
user_04856,treatment,0.0,39.87,,tablet,IN,25.0,-92
user_08435,control,0.0,27.79,,mobile,United States,61.0,0
user_08858,treatment,0.0,131.55,,mobile,IN,56.0,0
user_01042,control,1.0,182.38,2024-02-09,desktop ,USA,32.0,271
user_00313,treatment,1.0,45.26,,tablet,UK,35.0,346
user_08959,treatment,1.0,28.92,2024-03-24,android,United Kingdom,49.0,471
user_01676,treatment,0.0,12.28,2024-02-14,tablet,US,55.0,570
user_04355,control,0.0,"874,10",,desktop,US,42.0,516
user_07213,control,1.0,-29.06,,tablet,United States,47.0,-28
user_00058,treatment,0.0,172.27,,desktop,US,47.0,449
user_03122,treatment,1.0,$190.52,,tablet,US,45.0,169
user_06290,control,1.0,52.58,,iphone,USA,21.0,488
user_05255,treatment,0.0,68.59,2024-11-09,desktop,UK,42.0,87
user_06730,treatment,1.0,33.42,2024-05-14,iphone,United Kingdom,47.0,180
user_00646,control,0.0,-10.54,,tablet,IN,41.0,124
user_05873,treatment,0.0,168.11,,mobile,US,51.0,203
user_06272,control,1.0,172.27,,android,USA,52.0,228
user_08809,trt,0.0,122.61,,desktop,USA,20.0,378
user_08107,treatment,1.0,124.53,2024-04-30,mobile,United Kingdom,34.0,59
user_08371,treatment,1.0,157.92,,mobile,United Kingdom,61.0,561
user_00614,control,1.0,160.66,2024-10-26,mobile,United Kingdom,26.0,-10
user_03043,control,1.0,143.8,,tablet,US,58.0,364
user_07368,control,0.0,105.76,,desktop,United Kingdom,58.0,59
user_00275,control,1.0,18.31,2024-10-03,mobile,UK,25.0,195
user_02429,control,0.0,56.0,,tablet,US,64.0,531
user_03580,trt,0.0,120.29,2024-09-06,mobile,IN,39.0,114
user_06665,control,1.0,131.29,2024-04-07,desktop,IN,43.0,0
user_08913,control,0.0,116.59,,desktop,US,20.0,-12
user_03756,treatment,1.0,172.27,,tablet,IN,20.0,-20
user_04907,trt,0.0,47009.57,,android,United States,35.0,274
user_05156,control,1.0,172.27,,desktop,United Kingdom,30.0,174
user_06520,control,0.0,121.11,,mobile,India,29.0,188
user_03343,treatment,1.0,63.54,,desktop,USA,65.0,151
user_00478,control,1.0,150.14,2024-05-12,android,UK,50.0,497
user_00677,control,2.0,69.54,,desktop,United Kingdom,52.0,144
user_06377,treatment,1.0,"391,46",,mobile,IN,23.0,187
user_05929,treatment,2.0,-44.4,,tablet,IN,42.0,400
user_07676,control,0.0,48.09,,mobile,IN,20.0,0
user_02900,treatment,2.0,172.27,,mobile,UK,27.0,347
user_06132,treatment,0.0,85.18,,mobile,USA,49.0,584
user_06956,control,0.0,54.63,,desktop,USA,63.0,379
user_07072,treatment,0.0,184.02,2024-02-29,desktop,US,45.0,214
user_04957,treatment,0.0,146.24,,desktop,UK,62.0,382
user_04559,control,1.0,48.24,,tablet,USA,45.0,330
user_03437,control,1.0,154.94,2024-04-21,desktop,USA,52.0,159
user_07636,control,0.0,63.06,,mobile,United Kingdom,28.0,131
user_00814,control,0.0,147.01,,mobile,United States,65.0,161
user_06332,treatment,0.0,54.08,,desktop,USA,36.0,389
user_03838,treatment,0.0,162.67,,desktop,India,32.0,260
user_00882,control,0.0,142.18,,tablet,US,26.0,176
user_06548,control,1.0,102.02,,desktop,United Kingdom,58.0,-53
user_04643,control,2.0,93.13,,desktop,United Kingdom,25.0,271
user_05040,trt,0.0,181.04,2024-02-13,desktop,USA,57.0,131
user_01147,control,0.0,147.98,2024-08-07,mobile,United Kingdom,63.0,213
user_00273,control,1.0,63.93,,mobile,UK,49.0,232
user_01605,treatment,1.0,49313.78,,tablet,US,63.0,358
user_00075,treatment,0.0,100.41,,desktop,USA,48.0,58
user_03410,treatment,0.0,39.4,,desktop,USA,33.0,363
user_02757,treatment,0.0,172.27,,desktop,United States,37.0,270
user_00931,control,0.0,94.73,,android,UK,34.0,362
user_01450,control,1.0,70.08,,desktop,UK,64.0,372
user_00219,control,0.0,72.86,,mobile,United States,23.0,411
user_00182,treatment,0.0,134.95,,tablet,US,22.0,131
user_07221,treatment,0.0,149.83,,desktop,USA,58.0,294
user_01384,control,1.0,$94.27,,desktop,UK,39.0,293
user_06200,control,1.0,156.76,,mobile,US,53.0,590
user_04790,control,0.0,136.55,,desktop,United States,31.0,465
user_06722,control,1.0,190.67,,desktop,US,49.0,276
user_00108,treatment,1.0,$158.38,2024-03-21,mobile,US,34.0,349
user_07597,trt,0.0,101.21,,tablet,US,52.0,0
user_03412,treatment,0.0,67.43,2024-04-25,mobile,UK,64.0,92
user_00318,control,1.0,152.32,,desktop,USA,48.0,182
user_03734,control,1.0,42.32,,desktop,UK,54.0,-31
user_00790,control,0.0,113.3,,mobile,UK,57.0,305
user_06668,trt,2.0,41.27,2024-06-16,mobile,IN,63.0,157
user_00731,treatment,0.0,172.27,,tablet,UK,52.0,530
user_00270,control,0.0,109.5,,mobile,India,27.0,402
user_00442,treatment,1.0,130.89,,mobile,USA,58.0,0
user_03302,treatment,2.0,29.13,2024-04-25,desktop,UK,33.0,323
user_00381,treatment,0.0,128.61,2024-09-03,mobile,India,55.0,-20
user_01946,control,1.0,172.27,,mobile,US,42.0,514
user_08006,control,1.0,154.06,2024-09-23,mobile,USA,32.0,319
user_01419,control,1.0,190.78,,desktop,IN,33.0,161
user_06591,control,0.0,162.99,,mobile,US,26.0,552
user_03110,control,0.0,58.46,,mobile,US,42.0,0
user_00011,treatment,0.0,$109.6,,desktop,UK,36.0,333
user_00033,control,1.0,32.45,,tablet,United States,52.0,159
user_04116,control,2.0,120.78,,desktop,US,35.0,-29
user_03649,trt,1.0,174.75,2024-08-22,mobile,India,42.0,412
user_06167,treatment,0.0,68.69,,tablet,US,45.0,51
user_07901,control,0.0,199.15,,mobile,United States,35.0,311
user_02588,treatment,0.0,19.56,,tablet,UK,18.0,71
user_00537,control,0.0,172.27,,mobile,India,26.0,379
user_00365,control,2.0,"365,36",2024-10-20,tablet,US,31.0,262
user_00083,treatment,1.0,80.9,,desktop,India,63.0,188
user_06499,treatment,0.0,68.99,,desktop,IN,24.0,385
user_06654,treatment,0.0,162.66,,tablet,USA,40.0,506
user_03179,treatment,1.0,10.61,,mobile,UK,53.0,261
user_04120,control,1.0,11.38,,desktop,UK,58.0,93
user_00453,treatment,1.0,186.08,2024-01-09,desktop,USA,40.0,159
user_04201,control,1.0,143.3,,mobile,United States,46.0,257
user_03372,control,0.0,181.56,,mobile,US,90.0,-34
user_03306,treatment,1.0,149.9,,desktop,IN,55.0,41
user_08873,treatment,0.0,182.55,2024-05-07,mobile,United States,42.0,341
user_08750,control,0.0,171.03,,desktop,IN,20.0,512
user_00851,control,0.0,91.84,2024-02-22,desktop,US,59.0,332
user_03440,control,2.0,61.85,2024-06-22,tablet,UK,47.0,439
user_05219,control,1.0,139.14,,tablet,US,22.0,152
user_08626,treatment,0.0,69.81,,desktop,India,25.0,463
user_01424,control,1.0,172.27,2024-07-23,desktop,UK,61.0,580
user_01563,control,1.0,113.9,,iphone,United Kingdom,28.0,584
user_03404,control,1.0,102.62,,android,United States,40.0,224
user_07041,treatment,0.0,"718,37",2024-10-19,mobile,US,51.0,-73
user_07725,control,0.0,150.18,2024-01-27,mobile,US,44.0,343
user_03504,treatment,1.0,38.74,,desktop,India,23.0,164
user_02382,control,0.0,163.54,2024-01-14,mobile,India,21.0,273
user_05166,treatment,0.0,172.27,,desktop ,USA,54.0,154
user_01303,treatment,1.0,107.18,,desktop,US,53.0,-83
user_02838,treatment,1.0,98.3,2024-03-21,desktop,US,31.0,598
user_01425,control,0.0,132.58,,mobile,US,54.0,540
user_08125,control,1.0,70.77,,iphone ,IN,24.0,277
user_02097,control,1.0,172.27,2024-07-14,iphone,USA,54.0,149
user_02321,control,1.0,$141.94,,mobile,United Kingdom,37.0,204
user_01427,control,1.0,82.75,,desktop,US,19.0,301
user_04983,treatment,0.0,28.74,2024-02-22,desktop ,US,29.0,136
user_04943,control,1.0,113.62,,tablet,UK,47.0,356
user_00430,control,1.0,172.27,,mobile,US,36.0,355
user_04768,treatment,0.0,167.71,,desktop,US,40.0,560
user_06375,control,1.0,168.8,,mobile,United Kingdom,61.0,0
user_00874,control,0.0,170.15,2024-04-11,mobile,United States,46.0,205
user_00843,control,1.0,84.65,,desktop,US,27.0,574
user_04702,treatment,1.0,30.99,,mobile,US,42.0,89
user_05048,control,0.0,199.07,,mobile,United States,42.0,219
user_02639,control,1.0,187.75,,mobile,USA,47.0,173
user_06053,control,0.0,132.59,,mobile,USA,45.0,582
user_04035,control,1.0,122.07,,desktop,US,60.0,533
user_02164,control,0.0,172.27,,desktop,USA,42.0,441
user_05227,treatment,0.0,$22.95,,tablet,US,34.0,0
user_04451,control,2.0,"737,72",,tablet,US,39.0,0
user_04759,trt,0.0,-42.7,2024-12-05,tablet,US,42.0,342
user_03107,control,1.0,151.47,2024-01-25,mobile,US,34.0,73
user_04509,control,1.0,"957,88",,desktop,USA,28.0,475
user_02551,control,1.0,164.34,,mobile,USA,45.0,78
user_00957,control,1.0,198.25,,desktop,United Kingdom,62.0,215
user_06493,treatment,0.0,27.93,,desktop,UK,45.0,441
user_00978,control,0.0,187.43,,mobile,United States,43.0,-50
user_04733,treatment,1.0,$67.1,,mobile,US,31.0,547
user_02022,control,1.0,"690,13",,desktop,USA,25.0,539
user_00984,trt,0.0,172.27,2024-09-19,desktop,United States,61.0,303
user_06468,control,1.0,198.7,2024-10-05,mobile,US,54.0,0
user_04049,treatment,0.0,-20.42,2024-01-20,desktop,US,23.0,458
user_03211,treatment,1.0,154.95,,mobile,USA,24.0,85
user_07526,control,1.0,48.82,,mobile,United States,63.0,408
user_03893,control,0.0,162.19,,mobile,US,34.0,270
user_00571,control,0.0,73.64,,android,UK,42.0,31
user_00556,control,0.0,$45.13,,mobile,US,60.0,43
user_03090,control,0.0,66.92,,desktop,US,42.0,589
user_05342,treatment,1.0,16.38,,tablet,USA,57.0,151
user_08745,control,2.0,52.94,2024-06-01,mobile,United Kingdom,44.0,0
user_02545,control,1.0,196.77,,desktop,USA,27.0,544
user_03761,control,1.0,124.97,2024-07-20,mobile,United Kingdom,65.0,466
user_06311,control,0.0,92.13,2024-04-05,desktop,USA,47.0,559
user_06026,treatment,1.0,131.01,2024-12-19,mobile,US,41.0,74
user_06840,treatment,0.0,45.81,,desktop,USA,47.0,344
user_04927,treatment,0.0,59.26,,mobile,UK,42.0,267
user_07965,control,0.0,66.28,2024-08-11,desktop,United Kingdom,52.0,571
user_00750,treatment,0.0,168.06,,tablet,USA,58.0,348
user_02350,treatment,1.0,20.17,,mobile,USA,37.0,590
user_00096,control,1.0,97.8,,mobile,United States,49.0,190
user_00303,control,0.0,144.9,2024-05-04,desktop,US,48.0,550
user_08354,control,0.0,14.57,,desktop,India,55.0,403
user_04445,control,1.0,196.64,,desktop,US,23.0,72
user_02194,control,1.0,$41.43,,iphone,India,42.0,-11
user_00073,control,1.0,91.78,,iphone,United Kingdom,48.0,74
user_04607,control,0.0,92.86,2024-04-16,mobile,IN,22.0,386
user_05745,treatment,1.0,132.67,2024-08-12,desktop,US,65.0,0
user_02648,control,0.0,26.05,,tablet,USA,65.0,148
user_00780,control,0.0,35.31,2024-03-20,mobile,USA,29.0,0
user_05314,control,1.0,68.22,2024-09-03,android,US,30.0,90
user_01171,treatment,0.0,59.38,,mobile,UK,90.0,-81
user_00623,treatment,0.0,51.32,,mobile,USA,33.0,518
user_05518,treatment,1.0,172.27,,desktop,United States,65.0,0
user_06510,control,0.0,131.95,,desktop,US,55.0,316
user_03034,trt,1.0,142.87,2024-01-09,mobile,UK,39.0,47
user_06216,treatment,1.0,83.72,,desktop,US,50.0,245
user_08408,trt,1.0,141.2,2024-08-02,desktop,USA,42.0,477
user_00584,control,0.0,-59.54,,desktop,USA,23.0,-62
user_00014,control,0.0,172.27,,mobile,US,54.0,-84
user_00838,control,1.0,102.71,,desktop,USA,61.0,116
user_07188,control,1.0,34.19,,mobile,United Kingdom,60.0,417
user_00663,test,0.0,82.7,2024-05-19,desktop,India,19.0,579
user_05403,control,1.0,85.04,,mobile,US,32.0,397
user_05425,treatment,0.0,31.8,2024-11-24,mobile,UK,65.0,584
user_07793,treatment,1.0,173.79,,android,United States,25.0,589
user_05611,control,1.0,187.21,,mobile,IN,36.0,149
user_04720,control,0.0,133.12,2024-02-02,mobile,India,39.0,54
user_03116,treatment,1.0,130.06,,mobile,US,59.0,0
user_00701,treatment,1.0,172.27,,desktop,US,39.0,0
user_04000,control,0.0,51.4,,tablet,US,37.0,98
user_02777,treatment,1.0,129.1,,desktop,United States,40.0,65
user_05468,treatment,1.0,$198.84,,android,United States,43.0,193
user_00839,treatment,0.0,-40.08,,desktop,US,59.0,277
user_08765,trt,1.0,$76.25,,desktop,US,54.0,-79
user_02406,control,0.0,172.27,,desktop,US,24.0,461
user_05165,control,1.0,96.19,,mobile,USA,25.0,432
user_05986,treatment,1.0,-32.55,,mobile,USA,24.0,-55
user_05808,trt,2.0,91.56,2024-07-09,mobile,US,37.0,565
user_04412,treatment,1.0,102.04,,mobile,United States,38.0,259
user_02629,treatment,0.0,123.58,2024-06-07,tablet,United Kingdom,61.0,583
user_00529,treatment,1.0,104.72,,tablet,UK,42.0,572
user_01950,control,0.0,-97.4,,mobile,USA,42.0,498
user_08879,control,0.0,"119,77",,desktop,US,38.0,311
user_03245,treatment,1.0,91.42,,tablet,USA,37.0,159
user_00961,treatment,1.0,124.27,2024-10-24,tablet,USA,35.0,0
user_05364,control,1.0,92.0,,android,United States,60.0,342
user_08450,treatment,1.0,100.6,,tablet,IN,42.0,62
user_02339,treatment,0.0,118.15,,desktop,UK,38.0,595
user_05943,control,1.0,172.27,2024-11-13,tablet,US,19.0,449
user_04708,control,0.0,131.21,,mobile,UK,31.0,220
user_03163,treatment,1.0,139.99,,mobile,UK,18.0,341
user_08468,treatment,2.0,172.27,,mobile,USA,29.0,389
user_04990,treatment,1.0,114.8,2024-04-30,desktop,US,40.0,225
user_06031,control,1.0,121.38,2024-12-22,tablet,UK,46.0,0
user_04296,control,0.0,-17.56,,mobile,IN,36.0,183
user_00927,control,0.0,"235,56",,mobile,UK,40.0,115
user_02917,treatment,1.0,"864,98",2024-11-10,mobile,UK,27.0,151
user_03853,treatment,1.0,39.94,,mobile,US,46.0,434
user_04246,treatment,0.0,170.19,,desktop,USA,45.0,500
user_02443,control,1.0,170.69,2024-11-01,iphone,US,54.0,52
user_00826,control,1.0,179.0,2024-03-27,desktop,US,28.0,94
user_05515,treatment,1.0,22.63,2024-11-18,mobile,USA,65.0,-71
user_00849,treatment,1.0,193.83,,desktop,United States,62.0,286
user_06886,treatment,0.0,55.44,,tablet,United States,18.0,468
user_02213,control,1.0,172.27,2024-08-22,desktop,India,20.0,560
user_00226,treatment,0.0,39.89,2024-07-03,desktop ,India,24.0,406
user_02162,treatment,1.0,86.42,2024-05-23,desktop,US,23.0,94
user_00003,control,0.0,137.94,2024-11-11,desktop,US,35.0,139
user_00628,treatment,1.0,68.37,,mobile,India,53.0,414
user_02157,treatment,1.0,160.44,,desktop,India,50.0,396
user_04568,control,0.0,172.27,,tablet,US,21.0,0
user_04241,treatment,1.0,38380.75,,tablet,US,42.0,219
user_07760,treatment,0.0,172.27,,mobile,US,39.0,381
user_01823,control,1.0,157.64,,desktop,United Kingdom,34.0,259
user_00028,treatment,1.0,57.63,,mobile,USA,46.0,502
user_05241,control,1.0,-10.7,,mobile,US,46.0,-84
user_08580,treatment,0.0,172.27,2024-09-23,desktop,USA,41.0,357
user_07500,treatment,0.0,13.36,,tablet,UK,25.0,0
user_02699,control,0.0,12.27,,desktop,India,54.0,392
user_07897,treatment,0.0,$190.89,,desktop,IN,61.0,380
user_08196,control,1.0,$122.96,2024-03-20,mobile,US,21.0,41
user_02725,treatment,0.0,79.13,,iphone,US,48.0,268
user_07356,control,1.0,172.27,,mobile,IN,49.0,47
user_03183,treatment,1.0,133.52,,desktop ,India,57.0,0
user_07831,control,0.0,109.29,,mobile,US,34.0,-36
user_04342,control,0.0,15390.77,,mobile,UK,61.0,265
user_03342,treatment,1.0,137.93,,desktop,UK,55.0,328
user_01201,treatment,0.0,68.57,,desktop,USA,28.0,-83
user_05842,trt,0.0,72.18,2024-07-18,mobile,United States,59.0,576
user_05311,control,0.0,86.25,2024-02-20,mobile ,USA,32.0,293
user_06302,control,1.0,105.72,,desktop,United States,59.0,141
user_00528,treatment,0.0,92.57,,tablet,United States,47.0,531
user_08534,treatment,1.0,154.94,,desktop,USA,35.0,449
user_08082,control,2.0,73.42,,mobile,USA,53.0,527
user_00620,control,1.0,180.11,2024-11-07,tablet,USA,29.0,341
user_01258,treatment,1.0,131.92,2024-04-03,mobile,US,29.0,61
user_00619,control,1.0,90.67,,tablet,India,64.0,126
user_07200,control,0.0,124.32,,desktop,United Kingdom,35.0,160
user_02373,treatment,2.0,172.27,,mobile,USA,50.0,556
user_05746,control,1.0,39.76,,mobile,USA,63.0,317
user_08793,treatment,1.0,32.31,,tablet,USA,37.0,360
user_06718,treatment,0.0,178.21,,mobile,IN,56.0,466
user_04387,treatment,1.0,19.45,,desktop,United States,28.0,474
user_05519,control,1.0,68.86,,desktop,IN,54.0,306
user_06948,control,1.0,117.99,,desktop,US,44.0,433
user_00642,control,1.0,20.54,,mobile,IN,23.0,251
user_07801,control,2.0,172.27,2024-08-24,tablet,US,48.0,50
user_03164,treatment,1.0,71.16,,desktop,UK,26.0,106
user_08889,treatment,0.0,54.14,,mobile,United States,38.0,558
user_07655,treatment,0.0,172.37,,iphone,India,23.0,540
user_05171,treatment,1.0,53.46,,desktop,USA,53.0,475
user_00724,control,1.0,173.5,,mobile,US,40.0,400
user_01412,treatment,1.0,105.73,2024-03-29,desktop,IN,29.0,222
user_06285,trt,2.0,152.41,,mobile,UK,41.0,93
user_01129,treatment,0.0,108.3,,iphone,USA,32.0,372
user_00361,trt,0.0,66.85,,tablet,USA,31.0,303
user_06626,treatment,2.0,176.55,,desktop,United Kingdom,31.0,378
user_07269,treatment,1.0,94.62,,desktop,USA,44.0,555
user_04754,treatment,1.0,90.66,,desktop,USA,51.0,106
user_02632,trt,0.0,39.42,,desktop,United Kingdom,60.0,0
user_06134,treatment,0.0,199.41,,desktop,USA,20.0,73
user_03466,treatment,1.0,163.74,,mobile,UK,43.0,0
user_08895,treatment,1.0,85.17,,desktop,United States,35.0,216
user_08305,treatment,1.0,173.15,2024-05-26,desktop,US,26.0,150
user_05022,treatment,0.0,52.64,,tablet,USA,64.0,542
user_06971,treatment,0.0,132.63,,desktop,US,20.0,263
user_03024,control,0.0,116.26,,mobile,United Kingdom,55.0,107
user_02566,control,0.0,30.42,2024-01-28,desktop,United States,62.0,0
user_08784,control,1.0,119.54,,desktop,UK,56.0,290
user_07443,treatment,1.0,143.35,,android,USA,56.0,174
user_05554,treatment,0.0,98.94,2024-03-20,mobile,United States,62.0,201
user_04670,treatment,1.0,101.96,,desktop,United States,56.0,367
user_02303,control,0.0,136.22,2024-07-23,desktop,US,41.0,0
user_03670,treatment,1.0,172.27,2024-12-17,mobile,India,22.0,243
user_00019,control,1.0,-26.94,,desktop,United Kingdom,35.0,167
user_01786,trt,0.0,173.96,2024-02-03,iphone,USA,21.0,252
user_03816,test,0.0,64.7,,mobile,United Kingdom,36.0,355
user_07074,test,0.0,17.5,,desktop,US,42.0,81
user_05133,treatment,0.0,115.83,,mobile,UK,20.0,366
user_00150,control,0.0,93.38,,mobile,United States,31.0,473
user_00954,treatment,1.0,73.78,,iphone,India,42.0,155
user_02983,treatment,1.0,80.76,,desktop,IN,42.0,90
user_07496,treatment,1.0,78.22,,mobile,US,54.0,0
user_00333,control,1.0,172.27,,mobile,US,35.0,555
user_04348,treatment,0.0,199.27,2024-12-22,tablet,UK,64.0,396
user_08563,trt,1.0,10.42,2024-08-24,mobile,India,47.0,592
user_00851,treatment,0.0,94.94,,desktop,United Kingdom,42.0,287
user_00796,trt,2.0,18.78,2024-05-18,mobile,India,57.0,495
user_02544,treatment,2.0,183.62,2024-02-15,desktop,UK,24.0,226
user_01942,control,0.0,-54.51,,mobile,US,59.0,-29
user_02150,trt,1.0,187.93,,android,UK,42.0,347
user_01404,treatment,0.0,78.7,,iphone,US,20.0,258
user_02916,treatment,0.0,143.19,2024-11-27,android,USA,25.0,272
user_08681,treatment,1.0,145.09,2024-11-30,tablet ,India,27.0,-63
user_00576,treatment,0.0,123.62,,desktop,USA,42.0,94
user_06038,treatment,0.0,52.61,,mobile,United States,44.0,81
user_04656,control,1.0,41.82,,mobile,India,43.0,432
user_06128,treatment,1.0,"308,71",,tablet,United Kingdom,45.0,207
user_01681,treatment,1.0,$146.71,,desktop,IN,25.0,89
user_01880,trt,0.0,14.6,,desktop,United Kingdom,9.0,187
user_07069,treatment,1.0,67.12,,mobile,USA,41.0,-65
user_07511,control,1.0,155.64,,desktop,USA,25.0,-16
user_00762,control,1.0,62.63,,tablet,USA,42.0,507
user_03997,control,0.0,197.74,,desktop,US,53.0,82
user_03138,control,0.0,172.27,2024-06-26,mobile,IN,39.0,548
user_01049,treatment,0.0,47.04,,mobile,India,43.0,0
user_02381,treatment,0.0,112.11,2024-03-31,tablet,United Kingdom,46.0,109
user_00944,control,0.0,172.27,,mobile,USA,25.0,368
user_04510,control,1.0,162.34,,tablet,UK,25.0,369
user_02763,control,1.0,51.96,,mobile,USA,57.0,70
user_00605,control,1.0,127.07,2024-10-02,tablet,USA,51.0,500
user_08574,treatment,0.0,82.15,,tablet,US,55.0,86
user_03690,treatment,0.0,192.97,,desktop ,United States,19.0,0
user_04229,treatment,0.0,182.0,,android,USA,31.0,515
user_00158,control,1.0,131.07,,mobile,IN,50.0,459
user_00579,control,1.0,$90.5,,desktop,USA,51.0,130
user_07945,control,2.0,61.89,,tablet,USA,41.0,-79
user_08404,control,1.0,137.05,2024-03-11,desktop,United Kingdom,48.0,473
user_00222,control,0.0,49.05,,mobile,US,26.0,-89
user_05810,control,0.0,105.88,,mobile,US,53.0,188
user_04765,control,0.0,16.39,2024-01-11,desktop,India,56.0,447
user_06559,treatment,1.0,44.81,,tablet,IN,37.0,98
user_08690,control,1.0,142.09,,tablet,UK,55.0,260
user_07206,trt,0.0,39.61,,desktop,United Kingdom,23.0,0
user_04635,treatment,0.0,25562.94,,tablet,IN,35.0,217
user_00202,control,0.0,96.76,2024-09-02,iphone,IN,23.0,326
user_06230,treatment,1.0,173.54,,mobile,IN,63.0,550
user_00294,treatment,2.0,22.74,,iphone,US,50.0,136
user_07698,treatment,0.0,50.7,,desktop,US,64.0,175
user_00459,control,1.0,36.74,2024-05-23,mobile,USA,63.0,350
user_03237,control,0.0,105.81,,desktop,US,47.0,150
user_01244,control,1.0,33.0,,tablet,US,46.0,235
user_00013,treatment,1.0,36.13,2024-09-17,mobile,UK,25.0,119
user_07152,control,1.0,"456,24",,tablet,USA,62.0,-67
user_00676,control,1.0,30.66,,android,IN,23.0,531
user_07281,control,0.0,32.8,,mobile,US,50.0,-96
user_04706,treatment,0.0,59.21,,mobile,United States,45.0,234
user_08421,control,0.0,167.13,,mobile,US,22.0,174
user_07913,control,0.0,199.45,,android,USA,37.0,212
user_00437,control,1.0,67.36,,desktop,US,59.0,127
user_02973,control,1.0,112.39,2024-03-24,mobile,US,63.0,349
user_01293,treatment,0.0,137.89,2024-06-27,desktop,USA,48.0,183
user_00826,control,1.0,"520,75",,tablet,UK,38.0,126
user_06800,treatment,1.0,66.53,,mobile,IN,47.0,553
user_03251,control,0.0,86.99,,desktop,United States,7.0,400
user_01697,control,0.0,29.61,2024-08-19,desktop,United States,65.0,150
user_07567,control,1.0,71.49,2024-03-01,android,IN,63.0,446
user_05625,treatment,1.0,119.69,,desktop,USA,41.0,134
user_03360,control,1.0,20.82,,desktop,USA,44.0,478
user_08291,treatment,2.0,132.85,,tablet,US,35.0,-76
user_05831,treatment,0.0,12.12,2024-10-20,tablet,US,24.0,91
user_02388,treatment,0.0,57.24,,iphone,India,41.0,185
user_07034,control,1.0,184.63,,desktop,United States,41.0,-45
user_05612,control,0.0,116.5,,tablet,US,30.0,141
user_00320,control,2.0,14.08,,desktop,US,21.0,38
user_03972,control,0.0,192.98,,mobile,US,36.0,519
user_06694,control,1.0,172.27,,desktop,USA,45.0,310
user_08072,control,0.0,54.67,2024-04-29,desktop,United States,45.0,259
user_00766,control,0.0,153.1,2024-12-19,iphone,US,21.0,0
user_06139,control,0.0,$24.18,,tablet,India,56.0,411
user_05466,control,1.0,58.88,,mobile,United States,35.0,438
user_07599,treatment,1.0,145.25,2024-04-05,desktop,US,23.0,571
user_01981,treatment,0.0,99.38,,desktop,USA,25.0,530
user_02542,control,1.0,24.29,2024-02-14,desktop,US,9.0,237
user_02433,trt,0.0,135.2,2024-12-06,desktop,USA,43.0,379
user_00045,control,1.0,73.5,,mobile,US,26.0,0
user_04518,trt,2.0,67.66,2024-01-02,tablet,India,22.0,132
user_01045,control,0.0,89.72,,mobile,USA,22.0,342
user_07349,test,0.0,153.8,,mobile,USA,31.0,248
user_00985,test,0.0,146.5,,tablet,India,44.0,0
user_07010,treatment,0.0,135.86,2024-08-28,mobile,United States,45.0,0
user_01846,treatment,0.0,24.65,,mobile,USA,46.0,0
user_06420,control,0.0,156.82,,android,USA,29.0,138
user_08728,treatment,1.0,11.72,,tablet,India,43.0,131
user_03129,control,0.0,"889,32",,mobile,India,44.0,583
user_03522,control,1.0,93.82,,mobile,India,26.0,0
user_02361,control,1.0,191.41,,mobile,UK,34.0,299
user_05120,treatment,1.0,94.19,,desktop,IN,59.0,479
user_02711,treatment,1.0,48015.9,,android,United States,24.0,242
user_03912,control,1.0,$173.49,,desktop,IN,46.0,514
user_04642,control,1.0,154.21,,mobile,United States,37.0,59
user_07455,control,1.0,196.14,2024-01-24,mobile,United Kingdom,53.0,293
user_05510,trt,1.0,146.26,,iphone,US,48.0,407
user_00662,control,0.0,162.36,,mobile,US,36.0,79
user_04130,control,1.0,24.26,,desktop,India,55.0,434
user_02951,treatment,0.0,118.21,,mobile,United States,33.0,268
user_00975,treatment,0.0,188.01,,desktop,United States,26.0,576
user_01098,trt,1.0,68.2,,tablet,United States,22.0,53
user_03567,control,1.0,108.66,,android,USA,53.0,0
user_08890,treatment,1.0,101.22,,tablet,India,25.0,34
user_04711,treatment,0.0,111.89,,iphone,UK,23.0,420
user_01878,control,0.0,17.9,,desktop,IN,34.0,358
user_00585,treatment,0.0,59.55,2024-12-09,desktop,IN,42.0,335
user_02168,treatment,1.0,135.79,2024-01-18,mobile,USA,41.0,454
user_07079,treatment,0.0,$36.87,,mobile,USA,62.0,73
user_05036,treatment,1.0,146.77,,desktop,US,49.0,300
user_03285,control,1.0,132.29,,mobile,India,42.0,402
user_08847,treatment,0.0,22.98,2024-09-11,desktop,US,63.0,537
user_02575,control,1.0,170.96,,mobile,US,36.0,482
user_02800,treatment,0.0,"671,22",,android,US,19.0,109
user_06595,treatment,1.0,120.3,,tablet,US,42.0,436
user_06180,control,1.0,24.4,2024-11-21,iphone,United Kingdom,36.0,211
user_08122,treatment,1.0,93.88,,mobile,USA,35.0,200
user_01102,treatment,0.0,"941,47",,desktop,IN,45.0,116
user_06959,control,2.0,96.16,,mobile,IN,24.0,577
user_03135,control,0.0,66.87,,tablet,US,48.0,0
user_03154,treatment,0.0,192.76,,tablet,US,32.0,522
user_03498,control,0.0,109.66,2024-03-09,desktop,United States,19.0,209
user_05629,control,0.0,24.48,,tablet,India,22.0,493
user_00748,control,1.0,51.93,2024-10-19,mobile,US,65.0,65
user_01872,treatment,0.0,172.27,,tablet,USA,53.0,300
user_08737,control,1.0,104.03,2024-11-27,desktop,United Kingdom,18.0,577
user_00591,control,1.0,144.6,,mobile,India,54.0,539
user_06458,control,2.0,100.16,,desktop,US,52.0,416
user_06145,control,1.0,67.0,,desktop,US,18.0,0
user_01249,control,1.0,119.54,,mobile,USA,53.0,113
user_05170,treatment,0.0,167.9,,tablet,US,42.0,407
user_06438,control,0.0,-94.68,2024-07-12,android,US,59.0,0
user_01403,control,1.0,38.23,,desktop,IN,47.0,194
user_06993,control,1.0,142.58,,tablet,USA,31.0,229
user_08459,control,0.0,-60.51,,mobile,US,28.0,106
user_06527,control,1.0,176.96,2024-10-09,desktop,IN,65.0,317
user_07993,treatment,1.0,41.58,,mobile,US,58.0,432
user_03638,control,1.0,111.32,,tablet,US,40.0,522
user_02141,control,1.0,94.96,,tablet,US,51.0,45
user_07938,treatment,0.0,179.57,,tablet,United Kingdom,42.0,483
user_06535,treatment,1.0,172.27,2024-01-03,mobile,USA,39.0,527
user_05072,treatment,1.0,75.1,2024-01-18,tablet,India,62.0,476
user_00844,control,1.0,-55.48,,tablet,IN,60.0,116
user_07338,treatment,0.0,"854,23",,mobile,US,38.0,213
user_00432,control,0.0,-83.07,2024-12-12,mobile,United Kingdom,29.0,328
user_00151,control,0.0,39.12,,tablet,US,63.0,0
user_08062,test,1.0,48.01,2024-03-12,desktop,USA,56.0,574
user_08882,control,0.0,172.27,,desktop,US,39.0,214
user_01012,treatment,1.0,105.62,,mobile,USA,56.0,575
user_05483,control,0.0,72.7,2024-12-09,mobile,USA,42.0,374
user_00867,test,1.0,127.57,,tablet,USA,59.0,207
user_03494,control,1.0,"866,93",,desktop,US,21.0,-33
user_00921,control,1.0,126.12,2024-10-14,desktop,US,33.0,-28
user_00122,treatment,1.0,136.76,2024-06-03,mobile,US,46.0,49
user_00875,control,0.0,182.39,,tablet,US,27.0,402
user_07346,control,1.0,167.41,,tablet,UK,41.0,308
user_00622,treatment,1.0,79.9,2024-11-08,iphone,USA,51.0,245
user_00835,trt,1.0,97.32,,iphone,USA,41.0,165
user_07546,treatment,0.0,13.52,,mobile,India,46.0,345
user_07956,control,1.0,64.7,,desktop,US,30.0,318
user_03702,control,1.0,126.8,,mobile,USA,34.0,62
user_00615,control,0.0,27.66,2024-09-14,android,USA,40.0,212
user_02700,control,0.0,64.87,,desktop,US,47.0,343
user_00454,treatment,1.0,131.21,,desktop,USA,56.0,72
user_00487,control,0.0,$160.93,2024-04-22,mobile,IN,52.0,403
user_05193,control,0.0,48.67,,mobile,United States,33.0,146
user_03831,treatment,1.0,194.22,,mobile,UK,42.0,48
user_03436,treatment,0.0,-95.83,2024-12-27,tablet,US,37.0,0
user_07906,treatment,0.0,176.91,,mobile,USA,19.0,106
user_03659,control,0.0,182.94,2024-06-05,desktop,United States,42.0,557
user_02620,treatment,1.0,77.34,,mobile,United Kingdom,52.0,58
user_02519,treatment,0.0,79.74,,tablet,IN,37.0,166
user_00052,treatment,1.0,51.55,,desktop,United Kingdom,54.0,431
user_00130,treatment,1.0,119.96,,mobile,United States,19.0,516
user_04975,control,0.0,127.56,,mobile,IN,61.0,220
user_06421,control,0.0,75.53,,mobile,United Kingdom,50.0,443
user_00247,control,0.0,175.18,,desktop,UK,11.0,131
user_02467,control,1.0,134.61,2024-08-17,mobile,US,25.0,178
user_06933,treatment,1.0,29.68,,mobile,United States,63.0,340
user_07616,control,1.0,-96.98,,iphone,UK,42.0,303
user_00391,control,0.0,10.92,,mobile,US,28.0,176
user_03802,control,1.0,102.07,,tablet,UK,58.0,264
user_04337,treatment,0.0,135.64,2024-11-15,mobile,US,42.0,565
user_02149,treatment,0.0,124.02,2024-07-14,mobile,UK,57.0,72
user_00230,control,2.0,103.08,,desktop,United States,54.0,369
user_00035,treatment,1.0,34.48,,tablet,United States,35.0,0
user_08634,control,1.0,22.14,,desktop,US,26.0,488
user_06802,treatment,1.0,56.71,2024-03-06,desktop,US,27.0,-71
user_00643,control,1.0,25.09,,desktop,IN,50.0,501
user_03780,treatment,1.0,122.7,,mobile,US,27.0,352
user_04570,treatment,2.0,31.01,2024-02-27,mobile,USA,57.0,486
user_04133,control,1.0,93.27,,desktop,United Kingdom,27.0,600
user_00342,treatment,0.0,-80.51,,mobile,US,33.0,531
user_06353,control,2.0,-22.44,,desktop,IN,42.0,207
user_00763,control,1.0,51.92,,desktop,USA,46.0,64
user_03233,treatment,0.0,191.97,2024-11-28,tablet,India,23.0,427
user_01746,control,1.0,172.27,,desktop,UK,41.0,507
user_02470,treatment,0.0,170.03,,desktop,United States,21.0,363
user_02826,control,1.0,172.27,2024-03-31,desktop,UK,44.0,97
user_01612,treatment,0.0,54.46,,tablet,US,38.0,321
user_02380,treatment,1.0,185.14,,mobile,USA,61.0,32
user_01362,treatment,0.0,113.24,2024-02-01,mobile,US,62.0,279
user_07589,treatment,1.0,64.05,2024-08-10,desktop,US,27.0,0
user_05215,control,0.0,51.48,2024-04-24,desktop,USA,56.0,429
user_05722,treatment,2.0,172.27,,desktop,US,52.0,171
user_04725,control,1.0,33.54,,tablet,United Kingdom,62.0,263
user_07786,treatment,1.0,143.33,,mobile,USA,45.0,48
user_08651,treatment,1.0,172.27,,tablet,United Kingdom,21.0,239
user_01139,treatment,1.0,123.08,,mobile,US,61.0,-91
user_02510,control,0.0,192.24,,mobile,United Kingdom,53.0,0
user_06127,control,0.0,"493,45",2024-07-26,mobile,UK,56.0,540
user_00246,treatment,1.0,135.29,,desktop,India,62.0,439
user_06651,treatment,0.0,$181.99,2024-11-16,tablet,United Kingdom,48.0,521
user_01692,treatment,1.0,120.32,,tablet,UK,21.0,0
user_05158,treatment,0.0,187.79,,mobile,US,47.0,171
user_00296,control,0.0,38.38,2024-06-12,desktop,IN,44.0,0
user_00475,control,1.0,152.85,,desktop,United States,42.0,131
user_04718,control,1.0,94.94,2024-12-23,tablet,IN,35.0,136
user_08316,test,1.0,40.09,,desktop,United Kingdom,44.0,339
user_05597,control,0.0,-28.26,,tablet,USA,63.0,298
user_04042,treatment,0.0,20.64,,desktop,United States,31.0,0
user_04793,control,0.0,172.27,2024-10-11,mobile,US,49.0,291
user_05969,control,1.0,172.27,,android,US,28.0,144
user_03158,control,1.0,160.09,2024-04-02,tablet,US,50.0,483
user_00652,treatment,1.0,125.24,2024-09-17,tablet,India,50.0,488
user_01370,control,0.0,40.18,,desktop,United States,52.0,319
user_02204,test,0.0,27972.71,,tablet,United Kingdom,61.0,-26
user_03864,control,1.0,114.36,2024-04-20,android,United States,57.0,0
user_02304,control,1.0,121.46,,desktop,US,44.0,376
user_02299,control,0.0,133.51,,tablet,US,47.0,-17
user_05438,treatment,1.0,136.22,2024-01-31,desktop,IN,43.0,155
user_02787,test,0.0,76.73,2024-08-24,desktop,US,25.0,334
user_06390,treatment,1.0,$25.85,2024-12-05,tablet,US,40.0,207
user_06888,control,0.0,15.34,,mobile,US,45.0,91
user_08277,control,0.0,-65.02,,tablet ,US,36.0,452
user_02142,treatment,1.0,-97.98,2024-11-24,mobile,US,55.0,279
user_03071,treatment,0.0,62.99,2024-04-02,android,US,42.0,-54
user_07637,control,1.0,49.16,,desktop,IN,23.0,366
user_00175,control,0.0,178.11,,tablet,India,50.0,-44
user_00821,control,0.0,172.27,,mobile,United States,27.0,57
user_03696,control,0.0,25.81,,mobile,United Kingdom,51.0,520
user_03736,control,0.0,70.09,2024-11-05,tablet,United States,52.0,380
user_00832,treatment,0.0,105.09,,mobile,US,64.0,176
user_05252,control,1.0,49.06,,tablet,US,18.0,0
user_00006,treatment,1.0,93.18,,desktop,US,23.0,0
user_04885,control,0.0,27.25,,tablet,US,55.0,528
user_08666,trt,1.0,51.96,2024-07-04,desktop,UK,50.0,326
user_08002,treatment,1.0,33.6,2024-12-28,mobile,India,34.0,479
user_06357,treatment,1.0,110.87,2024-04-03,mobile,IN,30.0,66
user_07350,treatment,1.0,-42.71,2024-07-25,mobile,USA,45.0,374
user_04287,treatment,0.0,58.12,,desktop,US,27.0,154
user_01764,treatment,1.0,58.18,,desktop,United Kingdom,37.0,30
user_06295,control,0.0,172.27,,mobile,United Kingdom,53.0,140
user_02214,control,0.0,$15.91,,mobile,US,30.0,459
user_00467,treatment,0.0,18.65,2024-11-03,desktop,USA,21.0,-37
user_08442,treatment,1.0,182.52,,desktop,United Kingdom,36.0,599
user_08592,treatment,1.0,158.42,,tablet,US,55.0,340
user_02906,test,1.0,98.89,2024-01-05,iphone,IN,19.0,403
user_03118,treatment,0.0,98.3,,mobile,USA,24.0,0
user_03236,control,1.0,$18.76,,mobile,USA,59.0,486
user_02963,control,2.0,162.41,,mobile,US,45.0,235
user_06044,treatment,0.0,31.29,,mobile,USA,23.0,43
user_07652,control,0.0,79.77,,desktop,United Kingdom,61.0,36
user_03287,treatment,1.0,140.99,,desktop,USA,38.0,565
user_05759,treatment,0.0,64.23,,mobile,India,35.0,380
user_08407,control,1.0,174.64,,mobile,USA,29.0,-81
user_00201,treatment,0.0,14.57,2024-04-23,desktop,US,50.0,183
user_05430,control,2.0,29.68,2024-09-11,desktop,USA,58.0,72
user_00237,control,1.0,171.38,,desktop,USA,35.0,185
user_04384,treatment,1.0,128.59,,mobile,USA,55.0,-40
user_00205,treatment,0.0,123.38,,tablet,US,64.0,-94
user_07380,treatment,1.0,100.75,,desktop,United States,58.0,514
user_05197,control,1.0,87.68,,desktop,USA,28.0,570
user_06673,control,1.0,79.77,,mobile,USA,59.0,194
user_06528,treatment,1.0,75.84,,mobile,United Kingdom,21.0,-82
user_05168,treatment,2.0,21.62,,desktop,US,60.0,335
user_04971,control,1.0,148.3,,desktop,IN,50.0,273
user_00293,control,1.0,80.84,,mobile,India,44.0,481
user_05833,control,1.0,80.51,2024-04-21,desktop,United States,18.0,62
user_01895,control,1.0,92.69,,mobile,United Kingdom,62.0,294
user_06364,trt,1.0,143.15,,desktop,United Kingdom,30.0,120
user_00724,treatment,1.0,-93.74,,desktop,USA,49.0,385
user_02776,treatment,0.0,172.27,,desktop,US,65.0,356
user_00438,treatment,1.0,162.05,,desktop,US,45.0,256
user_03697,control,0.0,-81.08,,mobile,US,42.0,194
user_02747,treatment,1.0,178.09,,mobile,US,32.0,319
user_07250,treatment,1.0,149.03,,android,USA,27.0,110
user_04391,treatment,1.0,199.18,2024-09-21,mobile,IN,25.0,0
user_03061,control,0.0,10.91,,iphone,United Kingdom,23.0,153
user_00997,treatment,0.0,165.36,,desktop ,United States,41.0,446
user_05728,treatment,0.0,15.82,2024-09-18,mobile,United States,59.0,444
user_00773,control,0.0,126.7,,desktop,USA,31.0,270
user_00169,treatment,0.0,72.06,,tablet,US,55.0,161
user_06042,control,0.0,172.27,,desktop,UK,32.0,530
user_03337,control,1.0,191.77,,desktop,India,54.0,470
user_06081,control,0.0,86.62,2024-08-05,mobile,US,63.0,440
user_07503,control,2.0,195.3,,desktop,US,44.0,479
user_06562,treatment,0.0,88.86,,mobile,UK,42.0,237
user_05447,treatment,1.0,134.16,2024-02-27,desktop,United States,60.0,506
user_06676,control,0.0,172.27,,mobile,US,46.0,590
user_04032,treatment,2.0,127.58,,tablet,USA,43.0,367
user_01929,control,1.0,159.55,2024-06-29,mobile,United States,44.0,442
user_02790,control,0.0,156.98,2024-08-18,mobile,USA,65.0,275
user_00969,treatment,1.0,161.14,,tablet,USA,27.0,-85
user_05367,control,1.0,129.84,,mobile,US,26.0,0
user_07654,trt,1.0,172.27,,desktop ,UK,33.0,272
user_02208,test,0.0,"159,43",2024-08-19,tablet,United Kingdom,63.0,527
user_04512,treatment,1.0,127.67,,desktop,US,21.0,593
user_00095,trt,1.0,110.43,,tablet,US,42.0,367
user_00979,treatment,1.0,95.75,2024-01-13,mobile,US,19.0,114
user_08876,control,0.0,121.44,2024-08-31,tablet,USA,58.0,43
user_05099,treatment,1.0,73.64,2024-03-19,desktop,USA,51.0,330
user_04154,control,0.0,-88.9,,desktop,IN,42.0,406
user_01407,control,1.0,86.43,2024-01-16,desktop,United Kingdom,41.0,477
user_04623,control,0.0,93.86,,desktop,India,22.0,353
user_01495,treatment,2.0,38.04,,mobile,UK,63.0,246
user_01070,treatment,1.0,88.93,2024-12-30,android,UK,61.0,-45
user_08214,control,0.0,100.95,,desktop,IN,41.0,475
user_08605,treatment,1.0,94.64,2024-10-01,mobile,United States,24.0,478
user_08235,treatment,1.0,35.58,2024-03-19,mobile,USA,33.0,172
user_00860,control,1.0,41.47,,tablet,US,34.0,151
user_00486,control,1.0,21.5,2024-10-28,desktop,UK,22.0,564
user_05003,treatment,0.0,136.34,,iphone,US,62.0,302
user_05119,treatment,0.0,143.45,,desktop,US,20.0,386
user_05859,control,1.0,172.27,2024-05-11,iphone,India,27.0,141
user_07035,treatment,0.0,90.23,2024-09-09,desktop,India,48.0,259
user_04291,control,1.0,50.31,,tablet,United Kingdom,21.0,0
user_05911,control,2.0,118.71,,desktop,India,37.0,225
user_04940,trt,0.0,89.17,,desktop,USA,65.0,193
user_06557,control,0.0,38.03,2024-06-18,mobile,USA,62.0,341
user_08136,treatment,0.0,85.06,,desktop,India,33.0,149
user_04689,treatment,1.0,$193.18,,android,United Kingdom,61.0,271
user_02335,treatment,0.0,172.27,,tablet,US,42.0,579
user_01031,treatment,1.0,133.64,,mobile,USA,20.0,252
user_06821,control,1.0,-23.74,,tablet,United Kingdom,57.0,-31
user_08186,control,1.0,123.69,,mobile,US,63.0,481
user_00207,control,1.0,26.86,,tablet,USA,60.0,-61
user_07021,treatment,0.0,58.96,,mobile,USA,42.0,597
user_00680,control,1.0,42.43,,mobile,USA,62.0,371
user_07290,treatment,0.0,85.53,,mobile,US,18.0,119
user_05395,trt,0.0,175.99,,mobile,US,65.0,406
user_07812,treatment,0.0,90.3,,mobile,US,57.0,346
user_06646,treatment,0.0,172.27,,desktop,India,29.0,372
user_05529,treatment,0.0,64.63,,mobile,United States,18.0,151
user_07928,treatment,2.0,175.18,,mobile,IN,47.0,104
user_05444,treatment,0.0,114.53,2024-11-21,desktop,US,40.0,246
user_01053,control,0.0,115.63,,mobile,United Kingdom,45.0,141
user_04196,treatment,0.0,172.27,2024-07-15,tablet,USA,65.0,592
user_01527,control,0.0,74.11,,mobile,USA,25.0,500
user_08680,treatment,0.0,109.02,,iphone,US,42.0,38
user_04023,treatment,1.0,31.85,,desktop,India,49.0,110
user_05755,control,0.0,24.76,,desktop,United Kingdom,23.0,188
user_05383,treatment,1.0,125.44,,mobile,India,62.0,309
user_08021,control,1.0,25.84,,iphone,US,28.0,0
user_03509,treatment,0.0,55.48,2024-08-25,desktop,US,64.0,219
user_04671,control,1.0,56.13,,tablet,US,11.0,168
user_07122,treatment,0.0,19.43,2024-04-09,mobile,US,32.0,412
user_03792,treatment,0.0,22.13,,desktop,US,42.0,320
user_03685,control,1.0,116.93,,tablet,India,48.0,141
user_06733,control,0.0,130.39,,desktop,USA,41.0,554
user_00536,control,1.0,110.98,,mobile,UK,43.0,487
user_02513,trt,1.0,12.11,,desktop,India,25.0,-65
user_08962,control,1.0,174.38,,desktop,US,64.0,535
user_05570,treatment,1.0,55.24,,iphone,USA,43.0,103
user_02729,control,1.0,136.28,,mobile,United Kingdom,57.0,411
user_00938,control,0.0,107.52,,desktop,US,23.0,263
user_08449,treatment,0.0,115.04,,desktop,USA,56.0,124
user_00989,control,1.0,61.75,,mobile,India,60.0,297
user_00599,control,0.0,110.84,,desktop,United Kingdom,64.0,296
user_07361,control,1.0,182.83,,mobile,United Kingdom,51.0,416
user_05467,treatment,0.0,16.43,,mobile,US,19.0,304
user_05895,control,1.0,172.27,,mobile,USA,40.0,487
user_04699,treatment,0.0,65.0,,mobile,IN,30.0,228
user_04908,control,1.0,59.43,2024-01-28,tablet,United States,27.0,-15
user_04259,control,0.0,105.11,,desktop,US,22.0,295
user_08957,treatment,1.0,162.14,,mobile,IN,64.0,443
user_06803,control,0.0,172.27,,desktop,United States,64.0,436
user_08265,control,1.0,156.81,,mobile,IN,24.0,231
user_03038,treatment,0.0,11.39,2024-09-13,mobile,USA,60.0,547
user_06512,treatment,2.0,197.68,,desktop,India,18.0,480
user_02985,control,1.0,43.19,2024-09-21,desktop,IN,60.0,262
user_03767,trt,1.0,142.4,2024-06-28,desktop,USA,42.0,450
user_02212,treatment,1.0,64.1,2024-08-06,mobile,US,53.0,503
user_01729,trt,1.0,29.64,,iphone,IN,26.0,460
user_02771,treatment,1.0,191.99,,desktop,IN,63.0,277
user_07483,control,0.0,139.83,,tablet,United Kingdom,46.0,361
user_00812,treatment,1.0,$22.19,,desktop,United States,37.0,197
user_07614,control,1.0,172.27,,mobile,IN,60.0,482
user_02876,control,0.0,138.9,2024-10-05,mobile,IN,28.0,291
user_03938,control,1.0,122.05,,tablet,IN,30.0,0
user_07909,treatment,0.0,43.09,,mobile,United States,28.0,138
user_01156,treatment,1.0,122.98,,android,US,45.0,310
user_00047,control,0.0,$193.73,2024-07-16,tablet,USA,32.0,-49
user_05547,control,0.0,"915,73",,desktop,US,19.0,198
user_03990,control,0.0,57.61,2024-05-22,desktop,USA,25.0,597
user_00123,control,1.0,24.58,,mobile,US,33.0,276
user_05718,control,1.0,68.92,,tablet,India,55.0,179
user_00682,control,0.0,25.01,2024-09-27,mobile,US,58.0,473
user_05653,treatment,1.0,174.55,,mobile,USA,26.0,111
user_00071,control,1.0,91.92,2024-07-25,desktop,US,42.0,346
user_05299,control,0.0,185.66,,mobile,USA,58.0,106
user_06376,control,0.0,41.15,2024-06-10,mobile,United States,54.0,519
user_00519,control,0.0,46.11,,desktop,United Kingdom,37.0,297
user_07809,control,1.0,97.28,,desktop,US,55.0,335
user_00999,treatment,1.0,73.88,2024-06-01,desktop,USA,53.0,67
user_00278,treatment,1.0,112.31,2024-10-14,desktop,United Kingdom,51.0,589
user_08187,treatment,0.0,60.36,,desktop,UK,61.0,372
user_01723,control,0.0,182.63,,desktop,United States,51.0,382
user_05631,control,1.0,-69.56,,desktop,UK,42.0,314
user_07975,control,1.0,-12.42,2024-01-15,desktop,USA,42.0,514
user_04851,treatment,0.0,65.8,,mobile,UK,42.0,-57
user_00133,control,1.0,60.97,2024-01-22,tablet,USA,48.0,87
user_08715,treatment,0.0,75.5,,android,UK,53.0,327
user_05499,treatment,0.0,63.68,2024-11-09,tablet,India,42.0,447
user_04625,treatment,1.0,179.33,,mobile,US,23.0,0
user_01835,control,1.0,168.94,,tablet,USA,23.0,56
user_02343,treatment,0.0,127.97,,mobile,IN,30.0,571
user_05867,treatment,0.0,198.63,2024-07-30,mobile ,United States,55.0,414
user_04769,treatment,0.0,104.58,,desktop,US,52.0,598
user_00511,treatment,1.0,163.11,,desktop,United States,32.0,390
user_08894,treatment,1.0,58.99,2024-09-22,mobile,USA,61.0,335
user_01245,control,0.0,157.42,,mobile,India,54.0,297
user_05246,treatment,1.0,-58.56,,mobile,UK,50.0,109
user_01992,treatment,1.0,131.44,,desktop,IN,39.0,416
user_04195,trt,1.0,185.45,,mobile,IN,30.0,591
user_08937,control,0.0,47.42,,desktop,UK,27.0,512
user_07264,trt,0.0,172.27,,desktop,USA,22.0,541
user_07565,control,0.0,168.61,,desktop,UK,35.0,479
user_00611,control,0.0,172.27,,desktop,USA,53.0,304
user_02706,control,1.0,"208,76",2024-05-18,mobile ,United States,20.0,-55
user_00500,control,0.0,129.16,2024-04-10,tablet,US,42.0,42
user_07289,control,0.0,28.26,,desktop,USA,39.0,51
user_04417,control,0.0,88.34,,mobile ,USA,65.0,-66
user_04606,treatment,1.0,172.27,,tablet,IN,57.0,81
user_00221,treatment,0.0,137.52,,desktop,US,39.0,573
user_01104,treatment,0.0,142.05,,mobile,United States,18.0,268
user_04663,control,1.0,85.18,2024-06-08,desktop,India,64.0,501
user_03959,treatment,2.0,62.72,,iphone,UK,55.0,0
user_05949,control,0.0,-66.06,2024-06-20,desktop,United Kingdom,59.0,103
user_06592,control,0.0,-52.19,,mobile,US,18.0,143
user_08770,treatment,0.0,41.3,,desktop,US,28.0,419
user_04742,control,1.0,110.82,2024-04-10,mobile,United Kingdom,24.0,446
user_00081,control,1.0,190.77,2024-03-23,desktop,United States,42.0,0
user_02688,control,1.0,154.45,,desktop,US,56.0,545
user_00502,control,0.0,183.94,2024-12-31,tablet,UK,58.0,528
user_06061,control,1.0,50.79,,tablet,USA,65.0,411
user_07663,treatment,1.0,10.94,,tablet,US,35.0,420
user_04636,treatment,1.0,34.22,,mobile ,IN,40.0,519
user_00720,treatment,1.0,197.91,,tablet,United States,57.0,205
user_03212,control,0.0,178.62,2024-04-01,desktop,USA,56.0,374
user_02337,treatment,1.0,190.81,,tablet,US,44.0,78
user_00554,control,0.0,89.99,2024-05-05,desktop,IN,57.0,226
user_03349,control,1.0,23.87,,desktop,IN,63.0,385
user_04329,control,0.0,43.76,,mobile,India,63.0,294
user_04913,control,0.0,140.64,,mobile,USA,59.0,529
user_04389,trt,1.0,133.29,2024-05-02,mobile,India,21.0,398
user_01765,control,1.0,172.27,,desktop,United States,29.0,534
user_07858,treatment,1.0,15.08,,desktop,USA,23.0,591
user_06323,control,1.0,140.42,2024-07-21,iphone,United Kingdom,62.0,532
user_07482,control,1.0,184.05,,android,United Kingdom,18.0,459
user_03978,control,0.0,10.85,,mobile,US,34.0,-33
user_08382,control,0.0,124.97,2024-08-06,desktop,IN,26.0,447
user_03002,treatment,0.0,172.27,,desktop,USA,53.0,513
user_00262,control,0.0,188.2,2024-02-10,desktop,India,20.0,358
user_08734,control,1.0,198.91,,desktop,India,25.0,191
user_02479,trt,0.0,183.83,,desktop,US,90.0,452
user_03573,treatment,1.0,53.78,,tablet,India,35.0,496
user_04495,treatment,1.0,172.27,,android,United States,33.0,-82
user_00242,treatment,1.0,172.27,2024-06-07,tablet,IN,65.0,366
user_06057,treatment,1.0,157.16,2024-02-12,tablet,India,45.0,33
user_05648,control,0.0,156.08,,mobile,United Kingdom,55.0,455
user_01951,treatment,0.0,155.55,,mobile,US,19.0,48
user_05874,control,2.0,168.03,,mobile,USA,42.0,112
user_08364,treatment,0.0,106.9,,mobile,USA,58.0,369
user_06052,treatment,0.0,159.63,,mobile,USA,54.0,515
user_08600,control,1.0,52.33,2024-04-07,desktop,UK,30.0,175
user_06657,control,0.0,97.47,,desktop,USA,42.0,0
user_07863,control,1.0,150.68,,desktop,IN,41.0,448
user_02969,treatment,0.0,92.13,,tablet,United Kingdom,24.0,591
user_02445,treatment,0.0,70.06,,desktop,United Kingdom,56.0,-93
user_06517,trt,0.0,163.03,2024-08-31,desktop,India,55.0,262
user_00594,trt,1.0,172.27,,mobile,US,23.0,-69
user_00339,control,1.0,10.09,,desktop,United Kingdom,42.0,594
user_04590,treatment,1.0,36.95,,tablet,IN,55.0,413
user_01559,treatment,1.0,170.46,,desktop,United States,64.0,445
user_02615,control,0.0,161.96,,mobile,UK,42.0,176
user_00755,treatment,0.0,182.97,,mobile,USA,42.0,254
user_04269,test,1.0,39.3,2024-08-01,tablet,US,40.0,137
user_04236,control,1.0,96.14,,mobile,US,38.0,522
user_01755,control,1.0,122.17,2024-04-08,iphone,IN,32.0,556
user_05965,control,0.0,-96.51,,desktop,IN,25.0,318
user_01473,control,1.0,34.56,,tablet,India,47.0,34
user_02450,control,0.0,86.62,,desktop,USA,36.0,408
user_02724,control,1.0,"255,83",,tablet ,US,59.0,588
user_00675,control,1.0,79.06,,tablet,US,44.0,466
user_01426,treatment,0.0,172.27,,tablet,US,26.0,76
user_02742,control,1.0,89.06,2024-02-29,mobile,USA,24.0,0
user_03785,control,1.0,136.54,,mobile,US,18.0,0
user_01866,control,1.0,172.27,,desktop,United Kingdom,25.0,524
user_03892,control,1.0,179.0,,mobile,UK,40.0,547
user_00164,control,1.0,177.68,2024-02-01,tablet,IN,45.0,0
user_01429,treatment,1.0,172.35,2024-06-05,mobile,IN,38.0,315
user_08562,control,1.0,38.23,,tablet,UK,48.0,587
user_00781,control,1.0,184.15,,mobile,IN,18.0,442
user_05751,control,0.0,109.55,,mobile,USA,42.0,555
user_02051,trt,1.0,24.74,2024-04-08,mobile,US,29.0,174
user_00029,control,0.0,170.98,2024-12-31,desktop,United States,26.0,256
user_02027,control,1.0,149.72,,desktop,India,45.0,-32
user_02215,treatment,0.0,"917,32",2024-12-06,iphone,US,50.0,-71
user_08494,control,0.0,26.53,,iphone,UK,23.0,105
user_07541,trt,0.0,67.12,,mobile,UK,48.0,269
user_07100,treatment,1.0,182.87,,desktop,India,40.0,425
user_02915,control,0.0,-85.87,,mobile,USA,47.0,189
user_04837,control,0.0,127.35,2024-03-17,mobile,UK,50.0,201
user_00948,treatment,2.0,57.03,2024-08-02,desktop,USA,26.0,482
user_05432,treatment,1.0,159.06,2024-03-13,desktop,USA,30.0,0
user_00681,treatment,2.0,$143.56,2024-04-18,mobile,United Kingdom,23.0,521
user_00042,treatment,1.0,164.65,,tablet,India,65.0,375
user_05956,treatment,1.0,89.27,,mobile,US,28.0,597
user_07560,control,1.0,75.42,,tablet,United States,30.0,463
user_07140,control,1.0,49.49,2024-10-11,mobile,UK,32.0,73
user_07017,control,0.0,82.83,,mobile,US,54.0,-51
user_00024,trt,0.0,"866,21",2024-04-26,mobile,IN,43.0,212
user_05350,control,0.0,182.37,,iphone,USA,62.0,428
user_00782,treatment,0.0,26.21,,mobile,IN,23.0,511
user_03213,treatment,0.0,15.52,2024-03-02,mobile,IN,24.0,410
user_00498,trt,1.0,117.82,2024-09-09,mobile,United States,51.0,153
user_07554,treatment,1.0,121.53,,desktop,United Kingdom,48.0,-27
user_06764,treatment,1.0,84.81,,tablet,United Kingdom,21.0,455
user_02855,control,2.0,173.45,2024-04-16,tablet,United States,28.0,468
user_00347,control,1.0,176.34,,iphone,IN,62.0,177
user_00558,treatment,1.0,81.2,,tablet,India,48.0,137
user_00712,control,1.0,22.04,,iphone,USA,35.0,538
user_02019,control,0.0,26.5,,mobile,US,45.0,0
user_00187,treatment,1.0,$30.33,2024-05-11,tablet,USA,42.0,191
user_01216,control,0.0,-40.69,,mobile,India,55.0,162
user_01815,control,1.0,156.79,,mobile,USA,41.0,256
user_05273,control,1.0,188.82,,tablet,United Kingdom,53.0,-18
user_05287,control,1.0,172.27,,mobile,US,55.0,84
user_02456,control,0.0,128.52,,mobile,US,33.0,290
user_06305,treatment,1.0,76.3,,tablet,US,21.0,394
user_08776,control,1.0,161.98,2024-12-10,desktop,India,42.0,-70
user_04115,treatment,1.0,142.05,2024-05-23,tablet,USA,50.0,300
user_06299,control,1.0,188.89,,android,USA,42.0,292
user_04491,control,0.0,$25.07,,desktop,United Kingdom,39.0,393
user_01264,treatment,1.0,154.79,2024-08-30,desktop,UK,55.0,597
user_00933,trt,1.0,-45.59,2024-07-26,mobile,US,34.0,139
user_02866,control,1.0,71.32,2024-09-14,tablet,US,20.0,227
user_07571,treatment,1.0,156.22,2024-08-27,mobile,United Kingdom,19.0,240
user_05928,test,0.0,82.78,,tablet,USA,33.0,417
user_07398,treatment,1.0,181.82,,tablet,India,65.0,446
user_08747,control,2.0,58.1,,tablet,US,59.0,368
user_00376,treatment,0.0,64.0,,desktop,US,48.0,284
user_07992,control,0.0,69.35,,desktop,US,45.0,0
user_05465,treatment,1.0,51.66,2024-07-11,mobile,UK,42.0,365
user_06349,control,1.0,15.09,2024-06-08,desktop,IN,34.0,559
user_00484,trt,0.0,103.58,,tablet,US,33.0,-74
user_04123,treatment,1.0,13.95,2024-01-16,mobile,US,51.0,106
user_08222,control,0.0,144.33,2024-06-24,mobile,India,59.0,0
user_00063,treatment,0.0,$178.27,,mobile,US,60.0,227
user_03467,control,1.0,196.17,,desktop,IN,40.0,471
user_04409,treatment,1.0,132.76,2024-12-21,mobile,United Kingdom,59.0,465
user_00428,control,1.0,21.52,2024-09-07,tablet,United Kingdom,9.0,555
user_06865,treatment,0.0,27899.99,2024-02-23,tablet,India,42.0,263
user_06021,treatment,0.0,121.91,,desktop,United States,7.0,505
user_02312,treatment,1.0,"300,64",2024-09-21,desktop,US,60.0,0
user_01280,control,0.0,140.05,2024-09-19,desktop,US,24.0,409
user_06030,trt,0.0,65.82,,desktop,IN,54.0,228
user_00634,treatment,0.0,136.48,,tablet,United Kingdom,42.0,431
user_00445,treatment,0.0,17.68,,mobile,United Kingdom,19.0,579
user_07214,control,1.0,69.95,2024-10-20,desktop,IN,42.0,476
user_04849,control,2.0,155.81,,desktop,UK,41.0,201
user_03150,treatment,0.0,172.27,,desktop,US,55.0,198
user_00788,treatment,0.0,110.12,2024-11-16,desktop,United Kingdom,40.0,228
user_04281,control,0.0,79.59,2024-03-17,tablet,UK,62.0,466
user_03745,control,1.0,183.44,2024-04-21,mobile,United States,59.0,404
user_07423,control,0.0,172.27,,desktop,USA,53.0,87
user_07657,control,1.0,138.48,,desktop,IN,20.0,147
user_06439,control,1.0,141.58,,android,US,37.0,271
user_02823,treatment,0.0,162.43,,mobile,India,28.0,588
user_02746,control,1.0,191.56,2024-11-20,desktop,United Kingdom,40.0,69
user_07767,treatment,0.0,16.88,,desktop,USA,62.0,-55
user_03705,treatment,1.0,172.27,,mobile,US,60.0,129
user_04327,treatment,0.0,72.46,,desktop,US,38.0,562
user_00838,treatment,0.0,184.5,,mobile,United States,31.0,482
user_04364,control,0.0,192.04,2024-01-04,mobile,UK,26.0,101
user_00429,control,1.0,"930,15",,desktop,US,51.0,401
user_04353,control,1.0,139.85,,desktop,USA,51.0,-91
user_04061,treatment,1.0,120.75,2024-03-27,desktop,IN,24.0,566
user_00852,treatment,0.0,97.03,,desktop,United States,19.0,115
user_00395,control,0.0,197.56,2024-06-14,iphone,UK,60.0,548
user_05961,control,0.0,177.42,,tablet,US,28.0,201
user_00830,treatment,1.0,130.67,,desktop,USA,56.0,0
user_01001,control,0.0,$161.79,,desktop,US,49.0,32
user_00917,trt,0.0,60.81,,desktop,IN,27.0,155
user_03269,control,1.0,66.07,2024-09-29,tablet,US,50.0,87
user_07612,treatment,1.0,107.96,,desktop,US,46.0,0
user_03609,control,0.0,197.45,2024-11-18,mobile,United States,24.0,463
user_00144,treatment,1.0,185.37,,tablet,US,25.0,68
user_00955,control,1.0,81.9,,mobile,India,62.0,496
user_00470,treatment,1.0,186.48,2024-09-03,desktop,IN,54.0,234
user_04096,test,1.0,147.45,,mobile,United States,26.0,229
user_07317,control,1.0,$139.92,,tablet,US,61.0,529
user_07889,control,0.0,155.87,,desktop,USA,9.0,571
user_00400,control,0.0,90.28,,mobile,UK,20.0,62
user_02308,treatment,1.0,127.15,,desktop,US,44.0,406
user_01428,treatment,0.0,"743,60",,desktop,US,56.0,271
user_08988,trt,0.0,-62.89,,mobile,UK,53.0,389
user_01497,treatment,1.0,$17.49,,desktop,India,28.0,150
user_00413,treatment,1.0,172.27,,desktop,IN,29.0,286
user_03229,treatment,1.0,19.81,,desktop,USA,45.0,518
user_06731,treatment,1.0,97.9,,tablet,United Kingdom,60.0,91
user_07430,control,1.0,70.7,,mobile,USA,26.0,494
user_05080,treatment,1.0,191.37,,desktop,US,22.0,135
user_04744,treatment,1.0,72.61,2024-08-17,mobile,USA,35.0,241
user_08254,treatment,0.0,103.46,2024-04-20,mobile,US,43.0,-46
user_07505,treatment,1.0,$141.68,,tablet,United States,22.0,106
user_01451,trt,0.0,$77.88,,mobile,US,51.0,242
user_00633,control,0.0,125.76,,tablet,United States,42.0,469
user_01529,treatment,1.0,28.72,,tablet,US,23.0,274
user_00364,treatment,2.0,176.85,,mobile,UK,29.0,0
user_05329,control,1.0,$49.55,,desktop,US,49.0,117
user_00137,treatment,1.0,141.06,2024-09-17,mobile,USA,27.0,256
user_01386,treatment,0.0,181.72,2024-12-16,mobile,UK,22.0,532
user_03691,control,1.0,30.27,2024-03-21,mobile,USA,40.0,437
user_04007,treatment,0.0,156.8,,mobile,IN,28.0,60
user_06725,treatment,1.0,72.16,,desktop,United Kingdom,56.0,406
user_03217,treatment,0.0,12.27,,desktop,US,65.0,311
user_06748,treatment,0.0,77.08,,mobile,USA,64.0,-31
user_05345,control,1.0,172.27,,desktop,India,55.0,542
user_03287,control,1.0,182.98,,mobile ,USA,61.0,170
user_06561,control,1.0,17.94,,mobile,UK,34.0,-29
user_04398,treatment,1.0,134.69,,desktop,US,64.0,598
user_02123,control,0.0,66.24,,android,UK,52.0,151
user_01058,treatment,0.0,116.58,,desktop,UK,53.0,161
user_00338,control,0.0,"496,85",2024-07-22,mobile,United States,61.0,335
user_04474,trt,1.0,172.27,,desktop,US,49.0,-32
user_03037,treatment,0.0,135.68,,tablet,US,54.0,78
user_00114,treatment,0.0,$179.9,2024-09-06,mobile,USA,42.0,450
user_03907,control,1.0,147.16,,android,US,46.0,57
user_03793,treatment,0.0,138.84,2024-09-21,desktop,United Kingdom,36.0,280
user_03983,treatment,1.0,22.01,,iphone,USA,56.0,326
user_00467,control,0.0,157.69,,tablet,UK,42.0,443
user_04252,treatment,1.0,179.97,,mobile,IN,62.0,145
user_07283,control,1.0,69.26,,tablet,IN,62.0,69
user_05945,treatment,0.0,104.05,,mobile,USA,23.0,143
user_00898,control,1.0,115.34,,desktop,USA,27.0,565
user_07957,treatment,0.0,154.6,,mobile,USA,41.0,117
user_05619,treatment,2.0,113.2,,mobile,United Kingdom,54.0,420
user_08174,trt,0.0,"458,11",2024-11-17,tablet,US,34.0,567
user_08416,treatment,1.0,143.24,2024-11-22,tablet,US,53.0,32
user_02362,treatment,1.0,15.17,,android,United Kingdom,21.0,-86
user_07261,treatment,0.0,-40.04,,desktop,US,20.0,309
user_06427,control,1.0,$135.5,2024-11-19,mobile,United Kingdom,46.0,505
user_00392,treatment,0.0,172.27,2024-05-02,tablet,UK,19.0,260
user_06744,treatment,1.0,93.34,,mobile,US,41.0,183
user_08579,control,0.0,172.27,,desktop,US,59.0,524
user_04565,trt,0.0,90.5,,desktop,USA,42.0,412
user_05095,control,1.0,187.26,,mobile,United Kingdom,23.0,258
user_03117,control,1.0,184.53,,mobile,IN,50.0,510
user_08232,treatment,1.0,-62.99,,desktop,UK,62.0,-94
user_06171,treatment,0.0,79.19,,desktop,US,39.0,598
user_08172,control,0.0,-83.55,2024-12-25,desktop,USA,22.0,292
user_01430,trt,0.0,156.95,,iphone,USA,30.0,97
user_06063,treatment,0.0,97.45,,tablet,UK,18.0,284
user_01197,treatment,0.0,60.61,,mobile,India,38.0,79
user_02359,treatment,1.0,165.95,,android,US,30.0,261
user_00912,treatment,1.0,$49.81,,android,USA,33.0,-65
user_05295,control,0.0,"371,38",,desktop,USA,34.0,154
user_07690,control,1.0,"194,66",,mobile,United Kingdom,59.0,174
user_07267,treatment,1.0,172.27,2024-07-04,mobile,United States,38.0,287
user_05662,treatment,1.0,184.94,,desktop,USA,31.0,558
user_07276,control,0.0,54.26,2024-09-16,tablet,USA,42.0,53
user_07107,treatment,0.0,180.82,,mobile,USA,22.0,166
user_00589,control,0.0,-99.22,,desktop,United States,28.0,116
user_05203,treatment,1.0,82.26,,android,United Kingdom,65.0,454
user_01066,treatment,1.0,80.96,,android,US,90.0,134
user_08515,trt,1.0,163.27,,mobile,US,50.0,69
user_08130,control,0.0,96.36,,mobile,United Kingdom,63.0,107
user_04138,treatment,1.0,79.44,,desktop,IN,33.0,502
user_00644,control,0.0,186.64,2024-03-31,tablet,India,19.0,224
user_03700,treatment,0.0,-24.91,,tablet,India,21.0,241
user_02279,treatment,1.0,98.64,2024-07-28,desktop,USA,39.0,353
user_00749,control,1.0,30.12,2024-03-06,tablet,USA,58.0,324
user_08999,test,0.0,96.97,,tablet,United States,50.0,177
user_03001,control,1.0,149.99,2024-06-30,tablet,India,31.0,-30
user_05907,treatment,1.0,151.07,,mobile,US,56.0,180
user_05887,treatment,0.0,22.61,,desktop,United States,62.0,555
user_03555,treatment,1.0,187.3,,tablet,United Kingdom,45.0,69
user_01807,control,0.0,138.15,,desktop,US,62.0,0
user_01037,control,0.0,37.45,,mobile,USA,33.0,337
user_00869,treatment,2.0,129.75,,mobile,USA,51.0,370
user_00678,control,0.0,84.4,2024-04-01,desktop,US,65.0,565
user_02539,control,0.0,18.73,,tablet,United Kingdom,32.0,-88
user_06837,control,0.0,187.42,,desktop,USA,47.0,479
user_04282,treatment,0.0,74.86,,mobile,India,21.0,325
user_08343,treatment,1.0,152.99,,android,US,55.0,276
user_00414,treatment,0.0,126.87,2024-11-13,tablet,IN,21.0,430
user_04081,treatment,0.0,34.62,,mobile,US,44.0,356
user_08564,treatment,0.0,-43.2,,iphone,USA,53.0,233
user_06881,control,0.0,81.74,,desktop,United States,55.0,409
user_00263,control,0.0,$44.07,,tablet,UK,34.0,568
user_07708,treatment,1.0,-30.17,,tablet,United States,29.0,424
user_05520,control,1.0,192.69,,mobile,India,43.0,522
user_05955,trt,0.0,141.59,,desktop,USA,63.0,-40
user_08536,treatment,1.0,172.27,2024-12-26,desktop,USA,52.0,150
user_06213,treatment,1.0,70.86,,android,IN,41.0,138
user_08088,treatment,1.0,157.06,,mobile,USA,34.0,78
user_01170,treatment,0.0,115.87,,android,US,44.0,581
user_08312,control,1.0,160.45,2024-05-31,desktop,USA,48.0,555
user_08833,trt,1.0,$64.28,,mobile,US,52.0,583
user_05362,treatment,1.0,178.99,,android,USA,36.0,410
user_03878,treatment,1.0,77.05,2024-10-26,mobile,IN,44.0,273
user_00390,treatment,1.0,55.63,,tablet,USA,18.0,96
user_06268,treatment,1.0,175.14,2024-09-23,desktop,United Kingdom,62.0,0
user_00609,treatment,1.0,172.27,,mobile,USA,19.0,201
user_02043,treatment,0.0,65.21,,mobile,US,54.0,354
user_01898,control,0.0,197.14,,tablet,US,41.0,118
user_02209,treatment,1.0,179.91,,desktop,India,27.0,99
user_00498,control,2.0,172.27,,tablet,India,56.0,157
user_01887,control,1.0,60.97,,tablet,US,42.0,282
user_00404,control,0.0,106.14,,mobile,UK,26.0,403
user_03220,treatment,1.0,151.51,,desktop,USA,42.0,0
user_00951,treatment,1.0,172.27,,tablet,UK,55.0,312
user_00378,treatment,0.0,152.85,,desktop,US,42.0,567
user_04188,treatment,2.0,184.32,2024-04-21,mobile,United Kingdom,31.0,-16
user_07662,treatment,0.0,172.27,,desktop,IN,58.0,247
user_08532,test,0.0,49.75,,tablet,India,56.0,89
user_01532,control,0.0,37.97,2024-08-27,mobile,US,32.0,-62
user_07804,control,0.0,104.65,,tablet,United Kingdom,23.0,358
user_03844,trt,0.0,177.51,,tablet,India,44.0,146
user_00354,control,1.0,128.89,2024-05-01,mobile,USA,50.0,0
user_06498,control,1.0,17.51,,mobile,US,41.0,446
user_04168,treatment,0.0,128.23,,desktop,USA,45.0,243
user_04905,trt,0.0,29.46,,mobile,United States,45.0,-61
user_04574,treatment,1.0,104.13,2024-02-17,mobile,USA,56.0,475
user_00217,treatment,0.0,80.85,2024-02-27,tablet,United States,25.0,459
user_06918,trt,1.0,172.27,,desktop,USA,55.0,561
user_00059,treatment,0.0,186.58,,android,India,42.0,77
user_07800,control,1.0,175.79,,mobile,US,32.0,0
user_07172,treatment,1.0,172.27,,desktop,US,22.0,413
user_04190,treatment,0.0,199.78,2024-06-22,mobile,United Kingdom,47.0,465
user_06250,treatment,0.0,119.8,,desktop,United Kingdom,46.0,43
user_00869,control,1.0,169.05,,android,USA,25.0,-93
user_07921,treatment,1.0,152.26,,mobile,US,65.0,0
user_08958,control,1.0,175.94,2024-12-02,mobile,United Kingdom,38.0,57
user_00695,control,1.0,47.61,,mobile,USA,34.0,232
user_05665,control,1.0,161.87,,desktop,US,30.0,279
user_07603,treatment,1.0,19.22,,mobile,USA,54.0,400
user_01235,treatment,1.0,102.06,2024-08-13,desktop,IN,36.0,328
user_04255,treatment,1.0,"970,61",,mobile,US,52.0,0
user_03085,treatment,1.0,136.22,,android,India,41.0,199
user_05782,treatment,1.0,-61.52,,mobile,US,28.0,240
user_08038,control,0.0,45.6,2024-07-05,mobile,IN,54.0,194
user_03082,control,1.0,147.43,,desktop,USA,44.0,503
user_05121,control,1.0,131.71,,tablet ,IN,57.0,311
user_08396,trt,1.0,172.27,2024-04-30,tablet,United Kingdom,35.0,0
user_01120,control,1.0,163.03,,mobile,US,35.0,0
user_02030,control,0.0,84.03,2024-04-24,android,United Kingdom,42.0,300
user_04926,control,0.0,101.92,2024-06-22,mobile,United States,22.0,232
user_02186,treatment,0.0,172.27,,mobile,UK,35.0,284
user_03192,control,0.0,142.13,,android,UK,65.0,119
user_05332,control,0.0,172.27,,tablet,US,52.0,396
user_00441,treatment,1.0,33.04,2024-03-02,desktop,US,53.0,445
user_00077,treatment,1.0,179.03,2024-10-17,desktop,IN,24.0,42
user_05771,control,0.0,173.58,2024-07-13,mobile,India,39.0,30
user_05675,control,0.0,15.97,,tablet,United Kingdom,23.0,192
user_05335,treatment,1.0,179.8,,desktop,US,22.0,479
user_07619,treatment,0.0,173.35,2024-03-22,tablet,UK,8.0,572
user_04072,control,0.0,170.6,,mobile,United States,27.0,506
user_01913,control,0.0,194.71,,mobile,UK,54.0,426
user_02008,test,1.0,194.61,,desktop ,USA,36.0,218
user_00158,control,1.0,109.04,,mobile,US,55.0,166
user_03195,test,0.0,17.04,2024-04-07,tablet,India,21.0,302
user_08005,control,0.0,33.0,,tablet,US,42.0,390
user_04435,treatment,1.0,144.43,,desktop,US,39.0,129
user_04993,control,1.0,77.54,2024-04-07,tablet,USA,25.0,190
user_01611,control,0.0,117.5,,tablet,IN,34.0,520
user_05392,control,1.0,180.44,2024-11-04,android,USA,60.0,239
user_06397,control,1.0,147.58,,tablet,United Kingdom,62.0,274
user_03174,control,0.0,66.18,2024-01-28,desktop,US,64.0,324
user_06287,trt,0.0,188.34,,tablet,United States,53.0,76
user_01769,control,1.0,140.32,,desktop,US,56.0,125
user_06907,control,1.0,172.27,,mobile,USA,21.0,394
user_08311,treatment,1.0,18.21,,desktop,United States,35.0,114
user_02990,control,0.0,30.94,,tablet,UK,41.0,62
user_00089,treatment,1.0,31.68,,mobile,USA,18.0,249
user_02897,treatment,1.0,175.23,,desktop,UK,40.0,572
user_06337,treatment,0.0,96.41,2024-04-23,desktop,USA,53.0,232
user_02889,control,1.0,108.03,2024-06-09,desktop,US,39.0,63
user_03015,control,1.0,172.27,,android,UK,27.0,-73
user_08760,treatment,0.0,48.85,,mobile,United States,60.0,356
user_06011,treatment,0.0,-18.91,2024-01-11,desktop,India,40.0,0
user_00923,treatment,0.0,188.87,2024-12-16,mobile,USA,43.0,283
user_00176,treatment,1.0,192.42,,desktop,US,46.0,184
user_00858,treatment,2.0,-41.34,,tablet,USA,21.0,315
user_02667,control,0.0,143.68,2024-08-03,tablet,USA,19.0,150
user_08094,control,0.0,55.29,2024-11-05,mobile,USA,38.0,552
user_01661,control,0.0,172.27,2024-09-27,desktop,India,44.0,407
user_02158,treatment,1.0,148.68,,mobile,United Kingdom,50.0,233
user_01256,control,1.0,102.23,,desktop,India,31.0,-21
user_05390,control,1.0,134.32,2024-03-23,desktop,United States,30.0,280
user_07987,treatment,0.0,47.36,,tablet,US,59.0,-36
user_08071,treatment,1.0,47.35,,desktop,US,36.0,70
user_02264,treatment,0.0,172.27,,desktop,United States,30.0,242
user_08811,control,1.0,123.74,,mobile,US,33.0,225
user_06755,treatment,1.0,114.7,2024-02-10,tablet,IN,60.0,432
user_08696,treatment,1.0,113.25,,desktop,USA,42.0,487
user_03843,treatment,0.0,119.01,2024-08-30,tablet,IN,55.0,475
user_00823,treatment,1.0,185.37,,iphone,US,22.0,309
user_01751,trt,1.0,34.35,2024-01-22,desktop,USA,56.0,182
user_03870,control,1.0,46.96,2024-10-01,desktop,US,34.0,449
user_05980,treatment,0.0,89.43,,tablet,UK,45.0,135
user_07343,control,2.0,75.89,2024-02-11,desktop,USA,64.0,586
user_00332,control,0.0,172.27,,mobile,IN,26.0,208
user_01795,control,2.0,118.97,,desktop,US,37.0,173
user_06056,control,0.0,83.14,2024-02-23,tablet,India,63.0,133
user_07159,treatment,1.0,37820.85,,mobile,United Kingdom,23.0,210
user_06738,control,0.0,123.48,2024-04-01,desktop,IN,22.0,252
user_05584,control,1.0,151.75,2024-11-24,desktop,US,43.0,90
user_08799,control,0.0,77.73,2024-01-09,tablet,India,21.0,268
user_04043,treatment,0.0,76.55,,mobile,United States,24.0,566
user_08633,treatment,0.0,172.27,,mobile,IN,40.0,477
user_00114,treatment,0.0,119.58,,tablet,United States,25.0,542
user_08682,treatment,1.0,86.47,,desktop,United Kingdom,23.0,445
user_01571,treatment,1.0,12.74,2024-10-16,desktop,UK,59.0,341
user_04842,control,0.0,172.27,,desktop,UK,60.0,0
user_04743,control,0.0,49.81,,tablet,US,39.0,322
user_01057,control,0.0,170.42,,iphone,US,22.0,-15
user_07436,control,1.0,69.93,2024-10-17,desktop,UK,49.0,498
user_01208,treatment,1.0,99.32,,desktop,US,26.0,365
user_00506,treatment,1.0,21.93,,desktop,US,37.0,527
user_02857,control,1.0,-98.78,2024-12-18,tablet,US,28.0,497
user_06905,control,0.0,86.82,,mobile,US,42.0,209
user_07096,treatment,0.0,183.88,2024-10-05,desktop,US,40.0,47
user_08783,control,0.0,$80.18,,desktop,US,40.0,193
user_08985,control,0.0,-34.98,,desktop,US,50.0,0
user_04602,treatment,0.0,44.11,,tablet,IN,49.0,176
user_02695,treatment,1.0,55.03,,mobile,USA,42.0,256
user_03722,control,1.0,79.32,,desktop,UK,56.0,232
user_00907,test,0.0,126.21,,desktop,UK,45.0,350
user_00456,treatment,0.0,"428,90",,android,United Kingdom,44.0,260
user_08080,treatment,0.0,137.99,,tablet,US,58.0,236
user_01569,treatment,0.0,16.62,,mobile,US,35.0,499
user_01408,control,0.0,96.1,,tablet,US,62.0,39
user_01167,treatment,0.0,26.94,,android,India,37.0,-21
user_02273,control,1.0,131.36,,tablet ,USA,35.0,352
user_05883,treatment,1.0,80.89,,tablet,India,44.0,361
user_07765,control,0.0,91.91,2024-11-22,mobile,US,26.0,0
user_00740,treatment,1.0,89.67,,desktop,IN,43.0,590
user_00377,control,0.0,139.44,2024-01-29,tablet,United Kingdom,63.0,540
user_00223,treatment,1.0,148.37,,desktop,US,31.0,283
user_05748,control,0.0,106.9,,desktop,United Kingdom,19.0,202
user_00541,treatment,0.0,196.14,,mobile,USA,26.0,542
user_00171,control,1.0,106.35,,desktop ,USA,26.0,316
user_07083,treatment,0.0,73.8,,mobile,USA,22.0,0
user_08457,control,0.0,129.92,,desktop,IN,64.0,0
user_08059,treatment,0.0,$28.56,,desktop,United States,27.0,122
user_04166,treatment,2.0,123.85,,mobile,UK,26.0,360
user_05409,treatment,0.0,113.79,,desktop,IN,59.0,124
user_03986,control,0.0,116.2,,desktop,US,23.0,486
user_03692,control,1.0,53.62,,mobile,United Kingdom,27.0,0
user_00535,control,1.0,177.57,,mobile,United States,55.0,412
user_03448,treatment,1.0,134.8,,iphone,US,54.0,286
user_08319,treatment,0.0,125.37,,desktop,USA,52.0,40
user_00539,treatment,0.0,172.27,2024-09-30,desktop,USA,42.0,200
user_01594,control,1.0,136.73,,mobile,IN,64.0,388
user_02758,control,1.0,175.7,,desktop,UK,36.0,146
user_01172,treatment,0.0,187.01,,desktop,UK,60.0,439
user_00147,treatment,0.0,30.17,,mobile,USA,37.0,377
user_07715,treatment,1.0,63.64,,desktop,IN,18.0,191
user_06252,control,1.0,190.4,,tablet,UK,58.0,167
user_08868,control,0.0,58.52,2024-03-10,mobile,USA,50.0,51
user_06280,control,1.0,161.12,,desktop,United States,36.0,35
user_02146,treatment,0.0,80.64,2024-10-14,mobile,USA,38.0,301
user_08267,treatment,0.0,152.65,,desktop,UK,64.0,346
user_05366,treatment,1.0,36.5,,tablet,USA,53.0,372
user_06462,treatment,1.0,43.91,,mobile,USA,59.0,380
user_05875,treatment,1.0,51.66,,mobile,US,53.0,542
user_03362,control,0.0,187.21,,mobile,USA,35.0,98
user_08155,treatment,0.0,114.07,,mobile,United States,27.0,303
user_05974,treatment,0.0,105.88,2024-10-31,iphone,UK,40.0,480
user_06789,control,1.0,77.38,2024-12-08,desktop,UK,49.0,88
user_01125,treatment,1.0,172.27,,desktop,US,39.0,442
user_00653,test,1.0,32.36,,desktop,IN,57.0,0
user_02148,treatment,1.0,179.32,,desktop,IN,58.0,566
user_02780,control,1.0,39.84,,tablet,UK,41.0,520
user_00841,control,1.0,188.97,,tablet,USA,52.0,427
user_07417,control,0.0,164.64,2024-05-06,tablet,UK,32.0,231
user_05113,treatment,0.0,34.62,,mobile,US,44.0,356
user_05451,treatment,1.0,42.23,,desktop ,USA,20.0,113
user_02819,treatment,0.0,50.11,,desktop,IN,22.0,500
user_08070,control,0.0,107.1,2024-09-28,desktop,India,22.0,0
user_03920,treatment,0.0,45.16,2024-10-29,desktop,US,50.0,0
user_00025,treatment,0.0,172.27,,mobile,US,39.0,560
user_00553,treatment,0.0,184.06,,desktop,US,62.0,257
user_00115,treatment,1.0,172.27,,tablet,United States,58.0,335
user_06289,treatment,1.0,185.5,2024-10-17,desktop,USA,42.0,79
user_00060,treatment,0.0,77.7,,desktop,United States,30.0,62
user_01008,control,0.0,58.29,,mobile,USA,37.0,65
user_01062,treatment,1.0,146.57,,mobile,US,58.0,262
user_07323,control,0.0,123.48,,desktop,US,35.0,365
user_04893,treatment,1.0,24.22,,desktop,UK,42.0,125
user_08330,control,1.0,30.51,2024-12-30,tablet,US,35.0,107
user_00362,treatment,0.0,81.8,,android,United States,32.0,131
user_06347,control,1.0,174.15,,mobile,IN,48.0,406
user_05550,control,1.0,155.88,,mobile,UK,20.0,214
user_07521,treatment,1.0,187.09,2024-02-21,mobile,US,41.0,121
user_03849,control,0.0,38.09,2024-10-09,desktop,UK,37.0,521
user_04203,control,1.0,-87.39,2024-04-26,tablet,India,18.0,-52
user_05032,treatment,0.0,62.76,,tablet,UK,42.0,208
user_04266,control,0.0,86.66,,desktop,UK,60.0,111
user_07959,treatment,0.0,158.7,2024-09-19,mobile,US,41.0,-63
user_02967,trt,1.0,153.58,,desktop,US,42.0,87
user_03818,control,1.0,125.42,,desktop,USA,31.0,0
user_00180,control,1.0,19.3,,tablet,USA,24.0,379
user_05659,control,1.0,32.27,,desktop,US,49.0,206
user_08197,treatment,0.0,53.32,,desktop,United States,30.0,477
user_04561,treatment,0.0,113.85,,mobile,US,23.0,187
user_08496,treatment,0.0,190.29,2024-12-04,mobile,UK,24.0,71
user_03074,control,1.0,"336,13",2024-11-05,desktop,US,63.0,342
user_01187,control,1.0,"608,14",,desktop,US,31.0,376
user_03634,treatment,0.0,-84.29,,desktop,United Kingdom,65.0,239
user_00969,treatment,1.0,64.7,,mobile,USA,19.0,0
user_01822,treatment,0.0,65.03,2024-06-06,desktop,IN,34.0,516
user_04791,treatment,1.0,144.83,,tablet,USA,50.0,378
user_08388,control,0.0,172.27,2024-02-20,mobile,United Kingdom,40.0,0
user_00221,treatment,1.0,47.98,,tablet,United States,59.0,515
user_00344,control,1.0,187.37,2024-05-30,mobile,US,43.0,93
user_00494,control,2.0,43.15,2024-09-17,desktop,USA,25.0,85
user_05553,control,0.0,39.24,2024-09-02,desktop,IN,26.0,335
user_00426,test,0.0,19.97,,desktop,United Kingdom,24.0,326
user_01021,treatment,1.0,11.24,,iphone,India,36.0,-36
user_04645,treatment,0.0,102.92,2024-04-12,mobile,IN,63.0,82
user_00822,treatment,1.0,147.94,,mobile,US,23.0,251
user_08306,test,1.0,45.92,,mobile,US,31.0,412
user_00635,control,0.0,184.31,2024-03-10,desktop,US,53.0,130
user_04278,control,1.0,160.71,,mobile,UK,57.0,400
user_03574,trt,1.0,172.27,,android,United States,47.0,122
user_07664,treatment,1.0,143.92,2024-03-09,desktop,United States,62.0,228
user_02421,treatment,1.0,108.37,,desktop ,US,46.0,71
user_01576,treatment,1.0,20.06,,tablet,US,50.0,566
user_06208,treatment,0.0,119.32,2024-10-25,desktop,United Kingdom,50.0,192
user_02677,control,0.0,179.7,,mobile,US,32.0,202
user_06607,control,1.0,176.16,2024-05-12,mobile,US,39.0,500
user_08749,control,0.0,29.85,,iphone,United Kingdom,60.0,333
user_03108,treatment,0.0,180.56,,desktop,US,65.0,591
user_01914,treatment,2.0,21.37,2024-05-24,mobile,UK,29.0,443
user_08573,control,1.0,130.63,,desktop,United Kingdom,47.0,489
user_02004,control,1.0,167.7,,tablet,India,23.0,0
user_00846,treatment,1.0,181.77,,android,United Kingdom,39.0,289
user_06976,control,0.0,29.99,,desktop,USA,28.0,341
user_03715,treatment,1.0,96.14,,desktop,India,25.0,288
user_07307,trt,0.0,74.93,,mobile,US,54.0,43
user_00185,treatment,0.0,66.24,2024-04-30,desktop,United States,39.0,348
user_08674,control,1.0,90.3,,mobile,United States,36.0,392
user_00955,control,1.0,172.27,,tablet,US,39.0,124
user_00325,treatment,1.0,109.86,2024-06-16,mobile,United States,60.0,545
user_03235,treatment,0.0,187.23,2024-07-21,tablet,United Kingdom,20.0,554
user_00190,control,0.0,81.26,2024-03-07,desktop,US,27.0,-52
user_03079,treatment,0.0,170.52,,mobile,United Kingdom,55.0,214
user_07759,treatment,1.0,85.84,,mobile,India,55.0,37
user_02811,treatment,0.0,12.22,2024-03-10,desktop,IN,40.0,487
user_02978,treatment,0.0,122.39,,android,IN,46.0,520
user_05766,treatment,1.0,$56.76,2024-04-06,desktop,US,42.0,171
user_00468,treatment,1.0,63.04,,mobile,United States,20.0,95
user_08247,treatment,1.0,31529.09,,desktop,USA,27.0,86
user_08376,control,0.0,182.41,,mobile,India,34.0,311
user_01848,treatment,0.0,"282,51",,mobile,India,32.0,0
user_03914,treatment,1.0,146.05,,desktop,UK,18.0,490
user_01783,control,1.0,42.99,,mobile,US,58.0,465
user_07003,trt,1.0,124.59,,mobile,USA,62.0,277
user_00592,treatment,0.0,143.35,2024-01-11,desktop,USA,57.0,367
user_00741,treatment,1.0,172.27,,desktop,IN,64.0,287
user_04828,control,0.0,$120.11,2024-07-29,desktop,USA,58.0,313
user_03447,control,1.0,62.41,,tablet,USA,44.0,320
user_03749,treatment,1.0,-49.86,,mobile,USA,55.0,353
user_06277,treatment,0.0,92.19,,mobile,UK,28.0,37
user_07062,treatment,1.0,100.58,,desktop,United Kingdom,51.0,228
user_07744,control,1.0,114.53,2024-03-04,tablet,US,39.0,-18
user_06567,treatment,0.0,118.8,,tablet,UK,36.0,99
user_05493,control,1.0,172.27,,tablet,US,28.0,62
user_00344,treatment,0.0,$185.92,,desktop,US,41.0,97
user_04917,control,1.0,122.68,,desktop,USA,47.0,337
user_00358,control,0.0,136.16,,tablet,US,36.0,440
user_04036,control,0.0,10.59,2024-07-07,iphone,US,54.0,368
user_01047,control,0.0,84.53,,mobile,US,47.0,513
user_07949,control,0.0,131.02,2024-01-29,tablet,India,43.0,331
user_00831,control,0.0,172.27,2024-07-05,iphone,US,45.0,449
user_08655,control,1.0,172.27,,mobile,United States,57.0,304
user_06588,treatment,0.0,57.36,,desktop ,USA,44.0,440
user_00758,control,1.0,70.71,,android,United Kingdom,61.0,374
user_00896,control,0.0,135.34,,desktop,UK,37.0,0
user_06784,treatment,1.0,134.87,2024-11-10,desktop,US,34.0,213
user_04323,control,1.0,148.54,,desktop,United Kingdom,60.0,279
user_04475,control,1.0,161.02,,desktop,US,64.0,136
user_06719,control,1.0,103.12,,mobile,India,64.0,51
user_07251,treatment,0.0,48.19,,mobile,IN,33.0,40
user_03592,control,1.0,172.27,,mobile,IN,64.0,0
user_07404,treatment,1.0,"654,60",,mobile,USA,35.0,328
user_04415,treatment,1.0,172.6,2024-04-20,desktop,UK,18.0,-29
user_02537,control,0.0,85.96,2024-11-10,desktop,United Kingdom,59.0,97
user_03355,treatment,1.0,$60.2,,mobile,India,60.0,292
user_03842,trt,0.0,$197.55,,mobile,US,51.0,470
user_08691,treatment,0.0,-17.61,,mobile,IN,38.0,-100
user_06195,treatment,0.0,152.39,,mobile,United States,26.0,545
user_02502,treatment,1.0,62.67,,desktop,IN,43.0,155
user_05997,treatment,0.0,137.26,,tablet,USA,30.0,89
user_04044,treatment,0.0,"321,63",,tablet,US,48.0,440
user_00504,treatment,0.0,106.27,,mobile,USA,37.0,116
user_00151,treatment,1.0,96.37,,mobile,IN,50.0,581
user_05123,control,1.0,172.27,,android,United Kingdom,44.0,0
user_07362,control,1.0,131.35,,desktop,USA,40.0,385
user_00049,treatment,0.0,37.26,,mobile,IN,31.0,68
user_05441,control,0.0,175.52,,tablet ,United States,53.0,45
user_00214,control,1.0,172.27,2024-04-24,desktop,United States,40.0,252
user_08188,test,2.0,83.22,2024-06-18,tablet,United Kingdom,90.0,73
user_03017,test,1.0,142.42,,mobile,India,34.0,87
user_01608,control,0.0,94.15,,mobile,USA,35.0,332
user_00181,treatment,1.0,118.7,,desktop,US,53.0,175
user_07825,test,1.0,11.76,,mobile,US,48.0,174
user_02313,treatment,0.0,"150,51",2024-10-18,mobile,US,44.0,407
user_08004,control,1.0,35.38,,tablet,USA,55.0,-10
user_03829,treatment,1.0,171.47,2024-03-03,desktop,US,65.0,86
user_08877,treatment,0.0,19.51,,desktop,United Kingdom,22.0,125
user_01025,treatment,0.0,73.95,,mobile,UK,34.0,534
user_03472,control,1.0,165.27,,mobile,United Kingdom,39.0,480
user_02020,trt,1.0,175.75,2024-11-28,desktop,United States,42.0,448
user_05224,treatment,1.0,77.32,,mobile,US,29.0,537
user_02792,control,1.0,133.1,,mobile,United States,19.0,254
user_06768,treatment,0.0,32.81,2024-01-28,desktop,USA,53.0,187
user_05972,treatment,1.0,"705,78",,tablet,IN,38.0,263
user_03995,treatment,1.0,130.31,2024-08-21,tablet,US,24.0,590
user_06765,control,1.0,193.34,,mobile,IN,22.0,468
user_06633,treatment,0.0,172.27,2024-09-22,mobile,United States,26.0,175
user_00319,treatment,1.0,193.24,,mobile,US,54.0,272
user_04865,control,1.0,139.58,2024-08-10,mobile,USA,31.0,387
user_07976,control,0.0,132.39,2024-11-30,mobile,IN,18.0,369
user_00393,control,1.0,69.15,,tablet,United Kingdom,39.0,40
user_02946,control,0.0,172.27,2024-08-15,mobile,India,37.0,260
user_01190,treatment,1.0,-41.56,2024-03-04,android,United States,48.0,445
user_08637,control,1.0,154.76,2024-09-20,iphone,IN,34.0,0
user_03439,treatment,0.0,82.55,,android,India,50.0,111
user_05177,treatment,0.0,141.75,2024-08-14,desktop,USA,61.0,180
user_04005,treatment,0.0,144.72,2024-08-27,tablet,IN,31.0,33
user_07682,control,0.0,$60.14,2024-06-09,mobile,UK,42.0,514
user_03171,control,0.0,60.79,,mobile,USA,31.0,0
user_02670,treatment,1.0,146.73,,iphone,India,36.0,410
user_04399,control,1.0,102.8,,tablet,USA,33.0,562
user_04739,control,0.0,182.89,2024-03-30,mobile,US,26.0,531
user_05102,control,0.0,129.55,,android,US,35.0,388
user_06489,treatment,0.0,134.12,,desktop,US,38.0,79
user_03731,control,0.0,138.36,,mobile,US,42.0,253
user_04245,treatment,0.0,183.62,,mobile,USA,23.0,0
user_00322,control,0.0,22.09,,mobile,India,45.0,-54
user_02991,treatment,0.0,172.27,,mobile,India,45.0,123
user_00297,treatment,0.0,146.68,2024-09-13,android,US,41.0,0
user_00737,treatment,1.0,155.25,,mobile,United Kingdom,42.0,571
user_08672,control,0.0,104.54,,tablet,United Kingdom,49.0,192
user_03086,control,1.0,179.87,2024-08-30,desktop,India,49.0,0
user_02953,treatment,1.0,199.12,,mobile,United States,29.0,203
user_00698,trt,1.0,142.75,,mobile,United Kingdom,50.0,422
user_07826,control,1.0,110.0,,tablet,USA,39.0,216
user_07582,control,1.0,138.94,,tablet,UK,34.0,264
user_08710,treatment,1.0,172.27,2024-01-22,desktop,US,51.0,122
user_06836,control,1.0,172.27,,mobile,UK,30.0,101
user_06306,treatment,0.0,47.2,2024-01-08,mobile,USA,62.0,274
user_00149,treatment,0.0,114.39,,desktop,US,38.0,180
user_04584,treatment,1.0,187.22,,desktop,United States,62.0,152
user_06034,treatment,1.0,173.01,,mobile,UK,61.0,481
user_06946,treatment,1.0,172.27,,tablet,UK,30.0,579
user_02885,control,1.0,$78.47,,desktop,IN,55.0,332
user_04400,control,1.0,96.26,,mobile,USA,37.0,-36
user_06843,control,1.0,112.03,,desktop,USA,34.0,195
user_02065,treatment,1.0,198.34,,desktop,IN,65.0,287
user_04572,control,0.0,189.48,2024-03-12,mobile,US,19.0,447
user_00020,treatment,0.0,191.87,2024-02-04,desktop,USA,35.0,0
user_03873,treatment,1.0,80.67,,tablet,USA,48.0,0
user_07948,control,2.0,135.29,,mobile,US,55.0,453
user_07996,control,1.0,182.09,2024-01-28,tablet,US,20.0,177
user_03999,control,0.0,175.38,,tablet,IN,49.0,418
user_01993,control,0.0,190.78,,mobile,US,36.0,229
user_07590,control,0.0,27.02,2024-03-01,android,US,20.0,583
user_00040,control,0.0,194.15,2024-05-02,desktop,US,61.0,145
user_08347,trt,0.0,172.27,,mobile,USA,65.0,510
user_04020,treatment,1.0,190.04,,iphone,USA,38.0,-70
user_08742,treatment,0.0,40.06,,tablet,US,58.0,210
user_08288,control,0.0,49.71,,mobile,USA,45.0,584
user_07319,treatment,2.0,$167.9,,desktop,US,35.0,460
user_01519,treatment,1.0,189.49,,tablet,US,42.0,-89
user_03426,control,0.0,76.54,,android,United Kingdom,48.0,-48
user_04303,control,1.0,18.94,,tablet,United States,25.0,452
user_00803,control,0.0,115.23,2024-11-02,desktop,United States,32.0,113
user_04921,treatment,1.0,107.98,2024-02-26,android,UK,36.0,142
user_05379,treatment,0.0,49.34,2024-11-12,android,United Kingdom,59.0,297
user_00753,control,1.0,43.98,,mobile,USA,61.0,-94
user_03336,control,0.0,42198.35,,mobile,US,42.0,464
user_00618,control,0.0,45.84,,mobile,United States,22.0,558
user_08822,control,1.0,61.38,2024-06-20,desktop,IN,55.0,199
user_05514,control,2.0,20.54,2024-08-23,iphone,United States,65.0,0
user_02187,treatment,1.0,58.92,,desktop,US,24.0,101
user_00770,control,0.0,64.74,2024-01-25,android,US,62.0,368
user_03381,control,0.0,188.44,,desktop,US,36.0,555
user_03942,control,0.0,103.65,,desktop ,United Kingdom,54.0,36
user_03587,treatment,1.0,104.85,,tablet,India,46.0,106
user_03768,control,0.0,130.14,,desktop,US,38.0,0
user_01103,treatment,0.0,138.39,2024-03-05,desktop,United Kingdom,22.0,185
user_06240,treatment,0.0,48.71,,mobile,IN,55.0,390
user_02728,treatment,1.0,98.69,,desktop,India,30.0,214
user_04001,trt,1.0,127.51,,mobile,US,65.0,287
user_07220,treatment,1.0,-41.83,2024-06-11,desktop,US,50.0,571
user_01410,treatment,0.0,164.98,2024-10-08,tablet,USA,36.0,554
user_00959,control,0.0,62.08,,mobile,US,42.0,452
user_00333,control,1.0,14.21,,mobile,US,90.0,456
user_08794,control,0.0,84.57,,desktop,UK,23.0,516
user_08178,control,0.0,72.28,2024-01-01,iphone,USA,62.0,332
user_08604,control,0.0,105.32,2024-08-01,mobile,United States,42.0,245
user_06307,control,1.0,17.46,,mobile,United States,63.0,-51
user_03601,treatment,1.0,45.77,,mobile,US,51.0,141
user_05110,control,0.0,32.36,,desktop,India,52.0,216
user_03730,treatment,0.0,186.04,2024-12-08,desktop,USA,34.0,476
user_01753,control,0.0,160.01,,tablet ,USA,46.0,589
user_08635,treatment,0.0,56.17,,mobile,USA,19.0,58
user_00323,treatment,1.0,139.19,,mobile,USA,31.0,584
user_06937,control,1.0,59.71,2024-09-11,tablet,US,62.0,96
user_08386,trt,2.0,76.42,,mobile,United Kingdom,61.0,567
user_07457,control,1.0,89.69,,tablet,United Kingdom,65.0,503
user_04788,treatment,0.0,98.34,,desktop,India,29.0,140
user_08256,treatment,1.0,198.86,,mobile,USA,39.0,64
user_08044,test,0.0,-79.06,2024-11-27,mobile,US,22.0,183
user_04999,treatment,1.0,172.27,2024-12-07,iphone,United States,60.0,536
user_05129,control,0.0,172.27,,desktop,United Kingdom,43.0,368
user_04594,control,0.0,-23.92,2024-04-16,tablet,US,24.0,497
user_05175,control,0.0,172.27,2024-03-12,tablet,India,24.0,336
user_06521,treatment,0.0,199.93,,desktop,USA,48.0,302
user_01730,control,1.0,26.77,2024-03-07,desktop,IN,60.0,246
user_01884,control,0.0,83.58,,tablet,US,42.0,44
user_01521,control,1.0,172.27,2024-04-04,desktop,US,58.0,-38
user_01044,treatment,1.0,42.33,,iphone,USA,31.0,305
user_06334,treatment,1.0,133.41,2024-12-11,tablet,United States,50.0,552
user_00341,treatment,0.0,166.39,,desktop,United States,42.0,557
user_00123,treatment,1.0,130.31,2024-02-28,tablet,India,61.0,-60
user_00568,treatment,1.0,65.07,,mobile,IN,32.0,0
user_08798,control,1.0,40.78,2024-07-25,tablet,US,62.0,0
user_02117,treatment,1.0,131.39,,mobile,India,18.0,468
user_04386,treatment,1.0,172.27,,mobile,United States,34.0,558
user_00690,treatment,1.0,96.79,,mobile,USA,64.0,139
user_04864,treatment,0.0,113.68,,tablet,US,38.0,299
user_05927,treatment,1.0,100.33,2024-01-24,desktop,US,53.0,581
user_00084,treatment,0.0,98.71,,desktop,United Kingdom,27.0,524
user_04232,control,1.0,165.55,2024-03-19,desktop,US,24.0,94
user_00734,treatment,0.0,133.08,,tablet,USA,61.0,535
user_03889,treatment,0.0,"985,43",2024-02-13,mobile,UK,52.0,480
user_06739,treatment,1.0,42.39,,mobile,US,20.0,449
user_06798,control,1.0,136.21,,mobile,India,52.0,0
user_06515,treatment,1.0,-48.65,,mobile,US,47.0,83
user_06015,treatment,1.0,107.17,,mobile,US,63.0,37
user_00578,control,1.0,-35.73,,tablet,US,51.0,99
user_07421,control,1.0,$197.75,,iphone,United Kingdom,42.0,233
user_00524,treatment,1.0,162.85,,desktop,USA,40.0,148
user_06202,control,1.0,121.06,,android,USA,33.0,403
user_06443,control,1.0,83.99,,tablet,United Kingdom,40.0,167
user_04448,treatment,1.0,172.27,2024-03-01,mobile,IN,49.0,-70
user_02059,control,0.0,107.72,,mobile,United Kingdom,65.0,556
user_01737,treatment,2.0,121.71,,desktop,USA,41.0,154
user_04102,treatment,0.0,48.26,,iphone,India,39.0,436
user_08905,control,0.0,53.99,,tablet,US,42.0,82
user_05827,treatment,0.0,192.72,,tablet ,US,24.0,534
user_02105,control,0.0,124.59,,tablet,US,43.0,169
user_05654,treatment,1.0,162.85,,desktop,US,19.0,419
user_07513,control,1.0,47.98,2024-05-31,tablet,US,45.0,271
user_00397,control,0.0,110.26,,mobile,USA,21.0,427
user_07561,control,0.0,165.12,2024-12-18,desktop,India,39.0,59
user_06844,treatment,0.0,125.6,,android,IN,46.0,336
user_07507,control,0.0,164.6,,mobile,United States,24.0,-34
user_04439,control,0.0,80.04,2024-05-14,desktop,US,26.0,528
user_05253,control,2.0,-79.51,2024-07-20,desktop,United States,24.0,235
user_00739,control,1.0,124.08,,desktop,US,35.0,240
user_07321,treatment,1.0,11.48,,desktop,India,34.0,196
user_07852,control,1.0,10.11,,mobile,USA,55.0,284
user_06876,test,1.0,63.71,,tablet,United Kingdom,42.0,0
user_06874,control,0.0,-72.67,2024-08-23,desktop,US,62.0,176
user_00229,control,0.0,189.19,2024-07-15,desktop,US,58.0,35
user_06962,control,1.0,165.88,,android,USA,25.0,126
user_05279,treatment,0.0,62.84,2024-07-20,mobile,United States,21.0,147
user_06721,treatment,0.0,87.32,,mobile,US,36.0,174
user_02935,treatment,1.0,172.27,,iphone,US,65.0,166
user_08264,control,0.0,108.8,2024-08-29,desktop,IN,34.0,221
user_00089,control,1.0,31.31,2024-11-12,desktop,United Kingdom,42.0,166
user_07907,treatment,1.0,164.68,2024-11-24,desktop,IN,43.0,383
user_08758,trt,0.0,172.27,2024-07-22,iphone,USA,20.0,183
user_05689,control,0.0,46.64,,mobile,USA,22.0,301
user_02163,control,1.0,172.16,,mobile,USA,42.0,396
user_06980,treatment,0.0,84.13,,tablet,United States,48.0,203
user_01811,treatment,0.0,14.14,,desktop,United Kingdom,21.0,0
user_01392,control,1.0,87.13,,tablet,US,57.0,335
user_06786,control,0.0,104.07,2024-11-18,desktop,US,45.0,484
user_00871,treatment,1.0,152.77,2024-11-04,desktop,US,37.0,213
user_02265,control,1.0,$146.01,,mobile,India,56.0,-59
user_02673,test,1.0,58.31,2024-08-20,tablet,US,58.0,255
user_00536,treatment,1.0,"198,11",,mobile,USA,26.0,410
user_00928,treatment,0.0,"939,36",,desktop ,USA,48.0,-19
user_00338,treatment,1.0,85.9,,desktop,United Kingdom,29.0,164
user_00435,control,1.0,98.59,2024-09-02,mobile ,USA,52.0,586
user_04724,control,0.0,140.72,,desktop,United Kingdom,37.0,572
user_00001,control,0.0,92.15,,desktop,United Kingdom,20.0,460
user_01432,control,0.0,68.18,2024-06-08,mobile,US,42.0,157
user_01948,control,2.0,153.0,,mobile,United States,40.0,228
user_03561,control,1.0,41.63,,desktop,United States,20.0,310
user_00729,control,0.0,180.54,,desktop,United States,22.0,447
user_06552,control,1.0,116.96,2024-07-25,mobile,UK,37.0,340
user_05604,treatment,2.0,145.26,2024-04-06,mobile,USA,42.0,447
user_05818,control,1.0,42.22,,desktop,UK,52.0,240
user_00630,control,0.0,119.52,2024-12-10,mobile,USA,23.0,62
user_07086,control,1.0,172.27,,mobile,US,42.0,483
user_01397,treatment,0.0,124.98,,iphone,India,49.0,437
user_00077,treatment,1.0,151.52,,desktop,USA,21.0,156
user_00385,treatment,0.0,152.37,2024-07-10,mobile,USA,61.0,175
user_05562,control,1.0,172.27,2024-02-13,mobile,United Kingdom,63.0,294
user_03776,treatment,0.0,58.28,,tablet,India,54.0,263
user_00673,trt,1.0,158.16,,desktop,United Kingdom,36.0,357
user_05132,treatment,1.0,118.94,2024-09-21,mobile,US,40.0,186
user_03047,control,1.0,111.49,,mobile,United States,48.0,389
user_04192,control,0.0,75.55,,tablet,USA,42.0,287
user_03708,control,1.0,152.05,2024-07-12,android,US,46.0,375
user_06315,control,1.0,49.5,,mobile,USA,40.0,106
user_00888,control,1.0,181.7,,desktop,IN,19.0,343
user_08953,control,1.0,46.13,2024-04-22,tablet,India,21.0,227
user_07953,control,1.0,83.46,,desktop,USA,34.0,-61
user_08029,treatment,0.0,105.14,2024-12-31,tablet,US,57.0,315
user_01683,treatment,1.0,100.46,,mobile,US,27.0,229
user_01694,treatment,1.0,82.15,,mobile,United States,24.0,235
user_02577,control,1.0,148.57,,android,UK,34.0,104
user_00593,treatment,1.0,69.08,2024-05-08,mobile,IN,48.0,200
user_06605,control,0.0,56.09,,mobile,India,42.0,265
user_04139,treatment,1.0,122.9,,tablet,US,41.0,-61
user_07326,control,0.0,63.61,2024-08-01,mobile,UK,54.0,214
user_03072,control,1.0,60.1,,mobile,IN,56.0,0
user_04741,control,0.0,"804,21",,mobile,US,21.0,237
user_04627,control,1.0,31.64,,desktop,United States,42.0,496
user_00021,treatment,2.0,15.8,,desktop,USA,54.0,289
user_04468,control,0.0,93.69,,desktop,UK,47.0,85
user_01488,trt,1.0,95.27,,mobile,India,18.0,499
user_04936,treatment,1.0,165.62,2024-05-23,desktop,USA,21.0,576
user_01744,control,0.0,19.26,,android,United States,59.0,135
user_05802,control,0.0,113.31,2024-09-17,desktop,US,29.0,-74
user_06724,trt,1.0,172.27,2024-10-18,tablet,United States,43.0,214
user_03599,control,0.0,20.53,2024-10-27,mobile,UK,47.0,188
user_05509,control,0.0,132.66,,desktop,US,36.0,272
user_04947,treatment,0.0,190.28,,mobile,IN,64.0,100
user_07042,control,1.0,25.61,2024-07-19,mobile,United Kingdom,54.0,406
user_02068,control,1.0,163.63,2024-12-30,tablet,United States,50.0,0
user_02607,treatment,1.0,112.31,,tablet,US,42.0,137
user_05819,control,0.0,22.15,,tablet,USA,24.0,117
user_08629,treatment,0.0,156.86,2024-11-10,android,United Kingdom,39.0,357
user_03064,treatment,0.0,82.77,,mobile,USA,62.0,326
user_04325,trt,0.0,74.73,2024-11-03,desktop,India,42.0,256
user_07181,treatment,0.0,87.89,,tablet,US,58.0,49
user_08111,control,1.0,103.63,2024-04-29,mobile,UK,27.0,0
user_05495,control,2.0,177.02,,mobile,UK,36.0,408
user_06453,treatment,1.0,105.38,2024-06-30,mobile ,India,48.0,532
user_03152,control,1.0,146.78,,mobile,US,21.0,217
user_08012,treatment,1.0,58.29,,mobile,IN,42.0,48
user_08137,control,1.0,136.72,2024-02-15,desktop,United Kingdom,50.0,478
user_02219,treatment,0.0,95.17,,desktop,USA,65.0,0
user_00031,control,1.0,173.61,,mobile,USA,63.0,482
user_01709,treatment,0.0,27.45,,desktop,India,59.0,539
user_00210,control,1.0,36179.83,2024-09-07,desktop,United Kingdom,30.0,388
user_02914,treatment,0.0,24.11,2024-09-15,desktop,USA,32.0,514
user_08871,treatment,1.0,$65.97,,mobile,India,44.0,192
user_08018,control,1.0,194.95,2024-01-08,desktop,US,61.0,314
user_05933,control,1.0,-26.11,,desktop,US,41.0,407
user_00038,control,1.0,179.53,,desktop,United States,53.0,100
user_00789,treatment,0.0,94.41,,android,India,57.0,288
user_00896,treatment,1.0,72.39,,mobile,United Kingdom,31.0,365
user_00967,treatment,0.0,157.21,,desktop,US,31.0,548
user_00457,test,0.0,172.27,,mobile,US,25.0,80
user_08996,treatment,1.0,33.45,,desktop,USA,51.0,0
user_07469,treatment,1.0,95.87,,mobile,US,19.0,51
user_00203,treatment,0.0,183.78,,iphone,United Kingdom,63.0,504
user_00289,control,0.0,"558,38",,desktop,US,61.0,112
user_01787,treatment,1.0,129.15,2024-07-14,tablet,US,56.0,182
user_06522,trt,2.0,177.86,,desktop,United Kingdom,59.0,235
user_02131,treatment,0.0,$139.27,2024-08-12,desktop,USA,47.0,514
user_05075,treatment,0.0,"968,15",2024-12-10,mobile,USA,63.0,0
user_07238,treatment,0.0,111.0,2024-11-06,tablet,India,40.0,284
user_01837,trt,0.0,108.59,,tablet,IN,49.0,-45
user_04690,control,1.0,167.6,,desktop,IN,27.0,0
user_03190,treatment,1.0,82.45,,mobile,US,35.0,-80
user_04875,trt,0.0,156.53,,desktop,United Kingdom,25.0,105
user_06589,control,0.0,134.08,2024-04-30,desktop,UK,50.0,201
user_08886,control,1.0,16.58,,tablet,US,37.0,162
user_08315,treatment,0.0,14.24,,tablet,USA,22.0,255
user_01059,control,0.0,36.05,2024-04-24,desktop,India,27.0,450
user_00301,treatment,1.0,138.7,,tablet,USA,30.0,81
user_08893,treatment,2.0,70.3,,desktop,UK,42.0,0
user_08969,control,1.0,174.4,,mobile,IN,19.0,188
user_05534,control,1.0,108.93,,mobile,United Kingdom,50.0,192
user_00700,treatment,1.0,172.27,,desktop,USA,55.0,275
user_01980,control,1.0,30.75,2024-04-18,desktop,United Kingdom,22.0,75
user_07728,control,0.0,19.43,,desktop,UK,42.0,113
user_02013,control,0.0,161.67,2024-07-18,desktop,IN,62.0,480
user_00188,test,0.0,114.55,,iphone,USA,50.0,58
user_05031,treatment,1.0,20.02,2024-09-17,desktop,United States,25.0,499
user_02646,treatment,1.0,133.14,,tablet,US,65.0,550
user_02170,control,1.0,24990.72,,tablet,United Kingdom,52.0,496
user_06330,treatment,1.0,65.14,,mobile,USA,32.0,-62
user_01859,control,1.0,127.25,,desktop,United Kingdom,54.0,367
user_08928,treatment,0.0,198.23,2024-10-29,desktop,US,19.0,558
user_05061,control,0.0,126.82,2024-05-22,mobile,United Kingdom,57.0,248
user_00501,treatment,0.0,79.88,2024-09-06,tablet,UK,48.0,381
user_08740,control,0.0,103.31,2024-12-06,mobile,USA,51.0,336
user_06593,control,1.0,106.64,,mobile,US,36.0,377
user_05004,treatment,0.0,172.27,,desktop,US,18.0,-15
user_02193,control,0.0,40.41,,tablet,US,47.0,74
user_03652,treatment,0.0,"559,70",,android,USA,54.0,149
user_06354,control,2.0,$172.46,2024-07-31,desktop,United States,46.0,0
user_05118,control,1.0,$15.28,,desktop,UK,26.0,221
user_00699,trt,0.0,190.14,2024-11-04,mobile ,US,42.0,517
user_03392,trt,1.0,93.17,2024-02-27,mobile,UK,49.0,0
user_05089,treatment,1.0,-74.69,2024-08-06,mobile,United States,56.0,223
user_00597,control,0.0,108.67,,desktop,United States,52.0,-35
user_00070,control,2.0,85.43,,tablet,United States,49.0,471
user_08079,control,1.0,175.87,2024-09-11,tablet,IN,27.0,95
user_02202,control,1.0,95.1,,mobile,UK,61.0,240
user_00837,treatment,1.0,172.27,,tablet,IN,46.0,96
user_00146,treatment,1.0,18.24,2024-10-18,mobile,India,59.0,352
user_00965,control,1.0,"974,25",,desktop,United Kingdom,58.0,599
user_02238,control,0.0,121.93,,iphone,India,29.0,178
user_02190,control,1.0,63.83,,desktop,India,60.0,107
user_01243,control,1.0,137.43,,tablet,India,51.0,132
user_06444,control,1.0,159.92,,desktop,USA,29.0,391
user_02487,control,0.0,$40.27,,mobile,IN,21.0,470
user_01327,control,0.0,158.77,,desktop,US,58.0,414
user_04397,treatment,2.0,87.66,,mobile,USA,43.0,390
user_06406,treatment,1.0,123.32,2024-11-26,desktop,India,44.0,-84
user_06858,treatment,0.0,13.17,,mobile,IN,27.0,594
user_02201,control,1.0,189.23,,mobile,IN,47.0,571
user_00760,treatment,1.0,57.69,,mobile,IN,58.0,0
user_05194,treatment,0.0,58.04,,tablet,United States,41.0,-51
user_06075,treatment,0.0,43.73,,desktop,USA,22.0,249
user_01250,treatment,0.0,12.57,2024-07-28,mobile,UK,61.0,419
user_04419,control,1.0,168.83,,iphone,USA,23.0,321
user_05714,treatment,0.0,197.53,,desktop,US,18.0,0
user_00076,treatment,0.0,197.52,2024-05-30,mobile,United States,48.0,75
user_01915,treatment,1.0,14.05,2024-02-08,android,United Kingdom,35.0,249
user_00740,treatment,1.0,$99.48,,mobile,USA,26.0,324
user_08301,test,1.0,140.75,,mobile,UK,63.0,468
user_03405,control,0.0,101.65,,desktop,US,45.0,89
user_00979,treatment,1.0,20.29,2024-02-28,desktop,United States,30.0,0
user_02297,treatment,1.0,102.43,2024-09-25,mobile,India,20.0,222
user_07977,control,1.0,132.21,,tablet,US,42.0,254
user_01598,control,1.0,144.06,,desktop,India,31.0,482
user_02643,treatment,0.0,79.81,,mobile,India,62.0,-25
user_02256,control,1.0,162.42,,tablet,IN,42.0,166
user_02154,treatment,1.0,172.27,,desktop,USA,55.0,496
user_01797,control,0.0,$198.81,,mobile,United States,44.0,581
user_07038,control,1.0,133.58,,desktop,United Kingdom,23.0,370
user_07480,treatment,0.0,178.11,,desktop,India,46.0,275
user_06096,treatment,2.0,85.88,2024-11-02,mobile,United Kingdom,24.0,-100
user_03656,treatment,1.0,172.27,,iphone,UK,42.0,274
user_06119,treatment,1.0,149.5,,desktop,USA,23.0,0
user_07696,control,1.0,29.82,,mobile,IN,20.0,-82
user_04515,treatment,1.0,92.69,,desktop,US,33.0,0
user_05008,treatment,1.0,38.3,2024-12-10,iphone,US,27.0,76
user_03383,treatment,0.0,110.39,,desktop,India,50.0,0
user_00102,control,1.0,34.98,,mobile ,UK,51.0,260
user_02481,treatment,0.0,119.14,2024-03-08,android,US,45.0,258
user_05245,control,0.0,54.81,,desktop,US,47.0,342
user_02743,treatment,1.0,36.11,,iphone,IN,32.0,519
user_03825,treatment,1.0,123.95,,desktop,US,30.0,316
user_05456,treatment,1.0,86.53,,tablet,US,55.0,418
user_00092,control,1.0,150.48,2024-09-10,tablet,India,31.0,384
user_07783,treatment,2.0,129.65,,iphone,UK,43.0,495
user_07880,control,1.0,38.19,,mobile,IN,41.0,248
user_01341,treatment,1.0,62.5,,mobile,US,21.0,466
user_05365,control,1.0,172.27,,mobile ,US,48.0,538
user_00637,control,0.0,162.07,2024-09-12,desktop,US,33.0,0
user_08217,treatment,1.0,182.67,,mobile,United Kingdom,64.0,323
user_04079,treatment,1.0,172.27,,desktop,USA,57.0,371
user_01743,treatment,1.0,173.78,,mobile,US,36.0,270
user_08909,control,0.0,105.91,,mobile,USA,53.0,519
user_08065,control,1.0,20.2,2024-06-25,desktop,US,32.0,196
user_06069,trt,0.0,17.77,,mobile,UK,26.0,382
user_08282,treatment,1.0,"118,88",,desktop,United Kingdom,35.0,137
user_08472,treatment,1.0,145.34,2024-09-16,mobile,US,21.0,367
user_00369,trt,1.0,172.27,,desktop,India,58.0,-43
user_05331,control,1.0,26.22,,iphone,United Kingdom,39.0,0
user_06152,treatment,1.0,$94.06,,mobile,IN,33.0,36
user_01492,control,1.0,78.9,,mobile,India,57.0,446
user_05112,treatment,1.0,-85.79,,mobile,India,56.0,407
user_00112,treatment,1.0,172.27,,desktop,USA,61.0,244
user_05715,treatment,1.0,127.43,,tablet,US,54.0,500
user_04461,treatment,1.0,19.33,2024-01-06,mobile,IN,45.0,216
user_01434,control,0.0,73.74,,desktop ,UK,18.0,543
user_00747,control,1.0,133.58,,mobile,US,42.0,592
user_08477,treatment,1.0,34919.46,,mobile,USA,46.0,199
user_03051,control,0.0,61.89,,desktop,IN,18.0,199
user_04767,test,0.0,172.27,,tablet,US,40.0,0
user_00156,control,1.0,41.67,2024-06-30,mobile,USA,19.0,498
user_03545,treatment,1.0,131.07,,desktop,UK,24.0,141
user_06088,treatment,1.0,117.44,,android,USA,42.0,415
user_03352,control,1.0,164.15,,mobile,UK,65.0,54
user_01141,treatment,0.0,92.41,,desktop,US,56.0,235
user_05892,treatment,1.0,113.78,,tablet,USA,60.0,587
user_04018,treatment,1.0,64.62,2024-09-12,mobile,IN,31.0,155
user_00683,control,0.0,111.09,,iphone,US,60.0,0
user_00964,control,0.0,68.03,,tablet,India,62.0,218
user_00500,control,1.0,174.76,2024-04-08,tablet,USA,38.0,446
user_06135,control,1.0,140.18,,android,UK,52.0,117
user_05672,control,0.0,62.57,2024-11-17,tablet,US,51.0,440
user_04091,control,0.0,60.38,,mobile,United Kingdom,26.0,522
user_00131,control,1.0,146.14,2024-09-19,mobile,US,45.0,265
user_01055,treatment,1.0,184.27,,tablet,IN,34.0,294
user_02675,control,1.0,42.38,,tablet,US,48.0,251
user_00965,control,0.0,21.69,2024-01-30,mobile,US,23.0,32
user_00362,control,0.0,167.81,,android,USA,49.0,359
user_00307,trt,0.0,$101.26,,desktop,US,37.0,574
user_00466,control,0.0,183.12,2024-08-12,mobile,UK,50.0,402
user_07820,control,1.0,53.71,2024-06-25,desktop,India,27.0,176
user_06669,treatment,2.0,65.4,,android,USA,36.0,194
user_05797,trt,0.0,97.49,2024-12-18,tablet,India,45.0,232
user_02342,control,0.0,17.32,,android,UK,32.0,449
user_06037,treatment,0.0,123.8,,android,USA,30.0,198
user_02098,control,0.0,154.87,2024-12-28,desktop,India,47.0,567
user_00039,control,1.0,45.41,2024-10-01,desktop,IN,30.0,44
user_03048,treatment,1.0,157.25,,desktop,USA,34.0,408
user_00046,control,2.0,138.69,2024-09-13,tablet,United States,22.0,393
user_04482,treatment,2.0,134.75,,desktop,IN,62.0,551
user_00902,treatment,1.0,123.73,2024-06-24,desktop,United States,65.0,480
user_03867,control,0.0,145.19,,desktop,US,61.0,582
user_01248,treatment,1.0,173.75,2024-03-22,iphone,India,30.0,244
user_08179,treatment,2.0,$94.19,,tablet,US,49.0,0
user_04771,control,1.0,78.74,,desktop,USA,41.0,30
user_00434,control,2.0,175.51,2024-08-13,iphone,US,43.0,239
user_00971,treatment,0.0,26.14,,tablet,UK,23.0,600
user_00575,control,1.0,71.4,2024-05-25,mobile,India,48.0,55
user_02886,control,1.0,72.11,,mobile,USA,33.0,230
user_02572,trt,1.0,45.67,2024-08-09,desktop,US,24.0,-46
user_04230,control,1.0,26.75,2024-05-17,desktop,US,61.0,274
user_04890,control,0.0,149.54,2024-08-31,desktop,United Kingdom,42.0,176
user_08827,control,1.0,88.53,,desktop,US,29.0,247
user_01916,treatment,1.0,115.78,,mobile,India,57.0,184
user_02628,control,1.0,121.94,2024-04-12,iphone,United Kingdom,21.0,540
user_02288,trt,0.0,45.63,,tablet,IN,48.0,214
user_04542,control,1.0,-34.97,,desktop,US,18.0,479
user_01800,treatment,1.0,13.8,,desktop,USA,50.0,40
user_04157,control,1.0,21.34,,mobile,US,55.0,345
user_04443,control,1.0,121.66,,desktop,United States,53.0,-30
user_03389,control,0.0,35.69,2024-09-14,mobile,United Kingdom,18.0,349
user_02766,control,0.0,93.46,2024-09-13,mobile,United Kingdom,33.0,435
user_08771,control,1.0,124.79,,mobile,US,21.0,51
user_07153,control,2.0,172.27,,desktop,IN,18.0,474
user_00890,test,0.0,-11.56,,desktop,US,18.0,254
user_02028,treatment,1.0,14.14,,desktop,United States,54.0,-12
user_04709,treatment,1.0,91.14,,mobile,India,30.0,327
user_07768,treatment,2.0,187.79,,desktop,USA,43.0,594
user_06147,treatment,0.0,69.66,,mobile,United Kingdom,42.0,0
user_00802,control,1.0,172.27,,iphone,USA,31.0,86
user_04870,treatment,1.0,-71.84,,desktop,India,34.0,559
user_00373,trt,1.0,50.25,,tablet,USA,55.0,153
user_08246,treatment,1.0,166.67,,desktop,US,39.0,456
user_07161,control,1.0,22.8,,desktop,USA,62.0,44
user_02173,control,1.0,$125.4,,mobile,United Kingdom,26.0,254
user_01583,treatment,0.0,151.05,2024-12-31,mobile,IN,48.0,459
user_01659,control,0.0,96.25,,mobile,US,54.0,136
user_04803,control,0.0,104.84,,mobile,UK,30.0,319
user_00299,control,1.0,188.23,2024-10-23,android,USA,60.0,-32
user_01494,treatment,0.0,-58.93,,mobile,India,31.0,468
user_05628,control,0.0,"818,50",,mobile,USA,29.0,248
user_08713,treatment,1.0,157.17,,mobile,USA,43.0,389
user_07709,control,1.0,48.88,,desktop,USA,59.0,432
user_05589,control,0.0,-37.18,2024-04-29,desktop,USA,7.0,482
user_06178,treatment,1.0,158.13,,desktop,USA,41.0,485
user_04299,treatment,0.0,95.38,2024-06-20,iphone,US,52.0,0
user_01976,treatment,0.0,$46.21,,tablet,US,43.0,385
user_08239,control,1.0,119.56,,iphone,India,26.0,46
user_03648,control,0.0,176.52,2024-06-12,mobile,United States,32.0,38
user_06911,control,1.0,33.98,,tablet,United States,61.0,492
user_03998,control,2.0,157.12,,mobile,United Kingdom,42.0,-80
user_04148,control,1.0,154.8,,desktop,US,57.0,421
user_07731,treatment,1.0,159.85,,tablet,US,26.0,520
user_04610,treatment,1.0,172.27,,mobile,IN,42.0,275
user_01354,trt,1.0,20.37,,mobile,United Kingdom,37.0,438
user_07027,treatment,1.0,14.4,,desktop,US,46.0,0
user_06201,treatment,0.0,139.13,,android,UK,51.0,534
user_07164,treatment,1.0,78.0,,mobile,US,53.0,293
user_02863,treatment,1.0,172.27,2024-08-31,mobile,USA,18.0,163
user_08731,treatment,1.0,25.06,,tablet,India,62.0,546
user_05111,control,0.0,65.89,2024-03-01,tablet,UK,26.0,0
user_04260,treatment,1.0,172.27,,desktop,USA,31.0,330
user_00460,treatment,1.0,$104.59,,desktop,United States,25.0,0
user_05442,control,0.0,-71.5,,desktop,India,41.0,488
user_07741,control,0.0,50.62,,iphone,UK,31.0,0
user_01524,treatment,1.0,70.78,2024-02-15,mobile,IN,57.0,352
user_07240,trt,2.0,127.45,2024-03-23,desktop,US,47.0,455
user_02664,control,1.0,177.93,,mobile,UK,62.0,113
user_06704,trt,0.0,167.8,,mobile,US,55.0,-89
user_05742,treatment,1.0,177.97,,desktop,US,62.0,239
user_00945,control,1.0,182.62,,tablet,USA,50.0,379
user_03726,treatment,0.0,184.58,2024-02-20,desktop,United Kingdom,34.0,541
user_07829,control,0.0,175.36,,desktop,United States,29.0,0
user_00282,treatment,1.0,65.14,,iphone,IN,62.0,517
user_00484,treatment,1.0,101.71,,desktop,United Kingdom,65.0,452
user_00842,treatment,0.0,25.07,,android,India,30.0,234
user_00801,control,0.0,149.81,,desktop,United States,55.0,573
user_06703,treatment,1.0,108.46,2024-04-26,desktop,US,52.0,35
user_05731,treatment,0.0,142.95,,tablet,US,46.0,381
user_00310,control,0.0,25.98,,desktop,IN,57.0,453
user_05498,control,0.0,36.54,,desktop,IN,34.0,268
user_07026,control,1.0,113.96,,iphone,USA,48.0,389
user_08620,control,0.0,86.41,2024-05-27,mobile,United Kingdom,42.0,552
user_00561,control,1.0,"555,58",,mobile,US,55.0,204
user_00278,control,1.0,120.3,,mobile,United States,59.0,446
user_08643,control,2.0,111.85,,desktop,US,60.0,249
user_02448,control,1.0,44.38,2024-06-29,desktop,US,27.0,207
user_00548,treatment,1.0,$166.72,,tablet,US,52.0,0
user_06258,treatment,1.0,117.6,2024-12-19,mobile,India,36.0,402
user_07202,treatment,0.0,149.15,,desktop,IN,45.0,130
user_01971,treatment,0.0,119.13,,desktop,USA,43.0,210
user_00351,control,1.0,188.72,,mobile,United Kingdom,64.0,144
user_03977,trt,1.0,64.0,,desktop,US,24.0,104
user_05890,control,1.0,77.3,,mobile,United Kingdom,58.0,221
user_03430,control,1.0,26400.02,,desktop,USA,46.0,336
user_06558,treatment,1.0,144.66,2024-08-28,mobile,USA,56.0,251
user_04841,treatment,1.0,-21.03,2024-03-27,mobile,US,62.0,141
user_05054,treatment,1.0,38.59,,tablet,USA,42.0,527
user_00684,treatment,1.0,"331,86",2024-05-20,desktop,IN,44.0,108
user_00496,treatment,0.0,192.54,2024-11-26,mobile,US,23.0,0
user_02081,treatment,0.0,28.87,,mobile,US,63.0,221
user_02731,treatment,0.0,101.8,,mobile,United States,26.0,372
user_07105,treatment,0.0,"129,73",,tablet,UK,32.0,284
user_06312,treatment,1.0,61.81,2024-01-19,mobile,United States,25.0,-56
user_00765,treatment,0.0,166.35,,mobile,USA,21.0,441
user_00987,treatment,1.0,79.35,,desktop,IN,51.0,507
user_02294,control,1.0,98.27,,desktop ,US,62.0,0
user_01713,treatment,1.0,"549,20",,mobile,US,46.0,553
user_02813,control,0.0,109.74,,desktop,United Kingdom,42.0,260
user_06454,control,2.0,182.95,,desktop,US,41.0,573
user_06883,control,1.0,160.93,,mobile,US,47.0,243
user_00511,test,1.0,106.69,,tablet,US,39.0,565
user_00228,treatment,0.0,141.66,,desktop,US,32.0,0
user_05930,control,1.0,172.39,,mobile,India,30.0,0
user_00821,treatment,1.0,77.72,2024-01-09,desktop ,IN,29.0,252
user_03318,trt,0.0,117.07,,desktop,UK,31.0,352
user_02108,control,0.0,172.27,,desktop,US,47.0,484
user_00752,treatment,1.0,172.27,2024-11-09,desktop,India,52.0,-21
user_06891,control,0.0,38.98,,tablet,UK,18.0,484
user_08327,test,0.0,163.47,,android,United Kingdom,39.0,324
user_08119,trt,2.0,168.93,,desktop ,US,36.0,70
user_07917,treatment,1.0,70.65,,desktop,United Kingdom,31.0,-100
user_02333,trt,1.0,166.37,,mobile,United States,65.0,229
user_02739,control,1.0,19.72,2024-04-26,mobile,USA,58.0,242
user_06080,treatment,1.0,49.35,,tablet,USA,59.0,376
user_05556,treatment,0.0,39349.23,,tablet,United States,42.0,473
user_05337,treatment,1.0,124.3,,mobile,USA,36.0,-35
user_04458,treatment,0.0,10.84,,desktop,United Kingdom,51.0,315
user_02330,trt,1.0,172.27,2024-01-06,tablet,USA,25.0,277
user_02793,control,0.0,179.04,,tablet,United States,27.0,52
user_07277,control,0.0,25.56,,desktop,United States,18.0,597
user_05370,treatment,2.0,-77.84,,desktop,UK,56.0,453
user_03151,treatment,1.0,172.27,,desktop,US,48.0,242
user_06100,control,0.0,-44.55,2024-12-21,mobile,India,23.0,139
user_02562,control,0.0,82.77,2024-08-13,mobile,USA,26.0,403
user_02744,control,2.0,109.67,,desktop,United States,23.0,331
user_01918,control,1.0,131.33,,tablet,USA,32.0,457
user_05669,control,0.0,156.59,,mobile,UK,55.0,396
user_00957,control,1.0,37.61,2024-09-16,tablet,United Kingdom,35.0,593
user_02088,treatment,1.0,102.91,2024-12-04,tablet,US,27.0,63
user_03370,treatment,1.0,$117.21,,desktop,USA,50.0,352
user_02259,control,0.0,78.8,,desktop,USA,20.0,68
user_06324,treatment,0.0,172.27,,desktop,United Kingdom,43.0,311
user_04655,control,0.0,175.42,2024-07-12,desktop,USA,35.0,316
user_04379,treatment,1.0,69.12,,desktop,India,51.0,149
user_06644,control,0.0,27.73,,tablet,India,38.0,178
user_02772,treatment,1.0,26.24,,desktop,United States,58.0,330
user_00036,treatment,0.0,61.59,,tablet,IN,54.0,595
user_07055,treatment,1.0,189.65,,mobile,United Kingdom,32.0,360
user_04961,control,1.0,162.73,,android,US,59.0,321
user_00901,treatment,0.0,172.27,,desktop,UK,56.0,-76
user_02057,trt,0.0,116.45,,tablet,USA,42.0,218
user_06113,control,1.0,137.43,,desktop,United States,36.0,0
user_03170,control,1.0,10.37,2024-05-19,desktop,USA,51.0,498
user_08401,treatment,0.0,66.19,,android,USA,62.0,0
user_01969,control,0.0,147.7,,mobile,USA,65.0,0
user_01834,control,1.0,-48.7,,tablet,United Kingdom,36.0,292
user_00125,control,0.0,114.13,,mobile,United States,49.0,489
user_06067,control,0.0,55.14,,desktop,UK,39.0,262
user_05199,control,0.0,172.27,2024-03-11,desktop,US,11.0,359
user_00165,treatment,0.0,75.96,,mobile,US,42.0,-82
user_00729,treatment,1.0,173.49,,mobile,IN,46.0,0
user_07512,trt,2.0,129.5,,tablet,US,60.0,73
user_04523,control,1.0,164.17,,mobile,USA,34.0,550
user_01814,control,0.0,172.27,,tablet,United States,35.0,-26
user_00572,control,1.0,127.21,,mobile,US,47.0,260
user_03795,control,1.0,95.28,,tablet,United States,26.0,492
user_00663,treatment,1.0,172.27,,tablet,UK,19.0,248
user_06978,control,1.0,157.06,,tablet,United States,18.0,505
user_08645,control,1.0,116.77,,tablet,India,64.0,-61
user_00356,treatment,0.0,82.3,,desktop,US,25.0,326
user_07705,treatment,1.0,-32.41,2024-01-12,desktop,USA,61.0,502
user_07371,treatment,0.0,148.66,,mobile,USA,29.0,46
user_06573,treatment,1.0,55.45,,desktop,India,42.0,329
user_02873,control,0.0,114.01,,mobile,USA,35.0,595
user_00902,treatment,1.0,118.4,,mobile,IN,40.0,507
user_05707,treatment,0.0,141.15,,tablet,US,24.0,180
user_05903,treatment,0.0,117.9,,desktop,USA,42.0,429
user_06999,treatment,0.0,179.77,,mobile,United Kingdom,37.0,117
user_00857,test,1.0,94.91,2024-12-29,desktop,USA,24.0,-87
user_07370,control,0.0,27.54,,desktop,US,35.0,446
user_08561,treatment,1.0,87.0,,tablet,IN,18.0,53
user_08906,trt,0.0,179.74,,desktop,USA,35.0,201
user_00942,treatment,0.0,36.51,,mobile,USA,47.0,267
user_06878,control,0.0,139.83,,desktop,US,36.0,526
user_07076,treatment,1.0,20.36,,tablet,UK,27.0,234
user_02484,control,1.0,33.18,,desktop,US,48.0,38
user_00771,control,0.0,180.21,,mobile,IN,22.0,242
user_00329,control,1.0,102.41,,desktop,USA,54.0,366
user_00063,treatment,0.0,192.86,2024-01-17,tablet,US,64.0,52
user_00058,treatment,1.0,-28.06,,mobile,US,28.0,422
user_00182,control,1.0,150.45,2024-02-08,tablet ,USA,37.0,244
user_07761,control,1.0,-28.7,,tablet,USA,19.0,403
user_03916,control,1.0,"507,40",,desktop,US,31.0,467
user_05853,treatment,0.0,37.56,,iphone,US,52.0,246
user_04109,test,0.0,26.94,,mobile ,USA,64.0,248
user_08986,treatment,0.0,60.25,2024-06-28,tablet,India,46.0,151
user_00697,control,1.0,30.07,,desktop,India,38.0,146
user_00043,treatment,0.0,77.66,2024-02-05,desktop,United States,20.0,557
user_00462,treatment,1.0,172.27,,tablet,UK,42.0,150
user_03866,treatment,2.0,101.96,,desktop,US,58.0,307
user_08704,control,1.0,44.69,2024-10-10,mobile,United Kingdom,34.0,315
user_07002,control,0.0,137.33,,desktop,USA,41.0,297
user_04104,treatment,1.0,67.54,2024-02-20,tablet,US,60.0,147
user_04533,treatment,1.0,172.27,,tablet,IN,42.0,36
user_05857,treatment,1.0,199.21,2024-03-05,desktop,USA,54.0,565
user_03007,control,1.0,120.71,,mobile,United Kingdom,21.0,524
user_08511,treatment,1.0,22.75,,tablet ,IN,45.0,41
user_00244,treatment,0.0,172.27,,mobile,United States,48.0,434
user_05315,control,1.0,$171.49,,mobile,US,63.0,451
user_07999,control,1.0,19.58,,desktop,USA,65.0,572
user_08040,treatment,1.0,162.5,,desktop,US,56.0,-69
user_06750,control,1.0,68.64,2024-01-05,iphone,US,54.0,438
user_00727,control,1.0,132.62,2024-06-20,mobile,UK,25.0,-30
user_06345,control,1.0,172.27,,mobile,USA,59.0,381
user_01149,control,1.0,174.6,2024-08-05,mobile,US,39.0,-59
user_07770,control,0.0,61.74,,iphone,UK,18.0,102
user_01566,treatment,1.0,19.1,2024-11-27,mobile,India,56.0,41
user_05679,treatment,0.0,185.06,,desktop,UK,39.0,437
user_04611,treatment,1.0,-15.03,,desktop,UK,65.0,245
user_08947,control,0.0,112.83,,mobile,US,63.0,374
user_00474,treatment,0.0,42.91,,mobile,India,35.0,0
user_03409,control,0.0,172.27,2024-02-10,mobile,US,19.0,341
user_01189,control,1.0,149.04,2024-01-11,mobile,United Kingdom,42.0,581
user_02309,control,1.0,$95.69,,tablet,USA,55.0,497
user_01933,control,1.0,76.62,,tablet,US,34.0,-22
user_07569,control,0.0,149.61,2024-01-25,desktop,US,43.0,123
user_00499,control,1.0,181.41,2024-11-02,iphone,United Kingdom,62.0,297
user_05077,treatment,1.0,-38.72,,mobile,United States,55.0,351
user_07876,treatment,0.0,127.03,,android,United Kingdom,26.0,323
user_01962,treatment,0.0,190.31,2024-05-19,tablet,US,25.0,163
user_00762,treatment,1.0,150.17,,tablet,IN,42.0,166
user_01732,treatment,0.0,89.42,2024-02-14,iphone,USA,31.0,545
user_01817,treatment,1.0,75.62,,mobile,UK,62.0,372
user_00193,control,0.0,73.81,,desktop,IN,40.0,176
user_05905,control,1.0,27.21,,tablet,USA,32.0,223
user_04486,control,2.0,172.27,2024-07-21,desktop,USA,48.0,230
user_02469,treatment,1.0,172.27,,tablet,US,31.0,546
user_03156,treatment,0.0,90.32,,mobile,US,54.0,585
user_04121,control,1.0,"358,89",,mobile,US,62.0,137
user_00299,control,1.0,160.49,,mobile,US,44.0,0
user_04698,control,1.0,68.31,2024-12-06,tablet,India,52.0,392
user_00943,treatment,1.0,189.9,,mobile,United Kingdom,61.0,50
user_03925,control,0.0,68.15,2024-10-29,desktop,US,42.0,-68
user_04242,control,1.0,$100.66,,mobile,US,62.0,52
user_01908,test,1.0,188.87,,mobile,United Kingdom,40.0,289
user_04161,control,0.0,92.76,,iphone,USA,63.0,398
user_07778,control,0.0,132.65,2024-10-28,mobile,USA,38.0,288
user_00949,control,1.0,59.61,,tablet,US,35.0,302
user_06934,control,1.0,36.65,2024-08-22,desktop,India,65.0,268
user_08834,test,0.0,-95.34,2024-05-30,android,US,38.0,136
user_05445,treatment,1.0,172.27,,mobile,UK,33.0,42
user_02716,control,1.0,115.37,,desktop,India,42.0,441
user_03590,control,1.0,178.33,,mobile,United States,51.0,298
user_06485,treatment,1.0,73.13,2024-04-19,mobile,United Kingdom,51.0,-86
user_03431,treatment,1.0,22.16,,mobile,US,42.0,56
user_00767,treatment,0.0,169.44,,desktop,USA,42.0,523
user_06184,control,0.0,155.33,,desktop,UK,52.0,488
user_01240,treatment,0.0,153.23,,mobile,United States,63.0,0
user_01271,trt,2.0,51.62,,mobile,US,24.0,105
user_00026,treatment,1.0,186.52,,mobile,IN,63.0,53
user_06824,trt,0.0,76.68,2024-06-03,desktop,United Kingdom,28.0,374
user_06188,treatment,0.0,104.36,,tablet,US,42.0,598
user_02527,control,2.0,-41.48,,mobile,United Kingdom,54.0,345
user_00193,control,0.0,97.86,,mobile,US,42.0,315
user_07180,control,0.0,189.28,,desktop,USA,59.0,500
user_08506,control,0.0,90.44,,mobile,USA,48.0,169
user_01830,treatment,0.0,115.25,,desktop,UK,27.0,436
user_01601,control,1.0,55.26,,mobile,US,42.0,393
user_00028,treatment,1.0,121.77,2024-08-07,desktop,USA,24.0,584
user_01602,treatment,0.0,172.27,,mobile,USA,53.0,215
user_08360,control,0.0,125.65,2024-05-21,iphone,US,35.0,321
user_00074,treatment,0.0,191.45,2024-03-19,mobile,USA,31.0,550
user_00188,control,0.0,105.6,2024-12-11,tablet,US,52.0,-49
user_01205,treatment,0.0,51.27,,tablet,UK,31.0,96
user_05668,control,0.0,157.8,2024-06-19,mobile,US,49.0,487
user_03539,control,1.0,"747,15",,mobile,IN,33.0,448
user_00142,treatment,0.0,20.36,,tablet,US,22.0,276
user_08252,treatment,1.0,179.18,,mobile,USA,36.0,95
user_07154,control,2.0,166.34,,desktop,US,35.0,334
user_01682,treatment,0.0,172.27,,desktop,United States,39.0,269
user_04694,treatment,1.0,28.26,,android,United Kingdom,54.0,-13
user_02250,treatment,0.0,142.63,,mobile,United Kingdom,63.0,269
user_08982,control,0.0,14.13,,tablet,India,54.0,452
user_00469,control,1.0,142.56,,tablet,IN,34.0,261
user_06293,treatment,1.0,167.78,,desktop ,United Kingdom,47.0,560
user_05124,treatment,0.0,$97.81,,desktop,USA,57.0,343
user_00410,control,1.0,171.59,,desktop,USA,18.0,513
user_02038,control,0.0,57.97,,tablet,USA,43.0,535
user_06794,control,0.0,172.27,,desktop,USA,27.0,201
user_00926,trt,0.0,-97.82,,tablet,India,33.0,391
user_03897,treatment,1.0,183.87,,tablet,USA,60.0,181
user_01038,treatment,1.0,186.3,,mobile,IN,59.0,364
user_07435,control,1.0,34.45,,android,India,24.0,392
user_00127,treatment,0.0,-64.09,,tablet,US,43.0,-67
user_03261,treatment,1.0,111.79,,mobile,US,56.0,398
user_08820,control,1.0,100.4,,desktop,US,39.0,243
user_00427,treatment,0.0,102.31,,mobile,US,42.0,204
user_00180,control,0.0,94.58,,mobile,USA,44.0,86
user_04328,treatment,0.0,134.3,2024-01-29,mobile,US,42.0,587
user_08706,treatment,1.0,71.81,,desktop,IN,24.0,530
user_00730,treatment,0.0,38.06,2024-07-29,mobile,US,54.0,487
user_07635,control,0.0,12.52,,mobile,US,65.0,301
user_05667,control,0.0,88.91,2024-06-06,iphone,India,48.0,420
user_02082,control,2.0,172.27,,iphone,USA,28.0,539
user_00945,control,0.0,-70.97,,tablet,India,26.0,464
user_00571,control,1.0,128.36,,desktop,India,32.0,185
user_07962,control,0.0,158.59,,desktop,IN,40.0,423
user_00696,treatment,0.0,154.03,2024-10-07,desktop ,US,51.0,88
user_00487,test,1.0,23.91,,mobile,USA,52.0,441
user_06343,control,0.0,37.39,2024-07-18,desktop,India,59.0,313
user_06090,control,1.0,172.27,2024-08-26,tablet,IN,23.0,486
user_08206,control,1.0,83.67,2024-05-24,desktop,USA,25.0,562
user_05458,treatment,0.0,50.96,,desktop,United States,46.0,361
user_03478,control,1.0,107.96,,desktop,United Kingdom,31.0,109
user_06662,control,1.0,151.65,,desktop,India,65.0,244
