user_id,experiment_group,conversion,revenue,date,device,country,age,session_duration,empty_column
user_07520,treatment,2.0,189.56,09/09/2024,tablet,India,64.0,585,
user_00520,treatment,1.0,101.42,10/09/2024,desktop,USA,36.0,550,
user_00179,control,1.0,131.06,26-11-2024,mobile,India,48.0,91,
user_01077,treatment,0.0,194.76,29-06-2024,desktop,India,65.0,384,
user_04274,treatment ,2.0,23.68,12/20/2024,tablet,United States,23.0,233,
user_02016,control,1.0,16.69,2024-05-07,desktop,US,62.0,164,
user_04752,control,0.0,123.97,10-11-2024,desktop,US,25.0,503,
user_01228,control,2.0,20.63,2024-12-02,desktop,United States,,0,
user_05532,control,0.0,155.45,04-04-2024,Android,US,44.0,249,
user_01498,TRT,1.0,31.96,2024-01-25,iPhone,IN,29.0,119,
user_06629,treatment ,1.0,$170.83,08-02-2024,iPhone,US,61.0,-96,
user_07254,control,0.0,131.38,2024-10-20,desktop,United Kingdom,49.0,-42,
user_06141,control,1.0,169.25,01/04/2024,tablet,IN,21.0,109,
user_07649,treatment,1.0,149.8,2024-02-01,Android,US,50.0,567,
user_08525,control,1.0,85.74,22-05-2024,mobile,USA,59.0,-66,
user_04058,Control,0.0,88.71,2024-10-24,mobile,United States,55.0,576,
user_08169,control,0.0,152.2,16-10-2024,desktop,UK,18.0,204,
user_03364,treatment,0.0,69.88,30-12-2024,mobile,UK,61.0,276,
user_08806,control,2.0,83.69,2024-10-06,mobile,United Kingdom,40.0,177,
user_05278,control,1.0,161.96,03-04-2024,desktop,USA,49.0,-21,
user_03463,control,1.0,33.11,12/30/2024,desktop,United States,60.0,428,
user_01467,treatment,1.0,69.31,18-01-2024,tablet,USA,10.0,374,
user_01027,control,1.0,112.3,01/20/2024,mobile,United States,57.0,542,
user_06248,control,0.0,,10/02/2024,mobile,USA,,0,
user_07268,TRT,0.0,128.57,01-11-2024,Android,US,58.0,108,
user_08709,treatment,1.0,17.11,05/31/2024,mobile,USA,19.0,30,
user_08153,treatment,,106.04,05/24/2024,tablet,India,39.0,348,
user_00889,treatment,1.0,,06-03-2024,tablet,USA,63.0,384,
user_00490,control,1.0,157.62,02-04-2024,Android,US,52.0,389,
user_07324,control,0.0,44.95,07/29/2024,Android,USA,25.0,-78,
user_02175,treatment ,1.0,55.34,01/04/2024,desktop,USA,22.0,136,
user_01371,control,0.0,-71.96,2024-03-31,Mobile,UK,28.0,0,
user_06742,control,,140.87,2024-11-27,tablet,USA,22.0,494,
user_02011,control,0.0,186.37,22-07-2024,tablet,US,55.0,319,
user_00010,control,0.0,84.66,10/04/2024,Mobile,United Kingdom,44.0,273,
user_03041,treatment,,133.39,02/25/2024,mobile,United States,61.0,327,
user_05321,control,1.0,17.23,01/02/2024,desktop,United States,29.0,-68,
user_05757,test,0.0,171.47,2024-01-29,Android,USA,59.0,470,
user_03835,treatment,1.0,187.3,24-07-2024,desktop,United Kingdom,21.0,339,
user_00389,control,1.0,120.26,07/07/2024,mobile,United Kingdom,46.0,492,
user_00264,Control,0.0,18502.28,10-03-2024,tablet,US,50.0,206,
user_00466,control,0.0,183.17,02/07/2024,tablet,UK,21.0,114,
user_05053,control,0.0,100.57,2024-08-03,desktop,India,46.0,591,
user_00925,control,1.0,96.21,31-12-2024,Android,UK,42.0,113,
user_08058,control,0.0,91.92,01-08-2024,desktop,United Kingdom,63.0,112,
user_00638,control,1.0,97.77,10-01-2024,Desktop,United States,19.0,501,
user_03924,control,1.0,25.88,02/18/2024,Desktop,US,50.0,0,
user_07090,treatment,1.0,109.98,02-01-2024,mobile,USA,48.0,-31,
user_00152,control,1.0,186.52,26-01-2024,tablet,US,65.0,434,
user_07498,control,0.0,199.69,23-04-2024,desktop,United States,56.0,509,
user_00672,control,1.0,169.46,12/05/2024,Android,United Kingdom,59.0,0,
user_00615,treatment,0.0,14528.96,2024-07-05,desktop,US,28.0,119,
user_00428,treatment,1.0,18.55,08/06/2024,Mobile,US,19.0,145,
user_02316,treatment,1.0,-64.88,2024-02-05,mobile,US,28.0,-66,
user_02756,control,1.0,161.42,09-10-2024,desktop,USA,34.0,0,
user_03003,control,1.0,141.2,02-01-2024,mobile,UK,26.0,198,
user_07811,treatment,0.0,194.42,28-04-2024,desktop,US,57.0,108,
user_00305,control,0.0,"902,20",2024-05-28,desktop,US,65.0,35,
user_05719,control,1.0,162.85,2024-02-02,tablet,UK,52.0,411,
user_01382,treatment,0.0,106.06,2024-02-25,desktop,USA,29.0,222,
user_05528,treatment,1.0,,01-09-2024,Desktop,United Kingdom,56.0,574,
user_05382,control,1.0,101.87,09/30/2024,tablet,India,23.0,-38,
user_00893, control,0.0,11.34,15-01-2024,tablet ,India,36.0,-69,
user_04601,control,0.0,,2024-10-28,desktop,USA,42.0,-66,
user_04279, control,0.0,187.81,2024-08-24,Mobile ,US,30.0,184,
user_03721,control,,77.05,11/18/2024,tablet,US,53.0,126,
user_00134,treatment,0.0,166.85,28-05-2024,Mobile,IN,,265,
user_07185,treatment,,23.63,02/24/2024,Desktop,United Kingdom,32.0,282,
user_00280,treatment,2.0,192.83,08-07-2024,iPhone,United States,29.0,427,
user_05009,treatment,1.0,30.11,20-09-2024,mobile,US,44.0,380,
user_05161,TRT,1.0,,2024-05-31,Desktop,US,42.0,102,
user_03933,control,0.0,31982.98,2024-12-27,mobile,UK,32.0,465,
user_06361,control,1.0,92.46,16-05-2024,Mobile,US,29.0,176,
user_04082,treatment,1.0,-17.75,01/12/2024,Mobile,United Kingdom,53.0,55,
user_00266,control,0.0,190.53,2024-01-31,desktop,India,41.0,179,
user_07248,treatment,,136.22,11/16/2024,iPhone,United Kingdom,51.0,-57,
user_08901,treatment,0.0,131.71,10/26/2024,desktop,USA,28.0,182,
user_05705,test,0.0,137.93,08/12/2024,tablet,India,60.0,493,
user_03160,control,0.0,12.26,2024-10-10,Android,US,61.0,595,
user_02874,treatment,0.0,105.54,11/08/2024,tablet,United Kingdom,52.0,75,
user_05540,treatment,,198.65,03/13/2024,desktop,USA,59.0,552,
user_07366,treatment,1.0,16.87,07-10-2024,desktop,US,23.0,-33,
user_04939,treatment,,68.62,2024-06-07,desktop,USA,53.0,76,
user_00892,treatment,1.0,47.86,26-07-2024,tablet,USA,43.0,179,
user_07260,treatment,0.0,48.79,21-04-2024,tablet,US,37.0,78,
user_07036, control,,"584,62",2024-12-22,mobile ,USA,30.0,0,
user_01465, control,1.0,58.32,18-07-2024,mobile ,US,64.0,406,
user_03186,treatment,0.0,60.82,2024-07-02,desktop,US,42.0,581,
user_04904,treatment,1.0,157.19,2024-05-14,Android,US,21.0,43,
user_08048,control,1.0,105.08,05/30/2024,Android,United States,,574,
user_03005,treatment,1.0,142.3,2024-05-19,tablet,United Kingdom,30.0,69,
user_07148,control,0.0,177.34,2024-04-21,tablet,US,24.0,516,
user_00211,control,2.0,98.64,2024-10-13,desktop,United States,37.0,-84,
user_04438,control,1.0,193.94,2024-05-17,Android,UK,38.0,0,
user_01291,treatment,1.0,162.92,28-11-2024,tablet,United States,50.0,0,
user_02489,treatment ,1.0,,2024-11-17,tablet,IN,49.0,191,
user_02996,control,1.0,106.23,2024-08-10,mobile,USA,55.0,230,
user_04641,treatment ,1.0,69.58,30-12-2024,desktop,India,47.0,80,
user_08039,control,,98.08,2024-10-18,desktop,United Kingdom,46.0,0,
user_05209,control,1.0,143.86,07/26/2024,mobile,US,52.0,213,
user_08331,control,1.0,,10-07-2024,Desktop,US,26.0,190,
user_00987,control,1.0,45.79,2024-01-18,desktop,India,10.0,63,
user_04367,treatment,0.0,157.23,2024-12-23,iPhone,USA,53.0,120,
user_04164,control,2.0,94.28,09-09-2024,iPhone,IN,46.0,90,
user_06279,treatment,1.0,,2024-01-28,Mobile,USA,32.0,401,
user_00512,treatment,1.0,112.29,04/20/2024,tablet,United Kingdom,34.0,313,
user_00364,treatment,,134.53,2024-08-27,mobile,United States,42.0,-22,
user_02145,treatment,0.0,100.58,2024-08-09,tablet,UK,53.0,59,
user_08099,treatment,1.0,27.19,2024-08-22,Mobile,US,39.0,466,
user_00160,control,0.0,63.7,27-08-2024,desktop,India,56.0,323,
user_06861,treatment,1.0,87.37,2024-09-19,Android,UK,64.0,240,
user_05141,treatment,0.0,161.35,2024-03-16,desktop,United Kingdom,60.0,0,
user_03787,treatment ,1.0,122.23,2024-07-18,Android,IN,51.0,470,
user_03287,control,1.0,182.98,25-03-2024,mobile,USA,61.0,170,
user_07309,control,1.0,187.54,24-11-2024,iPhone,USA,51.0,416,
user_08351,treatment,1.0,150.93,2024-10-09,mobile,IN,41.0,424,
user_00522,treatment,0.0,70.85,2024-08-06,mobile,United Kingdom,22.0,405,
user_00312,treatment,,,09/07/2024,mobile,IN,21.0,165,
user_05268,control,1.0,176.98,18-07-2024,desktop,US,48.0,354,
user_01462,treatment,1.0,13.83,05-09-2024,Desktop,US,52.0,529,
user_04070,control,2.0,108.93,2024-05-06,tablet,US,50.0,0,
user_00111,test,1.0,56.05,08/06/2024,mobile,US,58.0,129,
user_00694,control,1.0,82.39,2024-08-23,desktop,IN,60.0,0,
user_02625,control,,130.44,2024-08-09,mobile,US,42.0,570,
user_01415,control,1.0,132.62,11/08/2024,desktop,United States,63.0,348,
user_00126,treatment ,0.0,75.24,2024-11-06,mobile,India,34.0,280,
user_08993,Control,0.0,194.85,2024-09-17,mobile,IN,44.0,255,
user_05840,TRT,0.0,104.85,03/01/2024,mobile,USA,39.0,-63,
user_08009,treatment,0.0,153.73,08/02/2024,iPhone,US,27.0,74,
user_06701,treatment,0.0,158.1,02-03-2024,desktop,US,18.0,70,
user_05902,treatment,0.0,57.21,2024-08-10,tablet,USA,20.0,231,
user_04060,treatment,0.0,187.79,10-02-2024,tablet,US,23.0,0,
user_08073,control,0.0,111.33,2024-11-20,iPhone,United Kingdom,18.0,106,
user_02600,treatment,,29.98,22-04-2024,mobile,United States,,142,
user_04681,control,1.0,161.53,2024-04-02,iPhone,US,38.0,74,
user_00198,control,1.0,145.61,2024-03-25,mobile,India,,-59,
user_00105,TRT,1.0,,03-09-2024,desktop,USA,35.0,334,
user_03178,treatment,0.0,-61.6,02-07-2024,mobile,US,54.0,319,
user_00726,treatment ,0.0,-77.24,10-11-2024,desktop,US,49.0,492,
user_06882,control,1.0,18.28,2024-08-14,mobile,US,21.0,277,
user_02311,treatment,1.0,,2024-12-03,desktop,United Kingdom,37.0,395,
user_03376,treatment,1.0,99.06,15-07-2024,desktop,United States,64.0,0,
user_02206,control,,148.86,08/03/2024,desktop,US,30.0,169,
user_02104,control,1.0,,08/20/2024,desktop,US,21.0,580,
user_07859,test,1.0,46.23,2024-11-03,mobile,IN,49.0,417,
user_05097,treatment,1.0,54.65,04/15/2024,tablet,United States,40.0,293,
user_04078,treatment,0.0,35.71,2024-03-26,desktop,IN,56.0,313,
user_00613,control,1.0,170.19,2024-02-20,mobile,India,53.0,109,
user_05503,control,0.0,94.12,10-03-2024,Mobile,USA,36.0,70,
user_05188,treatment,0.0,,03/18/2024,desktop,USA,33.0,174,
user_07375,treatment,0.0,193.07,2024-04-16,desktop,USA,18.0,458,
user_07933,treatment,,,30-03-2024,mobile,US,31.0,73,
user_05051,treatment,1.0,-82.22,2024-10-01,tablet,UK,29.0,0,
user_01380,control,0.0,126.93,07/09/2024,tablet,India,64.0,356,
user_00532,control,0.0,34.92,2024-03-30,mobile,UK,45.0,124,
user_03516,treatment,1.0,136.45,12-09-2024,mobile,USA,35.0,309,
user_03585,treatment,1.0,"666,75",2024-03-19,desktop,USA,30.0,0,
user_07493,control,0.0,23.27,09-11-2024,mobile,United States,,135,
user_06322,control,0.0,136.82,02-07-2024,mobile,UK,40.0,-90,
user_00465,test,0.0,120.4,2024-12-17,mobile,IN,22.0,31,
user_00534,Control,1.0,47.24,12-08-2024,mobile,USA,25.0,66,
user_00108,treatment,1.0,63.47,05-02-2024,tablet,USA,22.0,464,
user_06464, control,1.0,159.54,10/06/2024,tablet ,US,24.0,217,
user_05738,control,1.0,18.73,11/02/2024,tablet,US,33.0,325,
user_02761,treatment,1.0,52.29,2024-10-19,tablet,US,20.0,0,
user_08668,treatment,1.0,146.44,2024-05-28,tablet,USA,60.0,338,
user_00736,control,1.0,181.89,07/17/2024,tablet,India,42.0,0,
user_01963,treatment,0.0,169.1,08/31/2024,Android,UK,52.0,430,
user_02854,treatment,1.0,185.79,2024-04-24,mobile,UK,18.0,554,
user_00396,control,1.0,111.6,03-08-2024,tablet,USA,63.0,442,
user_06321,treatment,0.0,$10.02,2024-11-27,mobile,United States,46.0,90,
user_00204,treatment,0.0,67.79,06/06/2024,Android,India,39.0,191,
user_00804,control,1.0,76.08,2024-11-16,tablet,UK,36.0,432,
user_08375,treatment,1.0,100.74,04/11/2024,Mobile,India,53.0,54,
user_01435,treatment,1.0,154.1,06-06-2024,iPhone,US,21.0,472,
user_01003,control,0.0,15.69,2024-08-21,desktop,United Kingdom,49.0,203,
user_07749,control,1.0,118.21,03/30/2024,desktop,USA,57.0,186,
user_01192,control,0.0,16.32,2024-06-12,iPhone,US,41.0,103,
user_00184,treatment,1.0,10.45,30-10-2024,tablet,United Kingdom,27.0,349,
user_06615,control,1.0,148.57,04/15/2024,desktop,United States,28.0,597,
user_07890,treatment,1.0,56.72,11-07-2024,desktop,United Kingdom,47.0,230,
user_05374,control,1.0,25.16,2024-03-18,Desktop,US,54.0,578,
user_01959,control,1.0,148.42,04-10-2024,mobile,US,20.0,579,
user_07600,treatment,,,06/17/2024,desktop,India,50.0,31,
user_04315,treatment,2.0,73.91,2024-03-21,tablet,US,26.0,297,
user_02067,treatment ,0.0,,09/01/2024,Desktop,US,49.0,0,
user_02385,control,1.0,193.4,02/17/2024,Android,India,35.0,559,
user_08165,treatment,1.0,141.04,2024-01-17,desktop,UK,36.0,96,
user_03198,control,0.0,85.23,2024-03-07,desktop,US,38.0,189,
user_06497,treatment,0.0,154.51,02/24/2024,Android,UK,46.0,468,
user_00692,treatment,1.0,67.87,2024-01-12,desktop,India,31.0,524,
user_00975,treatment,0.0,,06-12-2024,mobile,United Kingdom,53.0,0,
user_02945,control,1.0,168.08,08/18/2024,iPhone,India,,390,
user_00295,control,1.0,,2024-09-10,mobile,United States,35.0,551,
user_06428,treatment,1.0,58.36,06/02/2024,iPhone,US,46.0,566,
user_00455,control,,130.56,02/19/2024,mobile,United Kingdom,28.0,304,
user_02947,treatment,1.0,108.64,11/20/2024,desktop,IN,54.0,325,
user_04922, treatment,0.0,74.69,05/20/2024,Desktop ,India,33.0,334,
user_04951,control,0.0,159.87,04/17/2024,mobile,USA,60.0,-90,
user_07357,control,1.0,$144.47,2024-04-29,desktop,USA,24.0,127,
user_06655,control,0.0,40.76,2024-03-11,mobile,USA,,375,
user_05067,TRT,1.0,87.17,2024-11-28,tablet,US,47.0,46,
user_08007,treatment ,0.0,44.96,2024-09-30,desktop,USA,55.0,54,
user_04628,control,0.0,56.5,2024-05-08,iPhone,UK,44.0,526,
user_00560,TRT,0.0,134.69,04/11/2024,Mobile,United Kingdom,37.0,253,
user_02399,control,0.0,-59.94,20-10-2024,iPhone,US,33.0,149,
user_04946,TRT,1.0,58.13,2024-10-21,mobile,US,30.0,427,
user_05953,control,,181.56,12-05-2024,tablet,US,38.0,563,
user_04955,treatment,1.0,150.71,2024-11-11,tablet,USA,30.0,368,
user_00173,treatment,0.0,76.63,2024-02-05,desktop,India,64.0,599,
user_06511,treatment,0.0,166.29,11-10-2024,desktop,UK,36.0,317,
user_08878,control,1.0,183.45,2024-01-21,Mobile,United States,58.0,176,
user_07195,Control,0.0,$36.74,2024-12-12,tablet,India,54.0,247,
user_08938,Control,2.0,56.12,2024-02-22,desktop,United States,28.0,235,
user_07789,treatment,0.0,80.13,12/15/2024,mobile,US,45.0,326,
user_01664,control,0.0,,06-07-2024,mobile,IN,18.0,101,
user_04150,treatment,0.0,"593,36",11-12-2024,desktop,United Kingdom,38.0,394,
user_06118,treatment,0.0,192.73,01/13/2024,tablet,IN,7.0,520,
user_08342,TRT,0.0,139.58,07/31/2024,tablet,USA,44.0,428,
user_01754,control,1.0,99.17,13-03-2024,desktop,IN,40.0,245,
user_00583,control,1.0,68.63,2024-11-21,mobile,IN,21.0,0,
user_03943,treatment,1.0,"773,63",09/22/2024,Android,US,34.0,518,
user_04177,control,2.0,39.96,2024-12-09,desktop,UK,30.0,82,
user_01733,treatment,0.0,188.0,06/02/2024,tablet,United States,9.0,550,
user_00461,treatment,2.0,74.58,2024-02-03,Android,United States,47.0,580,
user_00183,treatment,0.0,12.29,03/15/2024,tablet,US,31.0,247,
user_05455,control,0.0,153.2,02/28/2024,tablet,USA,45.0,575,
user_01194,control,1.0,14.56,15-12-2024,desktop,USA,47.0,-21,
user_00523,treatment,,95.5,30-05-2024,desktop,USA,53.0,205,
user_07888,treatment,1.0,67.24,07/29/2024,desktop,India,52.0,581,
user_02398,treatment ,0.0,,10/13/2024,desktop,UK,19.0,290,
user_06071,treatment,1.0,114.68,2024-09-08,desktop,USA,59.0,553,
user_04377,control,0.0,24.27,07/31/2024,desktop,US,43.0,52,
user_07110,control,1.0,78.78,2024-10-10,desktop,United Kingdom,57.0,532,
user_00582,control,1.0,,17-02-2024,desktop,IN,56.0,-29,
user_00083,treatment,1.0,155.48,2024-06-05,Desktop,US,65.0,532,
user_00425,control,1.0,-84.72,15-11-2024,mobile,India,36.0,534,
user_02010,treatment ,0.0,122.27,23-07-2024,mobile,United Kingdom,38.0,151,
user_08824,control,0.0,173.53,2024-08-26,mobile,US,23.0,427,
user_04516,TRT,1.0,90.67,26-11-2024,desktop,UK,33.0,425,
user_08911,treatment,0.0,31.53,12-01-2024,mobile,USA,65.0,554,
user_04716,treatment,0.0,175.9,03/11/2024,Desktop,USA,,511,
user_03016,control,,71.19,13-07-2024,mobile,India,29.0,498,
user_06149,treatment,0.0,50.17,2024-08-06,desktop,UK,41.0,389,
user_02709,treatment,1.0,88.13,25-07-2024,tablet,IN,45.0,153,
user_04680,treatment,1.0,114.17,06/13/2024,mobile,US,,-40,
user_07047,treatment,1.0,121.5,29-01-2024,Desktop,USA,,413,
user_02306,treatment,1.0,"548,58",2024-10-01,mobile,United States,24.0,0,
user_03420,treatment,0.0,147.68,22-11-2024,mobile,US,33.0,-47,
user_02730,treatment,1.0,143.69,09/22/2024,iPhone,USA,50.0,53,
user_07087,treatment ,1.0,-34.63,25-09-2024,tablet,UK,36.0,78,
user_05109,Control,1.0,170.41,2024-04-18,Desktop,India,40.0,546,
user_07485,control,1.0,$88.82,05/03/2024,iPhone,US,65.0,103,
user_05210,treatment,1.0,-64.7,15-04-2024,desktop,United Kingdom,64.0,0,
user_04335,control,2.0,155.15,10/03/2024,desktop,United Kingdom,47.0,75,
user_00110,control,,20.28,21-01-2024,desktop,IN,21.0,71,
user_02055, treatment,0.0,,2024-06-09,desktop ,United States,32.0,129,
user_04857,control,1.0,174.99,2024-05-28,mobile,United States,53.0,568,
user_02459,control,1.0,181.65,31-12-2024,desktop,USA,57.0,302,
user_05476,treatment,,-75.72,2024-12-14,mobile,IN,53.0,154,
user_01843,treatment,1.0,104.3,2024-01-14,desktop,India,58.0,238,
user_01643,treatment,0.0,156.46,2024-07-29,tablet,IN,65.0,598,
user_06408,control,1.0,$196.93,05/30/2024,mobile,UK,64.0,341,
user_08838,control,0.0,170.05,2024-10-25,mobile,United Kingdom,44.0,281,
user_07490,control,0.0,56.7,03/27/2024,desktop,US,48.0,79,
user_05473,control,0.0,130.6,2024-08-13,desktop,United States,61.0,0,
user_08497,treatment,1.0,156.07,2024-11-21,desktop,US,58.0,435,
user_00685,control,0.0,101.92,09/07/2024,desktop,IN,64.0,558,
user_05297,treatment,1.0,101.65,04-12-2024,mobile,US,49.0,584,
user_03234,control,1.0,91.34,05/07/2024,Desktop,US,37.0,400,
user_02490,Control,1.0,54.45,30-11-2024,mobile,United States,45.0,515,
user_02657,treatment,0.0,184.71,07/28/2024,Android,UK,51.0,218,
user_06297,control,0.0,"252,55",07/17/2024,tablet,United States,48.0,441,
user_00128,control,1.0,128.53,2024-06-23,desktop,USA,49.0,386,
user_02284,treatment,1.0,,2024-06-04,desktop,US,33.0,0,
user_04178,Control,0.0,155.22,2024-05-10,Desktop,USA,20.0,189,
user_08632,treatment,,53.68,2024-10-10,tablet,IN,39.0,592,
user_04626,treatment,,143.62,2024-03-01,mobile,USA,31.0,127,
user_00706,control,0.0,58.39,2024-06-05,tablet,USA,24.0,462,
user_08979,treatment ,1.0,49.84,2024-12-29,desktop,IN,58.0,438,
user_07234,treatment ,1.0,135.57,15-02-2024,Mobile,USA,19.0,-72,
user_03106,control,0.0,136.44,20-12-2024,tablet,US,60.0,464,
user_07522,treatment,0.0,61.22,09/26/2024,desktop,United States,57.0,272,
user_04563,control,1.0,,2024-11-08,desktop,US,,281,
user_07175,control,,35.99,2024-11-15,mobile,UK,22.0,303,
user_00477,treatment,1.0,106.44,29-03-2024,mobile,US,26.0,242,
user_00272,control,0.0,"739,43",05-01-2024,desktop,India,36.0,475,
user_00672,TRT,0.0,171.62,23-05-2024,tablet,United States,36.0,448,
user_08978,treatment ,1.0,"543,64",09/30/2024,Desktop,India,37.0,498,
user_06164,control,,-79.14,03/21/2024,Desktop,USA,58.0,323,
user_00196,control,0.0,,2024-07-11,Desktop,UK,52.0,425,
user_04039,test,1.0,152.49,2024-04-22,tablet,IN,43.0,35,
user_05292,control,,54.63,2024-06-05,desktop,India,31.0,511,
user_00494,control,0.0,62.59,2024-03-29,mobile,US,51.0,0,
user_00194,TRT,1.0,47.76,2024-03-29,tablet,United States,63.0,127,
user_06283,TRT,1.0,149.83,07/22/2024,Android,UK,40.0,271,
user_08322,control,1.0,15.6,25-06-2024,mobile,US,45.0,543,
user_04283,TRT,1.0,,24-07-2024,desktop,IN,43.0,0,
user_00493,treatment,0.0,42.59,14-12-2024,desktop,US,50.0,287,
user_02538,treatment,,154.17,10/23/2024,desktop,USA,19.0,560,
user_06339,control,1.0,72.97,06/05/2024,Mobile,United Kingdom,44.0,400,
user_04059,treatment,1.0,29.04,21-10-2024,tablet,US,21.0,157,
user_04866,control,0.0,147.41,02/21/2024,mobile,US,62.0,565,
user_00495,treatment,0.0,101.94,27-05-2024,tablet,United States,60.0,0,
user_07623,treatment,1.0,196.04,2024-07-14,mobile,United States,33.0,158,
user_03618,treatment,1.0,67.94,12/20/2024,desktop,USA,105.0,397,
user_02314,TRT,1.0,163.64,2024-07-02,desktop,USA,64.0,508,
user_00163,treatment,,"224,68",28-05-2024,desktop,United Kingdom,41.0,265,
user_05580,TRT,0.0,-18.36,02-05-2024,Android,USA,34.0,485,
user_06542,treatment ,1.0,97.29,03/11/2024,desktop,USA,48.0,537,
user_00819,treatment,0.0,127.77,09-02-2024,mobile,UK,,538,
user_02831,TRT,0.0,87.35,18-06-2024,desktop,USA,28.0,498,
user_00901,TRT,,83.52,02/19/2024,mobile,IN,46.0,264,
user_01857,treatment,1.0,33.68,23-12-2024,mobile,USA,52.0,0,
user_04988,treatment,1.0,21.27,2024-01-15,mobile,UK,24.0,0,
user_04558,control,1.0,163.75,08/13/2024,mobile,United States,39.0,-43,
user_08527,treatment,0.0,123.43,2024-05-26,Mobile,India,46.0,399,
user_04919,treatment ,0.0,188.87,2024-06-01,desktop,India,50.0,195,
user_03694,treatment,0.0,-55.25,2024-06-08,tablet,US,37.0,59,
user_05358,control,0.0,65.3,02/10/2024,desktop,USA,62.0,34,
user_01990,control,0.0,22.33,2024-11-25,tablet,US,62.0,436,
user_03139,control,1.0,168.83,2024-02-27,mobile,US,47.0,240,
user_03181,control,1.0,146.99,2024-05-03,desktop,US,55.0,408,
user_01858,control,0.0,198.81,03/14/2024,tablet,India,,149,
user_02263,control,1.0,194.94,02/08/2024,tablet,US,20.0,144,
user_04977,control,1.0,$65.31,2024-12-05,desktop,US,31.0,289,
user_07040,control,0.0,150.27,01/14/2024,tablet,IN,57.0,138,
user_04630,control,0.0,12.34,04-09-2024,mobile,US,52.0,153,
user_08053,treatment,0.0,-61.23,05/07/2024,desktop,US,25.0,207,
user_07692,treatment,0.0,101.71,04/15/2024,mobile,USA,32.0,490,
user_03701,treatment,0.0,183.5,2024-12-21,desktop,India,20.0,352,
user_00926,treatment,1.0,112.11,01-07-2024,desktop,USA,36.0,108,
user_04581,control,1.0,74.51,2024-07-11,Mobile,USA,57.0,125,
user_04046,treatment,,41.78,02-10-2024,mobile,United Kingdom,48.0,438,
user_01719,treatment,1.0,73.39,07-04-2024,Mobile,USA,25.0,102,
user_07449, treatment,0.0,,2024-05-07,mobile ,USA,30.0,320,
user_07408,treatment,0.0,188.95,08-05-2024,desktop,IN,40.0,356,
user_03954,treatment,1.0,133.33,01/21/2024,mobile,USA,61.0,212,
user_00621,control,,119.23,02/11/2024,desktop,US,41.0,295,
user_08907,TRT,0.0,90.83,17-02-2024,iPhone,US,37.0,129,
user_00444,treatment,1.0,70.06,11-09-2024,desktop,UK,52.0,158,
user_01740,control,1.0,146.21,07-01-2024,mobile,USA,30.0,55,
user_00476,treatment,0.0,148.92,06-09-2024,tablet,US,35.0,501,
user_02530,control,1.0,14.73,06-12-2024,Desktop,USA,30.0,86,
user_04011,treatment,,129.35,2024-09-09,tablet,UK,41.0,331,
user_05851,treatment,0.0,98.12,03/13/2024,tablet,United States,51.0,354,
user_03187,treatment ,1.0,165.69,2024-04-04,desktop,USA,58.0,455,
user_08323,treatment,1.0,169.7,06-02-2024,tablet,UK,,43,
user_07440,treatment,2.0,17.02,2024-12-17,tablet,USA,65.0,532,
user_06723,control,1.0,65.77,2024-10-29,mobile,USA,64.0,513,
user_03461,treatment,1.0,88.62,03/02/2024,desktop,India,40.0,304,
user_03277,control,1.0,62.5,14-08-2024,desktop,United Kingdom,24.0,83,
user_03283,treatment,2.0,118.43,03/31/2024,iPhone,IN,103.0,160,
user_01543,treatment,1.0,-10.63,21-09-2024,mobile,IN,58.0,171,
user_08812,control,0.0,,16-12-2024,desktop,IN,31.0,149,
user_00897,control,1.0,66.14,01/22/2024,desktop,UK,,425,
user_03094,TRT,2.0,103.94,18-07-2024,desktop,USA,25.0,321,
user_00060,test,2.0,,2024-01-19,Android,USA,44.0,524,
user_01952,control,0.0,74.84,2024-10-22,mobile,USA,41.0,290,
user_00197,control,,131.74,01/26/2024,mobile,United Kingdom,,176,
user_02809,control,0.0,161.82,11/11/2024,desktop,United States,19.0,75,
user_03908,Control,2.0,50.22,01/04/2024,tablet,US,48.0,377,
user_01078,control,0.0,96.49,2024-04-03,tablet,IN,49.0,447,
user_07584,control,1.0,83.58,2024-04-10,desktop,USA,47.0,316,
user_06726,control,0.0,107.51,2024-10-31,Android,IN,30.0,112,
user_07563,treatment,0.0,145.87,2024-03-26,desktop,United States,42.0,269,
user_03241,control,1.0,57.77,2024-05-22,Mobile,USA,46.0,192,
user_04746,treatment ,0.0,$195.68,2024-08-26,iPhone,UK,25.0,0,
user_05663,treatment,1.0,68.9,2024-04-12,desktop,IN,55.0,458,
user_05091,treatment,0.0,165.07,2024-07-27,desktop,US,63.0,-34,
user_00129,treatment,1.0,61.79,16-07-2024,tablet,UK,,594,
user_00803,control,1.0,12.17,2024-07-26,mobile,IN,35.0,166,
user_05806,treatment,1.0,190.81,22-12-2024,Android,US,54.0,372,
user_00189,treatment,1.0,18.04,2024-11-12,desktop,IN,51.0,125,
user_00360,treatment,0.0,159.24,2024-08-14,tablet,US,28.0,563,
user_00482,control,,183.7,2024-01-09,desktop,US,56.0,0,
user_08693,treatment,0.0,112.65,27-09-2024,mobile,US,30.0,-23,
user_03514,treatment,0.0,22.87,2024-07-25,desktop,US,62.0,-22,
user_02920,treatment ,,106.38,04/02/2024,tablet,US,59.0,0,
user_04679,control,0.0,,06-07-2024,tablet,IN,60.0,113,
user_02579,treatment,1.0,80.66,07-11-2024,desktop,US,61.0,350,
user_08365,control,2.0,174.38,02-11-2024,mobile,UK,41.0,226,
user_01674,control,0.0,60.76,06-04-2024,mobile,USA,,-82,
user_02846,treatment,1.0,185.83,09-04-2024,desktop,UK,10.0,0,
user_01540,treatment,0.0,82.01,2024-05-18,tablet,UK,63.0,538,
user_01090,treatment,0.0,61.27,28-05-2024,mobile,US,33.0,137,
user_00448,control,1.0,"292,10",01-09-2024,tablet,US,49.0,95,
user_07885,treatment,0.0,86.98,2024-08-10,desktop,United Kingdom,21.0,582,
user_01377,control,0.0,,06/06/2024,desktop,US,44.0,93,
user_04401,treatment,1.0,164.8,2024-12-28,mobile,US,33.0,416,
user_05777,control,1.0,$189.92,2024-12-25,Mobile,US,30.0,319,
user_02623,TRT,1.0,180.31,2024-05-06,iPhone,India,52.0,187,
user_03727,control,0.0,17.51,2024-06-21,mobile,United States,115.0,266,
user_07101,control,0.0,51.37,2024-07-29,Mobile,US,48.0,0,
user_02591,control,1.0,131.74,2024-03-09,mobile,US,64.0,0,
user_02961,control,1.0,130.25,01/22/2024,tablet,US,23.0,0,
user_00100,control,,114.51,01/25/2024,mobile,United States,44.0,448,
user_03757,treatment,1.0,-69.41,2024-06-13,desktop,US,37.0,560,
user_06926,control,0.0,166.73,2024-04-26,tablet,UK,37.0,255,
user_05029,treatment,1.0,56.44,2024-03-13,Mobile,United Kingdom,35.0,456,
user_00184,control,1.0,94.28,02/12/2024,mobile,US,37.0,544,
user_05601,treatment,,67.63,2024-11-25,desktop,UK,37.0,-16,
user_00974,treatment,1.0,55.31,2024-09-14,desktop,UK,33.0,209,
user_03899,control,1.0,149.97,04/27/2024,mobile,India,63.0,185,
user_06223,control,1.0,130.43,12/20/2024,desktop,US,40.0,478,
user_06197,control,1.0,177.57,06/15/2024,iPhone,US,18.0,79,
user_03045,control,0.0,198.64,05/03/2024,desktop,IN,,545,
user_07057,treatment,0.0,117.16,08/18/2024,desktop,US,51.0,394,
user_00658,control,0.0,66.46,01/22/2024,iPhone,US,44.0,116,
user_06281,control,,199.4,07/22/2024,mobile,IN,51.0,217,
user_02165,treatment,0.0,31.92,2024-09-11,desktop,USA,49.0,351,
user_05913,control,0.0,14.83,2024-06-26,desktop,USA,23.0,233,
user_04505,control,1.0,20.91,05/01/2024,mobile,United Kingdom,23.0,294,
user_08774,treatment,1.0,168.53,18-05-2024,mobile,UK,21.0,31,
user_01635,control,0.0,158.42,12/13/2024,mobile,India,63.0,129,
user_04796,treatment,,88.5,20-11-2024,mobile,United Kingdom,52.0,306,
user_05981,control,1.0,167.13,22-02-2024,iPhone,United States,51.0,402,
user_04972,control,0.0,52.46,2024-08-23,tablet,United Kingdom,35.0,146,
user_00639,treatment,1.0,,2024-09-10,desktop,US,46.0,363,
user_02466,control,0.0,$58.22,2024-01-05,tablet,US,46.0,410,
user_02942,TRT,1.0,107.94,07/01/2024,iPhone,USA,30.0,359,
user_01657,control,0.0,40.01,2024-12-07,Desktop,USA,61.0,267,
user_04863,control,,79.27,02-09-2024,iPhone,United Kingdom,37.0,310,
user_01009,control,1.0,64.46,06/27/2024,mobile,United Kingdom,55.0,235,
user_06193,TRT,1.0,65.82,24-09-2024,iPhone,US,43.0,222,
user_01186,control,1.0,,11/10/2024,mobile,India,63.0,227,
user_04772,treatment,1.0,159.41,2024-08-07,desktop,USA,21.0,154,
user_08667,treatment,0.0,141.69,05/02/2024,desktop,USA,63.0,-56,
user_05652,control,1.0,18.5,13-06-2024,mobile,USA,25.0,79,
user_08898,treatment,0.0,146.17,25-06-2024,mobile,USA,60.0,114,
user_00139,control,0.0,172.54,2024-06-22,tablet,UK,41.0,436,
user_05490,treatment,1.0,62.13,2024-09-12,Mobile,UK,19.0,0,
user_00897,treatment,1.0,130.35,07/05/2024,desktop,US,49.0,342,
user_05377,control,0.0,72.2,2024-11-30,tablet,USA,38.0,522,
user_02296,treatment,0.0,24.17,26-02-2024,desktop,US,49.0,578,
user_00531,control,1.0,39.16,20-12-2024,tablet,United States,32.0,389,
user_04785,control,0.0,90.64,07/31/2024,Android,US,60.0,252,
user_00939,treatment,1.0,78.32,2024-02-22,mobile,India,56.0,333,
user_07092,treatment,1.0,26.6,05-02-2024,desktop,UK,49.0,563,
user_05090,control,0.0,64.8,04-08-2024,desktop,United Kingdom,39.0,389,
user_08802,treatment,1.0,86.23,06/23/2024,tablet,USA,36.0,0,
user_06880,treatment,1.0,,11-08-2024,tablet,US,50.0,273,
user_08659,Control,1.0,132.17,03/05/2024,tablet,US,,563,
user_08399, treatment,0.0,15.68,2024-06-01,Desktop ,US,,190,
user_06932,control,1.0,102.2,2024-07-14,desktop,USA,41.0,193,
user_00106,treatment,1.0,146.67,01-02-2024,desktop,India,21.0,0,
user_05798,control,0.0,125.65,08-09-2024,desktop,USA,30.0,31,
user_05497,treatment,1.0,154.11,2024-10-22,Desktop,United Kingdom,24.0,337,
user_07677,treatment,1.0,60.54,2024-02-05,mobile,India,31.0,583,
user_07320,treatment,0.0,146.24,28-03-2024,tablet,USA,65.0,435,
user_08550,treatment ,0.0,199.55,2024-03-28,Android,UK,44.0,188,
user_02671,control,1.0,38.1,2024-07-26,mobile,US,61.0,458,
user_03886,treatment,,140.55,08/11/2024,tablet,IN,34.0,534,
user_00559,Control,1.0,,2024-10-15,mobile,USA,52.0,64,
user_05318,test,,19.17,2024-05-29,tablet,IN,34.0,105,
user_01311,control,0.0,117.65,15-11-2024,desktop,US,120.0,396,
user_06816,treatment,0.0,$141.91,15-10-2024,mobile,US,45.0,108,
user_01011, control,1.0,189.1,2024-02-07,mobile ,India,62.0,586,
user_06097,control,0.0,91.29,2024-12-16,mobile,IN,54.0,418,
user_06603,Control,1.0,,10/12/2024,desktop,UK,41.0,458,
user_02751,treatment,,12.61,2024-07-21,mobile,US,41.0,401,
user_06456,treatment,,135.78,03/29/2024,Desktop,US,59.0,124,
user_06776,TRT,1.0,53.1,01/19/2024,desktop,United Kingdom,44.0,121,
user_00324,control,2.0,162.62,04/05/2024,mobile,United States,60.0,109,
user_06968,control,0.0,134.34,12/23/2024,Android,USA,21.0,87,
user_00744,control,2.0,170.05,12/16/2024,desktop,India,27.0,249,
user_03810,TRT,0.0,13.8,21-10-2024,desktop,India,23.0,555,
user_04221,control,1.0,116.81,2024-12-20,desktop,US,31.0,367,
user_00827,control,1.0,120.29,2024-10-20,tablet,USA,25.0,-14,
user_02042,control,1.0,198.99,04/10/2024,mobile,US,29.0,195,
user_01237,control,2.0,64.81,2024-02-25,iPhone,UK,64.0,379,
user_08228,test,,41.36,07/06/2024,tablet,United States,57.0,349,
user_01375,treatment,0.0,75.47,07/08/2024,mobile,United States,50.0,491,
user_05494,control,,"424,70",2024-12-29,mobile,India,49.0,365,
user_05026,treatment,0.0,39.2,24-10-2024,tablet,India,62.0,213,
user_06320,control,1.0,178.67,04/18/2024,tablet,USA,39.0,-28,
user_03475,control,0.0,147.77,29-03-2024,desktop,USA,34.0,262,
user_05634,control,,174.05,07/28/2024,tablet,United Kingdom,48.0,-36,
user_07080,treatment ,1.0,,05-10-2024,tablet,USA,22.0,184,
user_05294,treatment ,1.0,,11-02-2024,Desktop,US,52.0,582,
user_05966,treatment,0.0,125.78,2024-12-01,Desktop,USA,57.0,297,
user_01762,control,0.0,162.14,29-08-2024,mobile,USA,19.0,150,
user_08198,control,0.0,,01-09-2024,Desktop,US,26.0,496,
user_01954,control,1.0,189.2,02/14/2024,desktop,United Kingdom,33.0,349,
user_07926,Control,0.0,139.02,12-10-2024,mobile,USA,38.0,0,
user_03615,control,,94.28,2024-08-08,mobile,US,29.0,363,
user_03532,treatment,,198.65,31-05-2024,mobile,US,37.0,448,
user_03551,treatment,2.0,103.83,10/11/2024,desktop,USA,28.0,565,
user_00903,control,0.0,150.65,18-04-2024,desktop,US,59.0,77,
user_01778,control,0.0,62.22,21-06-2024,mobile,US,20.0,0,
user_01831,control,,98.8,17-02-2024,desktop,US,21.0,0,
user_01266,treatment ,0.0,31.98,2024-01-20,desktop,US,22.0,46,
user_06043,treatment,0.0,174.03,04/19/2024,desktop,US,26.0,465,
user_03452,treatment,1.0,125.09,2024-05-31,mobile,US,63.0,332,
user_07491,treatment,1.0,$24.12,2024-04-01,mobile,US,48.0,81,
user_07218,treatment ,0.0,160.36,2024-04-08,tablet,United States,65.0,37,
user_08514,treatment,1.0,193.71,09/29/2024,desktop,IN,31.0,495,
user_04499,treatment,1.0,91.36,2024-03-23,mobile,UK,19.0,342,
user_01691,treatment,1.0,102.69,27-02-2024,Mobile,US,49.0,434,
user_05594,treatment,,126.75,2024-02-11,desktop,USA,,414,
user_07519,treatment,1.0,63.54,06-11-2024,mobile,USA,33.0,513,
user_00749,control,1.0,$102.35,10-01-2024,desktop,India,60.0,-94,
user_05904,treatment,1.0,140.84,20-09-2024,mobile,USA,65.0,146,
user_00055,treatment ,1.0,159.8,2024-07-10,mobile,United Kingdom,53.0,80,
user_01112,control,2.0,158.38,19-09-2024,desktop,India,57.0,329,
user_06973,treatment,2.0,170.15,2024-02-03,desktop,US,50.0,71,
user_06222,treatment,,127.44,10/02/2024,desktop,US,49.0,200,
user_01966,control,1.0,105.74,2024-06-16,desktop,US,39.0,149,
user_00162,control,,39.39,05/04/2024,iPhone,USA,33.0,308,
user_07310,treatment,0.0,196.66,09/12/2024,desktop,India,64.0,555,
user_00929,control,1.0,145.71,07/26/2024,desktop,India,29.0,236,
user_06504,TRT,1.0,,2024-03-28,mobile,IN,30.0,204,
user_04375,control,,148.68,17-09-2024,tablet,US,44.0,69,
user_03205,control,1.0,99.75,2024-02-22,desktop,UK,35.0,165,
user_02957,treatment,1.0,157.84,07/19/2024,mobile,USA,,262,
user_04129,treatment,,150.37,2024-01-21,desktop,USA,22.0,560,
user_08101,control,0.0,188.13,2024-03-30,mobile,US,57.0,248,
user_00940,treatment,1.0,32.06,09/10/2024,Mobile,USA,47.0,401,
user_06849,control,0.0,133.4,2024-12-02,tablet,US,26.0,322,
user_07848,Control,,,19-07-2024,tablet,US,61.0,356,
user_05858,control,1.0,128.26,13-05-2024,tablet,USA,,493,
user_06524,treatment,2.0,114.85,2024-02-19,iPhone,US,19.0,-83,
user_04174,control,0.0,112.23,2024-01-25,desktop,UK,58.0,542,
user_06382,treatment,2.0,89.08,03/04/2024,mobile,UK,28.0,260,
user_07165,control,0.0,183.9,08-06-2024,desktop,USA,59.0,269,
user_08460,treatment,1.0,54.32,2024-12-13,tablet,United Kingdom,62.0,527,
user_00037,Control,2.0,192.28,03/14/2024,mobile,US,47.0,90,
user_06514,treatment,0.0,10.45,2024-01-20,mobile,United Kingdom,18.0,250,
user_02464,treatment,0.0,,2024-06-09,mobile,IN,29.0,167,
user_07131,treatment ,0.0,169.79,2024-04-26,mobile,US,38.0,176,
user_02936,treatment,1.0,14.91,10/16/2024,mobile,United States,56.0,407,
user_07126,control,1.0,154.83,2024-10-12,desktop,US,31.0,73,
user_00448,control,1.0,118.72,2024-03-17,tablet,IN,34.0,321,
user_02241,control,0.0,122.49,12/17/2024,desktop,United Kingdom,27.0,198,
user_02496,control,1.0,45.39,2024-07-21,tablet,USA,27.0,174,
user_07452,treatment,0.0,180.21,21-04-2024,tablet,United States,32.0,214,
user_00714,control,0.0,69.37,10/15/2024,Android,USA,43.0,375,
user_06416,treatment ,1.0,112.12,09/25/2024,tablet,UK,25.0,324,
user_03553,TRT,0.0,65.54,24-07-2024,mobile,US,40.0,432,
user_05768,control,0.0,60.73,10/01/2024,mobile,USA,31.0,338,
user_04290,treatment,1.0,$176.3,2024-01-04,mobile,United States,30.0,468,
user_03314,treatment,1.0,110.06,2024-09-24,desktop,India,54.0,494,
user_08537,control,0.0,,2024-04-21,tablet,US,20.0,470,
user_04492,treatment,0.0,164.89,20-11-2024,mobile,USA,52.0,280,
user_02678,treatment,1.0,35.0,2024-07-05,mobile,India,109.0,44,
user_07114,control,1.0,34.26,2024-06-27,tablet,United States,31.0,362,
user_03036,treatment,0.0,170.64,01/14/2024,iPhone,USA,20.0,311,
user_01775,treatment,1.0,,2024-10-18,mobile,US,51.0,556,
user_01555,control,0.0,91.47,2024-06-06,desktop,IN,48.0,117,
user_01099,control,1.0,162.18,2024-07-08,mobile,UK,39.0,360,
user_07255,treatment,1.0,84.91,2024-07-15,mobile,United States,38.0,325,
user_00306,treatment ,0.0,22.07,2024-02-05,tablet,US,61.0,568,
user_08720,control,1.0,-75.54,10/21/2024,desktop,United States,20.0,196,
user_04534,treatment,1.0,-30.52,2024-10-09,Android,US,48.0,516,
user_03664,control,1.0,123.89,2024-04-27,desktop,United States,25.0,373,
user_04915,control,0.0,189.87,2024-12-08,tablet,UK,40.0,31,
user_06788,control,1.0,53.18,02/01/2024,desktop,United States,51.0,518,
user_08968,Control,,130.61,2024-09-22,mobile,UK,61.0,194,
user_04376,TRT,1.0,136.87,24-11-2024,iPhone,United Kingdom,53.0,359,
user_00855,control,0.0,88.11,2024-05-19,desktop,USA,44.0,188,
user_07537,control,1.0,11.9,01/07/2024,Desktop,US,64.0,222,
user_07426,control,0.0,150.7,03/25/2024,mobile,USA,21.0,82,
user_06990,control,1.0,141.44,04-12-2024,mobile,US,33.0,418,
user_03752,control,0.0,119.01,2024-06-04,mobile,India,51.0,0,
user_00521,control,0.0,103.21,2024-04-08,desktop,United Kingdom,43.0,496,
user_00661,treatment,0.0,-17.06,30-04-2024,tablet,US,61.0,-13,
user_06455,treatment,1.0,105.6,2024-01-31,mobile,UK,20.0,117,
user_05359,control,1.0,55.31,2024-12-03,desktop,India,63.0,548,
user_03419,control,1.0,$98.51,2024-09-25,desktop,US,58.0,517,
user_03682,control,1.0,134.94,23-09-2024,iPhone,US,24.0,67,
user_03225, treatment,0.0,120.99,10/03/2024,desktop ,IN,65.0,-20,
user_00895,control,0.0,155.53,02/17/2024,tablet,United Kingdom,51.0,228,
user_01176,treatment,,24.17,11/08/2024,iPhone,US,26.0,473,
user_00703,treatment,1.0,$75.41,2024-07-19,mobile,USA,65.0,490,
user_05025,TRT,0.0,156.8,2024-03-25,desktop,US,24.0,178,
user_08023,treatment,,,14-05-2024,mobile,United States,60.0,39,
user_05140,treatment,1.0,130.0,08/09/2024,desktop,UK,32.0,-97,
user_04313,control,2.0,77.82,16-11-2024,Android,UK,46.0,249,
user_08614,control,0.0,88.8,2024-04-19,Mobile,UK,23.0,152,
user_07352,treatment,1.0,171.4,2024-03-06,tablet,US,28.0,394,
user_05221,treatment,1.0,109.14,2024-10-15,tablet,IN,27.0,117,
user_03246,treatment,0.0,176.97,2024-12-12,mobile,USA,31.0,0,
user_00517,control,0.0,$181.21,2024-10-24,desktop,US,109.0,492,
user_05641,treatment,0.0,138.4,2024-01-23,Mobile,India,48.0,180,
user_00981,treatment,,"538,71",29-02-2024,tablet,UK,,208,
user_01251,control,0.0,99.15,2024-04-28,desktop,United States,63.0,420,
user_00586,control,,"982,81",07/31/2024,desktop,US,64.0,147,
user_05460,treatment,1.0,67.55,19-03-2024,mobile,UK,41.0,279,
user_08852,control,1.0,61.55,02/15/2024,desktop,United Kingdom,47.0,50,
user_08406,treatment,,26.34,2024-08-28,mobile,United States,42.0,86,
user_08362,treatment,1.0,"387,98",2024-04-09,mobile,USA,49.0,73,
user_05535,TRT,1.0,171.64,2024-07-17,desktop,US,59.0,40,
user_03581,Control,,117.66,2024-02-20,tablet,US,43.0,401,
user_05180,treatment,0.0,25.56,05/06/2024,mobile,India,36.0,240,
user_00551,control,0.0,180.91,01/28/2024,Android,US,39.0,103,
user_01233,control,1.0,177.97,2024-10-02,desktop,US,49.0,112,
user_05060,treatment,2.0,16.45,2024-11-24,tablet,United States,23.0,465,
user_08510,TRT,1.0,181.42,02/28/2024,tablet,US,30.0,226,
user_05700,treatment,0.0,141.3,08/09/2024,desktop,USA,43.0,-12,
user_00761,control,1.0,47.59,01/25/2024,mobile,US,60.0,300,
user_07870,control,0.0,152.09,2024-03-12,mobile,US,61.0,85,
user_07835,treatment,0.0,34.97,08/16/2024,tablet,UK,61.0,147,
user_00836,control,0.0,176.89,2024-10-02,mobile,India,32.0,368,
user_02952,treatment,1.0,-41.57,03/19/2024,mobile,US,45.0,520,
user_07930,TRT,,89.97,2024-12-05,desktop,India,33.0,167,
user_00090,treatment ,1.0,152.76,2024-06-23,Desktop,India,40.0,72,
user_03647,treatment,1.0,150.11,2024-04-17,desktop,United Kingdom,47.0,249,
user_01198,treatment,0.0,80.72,08/16/2024,desktop,US,65.0,45,
user_00451,control,,96.37,2024-06-03,mobile,USA,31.0,-57,
user_04650,control,1.0,35.6,11-05-2024,desktop,United States,51.0,0,
user_07601,control,0.0,29.29,28-04-2024,iPhone,India,44.0,167,
user_03309,control,1.0,70.49,01-02-2024,mobile,India,62.0,597,
user_00282,treatment,0.0,-47.47,2024-08-25,Desktop,United Kingdom,62.0,584,
user_04134,treatment,1.0,42.59,11/03/2024,mobile,United States,32.0,127,
user_00252,treatment,1.0,79.41,2024-11-08,tablet,IN,28.0,388,
user_06897,control,0.0,84.46,05-03-2024,mobile,United States,28.0,215,
user_07029,control,0.0,67.7,27-12-2024,desktop,USA,46.0,0,
user_01900,treatment,1.0,20908.09,09/28/2024,tablet,USA,19.0,423,
user_08145,control,0.0,198.71,11/07/2024,desktop,US,51.0,598,
user_05787,treatment ,2.0,146.15,24-04-2024,tablet,India,21.0,0,
user_00070,control,2.0,61.62,26-05-2024,Android,US,28.0,0,
user_01153,control,0.0,151.25,04-06-2024,tablet,UK,51.0,513,
user_02286,control,,118.3,28-11-2024,mobile,US,42.0,297,
user_07672,treatment,1.0,23.9,2024-07-23,desktop,US,,-87,
user_06124,treatment,1.0,93.14,2024-03-22,tablet,United States,,342,
user_04608,treatment,0.0,68.26,04-08-2024,desktop,United States,58.0,399,
user_00107,treatment,1.0,126.54,05/20/2024,tablet,IN,34.0,290,
user_05954,control,2.0,51.15,16-06-2024,desktop,US,37.0,465,
user_00259,control,1.0,57.84,18-02-2024,desktop,United Kingdom,50.0,291,
user_05122,TRT,1.0,92.34,2024-11-06,desktop,United States,54.0,528,
user_06085,control,0.0,85.17,17-09-2024,tablet,US,39.0,-10,
user_04937,Control,2.0,55.36,2024-11-24,mobile,UK,55.0,30,
user_06505,treatment,0.0,46.66,09/27/2024,tablet,United Kingdom,27.0,204,
user_06729,treatment,1.0,107.89,01/05/2024,mobile,US,58.0,162,
user_06696,treatment,0.0,76.16,16-04-2024,desktop,US,23.0,429,
user_02058,control,1.0,154.81,07/12/2024,desktop,USA,40.0,253,
user_07487,control,0.0,31.03,05/28/2024,mobile,India,54.0,213,
user_01225,control,1.0,,2024-07-19,tablet,US,23.0,409,
user_01503,control,0.0,165.26,31-08-2024,tablet,US,59.0,283,
user_03642,test,0.0,,2024-11-14,mobile,USA,60.0,518,
user_03081,treatment,1.0,"219,47",10/10/2024,desktop,USA,31.0,89,
user_03718,control,1.0,$132.8,2024-12-04,desktop,USA,29.0,437,
user_06813,control,1.0,195.3,07/13/2024,tablet,IN,31.0,-35,
user_02617,control,0.0,50.06,2024-12-05,desktop,India,32.0,220,
user_07216,treatment,1.0,$139.35,2024-08-20,desktop,USA,36.0,460,
user_02810,control,1.0,-64.28,23-02-2024,tablet,United Kingdom,55.0,249,
user_00670,control,0.0,,2024-03-23,Android,India,60.0,367,
user_02875,treatment,1.0,48.4,03/24/2024,tablet,UK,47.0,524,
user_00087,control,0.0,18.36,09/29/2024,mobile,United States,19.0,507,
user_00418,control,,,2024-01-07,desktop,US,61.0,151,
user_01329,treatment,0.0,179.51,2024-09-15,desktop,US,45.0,165,
user_02878,control,0.0,102.5,2024-01-04,desktop,USA,52.0,0,
user_04286,control,0.0,158.76,07/07/2024,tablet,UK,31.0,333,
user_07735,control,,66.12,10-06-2024,Desktop,United States,24.0,599,
user_02100,treatment,0.0,190.2,28-12-2024,tablet,USA,40.0,277,
user_08400,control,0.0,188.57,2024-12-20,desktop,United Kingdom,50.0,254,
user_04646,Control,0.0,13.93,2024-04-13,tablet,US,62.0,535,
user_00640,treatment ,0.0,13.13,07/11/2024,Desktop,India,62.0,500,
user_00262,treatment,1.0,111.26,07-12-2024,mobile,US,64.0,425,
user_00791,control,,196.3,2024-04-11,tablet,UK,,566,
user_00168,control,0.0,96.25,16-10-2024,mobile,IN,35.0,461,
user_05100,treatment ,1.0,,2024-08-13,tablet,USA,19.0,407,
user_00824,treatment,0.0,194.19,04-09-2024,desktop,IN,51.0,531,
user_08641,control,1.0,,07-06-2024,mobile,IN,22.0,56,
user_07244,control,1.0,72.81,03/08/2024,tablet,US,65.0,279,
user_04994,treatment,0.0,$177.63,07/31/2024,mobile,IN,45.0,49,
user_00088,treatment ,1.0,,06/26/2024,desktop,United States,40.0,282,
user_08209,control,0.0,147.58,04-02-2024,mobile,US,43.0,146,
user_01475,treatment ,1.0,-33.43,2024-06-21,Mobile,US,25.0,209,
user_05959,control,0.0,71.91,05-10-2024,Desktop,United States,31.0,314,
user_06425,control,0.0,23.27,2024-06-30,Android,USA,56.0,240,
user_06570,treatment,1.0,192.48,03-08-2024,Desktop,US,40.0,425,
user_06276,control,0.0,"717,16",28-08-2024,desktop,US,,192,
user_08733,control,0.0,196.52,2024-07-11,desktop,USA,27.0,-81,
user_08230,treatment,0.0,84.19,2024-05-17,tablet,United Kingdom,46.0,0,
user_01695,control,1.0,198.44,02/09/2024,desktop,US,35.0,231,
user_05871,treatment,1.0,17.19,05/03/2024,Desktop,IN,29.0,583,
user_00248,treatment,0.0,139.8,2024-03-17,desktop,USA,32.0,529,
user_01010,treatment,1.0,135.8,11-06-2024,mobile,India,7.0,330,
user_00253,treatment,0.0,86.28,2024-09-24,mobile,United Kingdom,58.0,371,
user_08530,control,1.0,,23-03-2024,iPhone,US,56.0,151,
user_04941,control,1.0,43.28,21-12-2024,mobile,India,28.0,468,
user_00966,treatment,0.0,136.08,2024-08-16,mobile,USA,21.0,42,
user_08725,treatment,1.0,,05/22/2024,desktop,India,22.0,190,
user_03470,treatment,1.0,71.12,12/17/2024,tablet,IN,32.0,373,
user_05145,treatment,1.0,-11.6,08/04/2024,mobile,India,21.0,0,
user_00986,control,,190.92,11-02-2024,tablet,US,36.0,322,
user_08086,control,1.0,72.32,23-12-2024,mobile,United Kingdom,58.0,272,
user_06226,TRT,0.0,32.96,15-06-2024,tablet,UK,31.0,501,
user_00567,treatment,0.0,$39.58,2024-08-06,tablet,IN,35.0,0,
user_01072,control,1.0,,02/06/2024,mobile,USA,57.0,-44,
user_00910,control,0.0,69.22,2024-06-10,mobile,UK,35.0,62,
user_02085,treatment,1.0,-12.42,20-09-2024,desktop,US,101.0,116,
user_02029,TRT,,$49.71,03/16/2024,mobile,IN,58.0,358,
user_03724,control,1.0,186.7,09/10/2024,Desktop,USA,33.0,162,
user_00582,control,1.0,107.56,10-03-2024,tablet,US,55.0,332,
user_02759,control,1.0,103.97,17-06-2024,Android,USA,49.0,250,
user_03334,control,0.0,103.31,08-03-2024,mobile,US,65.0,267,
user_08010,test,,15.94,12/12/2024,Mobile,US,50.0,0,
user_06326,treatment,0.0,165.04,2024-02-19,Android,US,56.0,317,
user_03311,treatment,1.0,128.57,13-07-2024,desktop,United Kingdom,52.0,68,
user_05143,treatment,1.0,61.24,21-09-2024,mobile,UK,56.0,405,
user_03815,control,0.0,172.73,01/04/2024,desktop,US,45.0,527,
user_06903,control,1.0,43.18,2024-11-17,tablet,US,,505,
user_00910, treatment,1.0,82.37,04-04-2024,mobile ,US,65.0,0,
user_00382,Control,1.0,55.41,05/18/2024,Desktop,United Kingdom,59.0,206,
user_05206,TRT,2.0,69.4,2024-05-23,tablet,IN,46.0,510,
user_00056,control,0.0,,30-03-2024,desktop,US,56.0,239,
user_00260,treatment,0.0,149.32,09/12/2024,tablet,US,56.0,320,
user_03772,treatment ,0.0,137.04,10/25/2024,tablet,India,48.0,-92,
user_08043,control,,,23-09-2024,mobile,USA,12.0,138,
user_04496,control,0.0,114.99,28-02-2024,tablet,United Kingdom,53.0,187,
user_04605,control,1.0,159.23,2024-05-20,desktop,US,58.0,386,
user_04549,treatment,1.0,188.17,2024-11-15,tablet,United Kingdom,48.0,264,
user_01150,control,0.0,168.27,06/10/2024,desktop,US,24.0,544,
user_04141,treatment,0.0,35.73,2024-07-25,tablet,UK,22.0,0,
user_08552,control,0.0,156.7,2024-03-13,desktop,US,25.0,476,
user_00443,treatment,1.0,69.77,2024-04-05,tablet,USA,28.0,431,
user_08647,control,0.0,14439.32,2024-04-06,mobile,India,61.0,432,
user_06192,treatment,0.0,171.7,29-02-2024,tablet,UK,43.0,350,
user_07779,treatment,1.0,-39.7,2024-09-25,desktop,IN,65.0,576,
user_05369,treatment,0.0,159.02,12-09-2024,tablet,India,24.0,442,
user_00936,treatment,0.0,181.75,07/14/2024,desktop,United Kingdom,47.0,444,
user_05708,control,0.0,,2024-01-02,desktop,USA,53.0,122,
user_08061, treatment,1.0,157.63,06/02/2024,desktop ,US,23.0,55,
user_00960,treatment ,0.0,11055.39,2024-09-04,tablet,US,57.0,286,
user_06386,TRT,,15716.41,2024-09-08,mobile,US,31.0,522,
user_02798,control,1.0,48.52,2024-06-17,tablet,UK,23.0,155,
user_00380,treatment,1.0,"884,28",2024-02-17,mobile,UK,58.0,491,
user_05265,control,,76.95,2024-04-05,tablet,IN,59.0,202,
user_04022,treatment,0.0,51.71,10-12-2024,desktop,United Kingdom,23.0,31,
user_03324,test,0.0,,2024-11-25,mobile,United States,61.0,198,
user_03130,treatment,0.0,54.94,05-06-2024,mobile,US,42.0,319,
user_04569,control,1.0,114.03,2024-02-14,desktop,US,45.0,0,
user_07576,treatment,1.0,23.36,25-07-2024,mobile,US,56.0,448,
user_01531,control,0.0,-94.95,08-08-2024,desktop,US,19.0,-32,
user_05263,treatment,,106.61,04/04/2024,mobile,India,44.0,576,
user_08980,treatment,2.0,165.66,2024-05-14,mobile,UK,38.0,582,
user_00218,control,1.0,,05-12-2024,Desktop,US,24.0,545,
user_08340,treatment,0.0,28.89,09-12-2024,mobile,United Kingdom,,454,
user_06923,control,1.0,25.46,2024-05-23,mobile,USA,48.0,63,
user_08922,treatment,1.0,52.29,2024-01-11,Mobile,India,36.0,576,
user_03765,control,0.0,13.79,04/05/2024,mobile,United Kingdom,50.0,558,
user_05251,control,0.0,93.53,2024-10-02,desktop,United States,59.0,441,
user_06445,control,1.0,187.48,2024-09-23,mobile,USA,,0,
user_00538,treatment,0.0,189.23,11/18/2024,desktop,USA,60.0,392,
user_08700,treatment,0.0,10.83,09/02/2024,iPhone,UK,38.0,0,
user_05232,treatment ,0.0,180.12,2024-06-08,iPhone,US,60.0,499,
user_03443,control,1.0,-73.51,2024-03-29,iPhone,USA,65.0,475,
user_00812,control,1.0,112.98,03/22/2024,Mobile,United States,48.0,522,
user_02032,control,0.0,163.33,19-06-2024,Android,United Kingdom,36.0,354,
user_03390,control,1.0,81.93,2024-08-04,desktop,US,41.0,110,
user_07078,control,0.0,157.64,2024-03-23,Desktop,US,46.0,408,
user_02349,control,1.0,,06/28/2024,tablet,India,30.0,463,
user_06176,control,0.0,137.56,20-07-2024,mobile,India,50.0,372,
user_00721,treatment,1.0,-81.89,08-12-2024,mobile,United States,47.0,-18,
user_07686,control,2.0,10.5,07/26/2024,mobile,USA,51.0,225,
user_05083,Control,0.0,186.53,2024-10-20,mobile,US,21.0,422,
user_05312,treatment,0.0,-33.85,2024-12-23,tablet,IN,22.0,0,
user_00797,control,1.0,158.64,16-06-2024,Mobile,IN,33.0,35,
user_07465,treatment,1.0,146.86,2024-04-27,tablet,US,42.0,429,
user_05408,treatment,0.0,40.25,07/13/2024,Mobile,IN,50.0,295,
user_06751,treatment,1.0,,05-12-2024,desktop,IN,40.0,575,
user_01081,control,0.0,26.57,06/26/2024,iPhone,US,40.0,240,
user_06002,control,1.0,32.73,25-07-2024,mobile,UK,,65,
user_01750,control,0.0,164.37,2024-04-30,mobile,United Kingdom,41.0,0,
user_02462,treatment,1.0,,2024-01-10,tablet,United States,,299,
user_00799,treatment ,,49.42,09-07-2024,mobile,United Kingdom,49.0,0,
user_06435,control,0.0,87.42,2024-07-13,Android,IN,56.0,-13,
user_07839,control,2.0,128.61,2024-10-15,iPhone,USA,23.0,578,
user_01113,Control,1.0,,2024-06-15,tablet,UK,32.0,215,
user_05474,control,0.0,160.04,07/25/2024,mobile,US,28.0,458,
user_00406,treatment,1.0,183.5,02/02/2024,desktop,United States,59.0,566,
user_03597,treatment ,0.0,120.38,2024-08-23,desktop,US,19.0,401,
user_03962,control,1.0,172.54,2024-04-24,Mobile,US,34.0,397,
user_06752,treatment,1.0,131.74,04/10/2024,mobile,United Kingdom,34.0,468,
user_06563,treatment,0.0,60.65,2024-06-07,mobile,UK,39.0,197,
user_00693,control,2.0,184.76,02-06-2024,mobile,United Kingdom,48.0,494,
user_03373,TRT,2.0,107.85,2024-01-03,desktop,United States,52.0,272,
user_01875,control,0.0,102.03,12/26/2024,mobile,US,,246,
user_07895,treatment ,1.0,,07/26/2024,tablet,United Kingdom,64.0,36,
user_04700,treatment,0.0,90.58,2024-11-17,desktop,United States,33.0,74,
user_01530,treatment,0.0,106.34,2024-07-03,tablet,United Kingdom,24.0,552,
user_04805,treatment,1.0,160.53,29-07-2024,desktop,US,45.0,398,
user_01000,treatment,0.0,50.26,12/16/2024,mobile,IN,45.0,0,
user_03463,treatment,1.0,194.78,2024-03-21,desktop,UK,37.0,462,
user_00269,control,1.0,136.25,17-12-2024,Desktop,United States,40.0,445,
user_06278,treatment,0.0,131.28,07-11-2024,desktop,United States,43.0,0,
user_02217,treatment,1.0,84.51,2024-03-18,mobile,US,36.0,149,
user_06594,treatment,0.0,191.98,03-01-2024,tablet,United Kingdom,18.0,92,
user_01087,treatment ,1.0,,02/03/2024,mobile,United Kingdom,60.0,295,
user_00458,treatment,0.0,70.63,14-02-2024,desktop,US,33.0,435,
user_02601,control,1.0,35.57,23-02-2024,desktop,USA,29.0,543,
user_03175,control,1.0,147.23,11/16/2024,tablet,IN,65.0,437,
user_00245,treatment,0.0,57.86,2024-04-01,desktop,US,45.0,0,
user_00236,treatment,0.0,194.87,07/22/2024,desktop,UK,34.0,0,
user_04835,control,1.0,$134.17,2024-06-21,mobile,IN,47.0,570,
user_06571,control,1.0,101.58,2024-12-10,mobile,US,22.0,222,
user_07158,TRT,1.0,77.56,02/02/2024,Android,US,36.0,417,
user_08697,control,0.0,24.68,2024-02-06,mobile,India,52.0,217,
user_08940,treatment,2.0,154.19,01/23/2024,iPhone,USA,21.0,272,
user_06568,treatment ,0.0,152.27,03/30/2024,tablet,USA,28.0,248,
user_02558,control,0.0,-37.72,06-10-2024,iPhone,India,22.0,111,
user_08370,control,1.0,23.13,20-02-2024,desktop,IN,47.0,463,
user_00726,control,0.0,137.34,12-11-2024,tablet,USA,45.0,-20,
user_02782,TRT,0.0,,2024-11-23,tablet,United Kingdom,,389,
user_07988,control,1.0,"790,57",2024-02-03,mobile,US,56.0,352,
user_00240,Control,0.0,-33.83,2024-09-05,mobile,United States,51.0,514,
user_04149,control,1.0,,2024-03-10,mobile,USA,56.0,174,
user_00433,treatment,1.0,-54.44,23-05-2024,Desktop,USA,20.0,0,
user_01738,TRT,0.0,136.12,27-11-2024,tablet,India,54.0,600,
user_00761,treatment,1.0,"548,58",2024-10-01,mobile,United States,24.0,0,
user_06308,treatment,2.0,181.75,11/03/2024,mobile,UK,46.0,480,
user_01613,treatment,0.0,163.89,11/20/2024,mobile,United Kingdom,40.0,0,
user_03971,control,0.0,173.49,07/16/2024,desktop,US,53.0,105,
user_07691,treatment,1.0,105.76,01-07-2024,tablet,USA,,44,
user_05347,treatment,0.0,127.03,2024-08-09,Android,United Kingdom,26.0,323,
user_00412,treatment,1.0,,2024-08-31,desktop,USA,60.0,0,
user_01618,control,1.0,95.34,09/27/2024,iPhone,United Kingdom,,-11,
user_04354,control,1.0,41.91,2024-01-02,Android,United States,,299,
user_00509,TRT,,72.55,2024-09-17,tablet,US,24.0,447,
user_03457,control,1.0,104.03,29-05-2024,desktop,IN,60.0,306,
user_00772,treatment,,81.39,24-06-2024,Desktop,USA,55.0,-72,
user_01069,treatment,1.0,31.87,12-01-2024,tablet,United Kingdom,64.0,287,
user_06378,treatment,0.0,103.17,2024-12-20,mobile,US,65.0,183,
user_03604,control,1.0,,2024-05-20,Desktop,USA,29.0,431,
user_04431,treatment,0.0,199.28,2024-05-19,desktop,IN,62.0,0,
user_03857,control,0.0,129.14,01/10/2024,iPhone,United Kingdom,61.0,493,
user_08220,control,2.0,-87.5,2024-10-27,desktop,US,47.0,499,
user_00348,control,1.0,21.79,10/30/2024,desktop,USA,22.0,195,
user_04880,treatment,1.0,93.45,2024-01-03,desktop,US,26.0,84,
user_02871,control,1.0,147.49,03/19/2024,iPhone,USA,62.0,473,
user_05725,treatment,2.0,180.04,10/08/2024,desktop,India,34.0,209,
user_00594,treatment,,178.59,2024-11-15,desktop,US,54.0,36,
user_07838,control,1.0,111.5,23-08-2024,mobile,UK,34.0,167,
user_00341,treatment,1.0,22.97,2024-05-15,tablet,US,46.0,227,
user_01665,treatment,1.0,120.4,2024-06-16,tablet,IN,55.0,75,
user_05300,control,1.0,197.86,17-04-2024,desktop,United Kingdom,25.0,-30,
user_01638,control,1.0,115.74,10/24/2024,tablet,IN,40.0,295,
user_08636,control,1.0,,03-08-2024,desktop,IN,63.0,338,
user_06503,treatment,0.0,105.63,2024-07-03,Android,US,45.0,-26,
user_07850,control,0.0,190.94,2024-10-31,mobile,India,23.0,0,
user_06072,treatment,1.0,48.64,2024-06-19,mobile,USA,,126,
user_08591,treatment,0.0,191.31,2024-08-24,desktop,US,55.0,-49,
user_05600,treatment,0.0,74.5,2024-09-27,desktop,United Kingdom,36.0,68,
user_00618,control,1.0,109.32,2024-03-24,mobile,IN,58.0,564,
user_08427,control,0.0,190.62,16-04-2024,desktop,US,34.0,0,
user_06271,control,1.0,172.65,2024-12-08,tablet,US,63.0,126,
user_05704,control,1.0,195.24,08-11-2024,iPhone,India,47.0,379,
user_00315,treatment,0.0,115.59,12/05/2024,tablet,IN,31.0,598,
user_04925,control,1.0,42.72,2024-08-21,iPhone,USA,65.0,0,
user_03076,control,1.0,,2024-10-18,tablet,USA,64.0,581,
user_06000,treatment,1.0,171.04,2024-09-23,iPhone,US,54.0,117,
user_03480,control,0.0,"445,89",2024-01-10,mobile,USA,44.0,188,
user_04434,treatment,0.0,85.69,29-08-2024,desktop,India,37.0,259,
user_07754,treatment,1.0,29.45,02/26/2024,tablet,US,33.0,93,
user_06870,control,1.0,189.41,2024-08-31,desktop,United Kingdom,41.0,242,
user_00616,TRT,1.0,56.56,2024-04-25,mobile,USA,51.0,96,
user_06534,TRT,1.0,96.1,03/29/2024,desktop,United States,44.0,557,
user_04795,control,,"120,59",10/02/2024,desktop,United Kingdom,49.0,458,
user_01263,Control,0.0,67.9,15-09-2024,mobile,USA,63.0,388,
user_04469,control,0.0,187.13,2024-10-23,Mobile,USA,61.0,89,
user_05015,control,2.0,169.0,2024-05-30,desktop,USA,43.0,595,
user_06929,treatment ,0.0,185.55,02/11/2024,Android,United Kingdom,30.0,382,
user_05269,TRT,,52.18,02/23/2024,tablet,USA,65.0,204,
user_07615,treatment,1.0,110.35,05/02/2024,desktop,UK,39.0,190,
user_02307,control,0.0,163.61,12/03/2024,mobile,US,9.0,285,
user_08118,treatment,1.0,186.47,04/17/2024,mobile,USA,61.0,277,
user_05866,control,1.0,130.22,2024-04-01,desktop,USA,46.0,439,
user_00132,treatment,0.0,38.03,08-09-2024,tablet,UK,43.0,-60,
user_06961,treatment,1.0,100.96,12/19/2024,desktop,USA,18.0,282,
user_07384,treatment,0.0,,2024-02-05,tablet,India,51.0,199,
user_02485,control,0.0,$45.89,2024-10-08,mobile,US,28.0,0,
user_08081,treatment,,13.39,02/23/2024,mobile,US,34.0,307,
user_06681,Control,0.0,110.58,01/08/2024,desktop,US,45.0,127,
user_07963,control,0.0,-88.27,2024-05-01,desktop,United Kingdom,57.0,-77,
user_00224,treatment,1.0,$66.98,09/12/2024,desktop,IN,49.0,462,
user_01597,treatment,0.0,35.32,20-10-2024,tablet,United States,44.0,-73,
user_04164,treatment,,143.62,2024-03-01,mobile,USA,31.0,127,
user_03327,treatment,1.0,46.57,08/23/2024,tablet,United States,26.0,0,
user_06627,control,1.0,32.8,18-09-2024,Mobile,USA,20.0,0,
user_03092,treatment,1.0,25.67,18-11-2024,Mobile,UK,46.0,169,
user_07288,control,1.0,194.07,22-09-2024,mobile,USA,36.0,419,
user_03848,treatment,0.0,47.37,02-11-2024,Desktop,India,59.0,167,
user_06101,Control,1.0,125.54,09/18/2024,Android,United Kingdom,19.0,314,
user_01219,treatment,0.0,195.89,04-01-2024,desktop,US,55.0,294,
user_05271,control,0.0,,2024-08-27,desktop,US,62.0,361,
user_04444,control,0.0,-69.08,2024-06-22,mobile,US,38.0,123,
user_04860,control,1.0,197.4,09/27/2024,desktop,IN,23.0,589,
user_00995,control,1.0,19.67,11-07-2024,desktop,USA,63.0,34,
user_05577,treatment,,13.75,17-08-2024,Android,US,25.0,301,
user_07494,treatment,1.0,117.67,06-09-2024,desktop,US,26.0,193,
user_05636,control,0.0,21.7,2024-03-07,mobile,UK,31.0,522,
user_07299,control,0.0,150.31,14-09-2024,tablet,US,37.0,539,
user_05916,control,,95.28,09-09-2024,tablet,US,46.0,560,
user_01348,treatment,0.0,179.46,04/27/2024,mobile,US,,319,
user_03576,treatment,0.0,96.67,2024-04-05,iPhone,IN,,576,
user_05259,control,1.0,164.53,12/07/2024,tablet,United States,30.0,533,
user_00854,TRT,0.0,179.38,02-08-2024,desktop,UK,38.0,510,
user_03166,treatment ,0.0,48.85,13-05-2024,tablet,IN,35.0,559,
user_06227,treatment,1.0,99.29,12/02/2024,mobile,India,53.0,101,
user_00950,control,0.0,170.02,2024-10-12,tablet,US,37.0,0,
user_00409,treatment,1.0,22.67,12/20/2024,desktop,United States,38.0,264,
user_04369,treatment,1.0,87.07,2024-12-01,mobile,USA,25.0,184,
user_06833, control,0.0,181.87,2024-04-25,mobile ,US,31.0,442,
user_04968, control,1.0,117.48,2024-11-06,desktop ,USA,23.0,0,
user_05971,treatment,1.0,"349,58",2024-01-08,desktop,IN,63.0,0,
user_03231,control,2.0,126.34,29-02-2024,tablet,USA,51.0,191,
user_06544,treatment,1.0,139.01,2024-12-17,tablet,USA,60.0,428,
user_00514,TRT,2.0,174.88,04/05/2024,tablet,USA,33.0,212,
user_08712,treatment,0.0,118.0,2024-02-11,mobile,United States,,268,
user_07454,control,2.0,122.06,05/04/2024,mobile,United States,39.0,524,
user_06480,treatment,1.0,144.95,2024-09-08,tablet,United States,18.0,83,
user_08608,treatment,1.0,20.64,2024-10-16,desktop,United Kingdom,57.0,515,
user_01516,test,0.0,109.72,2024-11-10,tablet,United Kingdom,28.0,85,
user_01712,treatment,1.0,76.82,02/14/2024,mobile,US,27.0,343,
user_07684,treatment,1.0,129.06,2024-11-18,desktop,USA,46.0,82,
user_04978,TRT,0.0,158.52,08/17/2024,desktop,United States,47.0,172,
user_04413,treatment,1.0,33.35,2024-03-24,desktop,India,55.0,468,
user_03966,control,,29.16,2024-09-26,tablet,US,26.0,179,
user_05200,control,1.0,,2024-07-16,mobile,US,30.0,301,
user_00596,control,0.0,,2024-10-26,desktop,IN,61.0,267,
user_00876,control,1.0,176.52,09/08/2024,Desktop,US,56.0,439,
user_04216,Control,0.0,-89.66,11-06-2024,tablet,IN,47.0,380,
user_06983,control,0.0,55.78,2024-04-27,iPhone,UK,51.0,307,
user_07606,control,0.0,30.97,2024-06-04,mobile,US,63.0,494,
user_04460,control,0.0,103.93,03/17/2024,tablet,United States,44.0,444,
user_05942,control,1.0,,2024-06-23,mobile,US,42.0,512,
user_04876,control,0.0,179.89,07/25/2024,mobile,US,39.0,219,
user_01398,treatment,2.0,93.83,21-04-2024,desktop,USA,54.0,558,
user_02981,control,1.0,126.37,03-06-2024,desktop,US,26.0,337,
user_02177,control,0.0,181.49,17-12-2024,desktop,United States,28.0,0,
user_05941,control,1.0,186.44,05/04/2024,tablet,US,22.0,294,
user_07834, TRT,1.0,52.42,20-07-2024,mobile ,US,62.0,524,
user_07183,treatment,1.0,"871,19",08-01-2024,iPhone,US,52.0,51,
user_02836,Control,0.0,61.22,03/02/2024,desktop,US,64.0,278,
user_00488,control,0.0,151.77,2024-08-04,mobile,United Kingdom,58.0,197,
user_05743,Control,,139.38,10-09-2024,mobile,IN,,280,
user_08951,control,1.0,$152.38,2024-11-23,tablet,US,40.0,270,
user_02261,control,,98.92,2024-07-08,desktop,US,34.0,538,
user_05792,treatment,0.0,198.63,2024-08-31,mobile,US,44.0,408,
user_05244,treatment,1.0,42.81,2024-12-15,desktop,UK,27.0,188,
user_06692,treatment,0.0,35.91,07/13/2024,tablet,USA,51.0,374,
user_05434,control,,72.81,06/25/2024,desktop,US,21.0,97,
user_03654,treatment,1.0,135.25,05/22/2024,iPhone,USA,29.0,274,
user_01254,control,1.0,114.62,2024-07-13,mobile,IN,47.0,83,
user_05149,TRT,0.0,162.12,09/06/2024,desktop,United States,32.0,-15,
user_07474,control,0.0,-47.08,12-05-2024,desktop,India,64.0,391,
user_05454,control,0.0,54.73,04-09-2024,tablet,US,48.0,77,
user_08880,treatment,,"414,13",10-03-2024,mobile,US,30.0,431,
user_05622,treatment ,1.0,58.92,2024-10-06,Desktop,United Kingdom,65.0,0,
user_02568,treatment,0.0,89.0,06/14/2024,tablet,India,20.0,117,
user_08462,treatment,1.0,20124.73,2024-11-04,desktop,United Kingdom,42.0,278,
user_07219,control,1.0,153.92,03/14/2024,desktop,US,26.0,532,
user_08036,control,0.0,188.81,16-05-2024,iPhone,USA,46.0,276,
user_06851,treatment,1.0,$54.85,02/28/2024,desktop,US,51.0,79,
user_02119,control,1.0,99.33,2024-08-25,mobile,US,60.0,353,
user_02067,treatment ,0.0,,09/01/2024,Desktop,US,49.0,0,
user_01630,control,,115.52,19-02-2024,tablet,IN,55.0,-66,
user_02320,treatment,2.0,29.91,06/21/2024,desktop,US,63.0,402,
user_00209,control,1.0,152.4,17-02-2024,tablet,India,27.0,225,
user_02305,control,0.0,129.06,17-03-2024,desktop,US,24.0,151,
user_03365,control,1.0,33.69,06-01-2024,desktop,UK,36.0,180,
user_01314,treatment,1.0,117.36,2024-03-12,iPhone,United States,32.0,284,
user_07960, treatment,1.0,172.85,05/28/2024,mobile ,USA,49.0,314,
user_00121,treatment,1.0,,22-06-2024,mobile,IN,,547,
user_03531,control,2.0,144.82,2024-05-09,tablet,India,18.0,277,
user_06333,control,0.0,89.5,2024-09-03,Mobile,India,29.0,140,
user_07936,treatment,0.0,31.59,20-06-2024,mobile,USA,62.0,593,
user_08163,treatment,1.0,69.97,10-12-2024,desktop,US,58.0,-67,
user_03759,control,0.0,94.41,01-04-2024,desktop,IN,40.0,-72,
user_01777,treatment ,1.0,139.51,2024-03-24,Desktop,IN,34.0,361,
user_05477,treatment,,,09/04/2024,desktop,US,41.0,0,
user_03662,control,,197.89,29-01-2024,mobile,USA,42.0,317,
user_08721, treatment,1.0,61.85,02/09/2024,tablet ,India,29.0,464,
user_04852,TRT,0.0,,2024-08-14,Android,United Kingdom,28.0,35,
user_07533, treatment,0.0,165.53,01/23/2024,Desktop ,US,23.0,220,
user_07990,control,1.0,"310,88",2024-03-10,iPhone,India,64.0,300,
user_01818,control,2.0,168.89,2024-10-28,Desktop,United Kingdom,54.0,288,
user_02033,control,1.0,148.18,2024-03-01,mobile,US,39.0,-43,
user_01401,treatment,0.0,35.3,2024-11-05,mobile,USA,31.0,160,
user_05264,TRT,0.0,102.76,26-07-2024,desktop,IN,34.0,562,
user_05592,treatment,1.0,"994,45",12/25/2024,desktop,India,51.0,98,
user_05709,control,1.0,163.13,2024-12-09,Android,United Kingdom,37.0,-76,
user_07683,control,0.0,99.88,2024-10-17,tablet,US,57.0,514,
user_08084,treatment,0.0,89.64,2024-02-12,mobile,US,45.0,153,
user_05591,control,0.0,71.11,2024-10-23,desktop,India,64.0,251,
user_00258,control,0.0,193.32,06-06-2024,tablet,UK,41.0,0,
user_04965,treatment,1.0,80.58,2024-01-18,iPhone,IN,48.0,258,
user_00143,treatment,1.0,47.43,2024-07-13,Mobile,United States,65.0,95,
user_08845,control,0.0,110.33,04/01/2024,Mobile,United States,55.0,501,
user_02950,control,1.0,145.75,17-05-2024,desktop,USA,26.0,303,
user_02907,treatment,0.0,114.35,05-07-2024,Mobile,US,41.0,65,
user_08897,control,1.0,151.13,12/11/2024,Mobile,United States,62.0,175,
user_03357,control,,29.59,2024-05-17,mobile,United Kingdom,50.0,466,
user_04989,treatment,0.0,194.6,2024-04-21,mobile,US,56.0,203,
user_03987,treatment,1.0,113.69,2024-07-17,desktop,UK,52.0,491,
user_02949,control,1.0,62.84,07/30/2024,mobile,United Kingdom,60.0,0,
user_06916,treatment,1.0,191.83,2024-04-04,desktop,US,44.0,338,
user_08619,control,1.0,91.99,2024-10-30,Android,US,40.0,176,
user_00542,treatment,0.0,141.33,03/13/2024,desktop,India,26.0,324,
user_01479,treatment,,39.95,04-09-2024,mobile,US,18.0,508,
user_07968,treatment ,0.0,25.71,2024-07-16,desktop,USA,29.0,508,
user_00788,TRT,0.0,191.9,05/20/2024,Mobile,UK,62.0,372,
user_04923,control,2.0,90.19,23-12-2024,mobile,US,48.0,134,
user_06682,treatment,1.0,153.87,07/07/2024,tablet,US,32.0,358,
user_02242,control,1.0,158.17,28-06-2024,Desktop,UK,19.0,213,
user_02252,treatment,0.0,56.8,09/19/2024,tablet,US,33.0,95,
user_00527,control,1.0,$178.46,05/16/2024,desktop,US,48.0,77,
user_06720,control,1.0,164.53,14-12-2024,desktop,US,24.0,0,
user_06487,control,1.0,20.52,2024-11-06,mobile,US,57.0,369,
user_00865,control,1.0,179.69,2024-10-10,tablet,UK,,559,
user_04557,treatment,1.0,"180,66",2024-04-10,tablet,USA,30.0,320,
user_03293,treatment,,92.68,18-05-2024,mobile,US,18.0,0,
user_08678,treatment,1.0,85.49,08-09-2024,Desktop,US,50.0,0,
user_01961,control,1.0,151.49,12/19/2024,iPhone,India,44.0,81,
user_03621,treatment,,90.6,2024-01-07,iPhone,UK,37.0,0,
user_08892,treatment,1.0,68.93,30-08-2024,desktop,US,50.0,156,
user_05290,control,0.0,66.36,2024-08-20,Mobile,US,,574,
user_02785,control,1.0,135.99,22-01-2024,Mobile,United States,,552,
user_08191,control,1.0,184.53,01/06/2024,iPhone,USA,33.0,502,
user_02913,control,0.0,159.56,09/11/2024,mobile,US,21.0,481,
user_02276,control,0.0,,2024-10-09,mobile,US,38.0,191,
user_00629, control,,50.79,20-12-2024,mobile ,USA,65.0,437,
user_05086,control,2.0,-80.04,2024-06-14,tablet,US,27.0,142,
user_01686,treatment,1.0,20.32,10/15/2024,desktop,USA,25.0,300,
user_08436,control,,$153.3,09/15/2024,mobile,India,26.0,378,
user_00164,control,1.0,133.5,15-06-2024,tablet,UK,19.0,138,
user_04619,treatment,1.0,36312.84,07/16/2024,tablet,USA,57.0,458,
user_08035,control,1.0,159.27,2024-07-16,desktop,India,30.0,477,
user_03210,treatment,2.0,33.51,2024-03-04,desktop,United Kingdom,43.0,500,
user_00390,Control,0.0,105.27,06-08-2024,desktop,US,18.0,182,
user_01094,control,1.0,164.96,03/16/2024,desktop,IN,25.0,114,
user_00054,control,0.0,$177.47,2024-04-08,mobile,USA,34.0,61,
user_02283,treatment,1.0,"804,69",2024-07-12,mobile,United States,41.0,493,
user_03645,treatment,1.0,,04/13/2024,desktop,UK,53.0,499,
user_05195,treatment,0.0,98.71,2024-11-23,mobile,USA,43.0,233,
user_02295,control,0.0,122.32,2024-02-02,tablet,United States,45.0,538,
user_02972,treatment,0.0,160.68,01/11/2024,tablet,UK,56.0,257,
user_07071,test,0.0,110.67,04/28/2024,mobile,US,,75,
user_00153,treatment,1.0,81.32,12/11/2024,desktop,US,21.0,136,
user_05582,control,0.0,14.58,11/19/2024,Desktop,US,40.0,-30,
user_04405,treatment,0.0,60.75,13-08-2024,desktop,US,21.0,455,
user_04002,treatment,1.0,178.33,10/02/2024,tablet,India,23.0,363,
user_00836,control,0.0,84.35,2024-04-02,Mobile,United Kingdom,27.0,264,
user_06344,treatment,1.0,34.99,08/02/2024,desktop,United States,50.0,247,
user_02091,control,2.0,96.94,09/10/2024,iPhone,UK,31.0,279,
user_08446,treatment,1.0,,2024-11-28,desktop,USA,7.0,487,
user_06292,treatment,1.0,$110.73,25-03-2024,desktop,UK,26.0,593,
user_03208,control,1.0,33.15,09-11-2024,desktop,India,56.0,523,
user_07927,control,0.0,"125,55",11/24/2024,tablet,United States,44.0,111,
user_04462,treatment ,1.0,15.96,09/13/2024,tablet,IN,63.0,186,
user_07605,TRT,1.0,113.57,10/22/2024,Desktop,United States,54.0,141,
user_04240,treatment,1.0,149.38,2024-01-31,tablet,UK,29.0,125,
user_02138,treatment ,2.0,182.1,2024-09-11,iPhone,India,42.0,195,
user_00050,TRT,,13.12,2024-08-15,Android,US,33.0,49,
user_06758,treatment,1.0,77.11,12/10/2024,Desktop,UK,27.0,150,
user_03672,treatment,,58.09,2024-05-28,tablet,UK,52.0,313,
user_00399,treatment,1.0,149.0,2024-07-13,desktop,IN,38.0,0,
user_03120,control,0.0,49734.47,15-10-2024,desktop,India,49.0,203,
user_03643,control,1.0,24.18,16-05-2024,iPhone,United Kingdom,41.0,163,
user_05443, control,2.0,42.67,2024-02-15,tablet ,India,21.0,0,
user_01604,treatment,1.0,137.67,04/21/2024,mobile,US,57.0,0,
user_06483,treatment,1.0,81.06,28-01-2024,iPhone,USA,50.0,543,
user_05868,control,1.0,,2024-05-26,tablet,UK,25.0,-37,
user_01589,control,0.0,33.55,2024-05-31,desktop,IN,,389,
user_02564, control,0.0,139.44,06/12/2024,iPhone ,IN,41.0,-35,
user_08966,treatment,1.0,$22.28,2024-11-24,tablet,IN,31.0,42,
user_05536,control,1.0,191.92,2024-12-14,desktop,IN,51.0,588,
user_02622,treatment,1.0,,2024-04-28,tablet,United States,44.0,224,
user_03992,treatment,0.0,$77.87,2024-03-31,tablet,United States,36.0,435,
user_00783,treatment,0.0,75.07,05/22/2024,mobile,India,63.0,133,
user_06854,Control,0.0,94.32,07/17/2024,iPhone,US,60.0,0,
user_00369,Control,0.0,162.02,2024-09-16,mobile,UK,25.0,204,
user_05301,treatment ,1.0,142.41,05/23/2024,mobile,United Kingdom,59.0,508,
user_00769,treatment ,2.0,168.69,09/08/2024,mobile,United States,22.0,158,
user_04457,control,1.0,33.45,2024-11-24,mobile,United Kingdom,56.0,437,
user_06494,control,1.0,158.85,2024-04-20,mobile,US,18.0,593,
user_07311,control,0.0,,2024-08-29,mobile,UK,23.0,498,
user_03121,Control,1.0,61.8,2024-05-03,desktop,IN,50.0,171,
user_04226,TRT,0.0,,2024-09-06,desktop,USA,29.0,-50,
user_05962,treatment,1.0,180.74,2024-05-10,mobile,USA,28.0,192,
user_00784,control,0.0,-76.3,2024-05-09,tablet,USA,32.0,150,
user_01414,treatment,1.0,50.74,2024-03-31,mobile,US,50.0,267,
user_00392,control,1.0,180.57,2024-06-30,Desktop,USA,32.0,38,
user_06698,treatment,0.0,178.37,2024-02-02,desktop,IN,65.0,207,
user_00878,control,2.0,177.39,07/12/2024,tablet,US,45.0,37,
user_02453,test,0.0,51.21,2024-11-27,desktop,US,24.0,147,
user_08500,control,1.0,$123.92,2024-12-12,Desktop,USA,35.0,469,
user_00544,control,1.0,"622,31",2024-02-09,desktop,USA,57.0,36,
user_01684,control,,72.87,06-09-2024,desktop,United States,19.0,99,
user_04766,treatment,,155.64,2024-01-06,Desktop,USA,39.0,582,
user_07314,treatment,0.0,144.09,2024-06-23,mobile,India,52.0,484,
user_08631,treatment,0.0,"666,39",04/05/2024,mobile,United Kingdom,,568,
user_08455,treatment,0.0,14.74,15-08-2024,desktop,US,55.0,-95,
user_07866,treatment ,1.0,135.38,06/07/2024,desktop,US,43.0,526,
user_07340,control,1.0,141.93,29-12-2024,mobile,US,62.0,362,
user_07972,control,,197.23,2024-12-01,desktop,UK,52.0,314,
user_00007,treatment,,53.55,2024-05-03,tablet,United States,62.0,264,
user_03791,treatment,1.0,81.39,20-08-2024,desktop,USA,19.0,273,
user_04441,control,0.0,33.63,02/22/2024,desktop,United Kingdom,62.0,387,
user_00298,treatment,2.0,16.52,06/11/2024,desktop,UK,29.0,250,
user_06470,treatment,0.0,,11/29/2024,mobile,US,23.0,218,
user_02944,treatment,1.0,"248,58",2024-05-13,desktop,India,65.0,355,
user_03748,control,0.0,45.66,2024-12-31,mobile,India,44.0,181,
user_03450,control,1.0,,12-01-2024,desktop,India,62.0,442,
user_05565,control,0.0,,02/13/2024,desktop,US,65.0,499,
user_05649,treatment,0.0,52.48,09/27/2024,tablet,India,,49,
user_08606,control,0.0,167.71,10/04/2024,mobile,UK,26.0,420,
user_00357, control,1.0,55.78,03-04-2024,tablet ,India,30.0,370,
user_00520,control,1.0,92.27,2024-02-02,mobile,USA,56.0,392,
user_02222,treatment,1.0,73.4,2024-10-21,tablet,USA,39.0,475,
user_03301,treatment,1.0,167.52,03/06/2024,mobile,US,52.0,-52,
user_04009,control,0.0,196.33,08/13/2024,tablet,US,40.0,419,
user_06639,control,,,01/09/2024,mobile,IN,64.0,36,
user_03345,treatment,2.0,187.92,01-04-2024,mobile,US,21.0,213,
user_00916,control,,57.77,12/05/2024,tablet,IN,28.0,356,
user_01463,treatment,,118.99,2024-08-23,tablet,United States,41.0,237,
user_03313,control,1.0,138.97,26-04-2024,mobile,USA,51.0,50,
user_01284,treatment,0.0,140.0,2024-12-07,tablet,USA,44.0,247,
user_00018,control,1.0,175.46,09/24/2024,desktop,US,48.0,225,
user_00555,treatment,2.0,89.12,2024-06-28,Android,US,38.0,-60,
user_03661,control,1.0,159.92,2024-11-04,tablet,India,54.0,320,
user_02887,treatment,0.0,-74.31,10/16/2024,tablet,US,53.0,0,
user_07997,control,2.0,146.09,10-06-2024,tablet,India,63.0,394,
user_03193,control,,104.69,10-08-2024,mobile,USA,34.0,-37,
user_08866,TRT,1.0,184.2,21-12-2024,desktop,United Kingdom,24.0,178,
user_08299,control,1.0,182.53,2024-01-30,Desktop,US,27.0,370,
user_00442,control,1.0,40113.44,07-12-2024,iPhone,UK,62.0,57,
user_07313,control,0.0,58.38,2024-10-24,mobile,United States,,438,
user_01663,control,1.0,51.12,04/29/2024,desktop,IN,31.0,319,
user_03956,treatment ,,133.59,24-11-2024,mobile,USA,47.0,86,
user_03319,treatment,0.0,75.84,11-06-2024,desktop,USA,52.0,201,
user_06689,control,1.0,47.44,31-08-2024,mobile,USA,29.0,174,
user_05769,treatment,0.0,$129.68,10-12-2024,iPhone,United States,37.0,378,
user_03243,control,1.0,118.43,05/15/2024,Android,United States,39.0,545,
user_03441,treatment,0.0,141.05,2024-02-02,Android,UK,39.0,239,
user_06895,control,0.0,,2024-09-23,mobile,IN,45.0,523,
user_05023,control,0.0,52.91,2024-03-12,desktop,USA,20.0,155,
user_07342,treatment,1.0,121.13,04-01-2024,mobile,India,43.0,0,
user_00907,treatment,0.0,112.38,2024-01-01,desktop,US,49.0,280,
user_00671,control,0.0,178.18,04-08-2024,tablet,USA,28.0,0,
user_03416,control,0.0,91.12,12/30/2024,mobile,US,58.0,343,
user_03250,control,1.0,45.29,2024-01-21,tablet,India,23.0,162,
user_06177,control,0.0,94.57,06/21/2024,mobile,IN,,520,
user_02122, treatment ,,79.39,02/05/2024,desktop ,IN,56.0,563,
user_07983,control,1.0,$84.97,12/21/2024,mobile,India,52.0,113,
user_03809,treatment,1.0,,2024-04-08,mobile,USA,59.0,232,
user_04597,TRT,0.0,123.4,2024-01-07,desktop,IN,29.0,564,
user_00023,control,1.0,52.31,24-04-2024,tablet,US,,232,
user_07671,treatment,1.0,115.79,2024-09-01,desktop,USA,18.0,186,
user_04806,control,0.0,93.69,07/30/2024,Desktop,US,41.0,481,
user_05545,treatment,1.0,66.49,13-12-2024,tablet,USA,47.0,489,
user_06834,control,1.0,,2024-10-06,Android,UK,59.0,415,
user_02821,treatment,,163.13,02-02-2024,mobile,USA,63.0,499,
user_05394,control,2.0,87.02,08/27/2024,Desktop,US,,448,
user_02334,control,1.0,182.21,2024-06-26,desktop,USA,64.0,432,
user_06236,control,1.0,$129.28,13-02-2024,desktop,IN,34.0,0,
user_08390,control,1.0,-62.14,10/19/2024,Mobile,IN,23.0,461,
user_00405,Control,0.0,,2024-12-20,desktop,United Kingdom,26.0,555,
user_01418,control,1.0,110.46,2024-09-03,desktop,United Kingdom,42.0,0,
user_00751,control,0.0,154.17,2024-05-16,desktop,UK,37.0,242,
user_00935,treatment,2.0,133.9,07/31/2024,mobile,USA,56.0,145,
user_05563,treatment,0.0,105.2,2024-06-21,tablet,US,27.0,175,
user_03626,treatment ,1.0,153.32,26-11-2024,desktop,USA,51.0,72,
user_04985,control,0.0,,11-05-2024,desktop,USA,27.0,159,
user_00240,control,1.0,35.37,12/27/2024,mobile,United States,29.0,-56,
user_01436,treatment,0.0,59.48,04/12/2024,tablet,US,41.0,0,
user_00717,control,0.0,"604,43",10-04-2024,iPhone,US,24.0,215,
user_05046,treatment,0.0,35.3,2024-11-05,mobile,USA,31.0,160,
user_00525,Control,1.0,146.46,01-01-2024,desktop,IN,63.0,270,
user_05994,treatment,1.0,"770,77",13-04-2024,desktop,USA,18.0,491,
user_03875,control,0.0,26.64,2024-07-12,desktop,India,30.0,161,
user_08296,control,0.0,22.72,03-12-2024,desktop,US,18.0,518,
user_08916,treatment,0.0,115.96,2024-07-01,mobile,USA,58.0,579,
user_08698,test,1.0,56.85,06/03/2024,tablet,US,38.0,221,
user_04685,TRT,0.0,108.56,01-03-2024,tablet,IN,58.0,110,
user_02687,treatment,1.0,39.68,2024-04-12,Android,US,53.0,404,
user_00743,control,2.0,187.68,15-05-2024,Desktop,USA,30.0,292,
user_05307,treatment,1.0,197.18,2024-06-12,tablet,US,,494,
user_00626,treatment,,73.89,2024-12-04,tablet,USA,21.0,316,
user_02865,TRT,1.0,107.21,2024-01-15,tablet,India,56.0,390,
user_04321,TRT,1.0,162.82,2024-04-10,Mobile,United States,23.0,187,
user_00374,control,1.0,136.33,2024-02-18,desktop,USA,31.0,-73,
user_06491,control,1.0,143.71,08/23/2024,Desktop,US,40.0,-97,
user_05452,control,0.0,133.03,10/28/2024,desktop,UK,27.0,300,
user_06087,treatment,1.0,113.96,03-09-2024,desktop,IN,52.0,-48,
user_07792,treatment,,,2024-05-21,Android,United Kingdom,48.0,404,
user_05603,treatment,0.0,147.5,2024-02-19,Android,US,,269,
user_05242,TRT,0.0,69.79,22-01-2024,desktop,US,37.0,-81,
user_03065,treatment,1.0,-33.94,2024-10-26,desktop,US,52.0,427,
user_02768,TRT,1.0,-24.84,11/13/2024,tablet,United States,,586,
user_02274,treatment,1.0,162.38,19-12-2024,mobile,USA,45.0,255,
user_00922,control,1.0,17.58,2024-01-16,mobile,US,45.0,412,
user_07466,treatment,0.0,$185.32,06/22/2024,mobile,US,,0,
user_08275, treatment,1.0,87.86,01/10/2024,Desktop ,United Kingdom,52.0,257,
user_05416,control,1.0,173.0,05-04-2024,desktop,United Kingdom,20.0,344,
user_02829,treatment,0.0,,2024-10-20,iPhone,USA,34.0,310,
user_00271, control,1.0,25.74,03/16/2024,tablet ,USA,58.0,0,
user_00357,test,0.0,,05/19/2024,desktop,US,,0,
user_04476,control,1.0,156.83,29-03-2024,tablet,USA,32.0,138,
user_08769,control,1.0,79.96,02/05/2024,tablet,US,60.0,-16,
user_07610,treatment,0.0,86.63,02/18/2024,tablet,United States,21.0,0,
user_02483,treatment,0.0,161.22,09/07/2024,mobile,United States,,242,
user_00207,treatment,0.0,"579,20",2024-05-30,mobile,US,19.0,100,
user_04812,treatment,0.0,142.58,2024-06-06,mobile,USA,19.0,537,
user_02401,TRT,0.0,120.06,03-01-2024,mobile,United Kingdom,64.0,255,
user_05968,treatment,0.0,133.38,2024-05-24,tablet,USA,58.0,131,
user_01229,treatment ,0.0,100.52,2024-12-24,desktop,United States,24.0,592,
user_08864,control,0.0,183.27,07/29/2024,tablet,India,31.0,81,
user_00121,control,0.0,134.51,2024-04-26,iPhone,IN,22.0,0,
user_08192,treatment,,$96.25,26-06-2024,mobile,US,59.0,-24,
user_03879,treatment,1.0,"642,90",24-06-2024,mobile,India,30.0,193,
user_07575,treatment,0.0,190.51,2024-10-07,mobile,United States,49.0,76,
user_02921,control,0.0,167.79,08/25/2024,mobile,India,25.0,142,
user_00345,treatment,1.0,24591.24,02/03/2024,tablet,US,62.0,274,
user_00068,treatment,1.0,185.85,2024-01-02,desktop,USA,38.0,429,
user_05726,control,1.0,14.92,04-04-2024,tablet,United States,51.0,564,
user_00633,treatment,1.0,183.26,2024-12-30,Mobile,US,24.0,152,
user_00795,treatment,0.0,-13.5,12/20/2024,tablet,US,30.0,79,
user_03184,test,1.0,140.67,03/21/2024,desktop,IN,21.0,319,
user_08463,treatment,1.0,47.02,03-10-2024,iPhone,US,18.0,248,
user_02964,control,1.0,110.11,12/12/2024,desktop,USA,41.0,348,
user_01829,treatment ,1.0,69.37,11/16/2024,desktop,IN,,102,
user_04100,treatment,,11.18,06/16/2024,tablet,US,43.0,56,
user_04092,treatment,,118.71,06/24/2024,Mobile,United States,34.0,248,
user_00131,Control,0.0,20.24,06/27/2024,mobile,IN,63.0,367,
user_01632,control,0.0,,20-06-2024,desktop,US,33.0,0,
user_01849,test,0.0,52.56,2024-12-21,desktop,IN,57.0,324,
user_01863,control,2.0,70.59,12/15/2024,tablet,US,40.0,518,
user_05513,control,0.0,80.38,28-05-2024,tablet,United States,7.0,161,
user_05772,TRT,0.0,38.7,14-01-2024,mobile,IN,21.0,58,
user_07453,control,1.0,94.4,2024-08-11,mobile,US,47.0,105,
user_07318,control,1.0,26.01,03-03-2024,desktop,US,60.0,59,
user_00830,control,,180.72,01/23/2024,desktop,United Kingdom,64.0,319,
user_04780,treatment,0.0,,2024-02-12,mobile,UK,52.0,236,
user_03326,control,1.0,110.45,2024-09-25,tablet,IN,33.0,51,
user_03515,TRT,1.0,192.34,08/30/2024,mobile,US,34.0,505,
user_04899,treatment,0.0,,06/07/2024,Mobile,United Kingdom,37.0,411,
user_01876,Control,1.0,107.12,2024-12-06,mobile,UK,33.0,144,
user_05333,treatment,1.0,21.16,31-07-2024,Desktop,USA,40.0,305,
user_04592,control,1.0,177.51,07/17/2024,desktop,India,29.0,237,
user_08955,treatment,1.0,12.39,2024-06-30,desktop,USA,37.0,130,
user_03491,treatment,,142.52,09/29/2024,desktop,United Kingdom,56.0,175,
user_00683,treatment,1.0,125.46,07-05-2024,Desktop,USA,45.0,345,
user_04792,control,0.0,119.06,2024-04-09,Android,USA,,498,
user_07937,treatment,1.0,,09/06/2024,desktop,United States,23.0,526,
user_00342,treatment,0.0,$106.83,2024-04-13,Mobile,India,53.0,528,
user_07586,control,1.0,120.31,12/30/2024,mobile,USA,35.0,98,
user_08594,control,1.0,16.64,2024-09-26,Android,US,65.0,314,
user_01221,control,1.0,110.82,01/14/2024,desktop,United States,19.0,0,
user_04578,treatment,0.0,-15.95,18-05-2024,tablet,IN,63.0,152,
user_00407,Control,0.0,19.66,09-11-2024,mobile,IN,44.0,247,
user_01662,treatment,0.0,139.91,25-01-2024,Android,USA,29.0,258,
user_00268,control,,26.27,09/17/2024,Desktop,USA,20.0,478,
user_07564,control,1.0,145.37,14-09-2024,tablet,United Kingdom,62.0,101,
user_01501,treatment,0.0,128.31,2024-10-26,Desktop,US,32.0,577,
user_03486,control,0.0,40.59,09/13/2024,mobile,US,62.0,486,
user_08146,treatment,1.0,29.53,01/29/2024,tablet,United States,55.0,33,
user_02796,control,0.0,46.56,2024-01-20,iPhone,India,30.0,166,
user_08311,control,0.0,39.55,2024-01-02,tablet,India,26.0,119,
user_00279,TRT,1.0,134.17,10-09-2024,mobile,UK,31.0,-85,
user_00616,treatment,1.0,177.9,09/28/2024,iPhone,USA,63.0,236,
user_00356,treatment,1.0,173.86,2024-05-05,Desktop,United Kingdom,53.0,455,
user_00809,control,0.0,12.07,05/13/2024,tablet,US,27.0,160,
user_08225,control,0.0,44.32,28-05-2024,mobile,US,55.0,379,
user_02472,control,1.0,153.58,07/01/2024,tablet,US,49.0,126,
user_01020,control,0.0,109.8,19-07-2024,desktop,IN,57.0,157,
user_06131,treatment,2.0,132.77,05/16/2024,mobile,India,28.0,188,
user_00761,treatment,0.0,135.09,01/30/2024,tablet,India,55.0,584,
user_03658,control,1.0,118.67,05-12-2024,tablet,US,59.0,-85,
user_00586,control,0.0,194.51,2024-01-24,tablet,USA,38.0,546,
user_05471,treatment,1.0,44228.85,01/23/2024,desktop,USA,54.0,58,
user_00279,control,0.0,12.63,14-06-2024,tablet,US,28.0,46,
user_07150,control,0.0,-47.98,21-04-2024,desktop,India,51.0,0,
user_04119,control,0.0,15.67,02/27/2024,desktop,USA,19.0,276,
user_06807,Control,0.0,43.56,21-09-2024,tablet,United States,32.0,82,
user_03202,control,0.0,24.83,17-05-2024,desktop,USA,23.0,118,
user_08335,control,0.0,18.28,2024-10-28,desktop,United States,51.0,71,
user_05164,control,0.0,19.16,2024-08-31,desktop,United Kingdom,50.0,180,
user_02196,control,0.0,40.19,2024-07-25,tablet,US,62.0,511,
user_00590,control,1.0,$31.22,06/28/2024,tablet,United Kingdom,32.0,41,
user_02814,treatment,0.0,21.27,2024-04-03,desktop,US,43.0,437,
user_01154,treatment,0.0,,2024-11-23,tablet,USA,21.0,121,
user_01107,control,0.0,180.18,08-03-2024,mobile,United Kingdom,51.0,224,
user_07400,treatment ,1.0,27.76,05/02/2024,mobile,United States,20.0,198,
user_01041,control,0.0,"280,56",2024-07-03,tablet,UK,46.0,335,
user_05979,TRT,1.0,85.99,26-08-2024,tablet,United States,30.0,208,
user_00406,treatment,0.0,194.58,2024-11-05,tablet,USA,35.0,147,
user_00216,treatment,0.0,-40.02,17-11-2024,Desktop,UK,47.0,343,
user_07028,treatment,0.0,56.61,2024-04-12,desktop,US,46.0,168,
user_07030,treatment,1.0,51.58,2024-08-07,tablet,United States,38.0,0,
user_05574,treatment,0.0,"879,54",2024-11-14,mobile,USA,40.0,403,
user_02989,control,1.0,,2024-01-28,tablet,USA,63.0,473,
user_06446,control,1.0,"129,21",30-08-2024,Mobile,USA,20.0,544,
user_05789,treatment,1.0,70.56,05/23/2024,desktop,USA,52.0,409,
user_05096,Control,,,12/06/2024,Desktop,USA,31.0,296,
user_00177,control,0.0,113.89,27-01-2024,Desktop,US,26.0,187,
user_02355,control,,135.16,10/08/2024,desktop,IN,64.0,0,
user_06667,treatment,1.0,193.92,03/03/2024,mobile,USA,10.0,397,
user_03635,treatment,0.0,17.02,04/01/2024,desktop,USA,38.0,283,
user_05948,control,0.0,136.62,2024-06-21,mobile,UK,12.0,487,
user_06365,treatment,0.0,102.84,03-04-2024,Mobile,US,18.0,141,
user_07355,treatment,1.0,135.43,11-02-2024,tablet,USA,21.0,455,
user_07753,test,0.0,189.97,07/18/2024,Mobile,US,28.0,103,
user_01305,control,0.0,182.32,01/24/2024,tablet,UK,47.0,-15,
user_05079,treatment ,1.0,92.18,2024-01-11,desktop,US,51.0,193,
user_00569,treatment,0.0,189.78,29-02-2024,mobile,USA,24.0,313,
user_05557,control,0.0,144.4,2024-05-05,Mobile,USA,51.0,541,
user_08394,treatment,0.0,29.83,2024-09-07,mobile,IN,18.0,280,
user_03535,treatment,0.0,47.06,04/24/2024,mobile,India,21.0,67,
user_03432,treatment,0.0,13.55,16-06-2024,tablet,United States,,266,
user_04519,test,1.0,188.15,01/21/2024,mobile,India,61.0,600,
user_03089,control,1.0,194.89,19-07-2024,mobile,India,26.0,337,
user_05034,control,2.0,182.09,2024-08-07,tablet,US,44.0,351,
user_05762,treatment,,-45.48,12/29/2024,mobile,UK,60.0,179,
user_04010,TRT,0.0,-95.77,03-09-2024,desktop,United Kingdom,63.0,148,
user_08975,treatment,0.0,27.12,22-02-2024,desktop,United Kingdom,44.0,555,
user_01074,control,1.0,196.32,2024-03-27,tablet,USA,,483,
user_05087,control,0.0,134.23,2024-04-14,desktop,IN,60.0,197,
user_00107,treatment,1.0,169.45,27-07-2024,desktop,US,63.0,522,
user_06481,control,1.0,180.01,2024-08-20,Android,US,60.0,103,
user_07723,TRT,2.0,26.27,19-04-2024,mobile,United States,27.0,287,
user_06658,treatment,0.0,47.66,07/28/2024,desktop,UK,53.0,261,
user_06909,control,1.0,171.58,07/27/2024,Desktop,India,22.0,406,
user_02651,treatment,0.0,173.83,15-06-2024,mobile,United States,27.0,162,
user_08410,treatment,0.0,165.66,2024-08-01,mobile,India,19.0,316,
user_08829,treatment,0.0,99.4,18-08-2024,mobile,India,56.0,563,
user_03547,treatment,,18.99,04/07/2024,mobile,US,55.0,414,
user_07727,test,0.0,165.72,23-10-2024,desktop,USA,38.0,230,
user_07226,control,1.0,14.93,02/06/2024,tablet,United Kingdom,34.0,429,
user_07341,treatment,0.0,,01-07-2024,mobile,USA,31.0,235,
user_01296,treatment,1.0,,10/15/2024,Desktop,United Kingdom,23.0,382,
user_06362,treatment,1.0,99.42,2024-01-26,mobile,USA,52.0,71,
user_01939,control,2.0,"803,15",27-08-2024,tablet,US,64.0,76,
user_04954,treatment,,"101,78",2024-09-04,mobile,IN,60.0,-87,
user_00906,Control,0.0,,2024-07-06,tablet,United Kingdom,21.0,511,
user_02806,treatment,0.0,71.93,02/26/2024,Android,USA,50.0,148,
user_08805,control,1.0,47.58,2024-11-08,desktop,India,59.0,503,
user_08581,control,0.0,83.96,04/10/2024,tablet,India,49.0,130,
user_00170,control,1.0,133.4,07/02/2024,tablet,US,37.0,529,
user_03414,control,0.0,112.9,2024-05-11,tablet,IN,46.0,404,
user_01708,control,1.0,123.25,2024-05-26,desktop,US,60.0,163,
user_07766,treatment,1.0,98.86,2024-02-23,Android,USA,44.0,420,
user_01810,control,0.0,65.86,05/04/2024,Desktop,US,,150,
user_01802,control,0.0,116.45,01/18/2024,mobile,US,65.0,551,
user_01677,control,0.0,105.72,12/31/2024,mobile,US,56.0,196,
user_08298,control,1.0,47.04,2024-06-28,desktop,USA,43.0,473,
user_00872,control,1.0,20.25,2024-09-26,mobile,IN,29.0,140,
user_06022,treatment,1.0,140.28,29-09-2024,desktop,UK,64.0,174,
user_03519,TRT,0.0,180.08,08/26/2024,tablet,US,53.0,437,
user_08482,treatment,0.0,35.45,2024-11-14,iPhone,IN,52.0,564,
user_04318,treatment,0.0,12.34,25-12-2024,tablet,US,48.0,475,
user_06774,treatment,1.0,73.15,16-09-2024,desktop,US,34.0,492,
user_03624,treatment,1.0,151.69,10-04-2024,tablet,US,27.0,257,
user_06020,control,1.0,65.74,09/30/2024,desktop,IN,18.0,75,
user_06039,control,0.0,-22.1,09/04/2024,tablet,US,52.0,87,
user_07403,treatment,1.0,104.96,09/23/2024,mobile,United Kingdom,29.0,290,
user_04411,control,0.0,31.58,20-11-2024,tablet,United Kingdom,63.0,480,
user_02497,control,1.0,12.97,2024-06-12,Mobile,United Kingdom,38.0,264,
user_02124,control,2.0,-78.86,2024-09-17,mobile,UK,46.0,186,
user_04873,control,1.0,20.89,10/27/2024,tablet,USA,59.0,572,
user_08308,treatment,,26.96,2024-02-12,tablet,India,35.0,451,
user_05007,control,0.0,157.4,2024-02-29,tablet,US,63.0,240,
user_04118,control,1.0,$164.14,2024-05-23,tablet,United States,65.0,503,
user_00627,control,2.0,123.3,10/06/2024,desktop,United Kingdom,46.0,510,
user_00320,control,1.0,78.27,03/01/2024,desktop,India,54.0,104,
user_00389,control,1.0,145.6,09/25/2024,mobile,US,41.0,0,
user_07232,control,0.0,$199.66,02/04/2024,Android,United Kingdom,52.0,380,
user_00257,treatment,1.0,142.48,2024-12-20,mobile,United Kingdom,65.0,98,
user_02534,Control,0.0,-36.46,27-07-2024,iPhone,UK,31.0,432,
user_06206,TRT,1.0,150.77,2024-12-12,mobile,US,,251,
user_02877,treatment,1.0,73.5,2024-07-24,iPhone,US,,383,
user_02507,treatment,0.0,32.27,11/30/2024,mobile,US,38.0,172,
user_00568,TRT,0.0,97.55,2024-07-11,mobile,US,32.0,581,
user_01161,treatment,0.0,108.01,03-02-2024,desktop,United States,,520,
user_00842,control,1.0,63.35,2024-03-05,mobile,USA,64.0,-67,
user_06679,treatment,1.0,34.18,2024-07-21,mobile,US,42.0,95,
user_02781,control,0.0,145.54,2024-05-18,mobile,India,57.0,434,
user_06356,control,1.0,51.52,2024-07-13,tablet,United Kingdom,115.0,237,
user_03529,control,1.0,106.06,2024-01-28,tablet,US,38.0,505,
user_06181,Control,1.0,51.89,09/12/2024,desktop,US,25.0,433,
user_01595,treatment,,128.78,14-04-2024,mobile,US,58.0,0,
user_02528,control,1.0,139.17,24-06-2024,mobile,US,28.0,481,
user_00192,control,0.0,38.73,2024-05-18,tablet,US,25.0,424,
user_00777,control,0.0,166.34,2024-07-30,desktop,USA,23.0,536,
user_06995,treatment,,52.95,2024-04-20,desktop,US,26.0,0,
user_08050,control,1.0,14.31,10/12/2024,desktop,US,41.0,61,
user_00906,treatment,2.0,140.54,2024-10-12,desktop,United States,39.0,60,
user_00870,treatment,1.0,182.49,03/28/2024,desktop,IN,63.0,109,
user_00378,control,,,08/04/2024,desktop,US,49.0,126,
user_06260,control,1.0,162.05,08/08/2024,tablet,USA,54.0,247,
user_00094,treatment,0.0,116.01,2024-12-01,desktop,US,51.0,0,
user_01636,control,,141.68,2024-01-04,desktop,USA,57.0,241,
user_04906,treatment,0.0,32.44,05/25/2024,desktop,IN,50.0,407,
user_07284, treatment,1.0,109.16,2024-05-28,tablet ,US,,599,
user_02955,control,0.0,20.91,09/18/2024,desktop,USA,59.0,260,
user_00307,control,1.0,"226,60",02-06-2024,mobile,United Kingdom,55.0,81,
user_03783,treatment,,93.03,05/06/2024,mobile,India,61.0,87,
user_07607,treatment ,,92.22,2024-10-06,mobile,USA,6.0,294,
user_06853,control,0.0,$100.87,08/25/2024,desktop,UK,20.0,580,
user_00573,control,1.0,196.9,12-07-2024,desktop,US,42.0,139,
user_06806,treatment,1.0,-82.45,12/14/2024,desktop,US,26.0,-95,
user_02930,treatment,0.0,120.16,03-11-2024,desktop,US,65.0,-100,
user_05308,treatment,,55.94,24-06-2024,desktop,United Kingdom,43.0,0,
user_04073,control,0.0,144.71,23-12-2024,desktop,US,34.0,-70,
user_06547,control,0.0,190.43,2024-01-28,desktop,USA,59.0,411,
user_05922,treatment ,1.0,67.84,2024-04-29,tablet,US,37.0,0,
user_02000,control,,187.76,06-09-2024,mobile,US,19.0,582,
user_07178,control,1.0,10.31,09/13/2024,Mobile,IN,48.0,226,
user_05162,treatment,1.0,$131.35,03-04-2024,Desktop,US,65.0,367,
user_05094,treatment,0.0,"602,94",2024-09-19,mobile,IN,56.0,297,
user_08170,control,1.0,146.17,2024-06-21,desktop,US,52.0,33,
user_04560,control,0.0,$199.52,06/27/2024,Desktop,UK,41.0,0,
user_01286,control,0.0,62.71,08/17/2024,Mobile,India,26.0,585,
user_00230,control,0.0,74.28,11/15/2024,mobile,India,25.0,0,
user_02870,control,0.0,114.69,11/21/2024,Desktop,USA,21.0,-87,
user_02370,control,0.0,119.05,2024-12-05,desktop,UK,42.0,-98,
user_03669,control,1.0,121.16,02/04/2024,mobile,US,18.0,113,
user_01770,control,0.0,"957,44",25-05-2024,mobile,US,34.0,337,
user_02034,test,0.0,138.46,08/28/2024,desktop,UK,55.0,33,
user_04131,control,1.0,144.92,2024-12-19,desktop,US,40.0,158,
user_05963,control,0.0,194.63,01-07-2024,tablet,IN,,0,
user_00076,treatment ,1.0,114.62,23-10-2024,mobile,UK,35.0,121,
user_03782,control,0.0,100.38,2024-07-09,tablet,US,30.0,428,
user_00130,Control,1.0,23.2,13-09-2024,iPhone,US,18.0,597,
user_03985,treatment,1.0,"647,19",22-11-2024,tablet,United Kingdom,65.0,491,
user_07177,treatment,0.0,139.31,04/09/2024,tablet,India,20.0,143,
user_00845,control,0.0,-89.25,2024-05-31,tablet,UK,32.0,0,
user_02843,control,0.0,159.13,2024-03-04,Desktop,India,56.0,361,
user_05050,treatment,1.0,26.13,2024-07-06,desktop,US,58.0,377,
user_04998,treatment,1.0,,2024-04-28,tablet,US,30.0,0,
user_05721,treatment ,0.0,105.13,16-06-2024,mobile,USA,18.0,403,
user_03800,treatment ,0.0,35.54,07/18/2024,desktop,UK,42.0,546,
user_00973,control,0.0,57.54,2024-11-17,desktop,USA,30.0,235,
user_01739,control,0.0,62.34,21-08-2024,mobile,UK,65.0,108,
user_01641,control,0.0,157.89,2024-07-03,Desktop,India,19.0,280,
user_02879,test,0.0,175.45,21-10-2024,desktop,USA,63.0,147,
user_04107,control,1.0,,2024-02-11,desktop,USA,65.0,257,
user_01318,control,0.0,68.91,05/17/2024,iPhone,USA,39.0,435,
user_00650,treatment,1.0,163.99,2024-04-14,tablet,US,23.0,244,
user_04634,control,1.0,187.35,24-07-2024,desktop,US,26.0,286,
user_07394,control,1.0,104.36,28-06-2024,Mobile,US,22.0,150,
user_00325,treatment,1.0,45.83,06/07/2024,mobile,USA,42.0,339,
user_06757,treatment,1.0,97.47,2024-06-01,Desktop,US,32.0,503,
user_05987,treatment ,0.0,157.06,24-05-2024,Desktop,India,24.0,0,
user_00831,treatment,0.0,80.12,05-10-2024,mobile,India,32.0,342,
user_01226,treatment,1.0,164.61,08/23/2024,desktop,India,53.0,0,
user_03488,control,0.0,32.9,2024-06-20,tablet,US,106.0,58,
user_00918,control,0.0,-38.3,22-10-2024,tablet,UK,56.0,35,
user_01825, TRT,0.0,16.71,18-11-2024,mobile ,UK,56.0,530,
user_08761,treatment,0.0,183.14,01-05-2024,tablet,US,44.0,325,
user_00561,treatment,1.0,-86.71,19-10-2024,Mobile,India,52.0,565,
user_02820,treatment,,156.84,24-08-2024,mobile,United Kingdom,38.0,-14,
user_02118,treatment ,1.0,158.42,2024-03-30,desktop,US,56.0,438,
user_02888,treatment,0.0,59.35,08/30/2024,desktop,UK,31.0,307,
user_00774,treatment,,"866,61",2024-04-23,desktop,USA,30.0,541,
user_05765, TRT,1.0,-50.98,02/14/2024,mobile ,USA,49.0,435,
user_03185,treatment,0.0,61.01,2024-01-25,tablet,United States,53.0,537,
user_07262,control,0.0,,29-04-2024,desktop,UK,57.0,465,
user_00103,treatment,1.0,155.73,02/09/2024,Desktop,India,40.0,233,
user_03033,treatment,0.0,183.14,09-04-2024,desktop,India,53.0,156,
user_02999,treatment,1.0,66.12,2024-10-06,desktop,US,55.0,538,
user_01040,treatment ,2.0,82.16,08-09-2024,mobile,IN,46.0,127,
user_00879,control,1.0,62.07,2024-01-26,Mobile,USA,24.0,220,
user_05702,treatment,1.0,,10/14/2024,desktop,United States,64.0,542,
user_00800,treatment,0.0,,2024-07-30,mobile,UK,28.0,549,
user_02114,treatment,1.0,104.08,24-12-2024,mobile,United Kingdom,,-77,
user_00068,control,0.0,98.66,05/30/2024,mobile,US,24.0,233,
user_06583,treatment,2.0,98.21,09/09/2024,mobile,USA,,112,
user_04317,treatment ,0.0,55.08,10/26/2024,mobile,US,63.0,228,
user_00072,control,1.0,146.81,2024-01-27,mobile,USA,21.0,428,
user_00610,treatment,0.0,119.96,21-01-2024,tablet,UK,30.0,95,
user_00505,treatment ,1.0,15.74,2024-11-21,desktop,United Kingdom,64.0,75,
user_04653,control,0.0,"675,83",01/19/2024,mobile,US,61.0,362,
user_04056,treatment ,0.0,195.51,2024-05-27,mobile,USA,56.0,422,
user_00524, treatment,0.0,162.88,09/14/2024,iPhone ,IN,49.0,105,
user_07514,TRT,2.0,38.31,13-02-2024,mobile,US,45.0,71,
user_02982,control,0.0,87.39,2024-05-31,Mobile,USA,33.0,240,
user_03100,treatment,0.0,$106.94,10/27/2024,tablet,US,23.0,283,
user_01776,treatment,0.0,193.22,2024-01-08,Mobile,India,39.0,487,
user_01080,treatment,0.0,126.37,18-06-2024,desktop,United States,29.0,489,
user_03725,control,1.0,191.61,2024-01-20,mobile,India,27.0,557,
user_00051,treatment,0.0,,2024-03-14,Android,India,59.0,479,
user_01395,control,1.0,194.8,2024-07-31,desktop,IN,61.0,375,
user_06529,Control,1.0,45.07,11/28/2024,mobile,US,21.0,-16,
user_07413,control,0.0,31.29,04/28/2024,mobile,USA,52.0,598,
user_05673,treatment,0.0,64.32,06/11/2024,desktop,USA,65.0,336,
user_04878, control,0.0,,2024-01-05,Desktop ,US,22.0,153,
user_01921,treatment,2.0,-10.99,05-07-2024,tablet,US,24.0,332,
user_06771,control,0.0,57.05,09-12-2024,tablet,USA,38.0,0,
user_04433,control,0.0,160.4,2024-07-22,desktop,India,46.0,187,
user_01178,control,1.0,49.31,2024-05-19,desktop,USA,34.0,0,
user_00218,treatment,0.0,124.01,01/24/2024,Mobile,USA,26.0,384,
user_00689,treatment,1.0,29.63,2024-02-17,tablet,USA,30.0,157,
user_03709,control,1.0,$17.87,2024-10-28,mobile,United Kingdom,47.0,341,
user_00008,control,1.0,84.57,06/20/2024,Android,USA,40.0,-100,
user_07991,treatment,,54.75,2024-06-26,desktop,US,18.0,425,
user_06877,treatment,0.0,146.0,18-07-2024,mobile,IN,33.0,64,
user_03473,treatment,1.0,89.28,11/15/2024,desktop,IN,19.0,436,
user_04083,control,1.0,,02/15/2024,Desktop,USA,36.0,481,
user_00746,treatment ,1.0,66.46,06/14/2024,mobile,USA,44.0,295,
user_00779,control,1.0,50.26,2024-12-31,Mobile,USA,33.0,0,
user_00053,treatment,1.0,123.64,2024-12-08,desktop,USA,39.0,454,
user_00880,treatment,1.0,$45.83,31-12-2024,desktop,India,37.0,352,
user_01624,control,1.0,194.24,21-09-2024,tablet,USA,54.0,0,
user_05378,treatment ,0.0,28.96,18-03-2024,mobile,USA,41.0,91,
user_00540,TRT,0.0,171.84,2024-01-25,iPhone,USA,48.0,177,
user_00976,treatment,0.0,167.18,11/23/2024,tablet,United States,23.0,300,
user_05801,treatment,0.0,57.63,02-10-2024,desktop,US,42.0,151,
user_08329,treatment,0.0,145.5,24-09-2024,iPhone,UK,57.0,279,
user_06304,control,1.0,65.04,03/21/2024,desktop,UK,23.0,555,
user_00556,treatment ,0.0,127.61,07/13/2024,desktop,US,19.0,-21,
user_05291,treatment,1.0,114.79,10/06/2024,mobile,United Kingdom,51.0,285,
user_02660,treatment,1.0,84.35,2024-09-05,desktop,India,43.0,327,
user_00086,treatment,1.0,43.09,27-03-2024,Mobile,US,60.0,384,
user_00425,control,,193.81,12/29/2024,iPhone,India,51.0,347,
user_07978,treatment,1.0,167.55,15-01-2024,mobile,United States,53.0,98,
user_06808,treatment,1.0,61.24,12/09/2024,desktop,UK,39.0,357,
user_01369,treatment,0.0,110.66,2024-06-09,desktop,IN,32.0,278,
user_03388, control,0.0,128.35,2024-08-15,Desktop ,USA,32.0,-25,
user_07416, treatment,1.0,98.16,2024-01-24,mobile ,United States,33.0,70,
user_02553,control,1.0,$125.22,02/20/2024,Android,US,62.0,113,
user_07951,treatment,0.0,111.09,28-06-2024,tablet,India,51.0,227,
user_01623,control,0.0,193.64,2024-02-13,Desktop,US,49.0,585,
user_00996,treatment,1.0,168.67,01-06-2024,Mobile,USA,58.0,118,
user_03763,treatment,0.0,70.27,19-10-2024,mobile,US,52.0,446,
user_02938,treatment,1.0,17.8,26-07-2024,mobile,USA,,308,
user_06996,control,1.0,141.71,10/27/2024,mobile,US,47.0,210,
user_05598,control,0.0,31.81,12/19/2024,desktop,United States,27.0,-62,
user_04312,control,1.0,174.44,2024-01-30,mobile,India,24.0,54,
user_07516,control,,142.53,2024-08-30,desktop,US,28.0,567,
user_07555,control,0.0,,2024-08-12,tablet,US,63.0,307,
user_03058,TRT,,14.66,25-05-2024,desktop,IN,,584,
user_00775,control,1.0,23.03,2024-06-18,mobile,UK,58.0,419,
user_08109,treatment,0.0,171.65,08-03-2024,iPhone,USA,32.0,0,
user_00463,control,0.0,168.59,05/21/2024,desktop,India,38.0,0,
user_06666,treatment,0.0,77.92,24-01-2024,desktop,IN,44.0,589,
user_03417,treatment,1.0,121.37,2024-09-01,tablet,US,21.0,504,
user_00465,control,1.0,70.99,06/08/2024,mobile,UK,25.0,146,
user_06436,control,0.0,91.78,27-02-2024,mobile,India,35.0,319,
user_05243,control,,47.05,2024-03-15,mobile,UK,63.0,519,
user_05421,control,0.0,"538,84",14-06-2024,mobile,US,55.0,60,
user_05397,treatment,,12.62,2024-12-02,desktop,US,43.0,0,
user_03271,control,0.0,140.27,2024-10-23,Mobile,India,65.0,538,
user_08702,treatment,0.0,171.94,2024-04-20,mobile,US,26.0,71,
user_06582,treatment,1.0,117.19,05-06-2024,tablet,United Kingdom,44.0,48,
user_08545,control,0.0,115.81,04/14/2024,Android,United Kingdom,63.0,0,
user_00431,control,1.0,105.27,13-06-2024,mobile,US,25.0,397,
user_07815,control,0.0,189.38,29-03-2024,mobile,USA,36.0,199,
user_08115,control,1.0,90.47,07/17/2024,mobile,IN,63.0,323,
user_07940, control,1.0,129.85,2024-06-10,desktop ,IN,43.0,120,
user_08779,Control,0.0,78.3,12-04-2024,mobile,United Kingdom,18.0,468,
user_01794,control,1.0,101.8,05/22/2024,desktop,United Kingdom,53.0,288,
user_00252,treatment,1.0,151.25,10-09-2024,mobile,USA,51.0,340,
user_07410,Control,1.0,76.85,2024-07-09,tablet,USA,27.0,257,
user_02363,TRT,,44.2,2024-08-08,desktop,United Kingdom,49.0,325,
user_02908,treatment,1.0,113.47,11-10-2024,mobile,US,45.0,265,
user_07424,treatment ,1.0,37.38,20-02-2024,desktop,US,59.0,124,
user_03046,control,1.0,196.69,23-02-2024,Android,USA,48.0,81,
user_02824,control,1.0,188.61,2024-03-25,desktop,IN,19.0,46,
user_00876,control,0.0,152.34,2024-09-05,mobile,US,34.0,367,
user_01460,control,0.0,174.41,2024-01-06,desktop,US,60.0,0,
user_05660,treatment ,1.0,139.73,2024-09-26,desktop,UK,20.0,147,
user_01306,control,0.0,109.5,14-08-2024,mobile,United States,29.0,138,
user_00986,treatment,0.0,43.8,15-01-2024,mobile,USA,23.0,0,
user_04319,treatment,2.0,$160.17,12/11/2024,desktop,USA,28.0,62,
user_00489,treatment,0.0,123.43,2024-10-29,tablet,US,39.0,491,
user_03012,control,1.0,,2024-10-19,mobile,USA,40.0,582,
user_05163,treatment,1.0,156.85,11/20/2024,mobile,USA,28.0,477,
user_02409,treatment ,1.0,192.48,06/15/2024,Android,US,52.0,317,
user_00915,control,1.0,91.81,26-04-2024,mobile,UK,35.0,507,
user_05182,control,1.0,55.3,29-08-2024,desktop,India,28.0,347,
user_06936,treatment ,1.0,173.98,05/31/2024,mobile,IN,30.0,336,
user_07127,control,1.0,92.53,2024-07-16,mobile,US,24.0,194,
user_00360,treatment,0.0,106.96,07/18/2024,mobile,United Kingdom,35.0,363,
user_04442,treatment,0.0,,03/14/2024,mobile,US,44.0,521,
user_04657,treatment,2.0,199.23,02/10/2024,tablet,United Kingdom,56.0,0,
user_03650,treatment,1.0,69.89,12-12-2024,mobile,US,39.0,465,
user_01079,control,0.0,16.23,07-09-2024,Mobile,IN,23.0,318,
user_01268,control,1.0,105.54,07/09/2024,desktop,United Kingdom,,201,
user_07706,control,0.0,128.91,2024-07-03,mobile,US,45.0,451,
user_03814,control,1.0,122.46,06/30/2024,iPhone,United Kingdom,26.0,159,
user_01760,treatment,0.0,197.04,2024-09-30,tablet,US,41.0,406,
user_03988,control,,,20-08-2024,mobile,IN,53.0,38,
user_02169,treatment,1.0,162.27,2024-01-11,tablet,USA,25.0,473,
user_00280,treatment,1.0,88.76,12-11-2024,mobile,US,,335,
user_05752,treatment,1.0,134.91,23-02-2024,iPhone,IN,23.0,468,
user_06441,treatment,0.0,55.21,07/27/2024,mobile,United States,34.0,342,
user_05596,control,1.0,89.85,09/16/2024,Desktop,United States,26.0,384,
user_01247,treatment,0.0,-34.77,07/05/2024,desktop,United Kingdom,26.0,78,
user_04350,treatment,1.0,62.71,2024-08-23,tablet,USA,24.0,424,
user_00516,control,0.0,190.85,22-03-2024,mobile,US,57.0,422,
user_02050,treatment,0.0,119.22,2024-02-24,tablet,US,61.0,193,
user_01287,TRT,1.0,15.26,21-09-2024,tablet,IN,26.0,373,
user_00948,control,1.0,-99.92,02-04-2024,Android,US,64.0,98,
user_02760,test,1.0,45.37,2024-03-13,desktop,US,42.0,119,
user_00446,treatment,2.0,144.26,2024-12-23,desktop,United States,35.0,399,
user_00057,treatment,1.0,14.75,06/03/2024,mobile,India,38.0,400,
user_07438,treatment ,0.0,111.71,06/26/2024,mobile,US,44.0,0,
user_06417,test,1.0,40.84,08/19/2024,iPhone,India,56.0,584,
user_03598,treatment,0.0,-26.84,2024-11-25,mobile,US,55.0,294,
user_01155,TRT,0.0,70.05,23-08-2024,tablet,US,29.0,0,
user_08451,TRT,,138.95,06-07-2024,mobile,United Kingdom,65.0,0,
user_08567,control,0.0,14.57,04-08-2024,Mobile,USA,30.0,49,
user_07846,treatment,,168.1,07/19/2024,Mobile,IN,58.0,211,
user_04132,control,1.0,58.61,12-06-2024,desktop,IN,41.0,60,
user_01809,control,,170.65,2024-07-25,mobile,United Kingdom,45.0,141,
user_05906,control,1.0,199.78,14-06-2024,desktop,India,54.0,0,
user_02997,control,0.0,181.15,01-07-2024,desktop,UK,32.0,0,
user_06313,treatment,0.0,33.33,2024-01-13,mobile,United Kingdom,31.0,198,
user_06003,control,0.0,176.73,14-03-2024,desktop,India,52.0,514,
user_03507,treatment,,192.81,02-01-2024,desktop,US,21.0,205,
user_06913,treatment,1.0,31.22,11/11/2024,tablet,United Kingdom,39.0,170,
user_07439,control,1.0,,09/21/2024,desktop,US,62.0,531,
user_03891,treatment ,1.0,163.22,2024-07-22,tablet,US,46.0,545,
user_03375,control,0.0,42.07,2024-01-31,mobile,United States,57.0,57,
user_03747,control,1.0,,2024-05-07,Mobile,IN,36.0,0,
user_08826,control,2.0,90.4,12/21/2024,mobile,United States,25.0,196,
user_01679,control,0.0,99.94,2024-11-19,desktop,United States,49.0,477,
user_08245,control,0.0,175.99,2024-05-28,desktop,US,38.0,403,
user_00946,control,1.0,112.34,2024-04-04,Desktop,India,31.0,322,
user_00415,control,,41.87,03/20/2024,iPhone,USA,35.0,0,
user_03984,treatment,0.0,110.75,2024-09-10,tablet,US,61.0,190,
user_07275,control,,127.8,06/15/2024,mobile,UK,50.0,592,
user_08193,control,1.0,158.15,09/29/2024,tablet,IN,35.0,488,
user_08028,control,1.0,177.52,25-12-2024,tablet,United States,,420,
user_06526,control,0.0,131.13,2024-10-23,mobile,USA,34.0,291,
user_02909,control,0.0,145.09,04/17/2024,tablet,India,37.0,265,
user_07595,control,1.0,88.77,13-06-2024,desktop,US,20.0,-80,
user_05380,treatment,1.0,192.41,11/20/2024,tablet,UK,32.0,-14,
user_04485,treatment,1.0,101.44,10/04/2024,mobile,IN,19.0,234,
user_02009,control,1.0,51.13,12-03-2024,desktop,IN,21.0,0,
user_02176,control,0.0,135.17,04/19/2024,desktop,USA,34.0,242,
user_06819,treatment,,69.57,12/06/2024,tablet,USA,53.0,597,
user_03548,treatment,0.0,130.79,2024-03-28,desktop,USA,65.0,144,
user_03969, control,,99.32,12-05-2024,mobile ,US,24.0,0,
user_07116,control,1.0,82.49,12-09-2024,tablet,US,58.0,-41,
user_05059,control,0.0,"360,18",2024-02-10,mobile,United Kingdom,49.0,71,
user_05250,treatment,0.0,114.79,06-05-2024,desktop,UK,56.0,330,
user_04547,test,0.0,123.16,07/06/2024,tablet,United Kingdom,50.0,78,
user_08555,control,,-60.2,11/15/2024,tablet,India,55.0,166,
user_06035,control,0.0,117.12,11/12/2024,mobile,United States,51.0,187,
user_00231,treatment,1.0,,2024-01-28,desktop,USA,35.0,101,
user_03552,treatment,,42.0,04/24/2024,desktop,IN,20.0,600,
user_05487,treatment,0.0,29.12,12/16/2024,desktop,United States,44.0,0,
user_08810,control,2.0,-17.0,2024-10-16,tablet,UK,36.0,128,
user_06846,control,0.0,136.31,08/31/2024,mobile,US,39.0,62,
user_08556,treatment ,0.0,194.84,16-09-2024,tablet,US,33.0,506,
user_00305,treatment,0.0,63.23,2024-10-04,iPhone,United Kingdom,37.0,425,
user_04897,treatment,0.0,-83.2,2024-02-21,Mobile,India,24.0,298,
user_08546,control,0.0,34.45,03/24/2024,mobile,IN,60.0,349,
user_06478,treatment ,0.0,64.01,2024-01-10,Android,USA,60.0,573,
user_06663,treatment,0.0,111.39,26-12-2024,Android,United Kingdom,58.0,196,
user_00895,control,0.0,196.39,30-10-2024,Mobile,United Kingdom,54.0,240,
user_08402,treatment,1.0,32.74,04/12/2024,tablet,USA,20.0,570,
user_01570,treatment,1.0,24.13,10/25/2024,desktop,USA,,463,
user_04531,control,0.0,79.43,10/28/2024,desktop,US,29.0,501,
user_07994,control,0.0,186.9,2024-05-08,tablet,US,22.0,316,
user_02734,control,1.0,164.07,09/26/2024,desktop,United Kingdom,55.0,472,
user_00427,treatment,0.0,191.17,2024-08-03,mobile,India,54.0,476,
user_05740,control,0.0,,2024-08-17,tablet,IN,37.0,-46,
user_01890,treatment,0.0,133.49,2024-06-15,tablet,USA,44.0,477,
user_01350,treatment,1.0,54.49,03/27/2024,mobile,USA,64.0,217,
user_01339,control,,136.95,07-04-2024,Desktop,United Kingdom,43.0,0,
user_00150,treatment,1.0,163.23,2024-10-20,tablet,IN,18.0,471,
user_00167,treatment,0.0,34.63,06/28/2024,mobile,United Kingdom,49.0,214,
user_02389,control,1.0,45.09,09/21/2024,mobile,US,56.0,0,
user_00735,control,0.0,50.47,2024-04-29,Mobile,India,57.0,54,
user_05174,control,0.0,90.96,2024-12-24,Android,US,37.0,60,
user_07745,control,0.0,163.04,06/01/2024,desktop,IN,37.0,208,
user_02734,treatment,0.0,110.38,2024-12-18,desktop,USA,62.0,0,
user_01385,treatment,0.0,31.46,11-09-2024,tablet,United Kingdom,22.0,242,
user_08087,control,,91.57,2024-02-04,desktop,US,41.0,492,
user_04170,treatment ,0.0,139.13,2024-05-24,Desktop,US,37.0,366,
user_05018,treatment,2.0,189.93,03/31/2024,mobile,US,22.0,527,
user_00391,control,0.0,78.51,18-10-2024,desktop,US,23.0,581,
user_05128,treatment,0.0,-21.76,12-05-2024,desktop,United Kingdom,112.0,332,
user_00473,control,1.0,"468,15",08/04/2024,mobile,USA,60.0,93,
user_00371,treatment,1.0,122.46,2024-08-19,desktop,USA,35.0,594,
user_04984,Control,0.0,56.03,28-11-2024,Desktop,USA,27.0,525,
user_00309,control,0.0,179.79,2024-09-18,mobile,US,65.0,172,
user_02738,control,1.0,,02/04/2024,Mobile,UK,31.0,391,
user_08470,control,0.0,29.65,06/12/2024,iPhone,US,52.0,318,
user_01007,treatment,1.0,23.5,07/22/2024,mobile,United States,35.0,579,
user_04884,treatment,0.0,121.77,16-07-2024,mobile,USA,36.0,200,
user_00238,treatment,1.0,181.6,01-11-2024,mobile,USA,20.0,31,
user_08658,treatment,0.0,10.48,2024-04-06,desktop,US,20.0,322,
user_04887,treatment,1.0,174.35,01-07-2024,Android,UK,,174,
user_00742,treatment ,1.0,144.3,2024-07-13,mobile,United Kingdom,,67,
user_00635,treatment ,1.0,,09-03-2024,tablet,UK,39.0,-78,
user_07542,control,2.0,34.33,2024-06-26,desktop,USA,25.0,0,
user_04980,control,1.0,15.26,07/27/2024,tablet,US,44.0,119,
user_06508,control,0.0,18.26,03-12-2024,desktop,USA,64.0,50,
user_06711,control,1.0,189.25,2024-06-08,mobile,USA,42.0,324,
user_06431,treatment,1.0,126.24,04/09/2024,tablet,United States,19.0,-82,
user_05730,treatment,2.0,$90.24,2024-10-28,tablet,United States,51.0,462,
user_00485,control,,176.27,01/03/2024,desktop,US,51.0,260,
user_00506,control,,"491,30",05/29/2024,Mobile,US,29.0,0,
user_04593,TRT,1.0,102.77,2024-08-19,desktop,UK,,-55,
user_06920,TRT,1.0,80.45,10/19/2024,desktop,US,43.0,577,
user_01151,treatment,1.0,184.32,02-09-2024,mobile,United Kingdom,40.0,63,
user_01204,treatment,1.0,68.16,09/20/2024,mobile,India,41.0,484,
user_06686,treatment,0.0,45.29,07/24/2024,mobile,USA,39.0,341,
user_00225,control,0.0,155.15,01/01/2024,mobile,US,29.0,214,
user_00818,TRT,0.0,11.6,10/07/2024,desktop,US,29.0,525,
user_01363,treatment,1.0,86.2,2024-12-03,Mobile,India,50.0,377,
user_05698,treatment,0.0,24277.46,2024-04-19,tablet,USA,43.0,68,
user_03760,treatment ,0.0,151.1,02/12/2024,desktop,US,33.0,91,
user_06859,test,0.0,43818.46,2024-09-21,desktop,United Kingdom,29.0,588,
user_08902,control,2.0,$129.16,08/17/2024,tablet,United Kingdom,20.0,574,
user_05414,treatment ,0.0,164.15,2024-05-30,mobile,US,25.0,137,
user_00977,treatment,0.0,,28-01-2024,iPhone,India,41.0,0,
user_00191,control,0.0,-76.83,2024-10-01,tablet,UK,33.0,304,
user_05181,treatment,0.0,199.25,10/17/2024,mobile,United Kingdom,58.0,593,
user_06928,treatment,0.0,196.22,11/10/2024,desktop,USA,64.0,571,
user_07132,treatment,2.0,152.14,2024-03-10,desktop,US,20.0,277,
user_00887,Control,0.0,199.82,2024-12-04,tablet,UK,60.0,342,
user_01146,treatment,0.0,52.56,2024-11-29,Mobile,US,44.0,229,
user_00259,control,1.0,106.15,09/17/2024,tablet,USA,45.0,186,
user_04047,treatment,0.0,,01/01/2024,mobile,US,39.0,335,
user_00017,control,0.0,32.04,05/12/2024,tablet,UK,23.0,172,
user_05575,treatment,1.0,194.11,10/20/2024,desktop,USA,22.0,164,
user_02438,treatment,1.0,137.63,2024-03-17,desktop,India,43.0,220,
user_04069,treatment,1.0,,16-08-2024,desktop,US,49.0,306,
user_06804,treatment ,0.0,$162.07,2024-04-01,tablet,USA,24.0,309,
user_08242,TRT,0.0,24.46,2024-04-30,tablet,USA,20.0,263,
user_06107,treatment,2.0,93.33,08-03-2024,desktop,US,36.0,485,
user_08754,treatment,1.0,155.77,26-05-2024,mobile,IN,22.0,203,
user_01455,control,1.0,56.96,01/06/2024,tablet,US,27.0,424,
user_04361,treatment ,0.0,26.66,20-10-2024,tablet,United States,30.0,441,
user_00314,treatment,1.0,,17-09-2024,tablet,USA,23.0,228,
user_07785,control,1.0,127.05,2024-02-25,iPhone,IN,57.0,557,
user_08243,control,0.0,114.67,2024-11-28,mobile,India,36.0,492,
user_02616,treatment,1.0,,01/21/2024,desktop,India,,413,
user_04662,control,1.0,145.65,19-10-2024,Android,India,54.0,426,
user_05376,control,0.0,$95.23,2024-08-02,desktop,USA,56.0,443,
user_00053,treatment,0.0,89.16,2024-09-08,tablet,US,48.0,340,
user_08584,control,1.0,182.91,07/06/2024,desktop,India,31.0,69,
user_00145,control,0.0,145.03,19-06-2024,desktop,USA,54.0,0,
user_00407,control,0.0,170.91,2024-08-21,Mobile,United States,42.0,-27,
user_00913,control,0.0,198.68,27-10-2024,desktop,US,116.0,505,
user_08008,Control,2.0,13.02,01/09/2024,mobile,US,36.0,544,
user_05931,control,1.0,,10-05-2024,mobile,United States,,287,
user_03141,control,1.0,63.59,04/05/2024,Android,United Kingdom,52.0,204,
user_07845,control,,"350,70",18-09-2024,mobile,United Kingdom,42.0,530,
user_00515,treatment,,68.74,2024-02-07,tablet,United Kingdom,55.0,432,
user_05939,control,1.0,134.6,12/15/2024,Mobile,US,35.0,477,
user_06270,treatment,1.0,"627,46",07-11-2024,Android,United Kingdom,57.0,442,
user_03252,treatment,,170.14,2024-12-26,mobile,United States,40.0,274,
user_04762,control,1.0,73.41,2024-05-11,mobile,USA,26.0,60,
user_00310,control,2.0,"875,24",01/26/2024,desktop,USA,58.0,308,
user_03159,TRT,1.0,-15.89,05-07-2024,desktop,US,27.0,362,
user_08507,test,0.0,161.08,28-11-2024,tablet,US,54.0,81,
user_07647,treatment,0.0,178.99,2024-11-19,Mobile,IN,61.0,355,
user_00416,Control,1.0,168.12,10/16/2024,desktop,IN,49.0,467,
user_03941,treatment,1.0,168.0,2024-11-15,mobile,United States,50.0,557,
user_08475,control,1.0,174.31,2024-11-06,mobile,US,34.0,278,
user_04114,control,0.0,59.86,08/30/2024,mobile,United Kingdom,29.0,326,
user_01922,treatment ,1.0,179.81,2024-11-21,tablet,United Kingdom,55.0,492,
user_00096,treatment,0.0,134.53,26-10-2024,mobile,UK,30.0,210,
user_00365,treatment,0.0,57.16,2024-10-03,tablet,USA,38.0,181,
user_07145,test,2.0,129.44,2024-03-16,tablet,USA,52.0,143,
user_01026,treatment,1.0,191.04,31-08-2024,desktop,USA,25.0,118,
user_04237,treatment,1.0,67.87,08-06-2024,mobile,United States,37.0,325,
user_08998,TRT,1.0,83.03,28-06-2024,desktop,UK,31.0,525,
user_03874,control,0.0,177.89,2024-02-20,desktop,USA,47.0,531,
user_05223,treatment,0.0,$55.85,08/21/2024,mobile,USA,61.0,62,
user_05891,treatment,0.0,"956,93",28-10-2024,Desktop,USA,46.0,510,
user_01584,treatment,1.0,163.25,2024-03-29,mobile,US,24.0,86,
user_05324,control,1.0,139.22,23-09-2024,iPhone,UK,32.0,328,
user_00813,control,0.0,186.03,03/25/2024,mobile,United States,,77,
user_00983,treatment,1.0,26.13,22-10-2024,mobile,IN,53.0,433,
user_04883,control,,,08-05-2024,mobile,US,56.0,78,
user_02576,control,0.0,64.79,05/03/2024,Mobile,India,61.0,364,
user_07065,treatment,0.0,73.12,12/06/2024,desktop,US,44.0,55,
user_00285,treatment,1.0,"211,24",2024-12-14,Android,India,,0,
user_06029,treatment,1.0,102.25,2024-11-06,tablet,US,25.0,45,
user_08572,control,1.0,195.05,2024-04-06,mobile,USA,21.0,218,
user_03029,treatment,0.0,105.73,2024-11-19,desktop,United Kingdom,62.0,97,
user_03238,treatment,1.0,19.81,2024-03-02,mobile,UK,34.0,278,
user_01052,treatment,0.0,-42.27,2024-05-09,mobile,US,24.0,396,
user_02384,control,,183.94,08-04-2024,Mobile,USA,48.0,302,
user_06728,control,1.0,24.78,04/18/2024,desktop,United States,26.0,305,
user_02506,treatment ,1.0,-58.23,2024-08-05,mobile,United Kingdom,42.0,154,
user_00601,control,1.0,,04/16/2024,mobile,US,48.0,475,
user_07689,control,0.0,120.8,2024-06-16,mobile,IN,58.0,208,
user_06984,control,1.0,27.51,25-06-2024,iPhone,US,62.0,478,
user_05298,control,0.0,111.79,19-09-2024,tablet,US,49.0,198,
user_00084,treatment ,2.0,62.54,01/04/2024,Desktop,USA,29.0,-47,
user_06400,control,0.0,118.09,12/05/2024,mobile,USA,46.0,302,
user_05183,control,1.0,159.57,2024-03-03,tablet,USA,,189,
user_01910,control,1.0,53.49,26-08-2024,desktop,United States,59.0,583,
user_01277,treatment,0.0,163.07,01/12/2024,desktop,UK,28.0,506,
user_08899,treatment,1.0,136.38,08/15/2024,desktop,United Kingdom,39.0,117,
user_05795,control,0.0,110.83,10/27/2024,Android,USA,19.0,359,
user_00653,control,0.0,46.65,08-10-2024,Desktop,US,22.0,511,
user_08100,control,2.0,150.53,12/29/2024,Mobile,US,26.0,543,
user_00463,control,1.0,187.08,09/21/2024,mobile,IN,59.0,226,
user_02674,control,0.0,36.92,11-11-2024,tablet,IN,59.0,122,
user_00630,treatment,0.0,150.27,02-11-2024,mobile,USA,39.0,147,
user_05413,treatment ,0.0,"698,44",01/17/2024,mobile,USA,64.0,87,
user_08157,treatment,1.0,172.81,26-03-2024,Android,India,58.0,-20,
user_01289,control,,30.52,07-05-2024,tablet,US,65.0,55,
user_08113,treatment,1.0,69.34,30-09-2024,tablet,United Kingdom,51.0,103,
user_02403,control,1.0,,2024-08-09,desktop,USA,56.0,70,
user_04309,treatment,1.0,12.52,2024-06-03,desktop,India,46.0,263,
user_07377,treatment,1.0,170.07,04/02/2024,tablet,India,42.0,586,
user_02683,TRT,,11.84,2024-04-19,Desktop,USA,23.0,-42,
user_04349,treatment,2.0,20.05,2024-01-29,mobile,US,58.0,502,
user_07295,treatment,0.0,177.71,2024-08-07,tablet,United Kingdom,27.0,124,
user_03996,treatment,0.0,-41.22,05/23/2024,desktop,USA,50.0,130,
user_06104,control,1.0,70.83,09/18/2024,mobile,United Kingdom,51.0,160,
user_08377,TRT,0.0,83.45,2024-11-13,desktop,IN,39.0,578,
user_04146,treatment ,0.0,104.66,2024-04-08,mobile,India,54.0,545,
user_00461,treatment ,0.0,197.88,2024-03-13,mobile,USA,48.0,153,
user_00797,control,1.0,88.18,2024-02-06,Android,US,55.0,540,
user_07382,treatment ,0.0,153.58,19-04-2024,desktop,US,20.0,-62,
user_04298,control,1.0,152.0,14-04-2024,mobile,United Kingdom,23.0,405,
user_03165,control,,,2024-04-03,Desktop,UK,34.0,117,
user_00695,control,,172.78,2024-04-13,Mobile,IN,52.0,46,
user_05085,treatment,1.0,129.16,2024-01-18,desktop,US,29.0,132,
user_01949,treatment,0.0,,2024-06-08,desktop,USA,54.0,66,
user_07508,treatment ,1.0,87.19,2024-02-29,desktop,United States,29.0,436,
user_02901,control,1.0,186.53,12/24/2024,desktop,IN,39.0,0,
user_00288,TRT,1.0,"609,22",2024-03-18,Desktop,US,54.0,569,
user_02039,test,0.0,191.82,17-09-2024,tablet,USA,36.0,526,
user_02324,treatment,0.0,125.0,10/11/2024,mobile,USA,49.0,316,
user_04175,control,0.0,63.72,04/09/2024,desktop,USA,41.0,493,
user_00353,treatment,1.0,18.85,2024-07-04,tablet,IN,21.0,521,
user_01065,control,1.0,"166,52",2024-08-06,mobile,USA,40.0,309,
user_00283,treatment,0.0,193.77,2024-10-15,mobile,United States,64.0,427,
user_05251,control,0.0,93.53,2024-10-02,desktop,United States,59.0,441,
user_04084,Control,0.0,,2024-09-18,Mobile,IN,40.0,467,
user_02023,treatment,0.0,29252.74,09-11-2024,mobile,USA,53.0,95,
user_05691,treatment ,0.0,34.9,2024-10-25,mobile,US,40.0,333,
user_05222,TRT,1.0,41.39,26-04-2024,mobile,UK,45.0,189,
user_04659,treatment,1.0,-44.57,11/21/2024,Android,United States,27.0,396,
user_06158,treatment,,35.98,05/31/2024,desktop,India,28.0,252,
user_08757,Control,1.0,144.67,10/05/2024,mobile,US,,317,
user_03541,treatment,0.0,173.29,2024-09-24,tablet,IN,40.0,512,
user_01324,control,1.0,60.53,2024-05-23,tablet,UK,40.0,414,
user_03032,control,0.0,192.55,2024-11-11,desktop,USA,42.0,224,
user_04030,control,,131.9,2024-01-07,tablet,USA,43.0,120,
user_04566,control,1.0,156.48,2024-08-21,desktop,USA,59.0,456,
user_01400,treatment,2.0,70.76,2024-12-02,tablet,US,55.0,596,
user_08603,control,1.0,160.99,2024-06-24,mobile,IN,56.0,156,
user_04243,TRT,0.0,130.7,09-08-2024,desktop,UK,33.0,137,
user_03577,treatment,0.0,177.09,30-05-2024,Desktop,USA,23.0,588,
user_01771,control,0.0,141.75,21-04-2024,desktop,India,57.0,409,
user_01549,control,0.0,92.95,2024-12-12,Mobile,US,41.0,166,
user_06997,treatment,1.0,131.43,2024-11-17,tablet,US,21.0,470,
user_00402,treatment,1.0,120.2,22-02-2024,tablet,USA,,219,
user_04728,treatment ,1.0,$168.91,2024-02-14,mobile,India,27.0,288,
user_03304,treatment,,147.84,02/01/2024,tablet,United Kingdom,26.0,-76,
user_02084,treatment,1.0,59.14,2024-10-25,desktop,United States,28.0,374,
user_02463,TRT,0.0,155.12,06-12-2024,iPhone,USA,47.0,0,
user_08161,control,1.0,170.29,2024-11-01,mobile,US,28.0,262,
user_00475,test,1.0,25.08,17-09-2024,mobile,United Kingdom,29.0,-12,
user_00119,control,1.0,187.94,24-03-2024,Desktop,UK,37.0,78,
user_07330,TRT,1.0,114.16,08/02/2024,iPhone,US,55.0,593,
user_07246,Control,,131.76,11/11/2024,mobile,UK,57.0,420,
user_01649,control,1.0,62.1,11-03-2024,Desktop,US,45.0,203,
user_00973,control,0.0,176.16,09/08/2024,tablet,UK,18.0,266,
user_00145,treatment,0.0,67.46,18-01-2024,mobile,USA,48.0,347,
user_01046,TRT,0.0,107.51,19-09-2024,desktop,USA,37.0,-79,
user_06987,treatment,1.0,14.36,05/10/2024,Desktop,United Kingdom,50.0,551,
user_01757,control,0.0,116.81,11/23/2024,mobile,United Kingdom,44.0,568,
user_01955,treatment,0.0,115.47,20-04-2024,Desktop,United States,59.0,311,
user_06955,control,1.0,108.33,2024-07-12,Mobile,United Kingdom,,217,
user_07322,control,1.0,$92.12,2024-12-14,desktop,India,60.0,266,
user_00572,treatment,,80.75,2024-11-01,iPhone,USA,44.0,435,
user_07819,treatment,1.0,10.35,31-12-2024,mobile,UK,53.0,280,
user_05843,treatment,,11.95,18-07-2024,mobile,IN,26.0,93,
user_04455,treatment,1.0,109.46,2024-04-16,tablet,India,27.0,318,
user_00811,treatment,1.0,176.09,2024-07-22,tablet,India,40.0,116,
user_07621,control,1.0,188.17,2024-07-31,mobile,UK,45.0,535,
user_05836,TRT,0.0,21.43,15-05-2024,mobile,United Kingdom,29.0,137,
user_00671,TRT,0.0,40.19,2024-03-17,iPhone,US,18.0,453,
user_01984,control,1.0,178.67,11-02-2024,mobile,India,53.0,395,
user_00557,control,0.0,58.83,2024-08-11,tablet,India,41.0,198,
user_03266,control,0.0,104.98,2024-01-10,mobile,USA,58.0,393,
user_05821,test,0.0,50.99,2024-06-13,desktop,India,59.0,450,
user_00281,treatment,0.0,11.77,2024-01-05,desktop,India,55.0,121,
user_00617,control,1.0,74.22,2024-09-24,mobile,US,45.0,0,
user_07032,control,0.0,107.55,2024-07-05,desktop,US,18.0,409,
user_01756,treatment,0.0,72.56,2024-07-08,mobile,USA,44.0,288,
user_00722,control,1.0,147.56,2024-02-17,Mobile,UK,44.0,326,
user_00224,treatment,0.0,35.48,06/25/2024,desktop,United Kingdom,49.0,528,
user_00718,test,0.0,154.33,2024-03-23,tablet,USA,35.0,91,
user_00423,treatment ,0.0,97.32,19-07-2024,Mobile,United Kingdom,18.0,526,
user_01128,treatment,1.0,76.23,12/24/2024,Desktop,USA,26.0,0,
user_01117,test,1.0,35.79,14-06-2024,Mobile,USA,56.0,291,
user_00201,control,0.0,135.43,07/05/2024,mobile,US,22.0,552,
user_02393,treatment,1.0,$39.94,10/24/2024,mobile,United States,51.0,182,
user_00518,treatment,0.0,84.31,24-02-2024,desktop,India,57.0,0,
user_00709,control,1.0,191.59,10/03/2024,mobile,United Kingdom,58.0,244,
user_01670,control,1.0,,03/21/2024,desktop,IN,61.0,52,
user_01033,control,2.0,25.97,04/14/2024,desktop,India,30.0,241,
user_05919,test,,"995,93",02/16/2024,desktop,US,60.0,236,
user_01159,treatment,0.0,104.04,2024-06-15,desktop,IN,44.0,85,
user_00005,treatment,0.0,11.6,2024-01-13,desktop,IN,41.0,0,
user_00006,control,1.0,55.74,06/04/2024,tablet,United States,43.0,535,
user_00491,treatment,,165.88,05-01-2024,desktop,US,40.0,0,
user_03683,control,1.0,30.15,2024-11-10,desktop,US,63.0,204,
user_04213,control,1.0,,2024-04-07,mobile,United States,30.0,43,
user_03571,treatment,1.0,151.74,2024-05-26,iPhone,India,34.0,284,
user_04962,control,0.0,,11/13/2024,mobile,US,34.0,282,
user_08972,control,1.0,109.37,18-03-2024,desktop,US,40.0,350,
user_00110,treatment,0.0,165.6,13-07-2024,tablet,USA,47.0,345,
user_08768, treatment ,0.0,160.5,08-03-2024,Mobile ,USA,42.0,164,
user_01458,Control,,$152.41,09/27/2024,mobile,United Kingdom,,258,
user_00403,treatment,0.0,68.77,08-04-2024,mobile,US,27.0,475,
user_08202,control,1.0,192.06,02/04/2024,desktop,UK,63.0,0,
user_01575,control,2.0,171.72,2024-06-27,mobile,IN,47.0,175,
user_05828,TRT,0.0,162.54,12/02/2024,desktop,UK,44.0,170,
user_04081,control,0.0,52.72,18-04-2024,Android,US,38.0,298,
user_00037,treatment,1.0,58.58,2024-08-29,desktop,US,20.0,407,
user_06848,control,0.0,62.28,2024-01-28,desktop,United Kingdom,50.0,338,
user_04938,treatment,0.0,60.55,2024-12-14,tablet,US,40.0,100,
user_03206,treatment,1.0,172.27,2024-01-25,desktop,USA,31.0,330,
user_05711,control,1.0,59.15,2024-11-22,desktop,India,39.0,391,
user_01804,control,1.0,44.8,25-06-2024,desktop,USA,30.0,60,
user_00136,control,1.0,62.02,26-08-2024,desktop,US,30.0,197,
user_03323,treatment,0.0,16.26,04/11/2024,desktop,USA,40.0,47,
user_00715,control,0.0,54.79,05/26/2024,desktop,IN,36.0,455,
user_02618,TRT,1.0,,2024-02-12,Desktop,USA,41.0,87,
user_00388,control,1.0,107.12,01-11-2024,desktop,UK,33.0,310,
user_06459,control,2.0,45.51,07/17/2024,desktop,US,40.0,431,
user_02189,treatment,,57.22,04/04/2024,mobile,UK,34.0,232,
user_00106,treatment,1.0,169.97,2024-04-01,desktop,UK,57.0,149,
user_03054,treatment,0.0,174.33,2024-04-11,tablet,United States,64.0,379,
user_06713,treatment ,1.0,156.13,2024-04-30,tablet,United Kingdom,42.0,0,
user_06898,control,0.0,56.7,23-08-2024,desktop,IN,26.0,181,
user_03687,control,0.0,11.08,16-09-2024,tablet,United States,65.0,519,
user_00598,control,0.0,117.15,01/08/2024,mobile,India,43.0,-66,
user_02077,treatment,0.0,94.79,2024-11-21,mobile,US,59.0,523,
user_05944,treatment,0.0,157.23,2024-12-23,iPhone,USA,53.0,120,
user_01648,control,1.0,,2024-11-01,Mobile,US,31.0,506,
user_04664,control,1.0,92.64,22-06-2024,tablet,India,60.0,158,
user_01417,treatment,2.0,"252,48",2024-07-23,mobile,United States,46.0,87,
user_04787,control,1.0,,2024-02-03,mobile,US,28.0,228,
user_08207,treatment,0.0,43.22,2024-11-29,desktop,UK,51.0,500,
user_00632,control,1.0,123.9,14-06-2024,desktop,USA,45.0,-91,
user_01313,test,0.0,197.99,2024-07-17,mobile,USA,33.0,393,
user_06187,treatment,0.0,144.27,05-09-2024,tablet,United States,21.0,181,
user_07699,treatment,1.0,102.49,2024-01-15,desktop,US,,554,
user_02132,treatment,0.0,57.75,01-04-2024,desktop,IN,21.0,200,
user_02266,control,,87.78,2024-11-06,desktop,US,54.0,495,
user_03923,TRT,0.0,93.74,08-12-2024,desktop,US,23.0,331,
user_06921,control,1.0,136.95,09/03/2024,Android,US,23.0,69,
user_02533,Control,0.0,163.0,12-08-2024,tablet,India,60.0,152,
user_04169,control,0.0,,2024-04-17,iPhone,US,35.0,-87,
user_05838,control,0.0,"585,96",2024-02-16,tablet,US,47.0,136,
user_06958,control,1.0,,2024-03-05,mobile,US,59.0,237,
user_01842,control,1.0,112.04,2024-05-31,desktop,UK,59.0,166,
user_05605,control,0.0,166.33,14-08-2024,desktop,US,46.0,159,
user_00866,control,0.0,162.87,25-07-2024,iPhone,USA,57.0,0,
user_07339, control,1.0,146.57,09/24/2024,mobile ,US,57.0,-25,
user_08385,control,0.0,$30.17,2024-03-28,mobile,US,56.0,436,
user_03932,Control,0.0,99.4,08/02/2024,iPhone,US,31.0,538,
user_08535,treatment,,101.59,04/22/2024,tablet,USA,42.0,538,
user_06355,control,0.0,99.29,2024-11-22,desktop,USA,43.0,301,
user_01231,control,1.0,114.53,2024-01-17,iPhone,US,28.0,162,
user_06256,control,,49.82,09/03/2024,tablet,US,53.0,377,
user_04666,control,1.0,-46.52,12/17/2024,tablet,UK,61.0,376,
user_04272,treatment ,0.0,71.86,2024-08-10,desktop,US,60.0,276,
user_05082,control,1.0,-79.6,02-10-2024,Mobile,India,33.0,274,
user_01274,Control,0.0,112.82,2024-03-29,mobile,India,62.0,127,
user_00065,Control,,24.36,03/29/2024,mobile,US,26.0,246,
user_00031,treatment,1.0,103.29,04/11/2024,iPhone,United Kingdom,27.0,64,
user_00092,TRT,0.0,93.66,16-01-2024,desktop,United States,62.0,115,
user_01935,control,1.0,40.61,17-09-2024,Android,United Kingdom,22.0,336,
user_02912,treatment,1.0,55.86,2024-05-28,desktop,USA,60.0,359,
user_03148,control,0.0,-15.01,12/17/2024,mobile,USA,42.0,112,
user_03247,control,0.0,116.23,03/02/2024,mobile,US,21.0,533,
user_07130,treatment,1.0,88.34,25-08-2024,iPhone,US,34.0,0,
user_04081,control,0.0,52.72,18-04-2024,Android,US,38.0,298,
user_05781,control,0.0,101.37,2024-07-10,mobile,USA,18.0,525,
user_00646,control,0.0,102.68,21-10-2024,desktop,USA,18.0,133,
user_08378,control,1.0,176.68,22-09-2024,desktop,USA,40.0,318,
user_08944,test,1.0,135.55,2024-06-17,iPhone,IN,46.0,281,
user_08422,control,1.0,149.0,2024-03-03,mobile,India,40.0,514,
user_00241,test,1.0,64.74,11/23/2024,iPhone,IN,29.0,231,
user_06641,treatment,0.0,173.4,09/29/2024,desktop,India,59.0,594,
user_08505,TRT,1.0,73.52,2024-07-25,mobile,US,41.0,328,
user_05807,control,1.0,174.61,02/13/2024,Desktop,IN,58.0,111,
user_03145,treatment,1.0,-72.07,08/28/2024,desktop,IN,,34,
user_08037,control,0.0,106.13,15-02-2024,mobile,US,37.0,118,
user_04952,Control,0.0,15.01,08/05/2024,mobile,US,40.0,151,
user_00100,treatment ,1.0,115.66,10/26/2024,Mobile,United States,54.0,569,
user_00309,treatment,1.0,153.2,2024-02-28,desktop,US,56.0,436,
user_00186,control,1.0,45.13,03/10/2024,mobile,United States,61.0,486,
user_05214,treatment,1.0,47.95,05/30/2024,mobile,India,21.0,482,
user_04506,control,1.0,26.25,05/06/2024,mobile,US,40.0,88,
user_06457,treatment,0.0,26.08,2024-12-18,desktop,US,44.0,569,
user_08405,control,1.0,140.05,02/25/2024,iPhone,India,32.0,454,
user_06183,control,0.0,156.76,2024-03-07,tablet,USA,,191,
user_01964,control,,76.42,2024-09-08,mobile,UK,41.0,0,
user_06780,control,1.0,102.09,17-06-2024,tablet,US,41.0,491,
user_01593,test,1.0,28.02,2024-09-09,mobile,USA,23.0,0,
user_05558,treatment,1.0,,2024-04-05,tablet,IN,25.0,240,
user_06168,control,1.0,169.42,04-07-2024,tablet,India,44.0,242,
user_03476,control,1.0,-38.13,12/16/2024,iPhone,USA,22.0,496,
user_07640,control,1.0,"549,81",2024-10-16,tablet,United Kingdom,42.0,462,
user_04548,treatment,0.0,17349.77,04/08/2024,mobile,US,49.0,114,
user_05074,control,1.0,39.08,2024-04-23,tablet,USA,42.0,372,
user_08766,Control,1.0,$12.95,01/05/2024,desktop,India,54.0,228,
user_03099,TRT,1.0,77.38,07/18/2024,mobile,India,21.0,57,
user_00531,treatment,,65.12,04/18/2024,tablet,US,21.0,132,
user_07412,treatment,1.0,154.96,06-06-2024,desktop,United States,65.0,479,
user_05452,control,0.0,133.03,10/28/2024,desktop,UK,27.0,300,
user_03063,control,0.0,74.81,18-02-2024,desktop,US,43.0,552,
user_04464,control,1.0,51.91,2024-12-12,desktop,India,26.0,216,
user_01207,treatment,1.0,193.15,2024-02-05,desktop,United Kingdom,51.0,260,
user_08418,control,1.0,89.21,10-01-2024,desktop,US,51.0,0,
user_05261,treatment,0.0,,03/22/2024,mobile,IN,29.0,422,
user_04688,control,1.0,100.79,23-02-2024,desktop,IN,26.0,0,
user_00417,control,1.0,56.05,2024-01-05,desktop,UK,52.0,-51,
user_01702,control,0.0,11.3,2024-09-28,tablet,US,56.0,592,
user_05701,treatment,0.0,132.84,08/10/2024,desktop,United States,50.0,332,
user_01383,treatment,1.0,96.3,07/19/2024,desktop,United Kingdom,34.0,580,
user_00541,control,1.0,106.58,01/03/2024,desktop,USA,29.0,173,
user_04428,TRT,1.0,121.46,10/12/2024,Desktop,United States,24.0,522,
user_07620,control,0.0,40.95,2024-12-26,mobile,United States,32.0,233,
user_02197,treatment,0.0,"500,62",14-11-2024,desktop,US,60.0,524,
user_03176,control,1.0,159.71,25-03-2024,Desktop,United States,38.0,254,
user_07070,treatment,,162.0,2024-09-04,desktop,USA,26.0,35,
user_05993,treatment,1.0,80.39,08/23/2024,tablet,IN,58.0,269,
user_02036,control,0.0,45.11,2024-04-08,desktop,USA,33.0,111,
user_05092,control,1.0,122.02,02/17/2024,Android,USA,37.0,-55,
user_06715,control,1.0,30.62,11/02/2024,desktop,USA,43.0,549,
user_06241,treatment ,,-86.04,2024-11-09,Android,USA,28.0,370,
user_04019,control,0.0,"649,56",2024-04-22,tablet,United Kingdom,39.0,345,
user_03953,treatment,0.0,126.59,01-02-2024,tablet,US,36.0,442,
user_00380,treatment,1.0,70.84,2024-11-04,desktop,UK,61.0,279,
user_07718,treatment,,38.57,23-05-2024,mobile,US,54.0,171,
user_02052,treatment,1.0,61.29,2024-06-16,Android,US,18.0,373,
user_08443,control,0.0,171.65,09/21/2024,iPhone,India,22.0,245,
user_00591,treatment,,146.94,2024-08-29,desktop,IN,23.0,295,
user_04843,treatment,0.0,140.03,11-02-2024,desktop,US,63.0,0,
user_00858,control,,-77.05,06/15/2024,mobile,United States,47.0,204,
user_02348,treatment,0.0,22.31,2024-10-28,mobile,IN,56.0,35,
user_01278,treatment,0.0,77.11,2024-10-22,iPhone,IN,61.0,-36,
user_07935,treatment,1.0,31.8,07/07/2024,iPhone,United States,35.0,-44,
user_04050,control,1.0,172.17,2024-03-07,mobile,India,54.0,423,
user_06186,control,1.0,163.05,2024-01-08,desktop,USA,37.0,99,
user_07905,treatment,1.0,69.77,2024-10-07,Desktop,United Kingdom,53.0,116,
user_00912,treatment,,37.78,04/20/2024,desktop,IN,29.0,543,
user_07821,treatment,1.0,"430,14",06/29/2024,Desktop,United Kingdom,51.0,407,
user_02347,control,,58.29,2024-12-12,iPhone,United Kingdom,50.0,349,
user_04760,control,1.0,181.6,04-06-2024,desktop,US,23.0,422,
user_04366,control,,149.46,2024-10-07,Mobile,India,53.0,194,
user_08542,control,1.0,,2024-06-19,tablet,USA,61.0,0,
user_03510,control,0.0,171.24,08/24/2024,Android,UK,49.0,237,
user_06338,treatment ,1.0,33.22,12/10/2024,tablet,USA,47.0,73,
user_04798,treatment,0.0,184.1,2024-10-22,Mobile,US,24.0,-82,
user_01509,treatment,0.0,178.98,25-06-2024,Desktop,USA,21.0,197,
user_07618,treatment,2.0,123.85,2024-10-18,mobile,UK,26.0,360,
user_06601,treatment,1.0,27.87,2024-10-01,mobile,United States,39.0,-79,
user_05761,treatment,,"706,29",2024-02-18,tablet,IN,,228,
user_05216,treatment,1.0,30.01,03/08/2024,iPhone,IN,33.0,181,
user_08595,treatment,0.0,-21.23,26-04-2024,mobile,USA,53.0,539,
user_03564,control,0.0,,2024-11-22,desktop,United Kingdom,45.0,418,
user_05041,treatment,1.0,128.61,02/24/2024,desktop,India,23.0,464,
user_00899,control,1.0,30.38,27-01-2024,desktop,India,25.0,117,
user_07162,control,0.0,66.81,2024-01-15,mobile,US,58.0,143,
user_02597,treatment,1.0,129.29,11-10-2024,tablet,India,48.0,592,
user_06539,control,0.0,"787,52",19-07-2024,mobile,United Kingdom,44.0,210,
user_07392,treatment,0.0,158.12,2024-04-02,Android,US,54.0,194,
user_02422,treatment,0.0,112.7,05-12-2024,Android,IN,42.0,37,
user_06555,treatment,1.0,,11/07/2024,iPhone,India,58.0,437,
user_01660,treatment ,,17.67,07/15/2024,desktop,United States,32.0,82,
user_02293,treatment ,1.0,-41.72,2024-07-23,desktop,India,30.0,422,
user_03803,control,1.0,22.65,2024-12-20,mobile,US,39.0,456,
user_02134,TRT,1.0,15.41,07-11-2024,mobile,UK,22.0,313,
user_00272,treatment,0.0,163.18,2024-11-10,tablet,USA,54.0,507,
user_00847,control,1.0,157.23,2024-05-23,Mobile,US,24.0,198,
user_00043,treatment,0.0,24.22,22-02-2024,mobile,US,35.0,350,
user_04098,treatment,0.0,126.11,2024-04-30,mobile,United Kingdom,28.0,451,
user_03777,treatment,0.0,,30-10-2024,tablet,United Kingdom,61.0,309,
user_03808,control,1.0,187.72,2024-02-09,mobile,UK,33.0,215,
user_02383,control,0.0,99.95,06/17/2024,desktop,United States,65.0,0,
user_08368,treatment,0.0,140.68,02-10-2024,mobile,US,46.0,336,
user_04210,treatment,0.0,129.26,08-02-2024,desktop,USA,26.0,139,
user_04948,treatment,0.0,188.42,04-03-2024,mobile,US,55.0,184,
user_05316,treatment,0.0,"145,64",03/01/2024,desktop,USA,30.0,354,
user_04652,treatment,0.0,57.04,2024-03-08,Mobile,US,40.0,354,
user_02094,TRT,0.0,139.19,11-07-2024,mobile,US,32.0,160,
user_00375,treatment ,0.0,103.06,2024-04-25,mobile,IN,25.0,231,
user_06887,treatment,0.0,157.4,14-09-2024,mobile,US,,53,
user_05457,control,2.0,104.07,2024-05-05,desktop,USA,,452,
user_07772,control,0.0,67.53,2024-11-08,desktop,USA,52.0,419,
user_08627,control,1.0,119.72,2024-06-30,mobile,United States,47.0,196,
user_05644,treatment,0.0,99.73,11-01-2024,tablet,US,61.0,41,
user_07757, treatment,1.0,132.89,08/12/2024,Android ,USA,50.0,88,
user_05864,control,,"690,70",2024-11-24,desktop,United Kingdom,38.0,265,
user_06820,treatment,1.0,,2024-09-18,desktop,US,53.0,273,
user_07730,control,1.0,143.41,24-12-2024,tablet,USA,42.0,225,
user_02835,treatment,1.0,168.07,2024-04-04,Android,US,30.0,570,
user_07203,TRT,1.0,$113.07,2024-09-19,iPhone,US,47.0,-46,
user_00868,control,1.0,26.69,26-11-2024,mobile,USA,18.0,286,
user_00843,control,0.0,152.72,2024-02-21,tablet,India,24.0,449,
user_04367,control,,182.37,05/14/2024,desktop,US,41.0,86,
user_00784,control,,174.78,2024-08-21,iPhone,United Kingdom,61.0,191,
user_00722, treatment,0.0,118.34,13-07-2024,tablet ,USA,26.0,58,
user_02922,control,,172.0,09/08/2024,iPhone,US,44.0,430,
user_06384,control,1.0,87.66,2024-02-14,Desktop,IN,34.0,450,
user_07199,treatment,1.0,10.29,10/17/2024,tablet,US,62.0,357,
user_03538,control,0.0,106.52,2024-04-22,desktop,US,30.0,0,
user_05637,control,,93.63,2024-08-03,tablet,India,28.0,-61,
user_06815,treatment,0.0,74.49,2024-12-02,tablet,US,50.0,393,
user_05228,treatment,2.0,43.71,2024-07-29,mobile,US,108.0,507,
user_05496,treatment ,0.0,57.41,07/18/2024,mobile,US,39.0,518,
user_07596,treatment,1.0,,2024-04-23,mobile,United Kingdom,62.0,393,
user_08543,treatment ,0.0,155.73,07/27/2024,mobile,US,48.0,314,
user_04586,treatment,1.0,35.89,2024-09-19,desktop,US,21.0,408,
user_02924,control,1.0,92.3,24-01-2024,Mobile,UK,55.0,80,
user_06191,control,,143.49,2024-10-24,Mobile,US,24.0,-52,
user_00200,treatment,0.0,,07/31/2024,Desktop,US,21.0,0,
user_07336,treatment,0.0,184.16,29-11-2024,desktop,IN,59.0,41,
user_00069,treatment,,179.77,23-03-2024,mobile,India,44.0,445,
user_07893,treatment,0.0,70.24,2024-04-29,Mobile,USA,12.0,587,
user_01206,treatment,,61.09,2024-09-06,desktop,US,31.0,209,
user_06579,control,0.0,,2024-10-09,desktop,United States,50.0,209,
user_03667,treatment,0.0,44.18,04/25/2024,mobile,US,35.0,255,
user_07393,control,1.0,170.63,2024-01-17,tablet,US,22.0,51,
user_04295,control,1.0,-17.55,2024-04-04,mobile,United States,35.0,386,
user_06817,test,2.0,45.22,11/16/2024,desktop,USA,39.0,-55,
user_02529,TRT,1.0,39.44,2024-10-02,desktop,India,60.0,360,
user_00665,control,1.0,-27.06,07/15/2024,desktop,USA,31.0,0,
user_07301,treatment,0.0,-85.42,10/04/2024,mobile,UK,21.0,344,
user_01883,treatment,1.0,$168.62,02-07-2024,mobile,IN,26.0,0,
user_00688,control,2.0,28.29,07/08/2024,mobile,IN,27.0,412,
user_06448,TRT,1.0,-85.89,2024-08-17,mobile,US,38.0,554,
user_00421,Control,0.0,54.35,20-08-2024,mobile,USA,43.0,464,
user_03069,control,1.0,120.96,06-08-2024,mobile,United Kingdom,,575,
user_00346,treatment,2.0,136.84,09-02-2024,desktop,United States,,446,
user_03833,treatment,1.0,-76.04,2024-12-11,tablet,United Kingdom,31.0,0,
user_04289,treatment,2.0,136.26,26-01-2024,Desktop,US,59.0,57,
user_04051,control,1.0,78.7,08-03-2024,tablet,United Kingdom,41.0,248,
user_05428,control,0.0,92.35,13-04-2024,mobile,USA,54.0,83,
user_04774,treatment,1.0,40.79,24-06-2024,desktop,US,37.0,537,
user_03742,TRT,1.0,102.58,2024-10-02,desktop,US,28.0,0,
user_07136,control,,157.1,10/22/2024,desktop,US,43.0,549,
user_01999,control,1.0,$11.51,08/14/2024,mobile,UK,62.0,111,
user_08753,control,0.0,21.78,2024-04-21,tablet,USA,53.0,176,
user_03249,control,1.0,137.91,12/06/2024,desktop,UK,34.0,156,
user_00908,treatment,1.0,166.56,07-03-2024,tablet,US,55.0,39,
user_07836,treatment ,0.0,55.28,2024-05-02,mobile,United Kingdom,27.0,85,
user_00548,control,1.0,$149.67,10/19/2024,tablet,India,65.0,460,
user_06477,treatment,,104.17,23-08-2024,Desktop,US,29.0,0,
user_07156,treatment,0.0,158.07,05/02/2024,tablet,US,35.0,321,
user_06298,treatment,,77.25,24-10-2024,Android,India,56.0,366,
user_01970,treatment,2.0,68.81,28-11-2024,desktop,US,52.0,475,
user_08828,treatment,1.0,16.35,10/08/2024,mobile,US,58.0,100,
user_06631,treatment ,,51.55,2024-04-20,mobile,India,63.0,268,
user_05005,treatment ,1.0,113.24,23-07-2024,tablet,USA,53.0,520,
user_07037,treatment,1.0,96.57,12-11-2024,desktop,UK,32.0,400,
user_07504,Control,0.0,52.62,2024-04-28,desktop,UK,37.0,352,
user_06049,treatment,,177.47,2024-12-28,Desktop,USA,41.0,520,
user_03837,treatment,,66.07,05-06-2024,mobile,US,48.0,272,
user_02862,treatment,0.0,158.95,05/13/2024,mobile,India,49.0,539,
user_01879,control,2.0,77.33,04-05-2024,Desktop,USA,58.0,380,
user_03084,control,1.0,110.09,10/07/2024,iPhone,US,31.0,0,
user_04027,treatment,0.0,35.48,06/25/2024,desktop,United Kingdom,49.0,528,
user_02358,control,,101.23,05/24/2024,mobile,UK,27.0,505,
user_06189,Control,1.0,190.94,13-02-2024,tablet,UK,45.0,358,
user_01246,control,2.0,,01/15/2024,desktop,India,42.0,72,
user_00062,control,0.0,160.9,29-01-2024,desktop,US,51.0,104,
user_00586,control,,"982,81",07/31/2024,desktop,US,64.0,147,
user_03917,control,0.0,22.89,20-08-2024,tablet,US,48.0,520,
user_05150,test,1.0,28.2,05/16/2024,tablet,United States,28.0,568,
user_00012,control,,188.42,08/06/2024,desktop,UK,25.0,-32,
user_01724,control,1.0,28.57,2024-10-14,desktop,United States,55.0,0,
user_05340,control,0.0,83.06,14-05-2024,desktop,US,65.0,338,
user_08617,test,0.0,99.18,30-11-2024,Mobile,UK,20.0,285,
user_05229,control,0.0,99.65,2024-01-09,tablet,US,46.0,553,
user_01114,treatment,0.0,192.43,2024-09-26,tablet,US,24.0,142,
user_00657,control,1.0,-67.95,27-07-2024,Mobile,USA,44.0,130,
user_06925,treatment,1.0,66.34,2024-03-25,desktop,India,32.0,600,
user_06004,treatment ,1.0,69.75,08/23/2024,desktop,IN,46.0,505,
user_02026,treatment,1.0,103.76,2024-07-08,mobile,United States,58.0,-56,
user_04381,control,0.0,121.7,2024-10-03,iPhone,UK,,143,
user_00580,treatment ,0.0,57.74,2024-09-12,tablet,IN,29.0,347,
user_06540,treatment,0.0,144.03,2024-08-24,tablet,United Kingdom,44.0,199,
user_06825,control,1.0,114.72,12/11/2024,mobile,US,27.0,586,
user_07651,treatment,1.0,83.64,04/07/2024,mobile,United States,31.0,0,
user_04799,treatment,0.0,102.53,2024-02-09,desktop,UK,38.0,385,
user_04484,control,1.0,55.41,2024-06-20,mobile,UK,52.0,335,
user_05189,control,1.0,43.09,05/09/2024,desktop,US,50.0,503,
user_04297,treatment,1.0,17.11,05-04-2024,desktop,UK,42.0,-97,
user_00440,treatment,1.0,124.11,2024-08-31,desktop,India,46.0,195,
user_03973,control,1.0,198.36,04/29/2024,iPhone,United Kingdom,28.0,267,
user_05000,control,2.0,178.27,2024-08-31,desktop,United Kingdom,31.0,83,
user_00220,Control,1.0,95.7,02/17/2024,tablet,United Kingdom,57.0,231,
user_01579,treatment,,20.97,21-02-2024,desktop,UK,23.0,217,
user_07016,control,0.0,44.05,07/05/2024,tablet,US,54.0,250,
user_02298,control,,10.82,2024-11-21,tablet,United States,65.0,68,
user_03520,treatment,0.0,179.59,2024-09-22,mobile,UK,52.0,451,
user_06801,control,0.0,174.57,10/05/2024,Desktop,United States,24.0,-93,
user_08780,treatment,1.0,83.76,2024-08-04,desktop,US,55.0,57,
user_02954,treatment,1.0,-75.2,2024-05-30,mobile,US,35.0,142,
user_01273,treatment,0.0,35.22,27-08-2024,mobile,United States,57.0,370,
user_05137,treatment,0.0,74.93,05/19/2024,tablet,USA,51.0,57,
user_01647,Control,1.0,77.12,2024-01-08,Mobile,US,27.0,272,
user_05845,treatment,1.0,99.16,2024-01-11,mobile,US,58.0,145,
user_06942,control,0.0,38.29,09/01/2024,desktop,UK,46.0,52,
user_00041,control,0.0,,30-11-2024,mobile,United Kingdom,65.0,-33,
user_00316,control,,55.23,21-02-2024,mobile,UK,60.0,119,
user_04363,test,,43228.95,2024-09-04,desktop,IN,33.0,275,
user_04015,treatment,,134.13,08/07/2024,mobile,US,54.0,-34,
user_03898,TRT,,149.49,04/16/2024,desktop,US,43.0,254,
user_04393,treatment,,137.53,04/18/2024,mobile,United Kingdom,61.0,203,
user_00253,treatment ,0.0,54.89,06/05/2024,mobile,India,21.0,469,
user_00968,treatment,0.0,111.7,2024-04-06,desktop,United States,43.0,88,
user_06429,control,0.0,119.19,2024-06-15,Mobile,UK,29.0,298,
user_07837,treatment,1.0,50.83,2024-11-10,desktop,USA,60.0,467,
user_02640,treatment,0.0,81.04,03/14/2024,desktop,India,19.0,249,
user_00775,treatment,,18.91,2024-10-16,desktop,US,59.0,440,
user_08033,TRT,2.0,158.1,2024-01-09,desktop,India,32.0,501,
user_05729,control,1.0,117.28,2024-08-09,mobile,US,56.0,0,
user_03131,treatment,0.0,197.42,07-12-2024,mobile,USA,25.0,0,
user_03762,treatment,1.0,59.15,2024-07-26,desktop,USA,20.0,592,
user_07776,treatment,0.0,$104.19,2024-01-29,mobile,India,59.0,-12,
user_06954,treatment,0.0,105.59,03/24/2024,desktop,US,47.0,534,
user_00778,control,0.0,92.91,2024-04-20,desktop,United States,60.0,424,
user_05361,treatment,0.0,,2024-10-09,mobile,United States,,82,
user_06238,control,0.0,61.89,04/25/2024,tablet,United Kingdom,65.0,181,
user_00625,control,1.0,127.88,04/29/2024,mobile,India,64.0,157,
user_00371,treatment ,,98.31,2024-03-11,mobile,UK,53.0,504,
user_01006,control,1.0,176.97,2024-04-21,Desktop,United Kingdom,45.0,280,
user_02697,control,0.0,138.15,02/25/2024,desktop,US,41.0,342,
user_02415,treatment ,0.0,146.55,2024-03-20,desktop,US,59.0,-100,
user_07501,treatment,2.0,157.93,11/28/2024,desktop,IN,38.0,407,
user_00007,treatment,0.0,153.12,24-01-2024,desktop,US,53.0,179,
user_02523,treatment,1.0,119.49,02/07/2024,mobile,United Kingdom,24.0,149,
user_00798,treatment,0.0,57.81,09-10-2024,Desktop,USA,30.0,538,
user_00961,control,0.0,163.97,26-02-2024,Mobile,India,64.0,195,
user_00018,control,0.0,162.86,02-09-2024,tablet,US,60.0,64,
user_04833,treatment,,24.67,2024-06-01,tablet,USA,24.0,0,
user_03189,treatment,0.0,177.5,2024-02-21,desktop,US,34.0,438,
user_04065,control,1.0,171.47,2024-08-25,mobile,US,38.0,362,
user_05920,treatment,1.0,$185.4,2024-02-04,desktop,UK,53.0,293,
user_02048,treatment,1.0,"936,78",2024-12-19,desktop,USA,52.0,454,
user_08723,control,0.0,14.02,04/05/2024,desktop,US,34.0,529,
user_00738,control,0.0,46.66,08/28/2024,desktop,India,26.0,432,
user_00609,treatment,0.0,97.67,17-11-2024,desktop,United States,56.0,133,
user_01068,treatment,1.0,24.59,05/10/2024,desktop,USA,64.0,166,
user_03442,treatment,0.0,55.11,30-09-2024,tablet,United States,,489,
user_08160,control,0.0,,03/10/2024,mobile,United States,,245,
user_07581,treatment,1.0,191.72,2024-12-03,tablet,IN,7.0,598,
user_01860,control,1.0,119.07,2024-11-13,mobile,United Kingdom,63.0,361,
user_04867,treatment,,39.36,2024-02-25,mobile,USA,41.0,300,
user_08512,treatment,0.0,60.74,06-05-2024,mobile,USA,64.0,0,
user_07942,control,1.0,43.08,07/18/2024,Android,India,,460,
user_00449,control,2.0,143.07,24-06-2024,desktop,USA,,497,
user_03429,control,1.0,69.99,2024-08-09,mobile,India,58.0,259,
user_00691,treatment ,2.0,38.72,08-12-2024,desktop,United Kingdom,34.0,0,
user_07169,control,2.0,168.91,22-03-2024,Desktop,US,20.0,247,
user_01826,treatment,0.0,104.65,2024-08-26,mobile,US,38.0,513,
user_02732,control,0.0,198.33,07-01-2024,desktop,India,52.0,276,
user_07633,control,0.0,167.27,2024-09-02,desktop,US,24.0,435,
user_07995,control,0.0,32.4,2024-07-15,desktop,United Kingdom,45.0,265,
user_07916,control,1.0,92.52,2024-05-10,iPhone,US,44.0,109,
user_00227,control,0.0,198.23,2024-07-09,Android,US,52.0,365,
user_08650,control,0.0,55.73,18-08-2024,desktop,India,54.0,0,
user_04838,TRT,0.0,160.76,03/09/2024,desktop,USA,18.0,185,
user_07447,control,1.0,163.19,08/26/2024,tablet,India,,209,
user_07911,control,0.0,92.91,2024-01-19,iPhone,USA,,233,
user_00313,control,1.0,154.45,2024-11-24,mobile,India,54.0,502,
user_02941,treatment,0.0,,2024-02-10,iPhone,US,19.0,443,
user_07899,treatment,1.0,150.64,2024-10-24,tablet,US,32.0,487,
user_03207,treatment,1.0,38.36,01/23/2024,iPhone,US,50.0,486,
user_06890,treatment,1.0,99.89,2024-11-18,mobile,USA,19.0,492,
user_02531,treatment,1.0,39.58,05/27/2024,desktop,IN,21.0,224,
user_05733,control,1.0,79.19,09/19/2024,desktop,United States,51.0,206,
user_08624,test,0.0,109.58,2024-11-07,desktop,United Kingdom,59.0,268,
user_05371,treatment,0.0,123.66,31-12-2024,desktop,India,56.0,-98,
user_05427,treatment,,-51.0,2024-04-20,desktop,United Kingdom,43.0,557,
user_00863,Control,2.0,141.64,09/18/2024,Desktop,IN,41.0,104,
user_06577,control,1.0,102.93,2024-04-27,tablet,IN,20.0,390,
user_04804,treatment,1.0,166.61,01/05/2024,Desktop,US,44.0,477,
user_01023,TRT,0.0,30.8,15-05-2024,mobile,United Kingdom,43.0,0,
user_04802,treatment,0.0,168.43,11/27/2024,iPhone,USA,59.0,0,
user_07540,control,1.0,168.19,2024-05-09,Android,US,32.0,372,
user_05988,control,0.0,40.28,04/08/2024,desktop,US,44.0,0,
user_05272,TRT,0.0,56.53,2024-03-04,mobile,IN,29.0,245,
user_08452,control,0.0,180.83,05-07-2024,tablet,United Kingdom,58.0,409,
user_07524,treatment,0.0,99.36,14-10-2024,desktop,USA,62.0,48,
user_00003,treatment ,1.0,"714,34",25-11-2024,tablet,United Kingdom,64.0,222,
user_08057,treatment,0.0,187.26,15-07-2024,mobile,UK,25.0,492,
user_00641,treatment,0.0,147.27,05-03-2024,Mobile,United States,29.0,447,
user_06352,treatment,0.0,102.87,2024-04-15,mobile,UK,60.0,-12,
user_04902,treatment,0.0,189.63,2024-06-27,mobile,United States,31.0,569,
user_00816,treatment ,2.0,53.35,03-12-2024,iPhone,USA,34.0,516,
user_04775,control,0.0,"652,14",10-06-2024,tablet,IN,22.0,67,
user_04553,control,0.0,183.3,24-12-2024,iPhone,United States,19.0,222,
user_00270,treatment,0.0,29.09,2024-08-05,Mobile,US,52.0,504,
user_00368,control,,47.45,03-05-2024,mobile,India,55.0,183,
user_07033,treatment,0.0,-63.83,2024-04-10,desktop,India,22.0,234,
user_00439,treatment ,1.0,73.6,2024-06-28,mobile,India,25.0,259,
user_04732,test,0.0,69.43,2024-02-27,mobile,US,49.0,575,
user_00331,control,1.0,183.39,06/20/2024,desktop,US,29.0,0,
user_06055,treatment,2.0,92.97,02-11-2024,tablet,UK,61.0,217,
user_05486,control,0.0,174.5,17-12-2024,Desktop,UK,63.0,249,
user_08498,treatment,0.0,54.0,01/04/2024,tablet,IN,38.0,447,
user_04527,treatment,0.0,58.55,04-02-2024,desktop,IN,35.0,118,
user_06914, treatment,1.0,62.99,02/29/2024,desktop ,UK,51.0,403,
user_07045,control,0.0,-23.02,2024-05-21,mobile,India,22.0,275,
user_07414,treatment,0.0,,02/12/2024,tablet,USA,53.0,329,
user_05146,treatment,,186.53,2024-03-08,desktop,IN,23.0,583,
user_02827,control,0.0,165.11,2024-09-02,mobile,USA,37.0,313,
user_04403,TRT,1.0,103.85,16-02-2024,tablet,USA,,36,
user_04881,TRT,0.0,150.98,09/20/2024,mobile,USA,35.0,473,
user_06677,Control,0.0,-16.4,07/08/2024,Desktop,United States,25.0,250,
user_00477,TRT,0.0,20.19,2024-01-04,Mobile,IN,38.0,-44,
user_06756,treatment,0.0,$79.81,24-04-2024,Desktop,United States,45.0,346,
user_00867,treatment,2.0,92.53,11/05/2024,tablet,United States,65.0,317,
user_06630,control,1.0,179.91,01/08/2024,mobile,US,56.0,197,
user_05386,control,0.0,117.05,2024-05-13,Android,India,18.0,154,
user_02893,control,1.0,107.84,27-02-2024,desktop,USA,55.0,536,
user_00799,control,1.0,120.2,01/22/2024,desktop,United States,7.0,596,
user_04898,treatment,0.0,124.46,10/25/2024,desktop,US,43.0,325,
user_07634,treatment,0.0,45.59,2024-01-17,mobile,US,34.0,0,
user_05538,treatment,2.0,119.14,02-04-2024,desktop,US,33.0,422,
user_00850,treatment,1.0,79.15,12/04/2024,desktop,USA,32.0,70,
user_08989,treatment,1.0,,17-09-2024,mobile,UK,47.0,0,
user_05915, control,0.0,$101.57,03/01/2024,Android ,United States,50.0,-12,
user_00379,treatment,1.0,70.26,11/06/2024,Desktop,UK,60.0,452,
user_08582,control,1.0,69.26,30-05-2024,iPhone,US,55.0,72,
user_07711,treatment,0.0,173.76,03/03/2024,tablet,UK,63.0,154,
user_03147,control,2.0,77.81,2024-05-02,mobile,US,25.0,194,
user_08411,control,1.0,,28-05-2024,desktop,US,50.0,572,
user_06418,control,0.0,34.47,03/06/2024,mobile,UK,42.0,138,
user_02011,treatment,0.0,109.54,2024-05-09,iPhone,UK,49.0,383,
user_02512,control,1.0,,10/21/2024,Android,USA,39.0,321,
user_03157,control,0.0,66.06,2024-12-07,Mobile,US,32.0,579,
user_00330,treatment,0.0,34.57,04/07/2024,tablet,US,10.0,584,
user_05147,control,1.0,10.94,14-05-2024,desktop,United Kingdom,35.0,178,
user_01015,TRT,1.0,127.53,20-06-2024,iPhone,UK,44.0,176,
user_00519,treatment,0.0,174.28,2024-02-18,mobile,USA,28.0,450,
user_02386,control,0.0,187.16,2024-06-14,Desktop,UK,52.0,100,
user_05657,treatment,1.0,-12.19,23-11-2024,desktop,US,22.0,103,
user_03804,treatment,0.0,183.24,29-02-2024,Desktop,UK,53.0,427,
user_05055,control,0.0,144.58,29-04-2024,mobile,US,,62,
user_01016,control,0.0,138.91,21-09-2024,iPhone,United States,44.0,454,
user_00148,treatment,1.0,143.32,2024-11-23,Desktop,IN,19.0,350,
user_02749,control,1.0,154.86,04/04/2024,desktop,United Kingdom,38.0,171,
user_06664,Control,,94.25,11-05-2024,desktop,United States,59.0,101,
user_01748,TRT,0.0,96.97,24-03-2024,mobile,USA,23.0,36,
user_00368,control,1.0,172.2,2024-05-11,tablet,United Kingdom,24.0,0,
user_00827,control,0.0,162.83,12/16/2024,mobile,IN,51.0,232,
user_05491,treatment,0.0,26.91,12/20/2024,mobile,US,65.0,427,
user_01091,control,1.0,142.84,09/18/2024,desktop,United States,54.0,536,
user_05270,control,,-66.45,05/10/2024,Android,USA,20.0,108,
user_04674,treatment,0.0,97.75,15-10-2024,tablet,US,55.0,424,
user_00549,control,0.0,141.32,2024-06-06,mobile,IN,26.0,67,
user_02376,TRT,1.0,105.4,2024-06-14,desktop,US,19.0,560,
user_00621,control,1.0,101.34,29-01-2024,desktop,US,51.0,545,
user_00758,treatment,1.0,131.53,14-08-2024,Mobile,United States,,402,
user_01886,TRT,1.0,"905,69",2024-09-10,mobile,United Kingdom,25.0,430,
user_04273,treatment,0.0,163.28,08-10-2024,Desktop,United Kingdom,51.0,218,
user_02837,control,0.0,32.93,05/30/2024,tablet,USA,53.0,599,
user_00213,treatment ,2.0,66.61,2024-02-21,iPhone,US,47.0,-27,
user_02748,treatment,0.0,186.96,2024-07-21,iPhone,United Kingdom,63.0,223,
user_08963,treatment,0.0,30.1,04/24/2024,mobile,US,40.0,226,
user_05439,TRT,0.0,,06/07/2024,desktop,US,52.0,383,
user_05348,treatment ,1.0,148.04,2024-12-05,mobile,US,61.0,466,
user_00993,control,0.0,74.41,12/27/2024,desktop,US,18.0,277,
user_06632,treatment,1.0,159.96,2024-12-09,iPhone,United States,49.0,80,
user_08016,control,0.0,,17-10-2024,Android,US,59.0,401,
user_03845,treatment,0.0,$138.38,02-08-2024,mobile,USA,39.0,235,
user_02817,treatment ,1.0,176.02,2024-06-28,mobile,USA,33.0,596,
user_00297,control,0.0,35.68,11-08-2024,tablet,United States,40.0,312,
user_08195,control,0.0,,11/17/2024,desktop,United Kingdom,21.0,528,
user_00139,control,1.0,,29-02-2024,mobile,USA,50.0,295,
user_08830,control,1.0,93.48,05/10/2024,mobile,US,20.0,350,
user_07173,treatment,1.0,17.62,2024-10-21,iPhone,US,57.0,-27,
user_04234,control,0.0,166.71,24-10-2024,mobile,UK,55.0,131,
user_02860,treatment,0.0,65.27,14-10-2024,Android,USA,39.0,137,
user_04080,control,0.0,,2024-07-19,desktop,UK,62.0,461,
user_03965,treatment,1.0,80.71,2024-10-30,desktop,IN,36.0,469,
user_00871,control,1.0,67.29,2024-02-19,mobile,IN,101.0,-53,
user_00980,Control,0.0,,05/14/2024,Desktop,IN,26.0,461,
user_06242,treatment,1.0,41.41,2024-12-07,desktop,India,23.0,532,
user_05356,treatment,2.0,180.26,01/17/2024,desktop,USA,24.0,169,
user_07943,treatment,1.0,178.34,12/19/2024,desktop,IN,21.0,492,
user_03640,treatment ,0.0,38.52,15-08-2024,Desktop,IN,26.0,0,
user_00587,control,0.0,103.16,07-12-2024,desktop,US,10.0,508,
user_05213,treatment ,1.0,,2024-04-01,Mobile,United Kingdom,20.0,320,
user_06215,control,1.0,89.25,2024-01-03,desktop,USA,46.0,107,
user_00624,treatment,0.0,47351.71,2024-02-12,Desktop,United States,,417,
user_05703,control,1.0,63.03,21-10-2024,tablet,United Kingdom,30.0,75,
user_04257,treatment,0.0,148.21,10-02-2024,tablet,US,30.0,40,
user_01853,treatment,1.0,155.61,25-03-2024,mobile,IN,47.0,434,
user_01378,control,1.0,95.06,2024-03-29,mobile,UK,22.0,198,
user_05793,treatment,0.0,125.38,2024-12-15,mobile,USA,61.0,204,
user_08814,control,0.0,177.34,24-06-2024,Android,India,34.0,304,
user_00752,control,0.0,$107.12,2024-01-14,desktop,USA,60.0,-37,
user_04219,test,1.0,119.55,26-06-2024,tablet,IN,48.0,168,
user_03980,treatment,,16.34,2024-04-26,mobile,UK,54.0,0,
user_03256,treatment,1.0,29.67,12-04-2024,mobile,US,59.0,461,
user_08229,treatment,1.0,126.01,2024-02-09,mobile,US,47.0,53,
user_00751,control,,195.01,02-09-2024,Mobile,US,20.0,261,
user_01909,control,2.0,177.05,2024-11-24,mobile,India,26.0,499,
user_08258,TRT,1.0,77.71,17-05-2024,Desktop,United Kingdom,50.0,38,
user_05608,treatment,1.0,-39.36,30-01-2024,mobile,USA,25.0,406,
user_07020,control,0.0,110.16,2024-07-20,tablet,USA,39.0,420,
user_02696,treatment,1.0,"263,68",11/05/2024,Mobile,US,64.0,536,
user_05646,control,1.0,164.66,2024-04-06,tablet,USA,27.0,513,
user_06863,treatment,1.0,106.08,2024-04-10,desktop,US,42.0,126,
user_01499,treatment,,17.14,2024-12-11,Android,US,21.0,279,
user_01997,control,1.0,189.01,2024-07-08,desktop,United States,54.0,467,
user_06045,treatment,1.0,138.84,12/11/2024,tablet,USA,55.0,134,
user_05489,treatment,1.0,28.05,27-12-2024,desktop,US,,0,
user_08781,test,0.0,76.86,04/19/2024,desktop,USA,18.0,237,
user_01617,control,1.0,53.4,12/04/2024,tablet,US,41.0,522,
user_04144,treatment ,1.0,93.53,10/19/2024,Android,United Kingdom,20.0,289,
user_02832,control,0.0,130.49,2024-04-13,tablet,India,27.0,269,
user_08991,treatment,1.0,159.0,2024-03-06,desktop,US,26.0,168,
user_08671,treatment,0.0,154.46,11-08-2024,desktop,USA,26.0,551,
user_08381,control,1.0,137.47,2024-02-22,Mobile,US,43.0,123,
user_07425, treatment,0.0,93.69,10/19/2024,tablet ,US,49.0,-95,
user_03883,control,0.0,,05/20/2024,desktop,US,61.0,552,
user_02596,control,1.0,118.28,2024-09-22,desktop,US,54.0,-93,
user_04251,control,1.0,41.48,2024-02-27,tablet,UK,19.0,296,
user_02583,treatment,1.0,148.34,2024-07-06,mobile,US,42.0,198,
user_02520,treatment,0.0,"204,31",07/22/2024,mobile,US,43.0,379,
user_07167,treatment,1.0,172.98,18-09-2024,mobile,India,30.0,0,
user_03623,control,0.0,,2024-11-21,mobile,USA,31.0,516,
user_00481,control,1.0,37.26,19-09-2024,mobile,US,25.0,160,
user_06985,treatment,0.0,127.17,2024-01-26,desktop,US,,102,
user_00411,control,0.0,160.92,2024-05-20,tablet,India,49.0,399,
user_07405,treatment,0.0,92.68,2024-07-04,mobile,USA,33.0,125,
user_04160,control,0.0,94.18,2024-04-22,mobile,US,43.0,-54,
user_01784, control,1.0,59.55,2024-11-05,mobile ,US,46.0,109,
user_06153,TRT,1.0,120.88,06/30/2024,mobile,IN,34.0,218,
user_06915,control,1.0,147.98,2024-07-27,desktop,USA,65.0,233,
user_04682,treatment,0.0,181.03,2024-07-10,desktop,USA,57.0,322,
user_05238,treatment,0.0,,02-12-2024,mobile,IN,38.0,298,
user_01388,treatment ,1.0,-84.43,2024-05-24,mobile,USA,59.0,34,
user_08504,control,1.0,94.71,06-10-2024,desktop,US,51.0,82,
user_03550,treatment,0.0,35.95,2024-04-16,desktop,US,47.0,185,
user_08984,Control,,68.45,06-09-2024,mobile,United States,52.0,130,
user_04950,control,1.0,134.9,18-11-2024,desktop,United Kingdom,22.0,511,
user_08141,treatment ,1.0,,08-06-2024,tablet,UK,49.0,363,
user_07192,treatment,0.0,71.87,08/22/2024,desktop,United States,,535,
user_07168,control,0.0,132.99,2024-05-30,desktop,IN,,572,
user_04751,control,0.0,58.09,2024-06-23,Desktop,UK,22.0,306,
user_06892,control,0.0,145.56,2024-10-13,mobile,US,35.0,373,
user_07243,control,0.0,36.46,22-12-2024,tablet,United States,32.0,394,
user_04582,treatment,1.0,170.17,2024-01-22,Mobile,US,56.0,84,
user_04360,treatment,0.0,140.84,09/05/2024,desktop,USA,22.0,160,
user_07813,control,,119.3,03-05-2024,desktop,UK,24.0,480,
user_08014,treatment ,0.0,108.26,02/10/2024,mobile,US,52.0,559,
user_04658,treatment,1.0,27.15,2024-10-04,tablet,USA,62.0,288,
user_00013,treatment,0.0,35.22,01/04/2024,Desktop,United States,22.0,275,
user_00681,treatment,0.0,"229,72",2024-08-11,desktop,USA,51.0,418,
user_03137,treatment ,0.0,53.61,08/10/2024,mobile,United States,,102,
user_04579,control,2.0,78.69,2024-10-18,mobile,US,31.0,418,
user_03377,control,0.0,66.12,19-04-2024,desktop,USA,56.0,500,
user_08089,control,0.0,164.29,2024-05-04,tablet,IN,63.0,414,
user_07814,treatment ,1.0,179.0,2024-12-28,desktop,UK,59.0,482,
user_04829,treatment,0.0,46.16,29-10-2024,mobile,US,24.0,247,
user_03395,treatment ,1.0,90.44,15-05-2024,desktop,USA,19.0,244,
user_00748,control,0.0,143.76,2024-12-29,Desktop,UK,43.0,0,
user_05937,control,0.0,157.4,08/05/2024,iPhone,US,47.0,76,
user_05179,control,0.0,89.3,08/31/2024,desktop,US,57.0,102,
user_07771,control,1.0,129.27,2024-12-27,Mobile,United Kingdom,30.0,226,
user_06661,treatment,0.0,185.13,2024-10-04,desktop,United States,57.0,127,
user_07967,control,0.0,191.59,2024-11-07,desktop,IN,56.0,236,
user_01614,control,1.0,127.4,2024-04-23,mobile,United States,55.0,33,
user_08611,control,0.0,172.27,12/05/2024,desktop,UK,61.0,413,
user_08598,control,1.0,162.21,05/03/2024,mobile,India,65.0,94,
user_04824,control,,198.5,2024-03-30,Desktop,UK,61.0,102,
user_00249,treatment,0.0,,04/20/2024,mobile,United States,34.0,294,
user_01871,control,0.0,168.74,06/07/2024,desktop,USA,26.0,173,
user_01440,control,0.0,45.87,03/19/2024,tablet,IN,56.0,497,
user_08924,treatment,0.0,84.19,18-06-2024,mobile,USA,36.0,0,
user_04432,treatment,0.0,180.25,18-04-2024,iPhone,India,56.0,67,
user_02199,test,0.0,"647,38",03-06-2024,tablet,US,63.0,62,
user_01372,treatment,0.0,,02/04/2024,mobile,United Kingdom,47.0,0,
user_08918,control,0.0,42.25,26-08-2024,desktop,India,56.0,262,
user_04715,treatment ,1.0,161.25,07-08-2024,Mobile,UK,24.0,418,
user_02151,control,1.0,184.21,06/19/2024,mobile,USA,30.0,187,
user_01445,treatment,0.0,67.94,05-04-2024,desktop,US,61.0,219,
user_07847,treatment,1.0,,30-03-2024,tablet,US,,190,
user_00606,control,1.0,58.72,05/19/2024,Mobile,IN,30.0,546,
user_06823,treatment,2.0,97.95,2024-08-05,desktop,USA,65.0,590,
user_03632,treatment,1.0,70.83,11/02/2024,mobile,US,47.0,0,
user_00998,control,0.0,142.98,03/24/2024,desktop,India,58.0,206,
user_04494,treatment ,0.0,112.1,11/17/2024,desktop,USA,42.0,593,
user_07259,treatment,1.0,136.92,12/19/2024,mobile,US,53.0,0,
user_06779,treatment,2.0,,12/20/2024,tablet,India,,291,
user_04181,control,1.0,$162.25,2024-04-20,tablet,UK,39.0,82,
user_00206,treatment,1.0,65.8,08-03-2024,iPhone,US,37.0,392,
user_00157,control,1.0,95.53,12/19/2024,desktop,US,25.0,270,
user_04008,treatment,0.0,,18-09-2024,desktop,United States,,289,
user_03788,control,1.0,192.45,05-09-2024,mobile,US,23.0,0,
user_08590,TRT,0.0,173.04,03-01-2024,mobile,IN,49.0,242,
user_00636,control,1.0,177.25,02-04-2024,tablet,United States,60.0,32,
user_06437,treatment,0.0,11.8,05/23/2024,iPhone,IN,59.0,283,
user_05524,treatment,0.0,161.89,2024-09-02,mobile,US,49.0,594,
user_04108,test,1.0,-20.01,2024-04-20,desktop,UK,31.0,0,
user_02614, control,0.0,$128.47,2024-07-21,mobile ,IN,21.0,39,
user_02227,Control,2.0,81.92,23-07-2024,desktop,UK,,220,
user_05431,control,1.0,147.13,30-09-2024,desktop,United States,63.0,114,
user_05411,control,0.0,-17.03,12-08-2024,mobile,United States,29.0,61,
user_08199,treatment,0.0,28.21,10/06/2024,Mobile,IN,41.0,0,
user_07463,treatment ,0.0,"453,85",03-12-2024,mobile,USA,45.0,384,
user_08657,treatment,1.0,55.89,2024-04-03,iPhone,United Kingdom,47.0,98,
user_04151,treatment,0.0,103.58,13-04-2024,tablet,United Kingdom,63.0,130,
user_00408,treatment,0.0,182.36,2024-07-23,tablet,US,48.0,62,
user_01870,control,0.0,163.19,2024-06-13,Mobile,US,28.0,0,
user_00112,control,1.0,25.34,2024-07-02,mobile,United States,65.0,497,
user_03957,control,1.0,92.7,2024-09-12,desktop,United Kingdom,23.0,65,
user_05475,control,0.0,123.12,06-07-2024,tablet,US,56.0,119,
user_02959,treatment,1.0,88.98,01/18/2024,iPhone,United States,62.0,130,
user_02172,control,1.0,25.36,28-07-2024,desktop,United States,,232,
user_06964,control,0.0,176.7,2024-06-08,tablet,USA,54.0,534,
user_02500,treatment,1.0,35.84,2024-03-10,desktop,USA,35.0,42,
user_02247,control,1.0,$123.16,2024-07-05,iPhone,India,52.0,151,
user_06769,control,1.0,160.86,2024-06-08,mobile,USA,24.0,328,
user_01163,treatment,1.0,21.57,2024-09-30,Android,US,19.0,0,
user_00587,control,1.0,142.43,04/06/2024,Android,UK,58.0,90,
user_06092,control,2.0,136.6,07/06/2024,mobile,United States,21.0,147,
user_03496,treatment,1.0,120.41,09-02-2024,mobile,IN,31.0,258,
user_02808, control,1.0,81.4,07/29/2024,Desktop ,United Kingdom,41.0,522,
user_02898,control,0.0,149.04,2024-05-11,tablet,IN,48.0,96,
user_03863,control,0.0,133.22,08-07-2024,desktop,USA,57.0,388,
user_08692,control,1.0,108.57,06/02/2024,desktop,US,65.0,124,
user_00997,control,0.0,,12-06-2024,iPhone,US,65.0,62,
user_07658,treatment,1.0,146.54,2024-02-11,iPhone,India,58.0,496,
user_04373,control,0.0,19.26,06/11/2024,mobile,US,39.0,508,
user_00820,control,1.0,130.11,03/11/2024,desktop,United Kingdom,41.0,44,
user_00138,control,2.0,28.47,04/11/2024,desktop,US,34.0,153,
user_07697,control,2.0,,2024-08-24,Desktop,United States,50.0,-53,
user_02710,treatment,1.0,,2024-07-02,mobile,UK,58.0,-81,
user_00880,treatment,2.0,"157,24",05/02/2024,desktop,US,42.0,433,
user_06697,control,0.0,184.14,23-12-2024,mobile,IN,50.0,-39,
user_04712,control,,67.61,04/14/2024,tablet,USA,48.0,202,
user_02328,control,0.0,194.4,18-04-2024,desktop,US,28.0,265,
user_08517,treatment,0.0,26.32,2024-02-11,tablet,US,34.0,540,
user_04692,TRT,1.0,17589.06,06/01/2024,desktop,US,43.0,261,
user_03828,control,0.0,103.28,17-11-2024,desktop,IN,22.0,548,
user_04932,control,0.0,131.97,17-05-2024,desktop,India,33.0,-14,
user_00473, treatment,0.0,168.39,07/07/2024,desktop ,UK,63.0,480,
user_08348,treatment,0.0,53.42,17-10-2024,desktop,United Kingdom,41.0,549,
user_03168,control,,83.44,2024-01-05,desktop,India,52.0,97,
user_04224,treatment,0.0,,2024-09-20,iPhone,US,49.0,108,
user_03397,Control,1.0,-39.62,09/30/2024,Android,USA,37.0,387,
user_07328,treatment,0.0,130.26,04/15/2024,Android,IN,64.0,0,
user_04615,treatment,1.0,73.52,2024-04-30,desktop,USA,,336,
user_01912,Control,0.0,133.02,19-04-2024,desktop,US,34.0,175,
user_04185,treatment,0.0,93.95,2024-11-19,Mobile,India,25.0,369,
user_00508,control,1.0,51.07,19-11-2024,desktop,USA,53.0,0,
user_02037,treatment,2.0,127.45,14-11-2024,desktop,IN,28.0,224,
user_07622,control,1.0,163.37,2024-09-26,mobile,US,42.0,538,
user_01214,treatment,0.0,53.3,12/13/2024,desktop,UK,47.0,-15,
user_01282,treatment,1.0,197.52,2024-04-07,Mobile,United Kingdom,54.0,311,
user_03050,control,0.0,81.57,28-10-2024,desktop,USA,47.0,586,
user_02246,control,1.0,109.6,2024-08-03,iPhone,USA,57.0,0,
user_03738,control,1.0,37.23,12/28/2024,mobile,United Kingdom,45.0,233,
user_00666,treatment,0.0,"495,16",2024-05-08,tablet,US,40.0,364,
user_06475,treatment,1.0,188.19,2024-10-05,desktop,UK,40.0,432,
user_04111,treatment,1.0,,09/29/2024,tablet,USA,35.0,458,
user_01444,treatment,0.0,132.48,2024-01-25,desktop,US,22.0,198,
user_01402,treatment,1.0,94.88,2024-11-18,tablet,United Kingdom,49.0,398,
user_04540,control,,84.59,31-08-2024,mobile,United States,29.0,43,
user_00528,control,0.0,124.0,2024-11-19,mobile,United Kingdom,18.0,375,
user_00873,treatment,1.0,$120.57,15-09-2024,tablet,US,30.0,395,
user_04260,control,0.0,55.51,11/20/2024,tablet,USA,25.0,576,
user_02928,treatment,,56.44,2024-09-20,desktop,US,20.0,0,
user_00440,control,1.0,41.38,02-09-2024,desktop,USA,50.0,-54,
user_08317,control,0.0,121.97,06/21/2024,Android,US,40.0,368,
user_02436,control,1.0,26.68,2024-01-11,desktop,India,58.0,589,
user_02137,treatment,0.0,117.9,29-08-2024,mobile,UK,23.0,476,
user_01321,treatment,1.0,$69.56,2024-10-01,Android,USA,40.0,172,
user_05212,treatment ,0.0,81.38,2024-06-21,desktop,US,100.0,476,
user_04207,control,0.0,142.11,17-09-2024,desktop,US,25.0,135,
user_08610,treatment,0.0,74.46,10-11-2024,tablet,UK,24.0,0,
user_00793,control,1.0,59.3,06/23/2024,tablet,United States,55.0,0,
user_01808,control,1.0,110.6,2024-11-24,mobile,UK,24.0,32,
user_04874,control,2.0,124.25,2024-08-07,mobile,UK,61.0,48,
user_08994,control,0.0,75.16,26-06-2024,tablet,UK,52.0,367,
user_01596,treatment,0.0,70.98,2024-08-27,tablet,USA,33.0,367,
user_01310,control,1.0,,22-07-2024,mobile,USA,23.0,587,
user_01097,treatment,0.0,37682.89,2024-07-02,desktop,US,33.0,344,
user_03549,treatment,1.0,179.82,27-01-2024,mobile,US,20.0,76,
user_08103,control,1.0,87.23,31-10-2024,tablet,US,,128,
user_08970,control,0.0,139.09,2024-09-22,mobile,USA,33.0,531,
user_07624,treatment ,1.0,170.26,01/12/2024,Mobile,United States,27.0,-87,
user_04182,control,0.0,150.49,2024-09-09,desktop,US,28.0,45,
user_00994,treatment,1.0,18.56,07-12-2024,tablet,United Kingdom,41.0,507,
user_04490,control,1.0,160.85,06/07/2024,mobile,US,34.0,530,
user_02198,treatment,1.0,140.33,09-05-2024,mobile,India,28.0,469,
user_00161,treatment,1.0,112.07,2024-06-30,mobile,US,25.0,493,
user_00952,treatment,0.0,110.34,10-08-2024,desktop,US,56.0,0,
user_03127,control,0.0,,2024-10-18,mobile,USA,47.0,339,
user_06866,treatment ,0.0,56.36,08/06/2024,tablet,USA,27.0,47,
user_03454,treatment ,0.0,134.2,03-01-2024,desktop,UK,46.0,455,
user_05687,treatment,0.0,,08/14/2024,desktop,India,35.0,465,
user_00612,control,0.0,"547,23",05/26/2024,desktop,US,19.0,519,
user_03968,control,0.0,57.09,12/27/2024,desktop,UK,21.0,87,
user_00042,treatment,0.0,,2024-02-01,desktop,IN,63.0,118,
user_04756,treatment,0.0,54.26,10-03-2024,tablet,India,27.0,466,
user_02845,treatment,1.0,99.62,08/02/2024,Android,United States,46.0,90,
user_06896,treatment,0.0,"927,46",10/01/2024,tablet,US,57.0,395,
user_05088,control,1.0,109.42,23-03-2024,Android,India,32.0,0,
user_00273,test,0.0,-18.99,06-01-2024,tablet,UK,33.0,312,
user_04892,control,0.0,111.36,11-03-2024,mobile,USA,31.0,123,
user_00550,treatment,1.0,120.74,19-08-2024,tablet,US,62.0,132,
user_02340,TRT,1.0,87.18,2024-01-05,Android,IN,47.0,296,
user_01996,control,1.0,119.23,2024-12-10,Mobile,US,54.0,264,
user_08185,control,1.0,,2024-09-08,desktop,United Kingdom,,254,
user_06093,control,1.0,77.41,29-09-2024,desktop,USA,42.0,419,
user_04345,control,1.0,133.69,2024-11-09,desktop,USA,65.0,43,
user_04228,treatment,1.0,195.89,02/21/2024,tablet,USA,61.0,276,
user_04541,control,0.0,157.24,2024-05-31,mobile,India,,202,
user_03446,control,1.0,187.23,06-12-2024,desktop,US,32.0,406,
user_03142,control,0.0,102.04,06/22/2024,mobile,UK,41.0,525,
user_00190,treatment,,80.6,09/02/2024,mobile,United States,45.0,163,
user_07549,treatment,1.0,155.52,08-11-2024,iPhone,US,64.0,550,
user_07397,control,0.0,128.5,15-12-2024,tablet,UK,26.0,427,
user_04648,TRT,,152.7,04/22/2024,desktop,UK,21.0,161,
user_01186,treatment,1.0,,06/19/2024,tablet,India,49.0,229,
user_08920,treatment,1.0,47.3,2024-06-27,Mobile,US,45.0,521,
user_03812,control,1.0,161.85,09/19/2024,mobile,India,65.0,234,
user_00340,control,1.0,,01/29/2024,desktop,United States,63.0,429,
user_00884,treatment ,1.0,125.23,21-04-2024,Desktop,US,52.0,0,
user_02228,control,0.0,153.59,22-12-2024,Desktop,United States,61.0,34,
user_01399,treatment,1.0,133.67,14-02-2024,tablet,USA,43.0,121,
user_00099,control,1.0,94.43,10/15/2024,mobile,UK,38.0,184,
user_00562,control,1.0,156.66,11-06-2024,desktop,India,36.0,287,
user_01360,treatment,0.0,77.53,20-02-2024,desktop,US,60.0,203,
user_07665,control,0.0,103.64,2024-07-16,desktop,India,46.0,61,
user_02474,control,1.0,154.26,26-03-2024,desktop,US,61.0,204,
user_01270,treatment ,1.0,29.21,10/21/2024,Android,United States,34.0,333,
user_03861,treatment,1.0,36.97,22-07-2024,mobile,IN,31.0,49,
user_02285,treatment,1.0,33.8,04/27/2024,Desktop,USA,40.0,307,
user_05680,control,0.0,17.71,09/01/2024,mobile,United States,49.0,242,
user_00777,test,1.0,138.63,14-09-2024,mobile,United States,43.0,458,
user_08046,treatment,,188.08,24-12-2024,mobile,US,32.0,163,
user_06879,treatment,0.0,,14-09-2024,tablet,IN,40.0,77,
user_02465,control,,174.09,2024-09-03,tablet,United Kingdom,,168,
user_06778,TRT,0.0,128.72,2024-04-29,desktop,IN,27.0,546,
user_01342,control,1.0,80.97,2024-01-14,tablet,US,38.0,310,
user_05645,treatment ,0.0,90.21,04/18/2024,mobile,US,53.0,313,
user_02883,TRT,1.0,92.88,10-03-2024,mobile,US,42.0,339,
user_06214,treatment,0.0,23.91,2024-05-28,tablet,United Kingdom,22.0,230,
user_06610,control,1.0,49.3,2024-04-23,iPhone,US,54.0,139,
user_01131,control,0.0,92.84,03/17/2024,mobile,USA,25.0,285,
user_06939,control,1.0,43.96,2024-07-05,mobile,United States,52.0,0,
user_05251,treatment,0.0,134.12,2024-04-29,Desktop,US,38.0,79,
user_08251,treatment,0.0,172.11,2024-02-01,desktop,UK,55.0,241,
user_07049,treatment,1.0,55.71,2024-06-18,Mobile,UK,60.0,95,
user_00293,Control,1.0,"122,10",16-10-2024,mobile,UK,37.0,135,
user_07861,control,1.0,,13-12-2024,desktop,United States,29.0,52,
user_08318,control,0.0,142.3,2024-01-18,mobile,United States,28.0,172,
user_02062,control,,95.94,12/23/2024,tablet,USA,26.0,293,
user_00771,treatment,0.0,154.05,2024-05-19,desktop,India,64.0,319,
user_06989,treatment,1.0,,01/19/2024,tablet,US,,0,
user_06492,control,1.0,,2024-10-31,tablet,US,64.0,259,
user_03542,control,1.0,,12/26/2024,desktop,United States,53.0,153,
user_01945,control,0.0,42.57,12-08-2024,mobile,US,37.0,152,
user_03751,treatment,1.0,76.33,01-11-2024,tablet,US,58.0,251,
user_04705,control,0.0,165.44,11/10/2024,desktop,United States,60.0,318,
user_00285,treatment,0.0,22.45,16-08-2024,tablet,India,64.0,531,
user_07669,treatment,1.0,51.22,2024-03-02,mobile,United States,20.0,180,
user_08883,control,0.0,170.01,2024-08-27,tablet,US,39.0,115,
user_03242,treatment,1.0,148.42,2024-06-05,mobile,India,46.0,0,
user_03733, treatment,0.0,,2024-07-02,mobile ,USA,48.0,391,
user_02552,treatment,0.0,158.11,2024-07-16,desktop,USA,23.0,303,
user_00779,treatment,0.0,56.61,08-04-2024,mobile,United States,30.0,321,
user_00002,treatment ,1.0,39.59,2024-09-27,desktop,United States,29.0,0,
user_02367,control,1.0,90.77,2024-07-11,desktop,USA,21.0,439,
user_06612,treatment,1.0,44.64,2024-01-04,desktop,UK,59.0,564,
user_06103,treatment ,,187.42,2024-08-22,desktop,UK,61.0,308,
user_07875,test,1.0,84.2,02-04-2024,mobile,United States,39.0,453,
user_05066,treatment,1.0,111.74,02-02-2024,desktop,US,29.0,142,
user_02354,treatment,0.0,39.23,25-12-2024,desktop,United States,46.0,318,
user_02968,treatment,0.0,29.28,2024-09-21,tablet,IN,50.0,345,
user_04986,control,1.0,95.07,18-12-2024,mobile,USA,10.0,263,
user_08945,control,,$151.29,19-05-2024,desktop,USA,24.0,148,
user_00570,treatment,0.0,18.16,26-08-2024,tablet,IN,63.0,159,
user_01193,control,,74.87,28-04-2024,desktop,US,32.0,502,
user_03566,control,,"852,93",12/14/2024,iPhone,India,60.0,581,
user_04524,control,0.0,,09/26/2024,mobile,USA,37.0,-65,
user_08300, control,0.0,79.31,2024-11-26,tablet ,United Kingdom,32.0,180,
user_06366,treatment,1.0,171.75,08/17/2024,Mobile,United Kingdom,61.0,598,
user_01606,test,1.0,90.37,03/12/2024,desktop,UK,40.0,220,
user_02929,treatment,0.0,190.31,2024-11-29,desktop,US,32.0,370,
user_02701,control,0.0,188.46,11/26/2024,desktop,UK,37.0,88,
user_06402,control,0.0,58.7,20-09-2024,desktop,US,63.0,435,
user_08965, control,0.0,10.42,07-08-2024,desktop ,USA,30.0,-38,
user_04599,treatment,1.0,120.68,28-09-2024,Mobile,USA,33.0,478,
user_08767,control,1.0,167.6,13-12-2024,desktop,India,27.0,35,
user_06998,test,0.0,153.21,04-06-2024,Android,IN,29.0,492,
user_01164,control,1.0,137.52,09/20/2024,mobile,United States,34.0,217,
user_01832,control,0.0,,2024-04-21,tablet,UK,50.0,0,
user_06518,treatment,0.0,88.74,02/09/2024,mobile,United Kingdom,51.0,0,
user_03565,control,1.0,58.87,05/12/2024,desktop,United Kingdom,61.0,315,
user_04779,treatment,1.0,165.81,07-07-2024,desktop,US,29.0,449,
user_03111,control,1.0,189.34,10/25/2024,Android,UK,52.0,388,
user_00631,control,1.0,49.11,2024-09-19,desktop,USA,30.0,483,
user_03418, control,1.0,132.82,2024-07-01,desktop ,USA,31.0,170,
user_01550,treatment,1.0,170.35,2024-02-22,mobile,IN,58.0,229,
user_07574,treatment,1.0,151.79,06/23/2024,tablet,US,38.0,80,
user_08177,treatment,2.0,"121,19",09-04-2024,mobile,United States,58.0,521,
user_04591,control,0.0,77.88,07-03-2024,Mobile,USA,34.0,573,
user_02727,treatment,1.0,106.42,01-05-2024,mobile,USA,50.0,36,
user_02069,treatment,0.0,153.32,19-08-2024,tablet,US,41.0,269,
user_04827,control,0.0,36.82,08-09-2024,Desktop,US,65.0,-19,
user_00789,treatment,0.0,73.88,05/29/2024,mobile,India,28.0,568,
user_01486,treatment,0.0,,2024-11-20,mobile,US,56.0,460,
user_03281,control,0.0,116.24,11-03-2024,tablet,USA,39.0,0,
user_02344,control,1.0,,03/30/2024,mobile,USA,52.0,329,
user_02491,treatment,1.0,104.16,2024-05-15,mobile,US,30.0,0,
user_05375,control,1.0,132.66,2024-04-17,desktop,United States,19.0,91,
user_06360,control,1.0,37.48,08-05-2024,Android,US,41.0,0,
user_03275,treatment,0.0,,12/16/2024,tablet,USA,51.0,217,
user_01538,control,0.0,49211.57,2024-07-29,Mobile,US,30.0,456,
user_04818,treatment,1.0,129.06,2024-02-19,desktop,US,24.0,82,
user_00639,treatment,1.0,65.09,12/17/2024,desktop,US,,229,
user_05595,treatment,2.0,87.07,2024-08-31,tablet,US,42.0,-20,
user_03739,treatment,,137.4,09-02-2024,desktop,United Kingdom,61.0,443,
user_01892,control,,178.51,01/08/2024,Desktop,United States,27.0,225,
user_06839,treatment ,0.0,10.68,2024-03-30,desktop,US,49.0,-76,
user_00009,treatment,0.0,185.93,18-11-2024,mobile,United Kingdom,55.0,183,
user_02049,treatment,0.0,30.83,2024-08-31,tablet,US,57.0,273,
user_08785,control,0.0,,16-03-2024,mobile,US,45.0,244,
user_08639,control,0.0,190.96,17-05-2024,Mobile,US,42.0,0,
user_01557,control,,111.74,2024-05-16,tablet,USA,33.0,323,
user_05638,treatment,1.0,157.05,17-06-2024,tablet,United States,34.0,300,
user_01507,treatment,0.0,,06/26/2024,desktop,UK,62.0,292,
user_03704,control,0.0,83.22,06-05-2024,iPhone,India,35.0,159,
user_07316,control,1.0,126.27,08-06-2024,tablet,USA,46.0,67,
user_07666,treatment,1.0,29.13,2024-03-15,tablet,UK,39.0,508,
user_06467,treatment,0.0,,31-05-2024,tablet,US,54.0,421,
user_02017,treatment ,,115.67,2024-03-19,iPhone,US,45.0,227,
user_00690,treatment ,0.0,95.09,2024-01-05,desktop,India,47.0,260,
user_00577,control,0.0,144.45,02/12/2024,desktop,India,33.0,158,
user_05783,control,0.0,153.18,2024-03-19,mobile,USA,54.0,490,
user_01801,control,1.0,17.48,2024-01-16,Desktop,India,50.0,332,
user_00611,treatment,1.0,"450,61",05/30/2024,Desktop,USA,51.0,0,
user_00462,treatment,0.0,82.28,2024-04-06,mobile,US,28.0,122,
user_02585,treatment ,1.0,22.92,22-12-2024,Android,US,39.0,134,
user_04187,treatment,1.0,-58.75,02/24/2024,mobile,United Kingdom,48.0,487,
user_04882,control,0.0,12.29,2024-01-17,Android,IN,23.0,325,
user_01183,control,,-40.8,02/09/2024,mobile,US,42.0,37,
user_08875,treatment,0.0,72.01,2024-11-17,tablet,USA,30.0,123,
user_08679,control,,,10/06/2024,mobile,USA,37.0,0,
user_01260,control,1.0,30.4,08/24/2024,mobile,India,64.0,288,
user_00756,control,0.0,127.41,06/22/2024,mobile,IN,59.0,569,
user_05488,control,0.0,33648.57,2024-10-07,mobile,IN,39.0,567,
user_07198,control,0.0,83.22,11/08/2024,mobile,United States,58.0,299,
user_02076,treatment,2.0,138.66,2024-10-31,desktop,USA,,375,
user_01480,control,1.0,-21.3,25-01-2024,tablet,USA,35.0,0,
user_05464,control,0.0,$121.94,2024-03-31,mobile,United Kingdom,57.0,69,
user_04536,control,1.0,61.65,05/21/2024,Desktop,USA,26.0,0,
user_03606,treatment,0.0,10.18,14-05-2024,Android,IN,47.0,-89,
user_00911,control,1.0,22.2,03-07-2024,desktop,USA,39.0,88,
user_02635,treatment,1.0,,2024-09-20,tablet,US,46.0,-94,
user_02543,control,2.0,17.23,25-08-2024,tablet,United Kingdom,60.0,566,
user_02318,Control,0.0,13.44,2024-05-17,Android,USA,54.0,-83,
user_05847,treatment,1.0,121.11,02/12/2024,mobile,US,19.0,278,
user_04526,control,1.0,49.19,29-02-2024,desktop,India,,381,
user_05267,control,0.0,124.84,21-06-2024,mobile,United States,20.0,60,
user_03888,control,1.0,82.15,25-03-2024,tablet,US,64.0,305,
user_06479,control,0.0,72.86,2024-09-03,desktop,US,35.0,537,
user_08936,control,0.0,133.75,2024-05-10,tablet,India,27.0,203,
user_04383,treatment,0.0,53.79,2024-09-14,desktop,India,25.0,153,
user_00284,treatment,1.0,95.21,2024-12-03,mobile,USA,50.0,0,
user_01169,test,1.0,53.99,2024-06-20,Desktop,IN,36.0,561,
user_00725,treatment ,1.0,69.93,2024-05-19,Desktop,IN,36.0,472,
user_00481,control,0.0,56.63,2024-08-28,tablet,US,54.0,0,
user_02594,control,0.0,146.87,05/10/2024,desktop,USA,56.0,240,
user_04202,treatment,1.0,109.03,06/08/2024,iPhone,US,27.0,531,
user_00287,control,1.0,27.19,09-06-2024,desktop,UK,64.0,567,
user_01582,TRT,1.0,22.76,2024-09-09,tablet,United Kingdom,48.0,517,
user_08430,control,0.0,150.41,2024-09-16,mobile,India,26.0,176,
user_08675,control,1.0,35.4,31-08-2024,desktop,US,,401,
user_00451,TRT,0.0,24808.09,28-07-2024,mobile,United Kingdom,46.0,542,
user_01943,control,1.0,28.66,22-06-2024,mobile,US,48.0,443,
user_03881,treatment,1.0,137.6,11/11/2024,mobile,USA,34.0,307,
user_05967,control,1.0,157.38,08/14/2024,iPhone,US,53.0,0,
user_05544, treatment,0.0,195.4,2024-05-11,Android ,United States,25.0,231,
user_01580, control,1.0,73.91,2024-05-13,tablet ,USA,27.0,525,
user_07333,treatment,0.0,93.1,2024-07-19,mobile,USA,65.0,552,
user_06513,control,,132.42,07/14/2024,desktop,US,26.0,234,
user_03921,treatment,,60.21,08/31/2024,mobile,United Kingdom,18.0,354,
user_03445,control,0.0,42.16,2024-12-05,mobile,UK,33.0,183,
user_01084,control,0.0,189.89,2024-12-20,mobile,USA,60.0,421,
user_01093,treatment,0.0,103.17,2024-08-18,desktop,UK,59.0,495,
user_00079,treatment,0.0,81.73,03-11-2024,mobile,IN,24.0,270,
user_00449,control,1.0,99.74,2024-04-22,tablet,United Kingdom,63.0,221,
user_01609,treatment,0.0,167.95,06-04-2024,tablet,IN,57.0,514,
user_05406,control,1.0,115.55,12-05-2024,mobile,USA,63.0,423,
user_02737,treatment,,75.04,22-04-2024,mobile,IN,51.0,484,
user_07515,treatment,,173.34,12-02-2024,iPhone,USA,45.0,261,
user_07797,treatment,1.0,102.25,2024-11-06,tablet,US,25.0,45,
user_08151,treatment,,84.82,2024-04-09,Android,United States,26.0,0,
user_00583,control,1.0,-76.62,24-12-2024,tablet,US,36.0,575,
user_05084,treatment,1.0,45.99,26-10-2024,mobile,IN,23.0,320,
user_06791,control,1.0,160.82,08/02/2024,tablet,IN,26.0,101,
user_06023,control,0.0,-66.75,2024-07-06,desktop,USA,52.0,486,
user_00323,treatment,1.0,72.4,04/14/2024,mobile,United Kingdom,,99,
user_04675,treatment,,22.74,2024-02-03,Mobile,USA,57.0,329,
user_01285,treatment,0.0,21.95,2024-06-02,tablet,United Kingdom,27.0,151,
user_08589, test,1.0,45.4,25-01-2024,tablet ,US,20.0,113,
user_07193,control,1.0,77.74,30-08-2024,Mobile,UK,39.0,481,
user_04970,test,0.0,155.53,2024-10-17,tablet,United Kingdom,19.0,0,
user_07233,treatment,1.0,-91.6,03/13/2024,mobile,IN,56.0,553,
user_05950,control,0.0,,03-06-2024,desktop,UK,62.0,436,
user_04450,control,,147.54,2024-07-16,desktop,USA,21.0,0,
user_05992,control,0.0,136.62,2024-10-08,mobile,US,62.0,0,
user_00600,treatment,0.0,103.56,25-09-2024,desktop,US,27.0,234,
user_01262,control,0.0,"155,77",15-08-2024,mobile,IN,58.0,343,
user_07572,control,1.0,175.44,07/04/2024,desktop,IN,27.0,73,
user_07882,control,0.0,19.31,12/16/2024,mobile,United Kingdom,29.0,75,
user_00134,control,0.0,10.51,08/25/2024,tablet,IN,21.0,457,
user_03230,TRT,1.0,134.09,2024-09-27,mobile,USA,34.0,199,
user_02723, treatment,1.0,-11.91,06-02-2024,tablet ,UK,43.0,52,
user_03940,control,1.0,49.05,14-05-2024,desktop,US,64.0,218,
user_08716,treatment,,,06/26/2024,Android,India,22.0,420,
user_07094,control,1.0,169.56,12/21/2024,tablet,UK,65.0,407,
user_00082,TRT,1.0,149.92,12/06/2024,mobile,India,42.0,56,
user_04489,control,1.0,53.8,2024-10-25,tablet,UK,48.0,523,
user_07160,treatment,0.0,47.74,13-02-2024,mobile,US,35.0,234,
user_07383,treatment,1.0,88.11,04/05/2024,desktop,US,57.0,498,
user_00753,treatment,0.0,195.91,2024-11-08,desktop,US,49.0,-32,
user_04786,treatment,0.0,48.73,10/12/2024,desktop,UK,20.0,182,
user_00277,TRT,1.0,78.94,2024-12-09,iPhone,IN,22.0,0,
user_00643,control,1.0,,02/21/2024,mobile,USA,55.0,175,
user_08551,control,1.0,$48.83,13-08-2024,Mobile,UK,48.0,0,
user_00147,treatment ,,105.14,2024-04-14,Desktop,United Kingdom,37.0,177,
user_04155,control,1.0,179.89,09-09-2024,Mobile,India,31.0,438,
user_03400,control,1.0,27.61,2024-11-09,mobile,United Kingdom,18.0,86,
user_06466,Control,0.0,149.75,01/10/2024,desktop,US,52.0,599,
user_02734,control,1.0,164.07,09/26/2024,desktop,United Kingdom,55.0,472,
user_03784,treatment,0.0,-66.87,06/05/2024,Android,US,60.0,205,
user_03827,treatment,0.0,172.03,05/01/2024,tablet,United States,37.0,122,
user_02882,control,0.0,"651,17",2024-12-16,desktop,United Kingdom,21.0,107,
user_00632,control,0.0,87.96,08-11-2024,iPhone,UK,49.0,354,
user_03836,control,1.0,"484,16",2024-09-13,tablet,US,51.0,409,
user_00470,control,0.0,118.91,2024-01-27,tablet,UK,37.0,93,
user_06814,control,1.0,181.67,10/30/2024,mobile,US,40.0,271,
user_05280,treatment,0.0,106.18,11-05-2024,tablet,IN,30.0,224,
user_04546,control,0.0,95.36,2024-09-23,tablet,US,57.0,427,
user_06423,control,0.0,152.67,2024-03-20,tablet,United States,26.0,352,
user_00774,control,2.0,32.91,2024-06-16,tablet,UK,33.0,580,
user_07667,control,1.0,,02-03-2024,desktop,United States,20.0,0,
user_03684,control,,,02/21/2024,iPhone,IN,,66,
user_05878,treatment,1.0,143.32,2024-11-23,Desktop,IN,19.0,350,
user_02847,treatment,1.0,82.18,2024-05-03,tablet,US,18.0,402,
user_02391,control,0.0,188.09,2024-04-21,tablet,USA,,394,
user_07559,treatment,0.0,14.04,2024-01-01,mobile,USA,47.0,167,
user_05983,treatment,0.0,30.94,2024-12-16,desktop,US,120.0,402,
user_03080,control,0.0,89.47,04/01/2024,desktop,US,57.0,224,
user_07460, treatment,,,21-04-2024,tablet ,United Kingdom,61.0,408,
user_08474,Control,1.0,106.17,2024-06-15,tablet,US,44.0,546,
user_00697,treatment,2.0,-77.8,29-12-2024,desktop,IN,53.0,144,
user_00492,control,,108.96,2024-07-31,Mobile,United Kingdom,105.0,106,
user_05186,control,1.0,143.45,2024-04-18,desktop,India,52.0,382,
user_05384,treatment,0.0,39.08,11/20/2024,desktop,US,29.0,144,
user_04048,treatment ,1.0,88.7,09/28/2024,mobile,USA,50.0,207,
user_07550,treatment,0.0,85.61,01-12-2024,mobile,India,27.0,529,
user_06569,treatment,1.0,54.69,2024-03-04,iPhone,United States,25.0,400,
user_04737,control,1.0,129.13,05/19/2024,mobile,US,28.0,287,
user_01715,treatment,1.0,187.25,2024-12-16,Android,United States,47.0,120,
user_02998,Control,,25.55,2024-07-09,mobile,US,59.0,359,
user_08030,treatment ,2.0,120.28,2024-03-04,tablet,US,44.0,219,
user_03922,control,1.0,70.35,24-09-2024,mobile,India,43.0,516,
user_05044,control,1.0,80.28,03/08/2024,desktop,US,22.0,154,
user_06387,treatment,0.0,138.7,2024-01-05,tablet,United Kingdom,41.0,80,
user_03631,treatment,1.0,50.31,2024-10-05,mobile,USA,28.0,143,
user_07531,treatment ,0.0,58.54,30-07-2024,tablet,United States,46.0,476,
user_07472,control,1.0,24.73,2024-05-05,mobile,US,47.0,429,
user_05130,treatment,,133.78,25-01-2024,iPhone,US,39.0,0,
user_00655,treatment ,2.0,63.75,2024-11-13,desktop,India,25.0,265,
user_08289,treatment,0.0,144.17,01/24/2024,iPhone,US,25.0,318,
user_07495,treatment,1.0,165.96,06/05/2024,desktop,IN,48.0,0,
user_05618,treatment,1.0,129.48,09/03/2024,tablet,IN,19.0,298,
user_07737,treatment,1.0,138.69,2024-10-31,tablet,USA,22.0,164,
user_08661,control,1.0,,26-06-2024,desktop,United Kingdom,54.0,0,
user_03406,treatment,0.0,154.15,2024-04-23,mobile,India,55.0,150,
user_07878,treatment,0.0,25221.92,02-08-2024,desktop,USA,64.0,501,
user_07492,control,1.0,-30.14,17-08-2024,tablet,US,53.0,205,
user_02112,treatment,0.0,13264.57,08/15/2024,mobile,United States,43.0,-22,
user_06901,treatment,0.0,113.38,21-08-2024,desktop,US,49.0,254,
user_04836,control,0.0,165.45,05/16/2024,desktop,USA,18.0,543,
user_07123,treatment,1.0,100.32,12/23/2024,tablet,UK,43.0,510,
user_04859,control,1.0,34.99,06/30/2024,mobile,United States,27.0,59,
user_08981,control,1.0,,2024-05-16,mobile,US,34.0,136,
user_00156,treatment,0.0,,29-12-2024,tablet,United States,,584,
user_06598,TRT,0.0,149.91,2024-06-13,Android,IN,57.0,123,
user_02644,control,0.0,72.91,2024-11-02,tablet,US,65.0,399,
user_04097,control,2.0,159.54,12/20/2024,tablet,United States,21.0,502,
user_01433,control,0.0,168.19,10/21/2024,Desktop,IN,,0,
user_08135,treatment,1.0,$189.38,2024-07-25,desktop,India,18.0,242,
user_00540,control,0.0,171.09,26-05-2024,desktop,USA,65.0,226,
user_04128,control,,88.51,2024-08-28,mobile,India,27.0,79,
user_02573,treatment,,195.77,2024-09-10,tablet,United Kingdom,55.0,209,
user_00785,control,1.0,118.61,11/20/2024,tablet,USA,19.0,138,
user_08491,treatment,0.0,110.59,02-08-2024,tablet,United Kingdom,20.0,421,
user_05642,control,1.0,29.47,2024-02-14,desktop,US,40.0,238,
user_04545,control,0.0,160.7,2024-11-28,mobile,US,46.0,189,
user_02278,treatment,0.0,118.1,05-05-2024,Android,USA,25.0,434,
user_04086,treatment,1.0,151.72,2024-08-17,desktop,US,39.0,50,
user_00631,treatment,1.0,76.24,2024-06-02,desktop,US,44.0,462,
user_06917,treatment,0.0,198.8,23-12-2024,mobile,US,18.0,0,
user_00113,treatment,1.0,101.98,05/24/2024,desktop,US,49.0,158,
user_08091,treatment,1.0,51.15,2024-08-18,iPhone,USA,36.0,300,
user_04454,treatment,,146.38,12/14/2024,Mobile,US,51.0,234,
user_03173,Control,0.0,-71.2,02/15/2024,Mobile,USA,60.0,211,
user_08231,control,1.0,19.53,07-03-2024,desktop,US,47.0,535,
user_07287,control,0.0,68.08,2024-04-18,desktop,UK,22.0,0,
user_00172,control,0.0,111.06,20-06-2024,Desktop,India,31.0,0,
user_00155,control,0.0,111.02,12/06/2024,Desktop,UK,22.0,572,
user_04721,control,1.0,38.76,2024-11-24,tablet,UK,,378,
user_01996,treatment,0.0,154.56,06/01/2024,Android,IN,36.0,103,
user_02818,treatment ,0.0,114.56,11-05-2024,tablet,US,31.0,167,
user_06822,TRT,1.0,157.55,27-03-2024,Android,USA,31.0,410,
user_00882,control,1.0,64.04,09/16/2024,tablet,US,47.0,400,
user_04498,treatment,1.0,156.82,2024-11-07,mobile,US,32.0,293,
user_01232,treatment,,163.31,14-08-2024,Desktop,United States,40.0,369,
user_08942,treatment,1.0,42.24,2024-12-10,desktop,India,57.0,325,
user_00335,treatment,0.0,,2024-10-03,Android,UK,,446,
user_00863,treatment,0.0,"950,50",2024-03-27,mobile,United States,31.0,-99,
user_03286,treatment,1.0,111.31,2024-11-09,mobile,UK,37.0,189,
user_02040,control,1.0,40.42,09/13/2024,tablet,UK,40.0,590,
user_06019,treatment,1.0,92.04,29-10-2024,mobile,UK,65.0,581,
user_00422,treatment,,,20-05-2024,tablet,USA,28.0,341,
user_08773,treatment,1.0,58.75,11/08/2024,tablet,US,26.0,533,
user_00972,control,,85.62,06/17/2024,mobile,United States,44.0,-75,
user_08644,control,0.0,26.27,06/02/2024,Android,UK,18.0,204,
user_03435,control,0.0,195.07,2024-01-11,Desktop,US,44.0,48,
user_02828,treatment,1.0,67.09,2024-10-19,desktop,USA,47.0,391,
user_03453,treatment,0.0,145.94,2024-02-12,Mobile,United Kingdom,,212,
user_05293,control,0.0,"262,67",2024-12-02,desktop,IN,,417,
user_01242,treatment,0.0,110.38,2024-12-18,desktop,USA,62.0,0,
user_03098,treatment,0.0,117.17,2024-07-20,tablet,India,64.0,0,
user_01449,control,,,2024-01-12,desktop,US,48.0,344,
user_02181,Control,1.0,84.83,2024-06-28,desktop,UK,35.0,489,
user_00032,TRT,1.0,128.0,07-07-2024,mobile,United Kingdom,61.0,-73,
user_07075,treatment,0.0,199.09,2024-11-26,tablet,IN,64.0,0,
user_06835,TRT,0.0,128.64,21-03-2024,mobile,US,38.0,322,
user_04075,control,0.0,196.27,2024-10-30,tablet,United States,52.0,73,
user_04696,control,1.0,,2024-09-29,desktop,USA,48.0,301,
user_03940,treatment,,26.97,19-11-2024,mobile,United States,51.0,344,
user_03096,control,,122.76,17-03-2024,desktop,India,21.0,590,
user_03330,control,2.0,185.84,2024-01-23,mobile,USA,27.0,361,
user_05824,treatment,0.0,154.93,04/03/2024,mobile,IN,40.0,241,
user_07747,control,1.0,111.04,12/21/2024,iPhone,US,35.0,492,
user_01331,control,0.0,197.98,01-02-2024,desktop,USA,34.0,508,
user_08910,control,0.0,150.42,04/18/2024,Android,United States,53.0,178,
user_06940,control,,136.29,03/02/2024,tablet,USA,51.0,180,
user_00800,treatment,0.0,72.13,08/01/2024,tablet,UK,29.0,144,
user_00026,control,0.0,139.04,07/07/2024,mobile,United Kingdom,46.0,520,
user_03931,control,0.0,$53.79,2024-07-25,tablet,United States,46.0,383,
user_01672,treatment,1.0,122.42,2024-05-26,iPhone,IN,25.0,524,
user_03630,control,1.0,189.29,09-10-2024,tablet,United Kingdom,,164,
user_07886,control,1.0,84.11,2024-08-19,desktop,US,63.0,545,
user_08415,control,0.0,"973,90",2024-07-10,mobile,United Kingdom,23.0,318,
user_01535,treatment,1.0,197.76,05-02-2024,Mobile,India,18.0,583,
user_01833,treatment,0.0,152.55,2024-12-26,tablet,US,63.0,320,
user_03960,control,0.0,"280,95",2024-02-25,iPhone,UK,40.0,561,
user_06367,treatment,0.0,196.86,03/13/2024,desktop,US,,121,
user_02434,test,1.0,165.47,06/18/2024,Android,United States,48.0,314,
user_08685,treatment ,0.0,61.3,29-08-2024,mobile,US,38.0,267,
user_01736,treatment,1.0,,23-03-2024,mobile,IN,32.0,188,
user_00101,control,1.0,94.45,01/13/2024,mobile,US,23.0,0,
user_04544,control,1.0,24.16,17-09-2024,desktop,USA,,517,
user_00455,treatment,1.0,170.55,08/12/2024,desktop,USA,22.0,523,
user_06084,Control,1.0,-52.19,2024-12-26,desktop,US,33.0,366,
user_01490,control,1.0,29.85,2024-01-26,mobile,US,52.0,252,
user_07387,control,0.0,,2024-03-13,mobile,USA,45.0,274,
user_00057,control,1.0,133.66,07/10/2024,Mobile,USA,45.0,590,
user_04314,treatment ,2.0,,29-02-2024,mobile,India,28.0,75,
user_05794,treatment,0.0,79.97,2024-09-19,Desktop,UK,50.0,195,
user_04550,treatment,1.0,115.06,04/16/2024,desktop,United Kingdom,38.0,332,
user_07389,control,1.0,"260,42",28-02-2024,desktop,IN,,497,
user_01121,control,0.0,12.72,2024-06-06,tablet,United Kingdom,62.0,448,
user_06229,TRT,0.0,,2024-07-28,mobile,US,51.0,369,
user_06490,treatment,2.0,184.96,19-05-2024,desktop,United States,42.0,317,
user_03610,control,0.0,47.85,2024-04-10,Desktop,US,40.0,534,
user_05681,control,0.0,125.64,2024-09-12,tablet,USA,36.0,514,
user_03155,control,0.0,27.47,11/04/2024,iPhone,IN,64.0,46,
user_00848,treatment,0.0,115.26,04/06/2024,desktop,UK,31.0,77,
user_01788,treatment,1.0,95.46,2024-09-21,desktop,USA,23.0,320,
user_07099,TRT,0.0,19.01,2024-04-07,mobile,USA,53.0,473,
user_03639,control,1.0,77.87,01/08/2024,desktop,India,25.0,510,
user_07407,control,1.0,131.57,02-02-2024,desktop,United Kingdom,21.0,561,
user_00051,control,1.0,19.72,2024-08-23,tablet,US,20.0,529,
user_04722,control,0.0,,2024-01-29,desktop,UK,45.0,504,
user_00099,treatment,1.0,75.88,09-06-2024,mobile,USA,44.0,212,
user_08522,control,0.0,21.4,08/19/2024,mobile,US,53.0,430,
user_02394,control,2.0,184.83,12/08/2024,desktop,US,49.0,39,
user_03188,control,0.0,-39.01,03/13/2024,mobile,United States,,305,
user_02864,control,,87.48,12/30/2024,mobile,USA,54.0,441,
user_08908,treatment,1.0,33.36,10-12-2024,mobile,India,58.0,0,
user_08752,treatment ,0.0,178.5,09-02-2024,tablet,US,,548,
user_04672,control,0.0,180.63,2024-08-21,mobile,USA,52.0,238,
user_03124,treatment,0.0,104.92,10-04-2024,Desktop,United States,60.0,464,
user_00516,treatment,0.0,72.62,2024-01-21,desktop,USA,52.0,253,
user_06575,control,1.0,79.45,09/12/2024,mobile,USA,43.0,75,
user_04973,treatment,1.0,22.19,23-01-2024,mobile,IN,20.0,0,
user_03740,control,0.0,93.45,01-11-2024,mobile,India,45.0,223,
user_03778,treatment,0.0,176.56,2024-05-02,desktop,India,56.0,478,
user_07013,treatment,1.0,171.66,2024-05-30,tablet,India,44.0,202,
user_00059,treatment,,$193.83,17-05-2024,desktop,IN,32.0,162,
user_06636,TRT,0.0,95.37,12/01/2024,tablet,India,61.0,0,
user_03846,TRT,1.0,108.4,05/26/2024,tablet,United Kingdom,37.0,397,
user_06102,control,1.0,111.35,05-10-2024,desktop,India,65.0,132,
user_03481,TRT,0.0,89.74,2024-05-11,mobile,United Kingdom,49.0,370,
user_00904,control,0.0,"303,62",28-03-2024,Android,USA,46.0,597,
user_06471,control,0.0,164.31,15-01-2024,mobile,US,51.0,400,
user_00819,TRT,,182.87,18-11-2024,tablet,US,38.0,370,
user_04277,treatment,0.0,198.64,2024-05-09,mobile,US,44.0,467,
user_07775,Control,0.0,$182.45,04/09/2024,tablet,UK,64.0,164,
user_05614,treatment,0.0,,07/31/2024,Mobile,IN,63.0,437,
user_07853,control,0.0,140.81,07/15/2024,mobile,USA,28.0,61,
user_03967,control,1.0,172.11,2024-05-06,mobile,India,65.0,274,
user_07910,treatment,0.0,164.01,2024-02-08,mobile,USA,58.0,89,
user_04402,TRT,0.0,36.64,2024-02-28,desktop,US,27.0,329,
user_05826,control,1.0,175.35,15-01-2024,desktop,India,30.0,260,
user_07887,control,0.0,161.71,02/15/2024,desktop,UK,23.0,199,
user_03688,control,1.0,166.84,23-10-2024,mobile,US,26.0,582,
user_08212,treatment,0.0,"816,54",2024-09-14,mobile,US,55.0,322,
user_00855,control,0.0,-92.65,04/28/2024,mobile,United States,41.0,146,
user_02245,control,1.0,53.76,24-12-2024,mobile,United States,28.0,0,
user_00943,treatment,2.0,161.33,28-11-2024,mobile,IN,45.0,389,
user_00088,TRT,1.0,31.36,10/11/2024,mobile,United States,22.0,358,
user_05533,Control,1.0,102.59,2024-09-20,mobile,USA,18.0,458,
user_01315,treatment,0.0,197.72,2024-09-22,mobile,USA,23.0,316,
user_03746,control,1.0,166.48,2024-02-02,Mobile,US,44.0,159,
user_04265,treatment,0.0,44.69,2024-12-29,desktop,UK,26.0,510,
user_08297,treatment,,83.49,08/28/2024,desktop,USA,26.0,76,
user_03976,control,1.0,18.19,2024-11-24,desktop,USA,41.0,581,
user_07059,Control,,68.77,2024-11-27,desktop,India,39.0,-84,
user_01127,treatment,1.0,138.54,2024-06-26,desktop,US,36.0,540,
user_04562,control,1.0,155.21,2024-05-16,desktop,US,30.0,322,
user_01867,treatment,1.0,158.84,09/06/2024,desktop,USA,62.0,0,
user_00559,treatment,1.0,197.48,16-12-2024,desktop,USA,20.0,459,
user_04649,control,1.0,17.88,2024-10-19,desktop,US,22.0,278,
user_03263,control,1.0,90.41,2024-08-05,Desktop,UK,57.0,-46,
user_05790,treatment,0.0,70.41,12/12/2024,desktop,United States,65.0,593,
user_03132,control,0.0,42.68,2024-11-28,mobile,United Kingdom,26.0,520,
user_00552,control,0.0,26.21,2024-08-02,iPhone,USA,20.0,206,
user_07302,control,0.0,10.82,11/08/2024,tablet,USA,48.0,283,
user_07892,control,0.0,83.61,2024-01-01,desktop,US,40.0,254,
user_00046,treatment,1.0,29.21,15-04-2024,mobile,India,44.0,145,
user_08884,treatment,2.0,"680,29",05/14/2024,mobile,US,20.0,121,
user_01930,treatment,0.0,-34.32,2024-11-27,tablet,USA,60.0,61,
user_04532,control,0.0,32.33,15-09-2024,tablet,India,50.0,364,
user_04112,control,0.0,78.21,2024-07-03,desktop,United States,64.0,595,
user_05627,test,2.0,"603,80",2024-12-17,Android,US,,35,
user_02420,treatment ,1.0,26.83,01/03/2024,desktop,US,49.0,316,
user_08413,treatment,1.0,33.55,2024-02-19,iPhone,United Kingdom,49.0,158,
user_03102,control,1.0,142.14,2024-07-14,tablet,US,63.0,399,
user_08150,treatment,1.0,180.5,23-03-2024,tablet,UK,52.0,184,
user_01215,treatment,0.0,28.35,2024-08-23,Mobile,US,31.0,588,
user_02844,treatment,1.0,136.86,2024-06-12,mobile,United States,32.0,142,
user_00493,treatment,0.0,94.26,12/01/2024,desktop,US,33.0,542,
user_06860,treatment,,"951,68",02/21/2024,tablet,IN,22.0,245,
user_05849,control,1.0,180.45,09/29/2024,tablet,US,,584,
user_06028,treatment,1.0,78.24,25-11-2024,desktop,US,28.0,221,
user_00772,treatment,0.0,-62.74,04-08-2024,desktop,US,48.0,149,
user_08158,treatment,1.0,74.7,2024-01-31,mobile,US,18.0,91,
user_08429,treatment,1.0,149.94,2024-09-09,tablet,United Kingdom,22.0,388,
user_07227,control,1.0,194.48,08/02/2024,mobile,USA,61.0,589,
user_02662,treatment,1.0,194.12,12-10-2024,mobile,UK,57.0,319,
user_00769,control,0.0,52.06,11-03-2024,iPhone,US,45.0,66,
user_01599,control,1.0,173.78,02-02-2024,mobile,India,59.0,0,
user_01328,treatment,1.0,-61.53,03/25/2024,desktop,IN,27.0,284,
user_03655,control,0.0,19.8,2024-12-06,mobile,United States,63.0,419,
user_05699,treatment,1.0,46.68,10-01-2024,Mobile,US,32.0,132,
user_00250,control,0.0,175.94,06/13/2024,tablet,United States,55.0,538,
user_03530,control,0.0,54.27,2024-09-27,tablet,India,32.0,163,
user_02366,treatment,0.0,103.75,07/02/2024,Mobile,US,,160,
user_08929,treatment,0.0,101.59,12/14/2024,mobile,UK,49.0,44,
user_00228,treatment,0.0,,11/28/2024,Desktop,United Kingdom,,0,
user_00437,Control,1.0,157.42,2024-07-03,tablet,United Kingdom,18.0,301,
user_05587,treatment,1.0,68.58,23-04-2024,Mobile,IN,51.0,323,
user_01212,control,,87.45,2024-03-11,tablet,UK,21.0,334,
user_03149,control,1.0,118.94,30-11-2024,desktop,IN,27.0,331,
user_08816,treatment,0.0,24.63,2024-10-22,mobile,USA,64.0,142,
user_01982,control,1.0,47.87,10/28/2024,Mobile,US,23.0,0,
user_08764,control,1.0,146.71,05/22/2024,tablet,India,24.0,65,
user_08233,control,0.0,43.02,2024-11-01,Android,USA,65.0,433,
user_08932,treatment,1.0,47.69,25-02-2024,desktop,USA,57.0,-49,
user_07981,control,1.0,72.13,09/21/2024,mobile,IN,62.0,547,
user_04057,treatment,1.0,90.31,2024-09-20,tablet,US,40.0,407,
user_08850,treatment,0.0,16.33,2024-06-08,Android,India,48.0,460,
user_07685,TRT,1.0,-44.59,04/18/2024,tablet,United States,58.0,359,
user_05159,treatment,1.0,64.83,12/24/2024,tablet,US,34.0,65,
user_01333,control,0.0,84.34,2024-10-07,desktop,US,59.0,443,
user_02257,treatment,1.0,92.35,2024-09-06,Mobile,US,20.0,465,
user_01673,control,1.0,"139,18",02/10/2024,mobile,India,59.0,236,
user_08888,control,0.0,149.23,10/19/2024,mobile,India,,121,
user_00300,treatment,1.0,-82.58,02/18/2024,Mobile,IN,46.0,133,
user_08489,treatment,2.0,,2024-03-20,desktop,US,,165,
user_03796,control,1.0,13.89,2024-12-21,mobile,US,36.0,463,
user_02894,control,1.0,132.36,06-08-2024,mobile,US,42.0,270,
user_08085,treatment,1.0,66.97,2024-08-30,desktop,India,60.0,576,
user_00746,treatment,2.0,90.14,06/10/2024,mobile,UK,50.0,509,
user_07876,control,0.0,103.12,03-02-2024,mobile,USA,60.0,0,
user_02733,treatment,1.0,10.65,2024-05-20,mobile,United States,32.0,148,
user_08353,treatment,1.0,160.66,07/22/2024,mobile,United Kingdom,40.0,394,
user_04969,treatment,0.0,56.76,09/15/2024,Mobile,United States,27.0,568,
user_01416,treatment,1.0,,05/26/2024,Desktop,IN,59.0,200,
user_02411,control,1.0,83.36,03-10-2024,mobile,US,41.0,216,
user_00928,treatment,2.0,152.45,09-11-2024,mobile,US,28.0,536,
user_03811,treatment,1.0,38.86,02-02-2024,Mobile,United Kingdom,43.0,183,
user_06210,control,2.0,,10/25/2024,tablet,India,38.0,402,
user_07364,control,0.0,147.13,12/12/2024,mobile,India,21.0,146,
user_02203,control,0.0,,2024-06-21,tablet,US,39.0,512,
user_07849,Control,1.0,33.37,06/27/2024,tablet,USA,55.0,134,
user_04414,control,1.0,179.91,05-12-2024,Desktop,IN,53.0,511,
user_06059,control,0.0,152.48,28-05-2024,Desktop,USA,65.0,156,
user_00155,control,1.0,153.81,18-05-2024,Android,US,40.0,193,
user_03268,treatment,0.0,146.1,2024-08-15,Android,IN,52.0,496,
user_00336, treatment,1.0,185.75,12/08/2024,desktop ,United States,20.0,523,
user_02794,treatment,0.0,162.97,2024-08-09,mobile,US,51.0,0,
user_01265,control,0.0,166.88,11/06/2024,mobile,UK,48.0,583,
user_04136,control,0.0,69.54,2024-09-04,mobile,United Kingdom,34.0,253,
user_01541,control,1.0,30.5,11/28/2024,mobile,United Kingdom,23.0,166,
user_03030,treatment,0.0,129.87,13-04-2024,mobile,USA,39.0,67,
user_03830,treatment,0.0,115.83,2024-03-29,mobile,United States,43.0,0,
user_06600,treatment,0.0,126.86,02/07/2024,desktop,United Kingdom,33.0,276,
user_00420,treatment,0.0,127.38,06/07/2024,tablet,United States,57.0,62,
user_08295,control,1.0,166.65,2024-10-17,tablet,United States,41.0,191,
user_05899,control,0.0,172.85,15-11-2024,Desktop,India,48.0,493,
user_08479,control,1.0,197.02,2024-01-12,desktop,United Kingdom,49.0,528,
user_02801,control,0.0,79.63,09-10-2024,desktop,US,25.0,367,
user_00232,TRT,,127.65,30-03-2024,desktop,United Kingdom,23.0,560,
user_05325,control,,56.59,01/14/2024,desktop,IN,41.0,284,
user_06018,treatment,1.0,$61.0,10/05/2024,tablet,United Kingdom,64.0,546,
user_06763,treatment,,174.11,2024-08-12,tablet,USA,65.0,331,
user_05105,treatment,,73.17,11/01/2024,iPhone,United Kingdom,29.0,584,
user_06620,control,1.0,153.05,2024-04-24,mobile,US,27.0,-45,
user_02690,control,0.0,164.94,2024-11-23,mobile,US,64.0,196,
user_03363,treatment,0.0,70.48,06/23/2024,Desktop,USA,59.0,259,
user_01018,control,1.0,124.71,15-10-2024,tablet,United States,49.0,253,
user_03503,treatment,1.0,71.02,10/06/2024,tablet,USA,,457,
user_03591,Control,1.0,151.45,2024-09-11,tablet,IN,61.0,0,
user_06931,treatment,0.0,140.69,15-06-2024,tablet,India,44.0,118,
user_03556,TRT,1.0,112.75,2024-02-27,desktop,India,28.0,251,
user_04497, treatment,0.0,140.3,01/14/2024,mobile ,US,44.0,273,
user_06162,treatment,,25.42,03-06-2024,tablet,US,19.0,37,
user_02360,treatment,0.0,198.41,11/29/2024,desktop,USA,20.0,275,
user_01650,TRT,0.0,131.68,12-09-2024,desktop,India,35.0,437,
user_03134,control,0.0,65.88,2024-08-30,desktop,US,48.0,394,
user_00420,treatment,1.0,182.03,09/03/2024,desktop,US,47.0,143,
user_08874,Control,1.0,-51.01,10/19/2024,tablet,IN,20.0,304,
user_06576,treatment,0.0,77.22,2024-05-16,mobile,India,18.0,486,
user_02971, control,1.0,100.98,2024-06-04,tablet ,USA,30.0,0,
user_03489,treatment,1.0,63.56,2024-06-22,desktop,United States,36.0,-44,
user_04330,treatment,0.0,120.85,11/16/2024,tablet,United Kingdom,24.0,0,
user_00510,control,0.0,67.84,02-12-2024,mobile,United States,42.0,-90,
user_00988,TRT,1.0,119.75,2024-11-15,desktop,United States,36.0,450,
user_00796,control,0.0,"462,72",11/06/2024,tablet,United States,,227,
user_00036,control,1.0,156.98,18-01-2024,mobile,US,19.0,266,
user_05938,treatment ,1.0,86.23,2024-07-10,mobile,US,60.0,137,
user_04783,control,1.0,99.37,03/12/2024,tablet,USA,48.0,204,
user_03801,treatment,0.0,179.6,13-05-2024,Mobile,USA,23.0,139,
user_02492,treatment,0.0,85.02,07/25/2024,desktop,US,45.0,141,
user_02413,treatment,1.0,13.02,26-01-2024,Desktop,United States,7.0,56,
user_03215,Control,1.0,166.11,21-07-2024,iPhone,US,56.0,515,
user_00978,treatment,1.0,29.74,07/11/2024,Android,US,62.0,267,
user_06025,control,0.0,$96.1,11/13/2024,mobile,US,40.0,165,
user_01438,control,0.0,168.42,31-03-2024,Mobile,India,24.0,359,
user_06992,treatment,0.0,53.31,11/13/2024,Desktop,USA,55.0,0,
user_00603,control,1.0,36.5,2024-06-13,Mobile,IN,45.0,80,
user_00105,control,,95.77,11/06/2024,desktop,India,54.0,568,
user_08570,test,0.0,26.2,2024-02-11,desktop,IN,18.0,-31,
user_07748, treatment,,,2024-06-11,mobile ,UK,39.0,272,
user_00922,control,,123.35,29-04-2024,mobile,IN,49.0,169,
user_03518,treatment,1.0,111.85,12-12-2024,mobile,USA,60.0,451,
user_01175,treatment,,99.23,2024-09-21,tablet,US,55.0,88,
user_02419,treatment,0.0,113.55,10/20/2024,mobile,US,59.0,518,
user_01368,treatment ,1.0,171.87,12-02-2024,tablet,US,44.0,-77,
user_03425,treatment,2.0,58.38,2024-07-15,iPhone,IN,53.0,350,
user_05695,control,0.0,110.32,10/05/2024,mobile,IN,25.0,311,
user_01309,control,0.0,-61.99,18-07-2024,tablet,United States,32.0,527,
user_01573,control,1.0,16.17,05/26/2024,iPhone,IN,,158,
user_00117,treatment ,1.0,123.79,2024-08-08,tablet,UK,18.0,-99,
user_00263,control,2.0,24.39,2024-08-05,desktop,US,46.0,208,
user_06622,treatment,1.0,195.87,2024-03-06,desktop,US,43.0,141,
user_02322,treatment,0.0,30.46,05-10-2024,tablet,United Kingdom,26.0,-70,
user_05239,test,0.0,,18-04-2024,mobile,UK,27.0,544,
user_02025,control,1.0,37.78,2024-02-19,desktop,US,22.0,136,
user_00595,control,0.0,106.58,08-05-2024,desktop,United States,50.0,326,
user_03424,treatment,0.0,160.85,09/11/2024,tablet,US,37.0,215,
user_06154,treatment,,187.04,16-11-2024,desktop,US,51.0,403,
user_06624,control,0.0,125.42,22-05-2024,mobile,IN,55.0,491,
user_08483,treatment,0.0,147.64,08/06/2024,mobile,IN,18.0,31,
user_07285,treatment,0.0,105.53,2024-07-06,desktop,USA,35.0,548,
user_07073,treatment,1.0,28.76,2024-10-23,tablet,US,65.0,97,
user_03177,treatment,1.0,"406,85",2024-01-14,iPhone,USA,42.0,323,
user_03044,test,1.0,152.17,2024-07-01,mobile,US,43.0,577,
user_03703,TRT,0.0,128.07,29-12-2024,tablet,USA,37.0,369,
user_00807,control,0.0,87.14,06/10/2024,mobile,United States,47.0,166,
user_06194,treatment,1.0,178.06,2024-03-03,desktop,US,24.0,60,
user_04794,treatment,1.0,,2024-03-29,tablet,United Kingdom,27.0,296,
user_00009,treatment ,1.0,116.45,18-05-2024,mobile,US,31.0,435,
user_06234,control,,124.56,23-02-2024,tablet,UK,54.0,569,
user_04459,control,,145.64,09/24/2024,mobile,United States,44.0,598,
user_04326,treatment,,,30-01-2024,Android,UK,56.0,372,
user_00271,treatment,0.0,10.1,2024-05-30,desktop,India,19.0,220,
user_00932,control,0.0,97.49,09/03/2024,Mobile,US,47.0,56,
user_06650,treatment,0.0,117.36,22-01-2024,tablet,US,53.0,0,
user_03707,control,0.0,-62.75,2024-04-10,Android,United Kingdom,31.0,283,
user_03714,treatment,0.0,148.41,06/12/2024,desktop,UK,,0,
user_07054,control,0.0,76.94,2024-01-04,desktop,India,41.0,588,
user_03025,treatment,0.0,196.11,2024-06-04,tablet,India,35.0,258,
user_03905,test,1.0,11361.99,20-12-2024,mobile,USA,20.0,496,
user_01978,Control,0.0,37.25,08/07/2024,mobile,United States,,339,
user_03274,control,0.0,109.56,03/13/2024,mobile,US,58.0,493,
user_06509,control,1.0,139.19,04-11-2024,Android,US,59.0,254,
user_02627,control,1.0,158.99,21-12-2024,desktop,India,47.0,0,
user_04105,treatment,0.0,158.03,12/20/2024,desktop,US,26.0,573,
user_04404,control,1.0,96.72,2024-12-26,mobile,UK,42.0,393,
user_00732,treatment ,2.0,173.62,2024-09-05,desktop,USA,29.0,577,
user_08621,treatment,1.0,34.91,2024-07-12,desktop,UK,20.0,486,
user_06702,treatment,2.0,110.4,26-04-2024,mobile,IN,34.0,600,
user_04618,treatment,1.0,-42.9,2024-04-10,desktop,USA,28.0,297,
user_05581, control,0.0,113.79,24-05-2024,desktop ,USA,33.0,504,
user_04894,treatment ,0.0,160.97,07-07-2024,desktop,IN,53.0,545,
user_00367,treatment,1.0,41.59,17-08-2024,desktop,USA,38.0,50,
user_03456,control,2.0,25.52,25-05-2024,tablet,United Kingdom,44.0,142,
user_00844,control,2.0,"490,51",2024-07-25,mobile,US,27.0,394,
user_00140,treatment ,1.0,136.23,02/19/2024,desktop,UK,45.0,469,
user_01493,TRT,0.0,109.99,09/12/2024,desktop,USA,64.0,494,
user_01522,treatment,,82.15,2024-05-30,Desktop,USA,33.0,71,
user_01585,control,1.0,114.28,10/29/2024,tablet,India,21.0,155,
user_06741,control,1.0,183.92,2024-04-01,tablet,United Kingdom,43.0,35,
user_00730,treatment,2.0,165.24,06/10/2024,mobile,IN,53.0,45,
user_06027,control,0.0,178.7,02/10/2024,mobile,India,42.0,265,
user_00958,treatment,1.0,165.56,11-02-2024,Mobile,US,60.0,594,
user_07151,treatment ,,22.69,11/24/2024,desktop,India,26.0,191,
user_06782,treatment,,$196.68,02/10/2024,tablet,UK,54.0,327,
user_00627,control,1.0,106.52,2024-12-16,desktop,India,53.0,433,
user_04997,treatment,0.0,69.94,18-10-2024,desktop,US,32.0,235,
user_07050,TRT,1.0,157.92,2024-10-04,Desktop,India,30.0,259,
user_02535,control,1.0,97.67,11/16/2024,tablet,United States,,110,
user_05042,control,0.0,,2024-10-31,Android,UK,38.0,-12,
user_05805,treatment,0.0,58.54,2024-04-28,desktop,USA,27.0,79,
user_08236,treatment ,1.0,90.81,03-10-2024,desktop,IN,39.0,285,
user_07787,control,2.0,53.72,19-12-2024,tablet,India,43.0,362,
user_00491,treatment,0.0,54.07,2024-10-17,mobile,India,50.0,220,
user_06701,control,1.0,,12/12/2024,desktop,US,33.0,424,
user_00603,control,1.0,106.34,2024-08-07,desktop,UK,28.0,146,
user_08744,treatment,1.0,55.6,07/06/2024,mobile,United States,64.0,239,
user_06219,treatment ,1.0,52.06,10-01-2024,mobile,India,24.0,380,
user_04529,Control,1.0,121.71,23-03-2024,tablet,United States,25.0,235,
user_03194,treatment,,45.9,28-06-2024,mobile,United States,29.0,112,
user_00067,treatment ,0.0,156.0,2024-01-25,mobile,US,62.0,297,
user_07998,control,1.0,,2024-12-13,Mobile,United Kingdom,56.0,599,
user_08558,control,0.0,76.69,2024-06-12,mobile,USA,50.0,245,
user_02171,TRT,1.0,80.92,19-01-2024,mobile,IN,24.0,-54,
user_07458,control,0.0,,2024-01-05,Android,United Kingdom,29.0,374,
user_07784,treatment,1.0,,23-10-2024,desktop,USA,56.0,565,
user_07019,treatment ,1.0,20.37,05/21/2024,mobile,United Kingdom,36.0,486,
user_03415,control,,62.73,2024-04-14,tablet,US,24.0,66,
user_05856,control,1.0,161.26,24-10-2024,iPhone,IN,65.0,515,
user_00264,treatment,1.0,130.04,2024-05-31,mobile,USA,56.0,186,
user_01351,control,0.0,103.95,09/16/2024,desktop,UK,18.0,0,
user_08739,treatment,1.0,173.54,02/22/2024,desktop,USA,62.0,240,
user_06712,control,1.0,34.79,2024-06-03,mobile,USA,34.0,324,
user_01741,control,1.0,197.89,31-10-2024,tablet,IN,41.0,583,
user_07056,control,1.0,157.48,03/31/2024,desktop,UK,63.0,214,
user_00645,treatment,2.0,89.89,12/27/2024,mobile,US,19.0,0,
user_01626,treatment,1.0,192.26,2024-06-25,desktop,United Kingdom,48.0,185,
user_06828,control,0.0,102.36,10/30/2024,desktop,United States,36.0,590,
user_06175,control,0.0,78.39,2024-08-07,mobile,UK,23.0,559,
user_02986,treatment,1.0,135.25,2024-08-12,mobile,United States,45.0,254,
user_01108,control,0.0,-52.69,2024-05-19,desktop,United Kingdom,58.0,86,
user_07106,control,0.0,165.57,2024-10-06,desktop,US,27.0,532,
user_02221,treatment,1.0,141.1,22-12-2024,mobile,IN,21.0,-35,
user_03244,control,0.0,133.17,02-10-2024,iPhone,USA,47.0,0,
user_03570,control,0.0,75.38,11/03/2024,mobile,India,60.0,58,
user_07650,control,1.0,98.78,07/10/2024,tablet,USA,40.0,244,
user_05093,treatment,2.0,40.39,02/01/2024,desktop,United Kingdom,26.0,0,
user_02272,control,1.0,157.02,2024-11-25,mobile,US,19.0,298,
user_00539,treatment,0.0,130.86,2024-02-22,mobile,US,24.0,371,
user_05934,control,1.0,192.69,11/23/2024,mobile,IN,49.0,0,
user_03588,Control,0.0,31.84,31-03-2024,mobile,US,47.0,566,
user_05173,treatment,1.0,93.28,2024-02-12,mobile,US,35.0,234,
user_06469,control,0.0,88.17,28-01-2024,mobile,USA,22.0,543,
user_02630,Control,0.0,143.6,11-10-2024,mobile,USA,27.0,516,
user_00764,control,2.0,46.08,05/20/2024,iPhone,US,23.0,347,
user_02011,control,0.0,186.37,22-07-2024,tablet,US,55.0,319,
user_00638,treatment,0.0,26.3,15-05-2024,tablet,US,35.0,415,
user_01827,treatment,0.0,85.26,04-03-2024,mobile,India,63.0,265,
user_04669,treatment,0.0,197.58,16-03-2024,tablet,India,42.0,380,
user_00503,control,1.0,"162,78",2024-04-11,iPhone,United Kingdom,26.0,577,
user_01560,Control,0.0,190.4,16-06-2024,mobile,USA,64.0,343,
user_06199,treatment,0.0,134.15,24-01-2024,desktop,US,19.0,356,
user_02852,treatment,1.0,194.51,08/08/2024,mobile,US,56.0,444,
user_07147,control,1.0,91.46,06/09/2024,desktop,United Kingdom,35.0,331,
user_05104,control,0.0,60.73,2024-03-07,tablet,US,46.0,254,
user_08440,control,0.0,128.71,09/12/2024,Mobile,US,19.0,209,
user_08588,treatment,0.0,68.38,11/28/2024,desktop,USA,54.0,0,
user_00183,treatment,,63.06,2024-06-12,mobile,USA,49.0,437,
user_08813,Control,1.0,-61.2,30-12-2024,mobile,UK,31.0,125,
user_02090,treatment,0.0,127.41,2024-10-20,mobile,IN,45.0,407,
user_01972,treatment,0.0,182.22,25-05-2024,Android,USA,36.0,534,
user_02621,treatment,0.0,197.14,05-04-2024,desktop,UK,19.0,88,
user_05830,treatment,0.0,84.32,09/09/2024,mobile,UK,24.0,399,
user_08075,control,0.0,186.97,2024-11-11,desktop,US,44.0,524,
user_00321,control,1.0,,2024-07-31,desktop,United States,44.0,423,
user_00173,treatment,0.0,33.17,02/18/2024,desktop,India,45.0,331,
user_03676,treatment,1.0,161.98,2024-05-22,Desktop,United States,28.0,340,
user_01885,treatment,1.0,125.52,2024-02-07,tablet,UK,61.0,0,
user_06220,control,0.0,95.42,27-04-2024,Mobile,India,45.0,434,
user_03834,control,0.0,80.68,14-08-2024,mobile,United States,34.0,370,
user_01236,control,0.0,55.34,08/30/2024,Android,United Kingdom,34.0,404,
user_06005,control,,83.33,2024-05-09,desktop,United Kingdom,41.0,393,
user_08531,control,1.0,161.15,08/22/2024,mobile,IN,55.0,503,
user_06805,treatment,0.0,125.89,12/01/2024,Android,US,63.0,181,
user_00154,control,1.0,117.6,2024-03-24,desktop,USA,46.0,356,
user_04713, treatment,1.0,48.39,05-02-2024,mobile ,USA,26.0,448,
user_03105,treatment,0.0,94.11,09/20/2024,tablet,US,28.0,53,
user_00846,treatment,0.0,181.37,2024-04-23,desktop,United States,40.0,400,
user_03433,control,0.0,79.35,02/06/2024,desktop,USA,109.0,-28,
user_01366,control,,108.43,2024-05-03,tablet,USA,64.0,363,
user_01307,control,1.0,116.8,24-10-2024,desktop,IN,18.0,418,
user_03254,control,1.0,138.06,04/22/2024,tablet,India,18.0,106,
user_04430,test,0.0,44.15,11/11/2024,mobile,US,19.0,334,
user_06585,treatment,1.0,79.89,06/16/2024,tablet,USA,65.0,452,
user_01259,treatment,1.0,"223,77",2024-05-26,Mobile,US,51.0,589,
user_02774,treatment,0.0,,2024-04-18,desktop,United States,50.0,548,
user_00619,treatment,2.0,197.53,04/14/2024,desktop,US,47.0,551,
user_00543,control,1.0,116.35,25-04-2024,mobile,US,18.0,564,
user_03936,treatment,0.0,182.73,11/18/2024,desktop,US,33.0,437,
user_03775,treatment,1.0,40.2,2024-05-05,desktop,US,61.0,150,
user_00940,treatment ,1.0,83.28,2024-02-12,desktop,USA,27.0,242,
user_07674,test,1.0,175.39,2024-08-11,desktop,IN,42.0,286,
user_01574,control,0.0,$126.5,03-03-2024,mobile,US,,0,
user_00016,treatment,2.0,131.0,11/14/2024,mobile,USA,19.0,394,
user_03673,control,0.0,138.76,10/16/2024,mobile,UK,21.0,355,
user_05230,control,,191.25,2024-12-27,Android,IN,20.0,0,
user_03947,treatment,1.0,13.98,2024-08-26,tablet,United Kingdom,33.0,444,
user_08788,treatment,0.0,180.67,2024-03-07,mobile,US,62.0,188,
user_04194,control,0.0,$183.95,28-11-2024,mobile,US,57.0,0,
user_08168,treatment,0.0,,05/26/2024,mobile,USA,63.0,376,
user_08763,treatment,0.0,-71.35,02/18/2024,mobile,United States,31.0,79,
user_06235,treatment,1.0,159.24,12-08-2024,mobile,United States,59.0,232,
user_01105,treatment,1.0,,2024-12-17,desktop,USA,65.0,40,
user_00288,control,0.0,114.01,29-12-2024,mobile,India,28.0,345,
user_04041,TRT,1.0,72.61,07/26/2024,tablet,USA,55.0,376,
user_00689,control,0.0,130.92,2024-01-19,tablet,UK,56.0,50,
user_05507,control,,167.15,2024-02-24,mobile,United Kingdom,27.0,438,
user_06852,treatment,,62.5,2024-09-22,mobile,IN,59.0,339,
user_05410,treatment,0.0,-27.69,08/24/2024,Android,UK,18.0,-10,
user_03794,control,1.0,86.53,11/24/2024,Desktop,USA,36.0,271,
user_01073,treatment,,,16-02-2024,tablet,United States,54.0,343,
user_08487,treatment,0.0,174.02,2024-04-13,desktop,United States,64.0,376,
user_07592,treatment,,76.08,2024-01-21,Desktop,USA,52.0,527,
user_08931,test,0.0,126.46,28-10-2024,iPhone,United Kingdom,20.0,321,
user_00216,control,,40.81,2024-03-20,iPhone,US,64.0,178,
user_04285,control,0.0,176.8,04/14/2024,mobile,US,5.0,473,
user_05817,treatment,1.0,159.95,06/28/2024,tablet,United Kingdom,25.0,226,
user_01034, control,0.0,45.83,2024-09-10,iPhone ,United States,54.0,0,
user_00988,control,0.0,178.01,2024-01-27,mobile,India,32.0,561,
user_01050,control,0.0,127.53,03/15/2024,mobile,United Kingdom,50.0,586,
user_03533,control,,,2024-07-11,mobile,US,22.0,321,
user_01459,TRT,0.0,158.09,2024-04-15,mobile,United Kingdom,30.0,158,
user_05504,treatment,,45.3,11/16/2024,tablet,IN,37.0,93,
user_03282,treatment,0.0,112.61,08/24/2024,mobile,United States,47.0,258,
user_01063,control,0.0,61.64,16-05-2024,desktop,US,45.0,203,
user_00764,control,1.0,-83.92,14-04-2024,Desktop,United States,51.0,314,
user_02416,treatment,0.0,128.82,14-02-2024,mobile,US,34.0,189,
user_04066,treatment,1.0,16.37,07/28/2024,mobile,US,59.0,92,
user_06832,treatment,0.0,70.96,05/07/2024,mobile,US,45.0,597,
user_01210,treatment ,2.0,139.2,2024-02-21,iPhone,UK,27.0,423,
user_00383,treatment,,11.88,09-07-2024,desktop,USA,58.0,153,
user_06048,control,0.0,12.12,2024-01-01,mobile,IN,50.0,202,
user_03196,treatment ,1.0,34.1,2024-12-04,desktop,USA,,86,
user_06179,TRT,,173.21,2024-01-26,tablet,US,50.0,352,
user_05131,control,1.0,51.64,09/14/2024,desktop,US,27.0,399,
user_04124,test,0.0,151.27,30-03-2024,Mobile,UK,45.0,357,
user_04436,treatment,1.0,160.49,2024-01-28,mobile,United States,24.0,269,
user_01768,treatment,0.0,,2024-01-06,tablet,United States,55.0,30,
user_02807,control,0.0,176.67,2024-07-30,desktop,US,27.0,148,
user_00358,treatment,0.0,$20.76,2024-06-14,Desktop,US,18.0,429,
user_06617,treatment,1.0,"417,61",07/25/2024,Mobile,India,38.0,207,
user_01761,control,0.0,180.99,03/03/2024,mobile,UK,,430,
user_03989,control,0.0,,10/07/2024,mobile,US,60.0,0,
user_07578,control,1.0,50.18,2024-09-06,Android,US,21.0,188,
user_06138,treatment,0.0,79.26,05/05/2024,tablet,IN,,539,
user_08694,treatment,1.0,167.68,05-03-2024,iPhone,IN,34.0,491,
user_06963,control,1.0,27.82,10-12-2024,mobile,United Kingdom,56.0,0,
user_02216,control,,-33.56,2024-01-14,tablet,IN,53.0,340,
user_06705,control,,41.38,2024-01-05,Android,USA,40.0,418,
user_00976,TRT,1.0,180.78,2024-04-27,desktop,IN,48.0,487,
user_03508,control,0.0,97.15,16-08-2024,mobile,United Kingdom,42.0,239,
user_02833, control,1.0,94.34,03/23/2024,tablet ,USA,42.0,39,
user_04267,control,1.0,-82.14,2024-03-30,iPhone,US,33.0,182,
user_00959,control,1.0,191.97,2024-12-06,desktop,United States,62.0,-94,
user_00215,control,1.0,163.5,2024-09-07,desktop,United Kingdom,22.0,279,
user_00657,control,0.0,177.57,15-06-2024,desktop,IN,49.0,34,
user_00875,control,1.0,155.01,2024-09-04,desktop,United States,48.0,197,
user_04934,control,1.0,-62.34,2024-08-22,desktop,United Kingdom,63.0,545,
user_07091,treatment,0.0,107.92,08/01/2024,Mobile,United States,38.0,172,
user_02740,control,0.0,38.8,12-05-2024,desktop,United States,40.0,248,
user_02718,treatment,0.0,17.35,12/19/2024,mobile,United Kingdom,25.0,229,
user_05412,treatment,0.0,66.18,07/29/2024,mobile,US,48.0,351,
user_00921,treatment,1.0,195.66,09/27/2024,iPhone,US,47.0,0,
user_02106,treatment,0.0,56.3,03-04-2024,mobile,UK,,102,
user_03915,treatment,1.0,197.26,2024-07-05,mobile,United States,45.0,384,
user_08286,treatment,1.0,84.63,2024-02-23,iPhone,United States,26.0,570,
user_06602,control,1.0,186.28,11/27/2024,mobile,US,35.0,366,
user_01824,treatment,1.0,25.43,25-10-2024,Mobile,US,48.0,35,
user_01735,treatment,0.0,108.0,23-08-2024,tablet,US,37.0,0,
user_00684,treatment,0.0,95.41,10/03/2024,mobile,United Kingdom,34.0,207,
user_00480,TRT,2.0,,09/26/2024,mobile,United States,39.0,575,
user_06578,control,0.0,113.23,08-12-2024,desktop,US,52.0,385,
user_05407,control,1.0,,2024-09-25,tablet,IN,64.0,206,
user_00853,treatment,0.0,174.82,09/01/2024,tablet,India,48.0,422,
user_01252,TRT,0.0,184.82,08/20/2024,tablet,India,,66,
user_06773,treatment,2.0,154.92,19-02-2024,Desktop,US,44.0,283,
user_00853,TRT,1.0,134.61,2024-02-06,Desktop,USA,57.0,406,
user_00133,treatment,1.0,42.77,18-05-2024,Android,USA,61.0,395,
user_06537,control,0.0,87.64,2024-07-21,desktop,IN,39.0,338,
user_00245,treatment,,78.7,23-12-2024,desktop,US,38.0,511,
user_01138,treatment,,147.61,2024-03-09,mobile,US,53.0,150,
user_08015,treatment,1.0,33.8,2024-10-09,desktop,UK,42.0,241,
user_08891,control,2.0,14.47,12/30/2024,desktop,US,46.0,495,
user_07873,control,0.0,-11.04,24-08-2024,desktop,UK,,252,
user_00069,treatment,2.0,180.56,11-02-2024,desktop,United States,22.0,202,
user_01689,control,1.0,,2024-03-15,desktop,IN,45.0,93,
user_04465,treatment,0.0,,11/04/2024,mobile,US,56.0,572,
user_03321,treatment,0.0,23.86,08/31/2024,tablet,UK,48.0,387,
user_03646,control,,149.82,06-05-2024,Desktop,US,33.0,376,
user_02045,control,0.0,,27-07-2024,desktop,US,38.0,222,
user_07687,control,0.0,141.91,03/26/2024,mobile,US,44.0,524,
user_07409,control,0.0,69.16,2024-05-16,Mobile,USA,9.0,221,
user_08479,treatment,1.0,84.04,02/02/2024,desktop,United States,25.0,65,
user_05546,treatment,,59.75,2024-05-12,tablet,US,30.0,521,
user_04016,treatment,,195.44,07-12-2024,desktop,USA,62.0,237,
user_01862,treatment,0.0,77.74,10/05/2024,iPhone,IN,50.0,56,
user_06621,treatment,0.0,150.63,10/31/2024,desktop,USA,40.0,367,
user_08380,TRT,1.0,101.53,2024-10-01,iPhone,UK,32.0,193,
user_04736,control,1.0,130.07,2024-11-14,desktop,UK,53.0,-52,
user_04862,control,0.0,133.8,2024-02-06,tablet,US,27.0,0,
user_08842,treatment,0.0,165.87,12/16/2024,tablet,USA,,322,
user_07431,control,0.0,74.23,08/27/2024,desktop,IN,37.0,482,
user_00352,control,,164.99,17-04-2024,mobile,United Kingdom,23.0,182,
user_00685,treatment,1.0,-52.1,2024-01-29,desktop,India,42.0,192,
user_04341,treatment,,90.62,31-10-2024,mobile,USA,41.0,106,
user_06772,TRT,1.0,135.99,2024-06-09,mobile,US,33.0,450,
user_08549,treatment,,13.77,2024-10-13,mobile,India,45.0,252,
user_04275,Control,,$47.37,2024-02-08,iPhone,India,28.0,425,
user_00501,control,0.0,68.11,2024-06-14,desktop,United States,65.0,331,
user_00503,control,0.0,121.78,2024-05-28,tablet,IN,49.0,590,
user_08361,treatment,,56.6,07/21/2024,desktop,India,20.0,0,
user_00359,control,0.0,93.76,2024-07-16,Android,USA,48.0,148,
user_06203,treatment,1.0,,2024-08-21,desktop,United States,42.0,549,
user_08954, treatment,,121.36,2024-08-24,mobile ,India,46.0,212,
user_02704,treatment,1.0,132.37,12/17/2024,Desktop,India,65.0,109,
user_01977, treatment,,49.65,04/19/2024,desktop ,US,50.0,523,
user_01796,control,0.0,105.22,01/23/2024,desktop,US,59.0,253,
user_02565,TRT,1.0,40.74,24-01-2024,desktop,US,37.0,-73,
user_04426,control,0.0,$40.09,2024-02-13,tablet,US,54.0,380,
user_02471,treatment,1.0,115.01,08/06/2024,mobile,US,45.0,0,
user_01116, treatment,,85.05,2024-04-12,mobile ,India,48.0,0,
user_01474,treatment,0.0,189.15,2024-07-23,tablet,India,53.0,58,
user_03502,control,2.0,21.31,09/14/2024,mobile,US,51.0,116,
user_05114,control,0.0,46.59,2024-05-04,tablet,India,60.0,366,
user_01301,TRT,0.0,87.48,10-05-2024,mobile,United Kingdom,50.0,91,
user_04254,treatment,0.0,78.51,26-03-2024,mobile,US,44.0,291,
user_05914,control,2.0,77.98,03/13/2024,mobile,USA,56.0,228,
user_05516,treatment,1.0,69.25,2024-12-29,desktop,USA,61.0,238,
user_02180,control,0.0,$26.15,17-03-2024,mobile,USA,31.0,0,
user_02816,treatment,0.0,,2024-01-28,tablet,US,35.0,108,
user_04845,control,0.0,184.42,05/07/2024,desktop,US,36.0,88,
user_08554,control,1.0,190.6,12-02-2024,mobile,IN,48.0,184,
user_08420,control,1.0,,03/02/2024,Mobile,United Kingdom,60.0,164,
user_04159,treatment ,0.0,168.97,2024-08-21,mobile,United Kingdom,43.0,587,
user_05187,control,,"654,46",22-08-2024,desktop,IN,55.0,102,
user_07602,control,0.0,134.82,24-03-2024,mobile,US,41.0,305,
user_02654,treatment,1.0,103.48,2024-09-26,Desktop,US,22.0,-11,
user_04832,treatment,0.0,74.01,14-04-2024,desktop,US,51.0,0,
user_05918,treatment,0.0,78.5,2024-08-05,iPhone,UK,51.0,104,
user_06447,treatment,0.0,122.0,02/25/2024,mobile,USA,,189,
user_01095,treatment,1.0,112.68,03/16/2024,tablet,India,43.0,436,
user_00883,treatment,0.0,93.44,2024-01-02,tablet,USA,51.0,-62,
user_08839,control,1.0,191.82,04/04/2024,desktop,United States,24.0,560,
user_01227,treatment,1.0,38343.29,12-10-2024,mobile,United States,27.0,264,
user_06792,control,0.0,188.95,2024-02-28,desktop,India,35.0,231,
user_00275,treatment,0.0,55.48,12/26/2024,mobile,US,45.0,113,
user_08142,TRT,0.0,93.52,09/06/2024,desktop,US,23.0,51,
user_02937,treatment,0.0,$117.48,2024-08-28,tablet,IN,35.0,427,
user_07390,treatment,1.0,64.74,09/08/2024,desktop,UK,,115,
user_05990,treatment,0.0,124.67,05-10-2024,mobile,USA,53.0,345,
user_08772,treatment,0.0,136.09,2024-06-16,mobile,US,65.0,168,
user_00993,control,,183.37,05/15/2024,mobile,US,46.0,137,
user_02752,treatment,1.0,91.73,04/22/2024,Desktop,US,33.0,196,
user_03322,treatment,0.0,"485,29",03/12/2024,mobile,IN,25.0,346,
user_01877,TRT,0.0,131.42,02/10/2024,mobile,USA,37.0,77,
user_00963,treatment,2.0,,2024-10-17,desktop,US,30.0,0,
user_02839,treatment,,"750,44",01/10/2024,mobile,US,61.0,159,
user_04343,control,1.0,28.54,2024-11-21,mobile,US,47.0,525,
user_05373,control,0.0,31.03,03/10/2024,tablet,USA,55.0,181,
user_03101,control,0.0,70.83,31-10-2024,Android,USA,52.0,296,
user_01968,treatment,,186.38,2024-06-02,desktop,US,42.0,42,
user_05450,treatment,,197.97,03-01-2024,mobile,US,53.0,322,
user_08391,treatment,1.0,154.29,25-09-2024,desktop,UK,42.0,284,
user_08782,treatment,1.0,29.83,2024-06-06,iPhone,India,28.0,306,
user_07817,treatment,1.0,37.3,04/17/2024,desktop,US,41.0,378,
user_00249,control,0.0,39302.51,2024-07-18,mobile,USA,29.0,371,
user_06001,control,,165.95,03/24/2024,mobile,US,49.0,518,
user_01326,treatment,0.0,148.68,2024-10-06,iPhone,USA,35.0,400,
user_03297,control,1.0,105.09,28-05-2024,mobile,IN,57.0,175,
user_03644,treatment,0.0,137.12,24-12-2024,desktop,US,26.0,223,
user_03011,treatment,0.0,"919,69",07/13/2024,tablet,IN,46.0,66,
user_01454,control,1.0,59.74,18-05-2024,mobile,IN,56.0,331,
user_00919,control,0.0,17.75,2024-08-27,desktop,United Kingdom,21.0,0,
user_01279,control,,170.46,24-03-2024,iPhone,IN,56.0,473,
user_06691,control,0.0,19.6,2024-05-13,desktop,IN,43.0,97,
user_03958,treatment,0.0,103.95,05/07/2024,Desktop,US,55.0,252,
user_01548,control,0.0,172.52,03/04/2024,Mobile,US,42.0,0,
user_06136,control,0.0,163.3,2024-04-15,Mobile,US,20.0,451,
user_01932,treatment,0.0,188.75,2024-11-02,desktop,US,54.0,60,
user_01092,Control,1.0,137.58,2024-10-19,tablet,USA,25.0,176,
user_06546,control,1.0,99.28,15-05-2024,desktop,USA,62.0,141,
user_00533,control,1.0,127.54,10-07-2024,tablet,UK,54.0,0,
user_05549,control,0.0,121.65,23-07-2024,Mobile,IN,48.0,-19,
user_03057,control,1.0,133.91,17-01-2024,desktop,US,34.0,321,
user_01720,treatment ,1.0,95.02,12-11-2024,mobile,IN,59.0,510,
user_00176,treatment,0.0,$19.99,02/18/2024,tablet,United Kingdom,62.0,427,
user_03904,treatment,0.0,46.77,2024-11-10,tablet,US,41.0,527,
user_00648,treatment,1.0,106.92,19-09-2024,mobile,US,39.0,130,
user_06710,treatment,1.0,186.96,11/26/2024,iPhone,IN,55.0,461,
user_00304,TRT,1.0,66.82,03-10-2024,tablet,United Kingdom,30.0,562,
user_05341,treatment,0.0,26.78,05/21/2024,mobile,USA,25.0,232,
user_01591,treatment,0.0,49.22,18-04-2024,Mobile,UK,54.0,212,
user_03949,treatment ,0.0,73.09,2024-04-30,desktop,US,27.0,332,
user_00174,TRT,1.0,50.42,08/02/2024,Mobile,US,43.0,356,
user_06465,control,0.0,-31.64,2024-01-07,desktop,United States,44.0,554,
user_02379,control,0.0,,2024-07-12,mobile,India,24.0,98,
user_02634,control,0.0,129.73,2024-05-23,mobile,India,44.0,97,
user_04487,treatment,0.0,108.91,08/06/2024,mobile,USA,20.0,543,
user_06749,control,0.0,$157.36,12-08-2024,Desktop,USA,59.0,0,
user_03578,control,2.0,92.87,2024-02-10,mobile,United Kingdom,38.0,438,
user_00080,treatment,0.0,160.37,2024-11-04,Mobile,United Kingdom,30.0,121,
user_04622,treatment,,183.54,2024-11-06,mobile,US,57.0,229,
user_00211,TRT,0.0,143.01,2024-02-23,Desktop,United Kingdom,,451,
user_00597,treatment,0.0,181.72,10/08/2024,mobile,USA,23.0,171,
user_00032,control,0.0,113.06,2024-12-03,Android,US,32.0,598,
user_05127,Control,1.0,,2024-08-19,Android,IN,54.0,183,
user_02612,treatment,1.0,100.18,02/15/2024,tablet,USA,20.0,119,
user_08790,treatment,1.0,183.72,13-04-2024,mobile,US,26.0,269,
user_05744,treatment,0.0,$101.27,2024-03-19,mobile,IN,39.0,533,
user_06541,control,1.0,130.13,09/05/2024,mobile,United Kingdom,111.0,267,
user_01767,treatment,0.0,21.73,04/03/2024,mobile,USA,33.0,-63,
user_00682,treatment,,142.94,09-03-2024,desktop,United Kingdom,62.0,165,
user_05862,control,0.0,186.48,05/15/2024,iPhone,USA,32.0,137,
user_00286,treatment ,1.0,89.92,02-03-2024,desktop,US,64.0,577,
user_01323,control,0.0,142.18,2024-11-01,Mobile,United States,30.0,315,
user_02179,control,1.0,84.31,01/15/2024,iPhone,US,22.0,472,
user_02958,treatment ,1.0,78.43,2024-12-16,desktop,India,58.0,443,
user_08093, treatment ,1.0,91.88,01/01/2024,mobile ,UK,49.0,491,
user_04470,treatment,0.0,42.23,2024-12-05,mobile,US,58.0,46,
user_00783,treatment,1.0,155.02,11/14/2024,desktop,India,35.0,420,
user_08553,Control,1.0,95.0,2024-05-06,mobile,US,27.0,236,
user_00174,control,0.0,30.63,2024-10-08,iPhone,USA,55.0,176,
user_06288,control,,56.33,2024-06-18,Mobile,IN,40.0,593,
user_00996,control,1.0,95.58,28-11-2024,desktop,USA,37.0,58,
user_06263,treatment ,,199.39,2024-05-14,mobile,India,23.0,30,
user_05925,treatment,,122.7,24-05-2024,mobile,US,27.0,352,
user_00181, control,,12.05,29-02-2024,mobile ,United States,30.0,483,
user_07964,control,0.0,49.28,01/06/2024,tablet,UK,26.0,275,
user_00505,control,0.0,54.54,2024-03-18,tablet,IN,49.0,579,
user_07739,treatment,1.0,100.55,13-12-2024,desktop,US,43.0,351,
user_08933,treatment,,117.42,12/19/2024,mobile,US,53.0,218,
user_00071,treatment,0.0,78.63,07/01/2024,Desktop,United Kingdom,65.0,0,
user_03000,treatment ,,71.32,2024-10-25,desktop,USA,45.0,392,
user_03821,control,0.0,96.66,2024-02-29,tablet,IN,40.0,585,
user_01936,treatment,1.0,191.84,2024-12-19,Desktop,United Kingdom,26.0,387,
user_00215,treatment,0.0,174.72,16-10-2024,desktop,USA,42.0,564,
user_08257,TRT,0.0,93.78,04/03/2024,desktop,IN,28.0,318,
user_02127,Control,0.0,33.39,2024-03-06,tablet,US,57.0,189,
user_03773,control,0.0,25.1,07/12/2024,desktop,US,22.0,596,
user_00610,treatment,2.0,57.0,2024-02-23,Mobile,USA,57.0,216,
user_00818,control,1.0,53.26,2024-12-20,mobile,US,41.0,220,
user_08358,treatment,0.0,161.2,2024-12-12,mobile,IN,42.0,61,
user_02480,treatment ,0.0,65.06,13-09-2024,mobile,UK,51.0,587,
user_01642,control,0.0,106.89,11/22/2024,desktop,IN,,476,
user_03753,treatment,,121.39,2024-11-20,mobile,USA,62.0,332,
user_03758,control,2.0,105.81,07/17/2024,tablet,USA,56.0,361,
user_02555,treatment,1.0,34.17,2024-05-16,mobile,USA,,274,
user_08387,test,1.0,53.31,01/12/2024,Mobile,USA,44.0,-32,
user_00923,control,0.0,67.76,2024-08-01,mobile,US,59.0,133,
user_06172,treatment,0.0,56.34,12/25/2024,mobile,USA,55.0,0,
user_07157,control,,13.02,2024-12-16,Desktop,US,24.0,345,
user_02129,treatment,0.0,77.44,01/29/2024,tablet,United States,21.0,547,
user_07184,control,0.0,10.19,03/09/2024,desktop,UK,54.0,146,
user_00956,control,0.0,81.25,2024-10-18,desktop,United States,56.0,-22,
user_00607,treatment,1.0,48.62,2024-03-06,mobile,UK,34.0,318,
user_01181,control,1.0,,14-03-2024,desktop,USA,58.0,522,
user_03975,treatment,1.0,16.71,2024-11-30,tablet,US,22.0,137,
user_07335,treatment,1.0,188.87,06-04-2024,mobile,USA,49.0,102,
user_08943,treatment,0.0,120.65,2024-02-13,Desktop,US,18.0,458,
user_04340,treatment,1.0,,21-06-2024,tablet,India,29.0,452,
user_00517,treatment,0.0,23.22,11-03-2024,Mobile,UK,32.0,323,
user_03344,TRT,1.0,,2024-02-25,desktop,US,44.0,170,
user_07648,treatment,0.0,131.4,12-12-2024,desktop,India,36.0,267,
user_07231,control,1.0,92.6,19-04-2024,desktop,India,24.0,-49,
user_05606,control,0.0,176.92,11/26/2024,mobile,United States,22.0,409,
user_01203,treatment,1.0,144.37,16-01-2024,Android,US,52.0,351,
user_02160,treatment,2.0,-85.27,2024-07-17,tablet,US,57.0,428,
user_06185,control,2.0,45.09,02/25/2024,desktop,USA,33.0,545,
user_03500,treatment,1.0,86.78,2024-07-14,desktop,US,31.0,441,
user_00116,control,0.0,39.56,2024-09-27,desktop,US,49.0,275,
user_02769,control,0.0,77.82,2024-07-01,mobile,US,27.0,92,
user_02063,control,1.0,44.0,02/16/2024,mobile,United States,58.0,99,
user_03479,treatment,1.0,120.52,09/26/2024,mobile,US,,470,
user_04704,Control,1.0,,2024-11-09,desktop,IN,51.0,488,
user_06291,treatment,1.0,130.78,10/05/2024,desktop,United States,31.0,110,
user_00898,control,0.0,34448.56,08/23/2024,mobile,IN,51.0,230,
user_03333,control,0.0,116.88,31-05-2024,iPhone,United Kingdom,47.0,366,
user_07791,treatment,1.0,,07/17/2024,mobile,US,52.0,328,
user_00295,control,1.0,97.34,2024-06-17,iPhone,United States,49.0,568,
user_04729,treatment,,137.46,2024-03-24,desktop,USA,53.0,118,
user_05011,treatment,0.0,70.34,2024-12-31,desktop,US,54.0,530,
user_08438,treatment,1.0,57.29,2024-12-01,mobile,IN,59.0,-75,
user_00600,treatment,1.0,29.93,06-09-2024,Desktop,USA,36.0,261,
user_04220,control,1.0,188.86,2024-12-23,mobile,USA,18.0,-12,
user_02890,control,0.0,37.73,2024-11-22,mobile,United States,63.0,492,
user_07298,treatment,1.0,-36.71,2024-12-14,tablet,UK,65.0,575,
user_00593,TRT,0.0,124.52,29-10-2024,desktop,US,56.0,537,
user_03068,treatment,2.0,183.35,2024-08-31,mobile,USA,7.0,388,
user_00496,treatment,0.0,175.52,2024-07-31,tablet,US,55.0,208,
user_06695,treatment,1.0,150.79,2024-04-19,desktop,IN,35.0,-32,
user_02904,control,,195.92,06/25/2024,tablet,US,28.0,443,
user_02992,control,1.0,,04/27/2024,desktop,India,56.0,224,
user_06412,control,1.0,"435,72",2024-04-13,tablet,UK,117.0,545,
user_00226,control,,59.24,2024-03-23,tablet,US,26.0,102,
user_08281,control,,95.71,2024-03-03,desktop,United Kingdom,21.0,305,
user_02521,control,1.0,174.85,2024-01-04,Mobile,United States,46.0,138,
user_05346,Control,0.0,37.22,13-02-2024,desktop,India,,-63,
user_02289,control,0.0,191.46,01-12-2024,desktop,IN,30.0,551,
user_00692, control,0.0,76.5,10/16/2024,mobile ,United Kingdom,50.0,421,
user_00204,control,0.0,17.18,10/06/2024,iPhone,US,20.0,221,
user_04237,control,1.0,82.7,07/03/2024,desktop,USA,58.0,288,
user_06142,treatment,1.0,78.59,2024-06-02,mobile,USA,32.0,145,
user_00154,treatment,1.0,130.4,2024-01-15,mobile,India,18.0,559,
user_02437,control,1.0,125.82,08/26/2024,tablet,US,21.0,0,
user_00210,control,1.0,133.36,06-08-2024,mobile,IN,65.0,262,
user_00723,treatment,1.0,35.83,09-04-2024,mobile,US,53.0,324,
user_03939,treatment,0.0,$112.29,30-03-2024,mobile,United Kingdom,36.0,124,
user_05460,control,,146.61,2024-11-01,mobile,US,51.0,143,
user_04029,treatment,0.0,32.07,2024-05-17,mobile,IN,47.0,140,
user_06894, treatment,1.0,81.89,21-01-2024,desktop ,India,60.0,587,
user_07703,control,1.0,92.81,03-10-2024,desktop,UK,36.0,230,
user_05848,treatment ,0.0,,10/07/2024,tablet,India,60.0,241,
user_05505,treatment ,2.0,125.86,2024-01-26,tablet,UK,57.0,0,
user_02182,control,1.0,100.18,05/07/2024,desktop,IN,,570,
user_08622,treatment,0.0,$85.17,2024-02-17,tablet,USA,32.0,516,
user_04620,control,0.0,$118.71,2024-09-16,mobile,USA,40.0,350,
user_08656,control,0.0,"329,33",2024-09-08,tablet,United Kingdom,20.0,167,
user_01973,treatment,0.0,167.71,2024-08-15,tablet,IN,22.0,0,
user_02130,treatment,1.0,135.69,2024-12-13,tablet,UK,43.0,-10,
user_02649,TRT,0.0,139.65,2024-06-27,tablet,UK,52.0,551,
user_08939,treatment,,37.36,2024-06-16,tablet,United Kingdom,29.0,593,
user_08490,treatment,1.0,-37.63,2024-03-06,tablet,USA,28.0,470,
user_06062,treatment,0.0,41.85,2024-08-27,Mobile,United Kingdom,35.0,494,
user_07587,control,1.0,192.39,2024-09-24,desktop,US,,515,
user_05791,control,0.0,23658.45,2024-02-15,tablet,US,53.0,0,
user_04830,treatment,0.0,112.93,2024-06-02,mobile,US,47.0,392,
user_07386,control,0.0,94.47,05/28/2024,Desktop,US,33.0,463,
user_07222,treatment,0.0,,07-04-2024,tablet,United States,28.0,36,
user_00327,treatment,1.0,92.87,2024-07-08,desktop,USA,43.0,157,
user_01534,test,2.0,164.6,25-01-2024,tablet,United Kingdom,49.0,363,
user_04045,treatment,0.0,78.98,2024-12-20,Mobile,India,20.0,222,
user_00962,control,1.0,16.59,20-05-2024,tablet,IN,31.0,409,
user_03172,control,0.0,94.08,2024-08-18,desktop,IN,,515,
user_05900,control,1.0,$146.66,2024-02-14,desktop,US,22.0,-62,
user_07225,treatment,0.0,138.54,2024-05-12,Desktop,USA,61.0,324,
user_05775,Control,1.0,,11-07-2024,tablet,UK,30.0,359,
user_02426,treatment ,1.0,-94.79,11-08-2024,Desktop,USA,49.0,62,
user_07279,TRT,2.0,$179.91,2024-03-26,Android,India,28.0,0,
user_05205,control,0.0,168.49,2024-10-07,Android,United Kingdom,25.0,487,
user_04543,Control,1.0,180.53,2024-04-09,desktop,India,29.0,-52,
user_07217,treatment,1.0,93.33,01/27/2024,desktop,USA,40.0,0,
user_00034,treatment,1.0,32.15,30-09-2024,Mobile,US,63.0,44,
user_07064,treatment,0.0,,14-04-2024,mobile,USA,51.0,133,
user_01184,treatment,2.0,69.28,31-12-2024,tablet,UK,25.0,247,
user_07517, control,0.0,,2024-09-23,Desktop ,US,26.0,475,
user_06841,control,1.0,87.32,09-11-2024,tablet,United States,,198,
user_02589,control,0.0,194.75,2024-01-07,tablet,UK,44.0,313,
user_04167,treatment,1.0,161.06,2024-04-30,tablet,US,,523,
user_06065,control,0.0,33.37,2024-12-10,tablet,USA,47.0,0,
user_08640,control,0.0,,2024-10-10,tablet,India,21.0,39,
user_00199,treatment,0.0,32.33,2024-10-29,Mobile,USA,19.0,254,
user_07545,treatment,1.0,122.16,2024-11-22,desktop,US,10.0,92,
user_04508,control,1.0,,08/16/2024,desktop,US,38.0,0,
user_01267,control,1.0,149.15,2024-11-01,mobile,United Kingdom,23.0,311,
user_00679,treatment,1.0,157.87,25-11-2024,mobile,United States,,326,
user_00967,control,,14.86,2024-12-03,desktop,US,28.0,-100,
user_06264,control,1.0,86.3,2024-07-08,iPhone,United States,28.0,178,
user_08792,control,0.0,146.93,08-01-2024,tablet,USA,65.0,219,
user_04807,TRT,0.0,144.82,12-03-2024,mobile,US,20.0,104,
user_02047,control,0.0,165.6,16-03-2024,tablet,USA,43.0,216,
user_02684,control,,50.9,11/18/2024,mobile,USA,40.0,478,
user_01043,control,0.0,,2024-12-09,mobile,United Kingdom,20.0,223,
user_03614,control,0.0,120.97,24-09-2024,desktop,United States,46.0,588,
user_07742,TRT,1.0,97.56,22-03-2024,tablet,USA,18.0,576,
user_02155,treatment,0.0,183.36,2024-02-10,mobile,USA,37.0,97,
user_00542,treatment ,1.0,120.76,11/21/2024,mobile,US,26.0,0,
user_03347,control,1.0,159.81,13-11-2024,Mobile,IN,61.0,378,
user_03764,treatment,0.0,195.93,2024-09-06,Mobile,UK,39.0,303,
user_00972,treatment,1.0,199.29,2024-03-04,mobile,USA,45.0,31,
user_08346,Control,,175.79,31-12-2024,iPhone,UK,57.0,430,
user_08896,treatment,1.0,171.54,2024-03-06,mobile,IN,41.0,578,
user_00791,treatment,2.0,-76.73,2024-06-19,mobile,United Kingdom,48.0,288,
user_02948,Control,1.0,36.55,2024-05-19,desktop,US,36.0,0,
user_01847,control,1.0,189.38,2024-02-25,Desktop,United Kingdom,22.0,44,
user_04206,treatment,0.0,96.09,2024-04-13,tablet,India,34.0,184,
user_03490,treatment,0.0,"460,89",12-09-2024,iPhone,UK,31.0,230,
user_07872,treatment,1.0,13.61,04-11-2024,mobile,UK,50.0,0,
user_08521,control,0.0,122.32,05/24/2024,desktop,India,22.0,0,
user_00340,treatment,0.0,77.23,06/13/2024,desktop,IN,21.0,331,
user_05389,treatment,1.0,131.46,2024-11-13,mobile,IN,32.0,87,
user_03582,treatment,2.0,24.43,2024-11-04,tablet,UK,61.0,212,
user_08837,treatment,0.0,114.84,06-01-2024,mobile,UK,44.0,301,
user_00349,treatment,0.0,"666,42",23-08-2024,Android,USA,36.0,46,
user_08314,Control,1.0,176.56,16-09-2024,tablet,USA,47.0,273,
user_00459,control,0.0,135.66,02/10/2024,Desktop,US,36.0,101,
user_05976,treatment ,1.0,$94.15,2024-07-19,tablet,UK,40.0,0,
user_02587,control,0.0,152.72,2024-05-30,mobile,US,63.0,168,
user_00579,treatment ,1.0,195.19,14-02-2024,mobile,US,54.0,420,
user_01166,treatment,2.0,193.96,04-10-2024,desktop,US,52.0,227,
user_05823,treatment,1.0,173.47,01/01/2024,iPhone,UK,42.0,140,
user_05010,control,,151.36,03/20/2024,Desktop,UK,31.0,443,
user_07369,treatment,1.0,110.17,08/08/2024,Android,India,55.0,306,
user_03027,control,1.0,194.4,29-01-2024,mobile,India,50.0,457,
user_07296,treatment,0.0,,09/27/2024,tablet,USA,63.0,389,
user_02147,control,0.0,47.06,2024-04-06,desktop,US,53.0,58,
user_06638,control,1.0,111.41,2024-04-22,Android,India,35.0,194,
user_01705,control,1.0,49.03,07/09/2024,desktop,US,49.0,202,
user_00545,treatment,0.0,$130.88,2024-03-23,desktop,US,64.0,495,
user_01126,control,,97.13,07/22/2024,mobile,US,51.0,514,
user_07678,control,1.0,149.65,16-08-2024,Mobile,USA,55.0,190,
user_05056,control,1.0,54.13,2024-08-18,desktop,US,18.0,32,
user_03315,control,,42.88,27-04-2024,tablet,US,32.0,505,
user_02109,control,0.0,,2024-03-29,desktop,United States,54.0,139,
user_00745,control,1.0,19.16,06/11/2024,tablet,India,39.0,414,
user_00517,treatment,,21.13,2024-01-17,desktop,US,65.0,-37,
user_01905,treatment,1.0,152.02,2024-03-15,mobile,IN,26.0,134,
user_08097,treatment,1.0,157.23,2024-07-28,desktop,United States,36.0,264,
user_03374,treatment,1.0,125.57,2024-09-11,desktop,United Kingdom,48.0,177,
user_08211,control,1.0,90.02,2024-01-21,Desktop,US,47.0,161,
user_08921,treatment,1.0,75.7,2024-07-23,mobile,United States,30.0,112,
user_02925,test,0.0,52.51,10/31/2024,desktop,USA,20.0,398,
user_08224,control,1.0,140.8,2024-12-14,desktop,US,29.0,37,
user_04153,TRT,1.0,109.3,2024-01-18,mobile,US,45.0,526,
user_03887,treatment ,1.0,94.34,10/11/2024,mobile,US,57.0,224,
user_00401,control,1.0,161.96,2024-07-06,desktop,US,65.0,282,
user_00687,control,0.0,,2024-08-10,Mobile,United Kingdom,22.0,228,
user_08566,control,1.0,119.04,11/03/2024,Mobile,IN,26.0,561,
user_05108,control,,37.12,08/29/2024,tablet,IN,,373,
user_00807,test,0.0,138.76,02-07-2024,tablet,US,33.0,38,
user_01288,treatment,1.0,67.87,08-06-2024,mobile,United States,37.0,325,
user_00622,Control,0.0,,2024-07-15,mobile,US,26.0,374,
user_00820,control,1.0,41.15,05/24/2024,desktop,United States,55.0,0,
user_01725,control,1.0,78.48,01-05-2024,mobile,IN,58.0,45,
user_06404,control,0.0,124.84,15-08-2024,desktop,IN,57.0,240,
user_07912,treatment ,0.0,94.61,22-03-2024,desktop,IN,25.0,-93,
user_06282,treatment,1.0,70.81,05/02/2024,desktop,US,35.0,440,
user_08026,control,0.0,161.34,14-12-2024,desktop,India,25.0,0,
user_02449,control,1.0,156.45,2024-06-05,desktop,IN,26.0,467,
user_04076,treatment,,167.31,2024-05-02,mobile,India,64.0,105,
user_08817,control,0.0,103.14,2024-01-08,tablet,UK,52.0,402,
user_06231,treatment,0.0,,04/15/2024,desktop,US,49.0,-100,
user_03224,treatment,1.0,20.5,2024-07-25,mobile,USA,29.0,487,
user_00761,control,1.0,47.59,01/25/2024,mobile,US,60.0,300,
user_04813,control,0.0,70.14,22-03-2024,iPhone,United States,30.0,483,
user_00377,control,1.0,17.74,08/19/2024,mobile,United States,61.0,295,
user_06074,treatment,1.0,,01-09-2024,desktop,USA,39.0,188,
user_00004,treatment,0.0,135.51,12/11/2024,desktop,USA,31.0,157,
user_07613,control,1.0,23.67,01/21/2024,tablet,United Kingdom,22.0,40,
user_00443,control,0.0,176.71,02/10/2024,mobile,US,23.0,533,
user_01528,control,1.0,137.03,27-01-2024,iPhone,US,,384,
user_00664,control,1.0,-45.36,2024-12-12,Desktop,United Kingdom,39.0,306,
user_07223,control,1.0,66.86,01/04/2024,mobile,USA,29.0,567,
user_00234,TRT,1.0,,10/23/2024,desktop,UK,,318,
user_07790,control,,,07/02/2024,mobile,India,63.0,33,
user_01821,treatment,0.0,70.13,11/30/2024,mobile,India,65.0,459,
user_02207,treatment,1.0,,03/12/2024,mobile,United Kingdom,32.0,306,
user_07986,treatment,0.0,189.2,12-03-2024,tablet,USA,19.0,395,
user_00432,control,0.0,93.76,2024-08-25,tablet,United States,26.0,239,
user_07780,control,0.0,182.95,23-08-2024,desktop,UK,39.0,0,
user_00974,control,0.0,163.85,02/24/2024,desktop,IN,42.0,263,
user_05566,treatment,0.0,$114.8,2024-09-04,desktop,IN,62.0,-51,
user_07000,treatment,0.0,57.49,2024-04-19,iPhone,United States,58.0,269,
user_08736,treatment,0.0,,29-02-2024,desktop,US,20.0,426,
user_07208,treatment,0.0,64.4,06-05-2024,desktop,UK,56.0,453,
user_06597,TRT,0.0,145.48,18-11-2024,desktop,India,51.0,151,
user_02126, treatment,1.0,194.74,2024-06-23,mobile ,United Kingdom,42.0,224,
user_04755,control,1.0,41.47,2024-01-01,mobile,United Kingdom,61.0,356,
user_08683,treatment,1.0,17.67,01-03-2024,tablet,USA,55.0,533,
user_04394,treatment ,,74.9,01/21/2024,mobile,United States,37.0,429,
user_06371,control,1.0,66.57,11-11-2024,tablet,US,62.0,228,
user_00398, control,1.0,188.1,10-08-2024,mobile ,US,19.0,445,
user_05106,control,1.0,,20-06-2024,mobile,United Kingdom,19.0,199,
user_08473,treatment,,169.89,2024-02-10,iPhone,US,58.0,117,
user_06261,control,1.0,71.76,2024-10-16,desktop,India,27.0,131,
user_05785,control,0.0,93.79,2024-03-05,tablet,US,53.0,396,
user_01714,control,2.0,63.94,2024-02-08,desktop,USA,47.0,174,
user_02239,Control,1.0,172.11,25-06-2024,mobile,United States,30.0,498,
user_03686,control,1.0,173.56,05/20/2024,iPhone,US,63.0,411,
user_06079,control,1.0,84.32,18-06-2024,tablet,US,21.0,336,
user_07077,treatment,1.0,26.6,2024-08-13,desktop,US,31.0,445,
user_03524,test,0.0,57.3,10/07/2024,tablet,US,,465,
user_00128,control,2.0,158.75,25-06-2024,tablet,India,56.0,183,
user_06842,treatment,0.0,168.77,2024-02-12,desktop,USA,25.0,0,
user_06284,treatment,0.0,23.53,2024-05-16,desktop,USA,40.0,261,
user_06957,treatment,0.0,191.7,2024-06-07,mobile,India,21.0,-93,
user_02666,control,1.0,193.28,2024-06-23,desktop,IN,31.0,0,
user_06500, control,2.0,197.38,2024-05-23,desktop ,US,26.0,214,
user_03338,treatment,0.0,62.15,2024-04-30,tablet,US,32.0,0,
user_07788,control,1.0,101.9,11-04-2024,mobile,USA,19.0,196,
user_03799,control,0.0,143.71,08/19/2024,tablet,US,38.0,522,
user_00687,control,0.0,78.69,2024-06-19,tablet,USA,58.0,223,
user_00185,TRT,0.0,39.88,09/30/2024,desktop,USA,43.0,273,
user_07104,treatment,0.0,98.84,17-03-2024,mobile,UK,22.0,73,
user_01928,test,1.0,112.01,06/02/2024,desktop,UK,60.0,0,
user_08789,control,,190.86,2024-02-22,mobile,India,60.0,202,
user_07932,treatment,,50.96,06/18/2024,desktop,US,42.0,167,
user_07704, treatment ,0.0,138.81,03/02/2024,desktop ,India,56.0,107,
user_07773,control,2.0,10.93,12/18/2024,tablet,USA,20.0,-40,
user_07374,control,0.0,129.05,18-03-2024,tablet,US,63.0,0,
user_08503,control,1.0,93.79,23-01-2024,mobile,UK,29.0,264,
user_01965,treatment,1.0,157.25,01/09/2024,Android,US,22.0,45,
user_07860,control,1.0,33.6,2024-04-06,mobile,United Kingdom,33.0,492,
user_08412,treatment,0.0,121.11,2024-09-19,desktop,United Kingdom,43.0,236,
user_03386,treatment,1.0,132.03,12-06-2024,desktop,UK,40.0,0,
user_08930,treatment,1.0,18658.78,01-05-2024,tablet,IN,65.0,-82,
user_08663,control,0.0,157.06,27-01-2024,desktop,United Kingdom,30.0,573,
user_00175,TRT,0.0,,06/26/2024,desktop,US,36.0,160,
user_05870,control,0.0,28.18,2024-05-02,desktop,IN,48.0,83,
user_03299,treatment,2.0,21.25,2024-06-06,tablet,USA,42.0,322,
user_02234,treatment,2.0,103.27,05/21/2024,Mobile,UK,62.0,562,
user_01302,control,0.0,-43.72,2024-02-11,mobile,US,39.0,243,
user_00526,treatment,1.0,69.73,04/07/2024,tablet,India,19.0,173,
user_05046,control,0.0,90.74,05/01/2024,desktop,UK,22.0,43,
user_07228,control,1.0,198.19,2024-11-04,desktop,US,64.0,343,
user_04587,control,0.0,171.36,2024-10-27,mobile,USA,54.0,138,
user_03228,control,1.0,30.53,15-10-2024,Mobile,US,53.0,163,
user_02488,treatment ,0.0,165.75,02/12/2024,tablet,India,46.0,0,
user_08486,treatment,0.0,-99.71,09/21/2024,tablet,IN,21.0,102,
user_07645,treatment,1.0,19.04,11/07/2024,desktop,United States,33.0,465,
user_05896,control,1.0,-67.09,2024-02-03,mobile,United Kingdom,55.0,471,
user_00808,control,2.0,38.71,05/23/2024,mobile,USA,25.0,0,
user_02486,treatment ,0.0,141.03,2024-04-03,desktop,USA,51.0,67,
user_00625,TRT,1.0,,05/20/2024,mobile,United States,44.0,501,
user_00759,treatment,1.0,169.48,2024-02-02,mobile,USA,28.0,520,
user_00930,treatment,0.0,100.4,2024-05-12,Android,US,20.0,530,
user_01476,treatment,1.0,147.85,2024-08-23,tablet,USA,60.0,540,
user_03693,treatment,1.0,11.32,04/10/2024,iPhone,USA,37.0,202,
user_02003,Control,2.0,117.07,2024-07-21,mobile,India,57.0,390,
user_04480,control,2.0,124.07,2024-09-27,tablet,USA,45.0,205,
user_07769,TRT,0.0,17.66,15-08-2024,mobile,USA,26.0,432,
user_02518,control,0.0,-27.6,06/15/2024,iPhone,India,34.0,570,
user_03952,control,0.0,48.97,2024-04-17,Desktop,IN,44.0,237,
user_01581,treatment ,0.0,77.15,2024-05-29,mobile,US,53.0,206,
user_01290,control,1.0,-63.23,2024-01-28,Mobile,UK,35.0,-21,
user_00728,control,1.0,-92.18,12-01-2024,Android,US,43.0,523,
user_00534,treatment,1.0,136.37,2024-07-19,tablet,USA,12.0,351,
user_06781,treatment,0.0,20.87,06/06/2024,tablet,US,59.0,118,
user_00074,control,1.0,44.49,20-11-2024,Android,US,29.0,514,
user_07478,treatment,1.0,176.51,2024-06-19,Desktop,UK,45.0,391,
user_01461,test,0.0,28.22,15-03-2024,desktop,US,24.0,549,
user_00384,treatment,0.0,48.37,2024-09-30,mobile,US,57.0,544,
user_04090,treatment,1.0,199.9,2024-09-19,desktop,USA,51.0,335,
user_00052,treatment,1.0,171.35,2024-01-27,Android,US,64.0,536,
user_03934,control,0.0,56.71,2024-09-09,tablet,UK,40.0,557,
user_06873,control,0.0,135.5,2024-02-15,desktop,USA,27.0,382,
user_04889,control,1.0,185.7,10/22/2024,mobile,India,61.0,534,
user_08341,treatment,1.0,74.4,19-06-2024,Desktop,USA,43.0,362,
user_04193,control,1.0,121.19,06-12-2024,tablet,US,40.0,564,
user_00817,test,1.0,162.74,10/14/2024,desktop,USA,23.0,197,
user_03699,control,0.0,96.1,2024-02-03,desktop,US,38.0,0,
user_02317,control,1.0,112.03,2024-03-05,desktop,IN,44.0,552,
user_04600,treatment ,1.0,185.42,2024-08-22,desktop,India,35.0,31,
user_06611,treatment,1.0,107.69,2024-06-23,tablet,United Kingdom,35.0,67,
user_01257,treatment,0.0,-39.53,2024-10-11,mobile,United Kingdom,27.0,247,
user_00296,treatment,1.0,,09-08-2024,mobile,US,62.0,195,
user_00766,treatment,1.0,,12-03-2024,Mobile,USA,40.0,-11,
user_08524,treatment,,,14-11-2024,mobile,US,28.0,546,
user_05240,test,2.0,23.34,07/23/2024,mobile,US,27.0,308,
user_01422,treatment,1.0,142.88,19-03-2024,Mobile,United Kingdom,20.0,366,
user_02884,treatment,0.0,41.47,2024-02-23,Android,US,48.0,69,
user_05126,treatment,0.0,114.27,04/30/2024,mobile,United States,23.0,76,
user_00676,control,0.0,43.81,07-11-2024,desktop,United Kingdom,38.0,478,
user_06953,control,0.0,136.62,2024-02-17,tablet,USA,43.0,0,
user_07643,control,1.0,184.39,2024-03-24,desktop,IN,32.0,-22,
user_01806,control,2.0,,2024-01-22,iPhone,US,64.0,54,
user_04034,treatment ,0.0,197.94,06/02/2024,tablet,United States,,261,
user_00206,control,0.0,,01-01-2024,mobile,US,45.0,0,
user_06392,treatment,0.0,125.2,11/21/2024,desktop,UK,24.0,572,
user_03928,treatment,1.0,"599,26",09/11/2024,desktop,United States,49.0,444,
user_01334,control,0.0,$125.92,09/16/2024,desktop,US,63.0,436,
user_00321,treatment,0.0,135.71,2024-01-22,tablet,US,63.0,211,
user_01894,control,1.0,20859.48,10/07/2024,Mobile,India,35.0,53,
user_00157,treatment ,1.0,136.12,06/06/2024,desktop,USA,41.0,536,
user_07207,control,1.0,51.98,31-08-2024,desktop,United States,31.0,291,
user_01106,treatment ,1.0,178.16,2024-05-28,mobile,US,51.0,172,
user_07004,treatment,1.0,$116.09,2024-11-22,desktop,US,33.0,395,
user_02452,treatment,0.0,$139.2,20-11-2024,mobile,USA,23.0,541,
user_01628, treatment,0.0,,2024-03-01,iPhone ,US,37.0,435,
user_00888,treatment,2.0,46.3,11-11-2024,mobile,US,60.0,598,
user_06017,treatment,0.0,-50.07,24-12-2024,mobile,IN,39.0,348,
user_05786,control,0.0,160.28,17-07-2024,desktop,USA,56.0,312,
user_01820,treatment,0.0,,2024-01-30,Android,UK,30.0,232,
user_00166,control,1.0,97.18,10/23/2024,tablet,US,30.0,48,
user_00177,control,0.0,"962,57",05/16/2024,mobile,IN,30.0,584,
user_03619,treatment,1.0,17.25,2024-04-07,mobile,US,40.0,-41,
user_00355,control,1.0,188.69,25-01-2024,mobile,United Kingdom,44.0,344,
user_05388,control,0.0,39.78,2024-01-14,desktop,USA,35.0,551,
user_07528,treatment ,1.0,122.0,2024-08-03,tablet,India,38.0,127,
user_08832,control,0.0,73.1,03/28/2024,desktop,UK,,382,
user_03391,treatment,1.0,198.26,11/15/2024,desktop,US,33.0,489,
user_06051,control,1.0,137.83,04/15/2024,Mobile,USA,48.0,0,
user_00860,treatment,1.0,110.55,10-08-2024,desktop,USA,55.0,0,
user_04639,control,1.0,15.95,2024-05-24,desktop,US,40.0,551,
user_00659,treatment,1.0,$117.69,07/04/2024,desktop,UK,52.0,0,
user_01469,Control,1.0,$172.15,2024-08-13,desktop,United States,63.0,245,
user_06908,control,1.0,115.28,2024-09-09,desktop,US,29.0,228,
user_00022,control,,187.14,09/15/2024,mobile,US,18.0,352,
user_04271, control,,150.97,07-01-2024,desktop ,United States,50.0,598,
user_00274,TRT,0.0,101.31,2024-11-16,desktop,IN,58.0,-52,
user_08052,treatment,,61.92,08-09-2024,mobile,USA,61.0,513,
user_01793,Control,0.0,23530.56,06-08-2024,tablet,UK,40.0,90,
user_08950,control,1.0,97.86,02/29/2024,tablet,USA,19.0,375,
user_01873,control,1.0,18.09,04-07-2024,desktop,United Kingdom,36.0,569,
user_02856,treatment,2.0,88.04,02-09-2024,mobile,UK,21.0,0,
user_08665,control,1.0,144.55,02/03/2024,mobile,USA,25.0,64,
user_04539,treatment,,196.41,16-12-2024,mobile,USA,47.0,243,
user_02745,control,,$88.61,30-04-2024,tablet,UK,38.0,0,
user_00527,test,0.0,160.11,26-05-2024,desktop,USA,43.0,294,
user_05865,Control,2.0,84.49,2024-03-13,mobile,US,48.0,65,
user_01548,control,0.0,172.52,03/04/2024,Mobile,US,42.0,0,
user_07562,treatment,1.0,43.6,11/07/2024,mobile,US,21.0,106,
user_02446,Control,0.0,18.31,2024-01-04,iPhone,US,42.0,498,
user_08623,treatment,0.0,182.08,05/15/2024,tablet,United Kingdom,48.0,171,
user_01051,control,0.0,154.46,02/04/2024,tablet,US,,175,
user_07249,treatment,1.0,96.33,05/23/2024,desktop,United States,59.0,167,
user_03820,treatment,1.0,94.07,22-02-2024,desktop,United States,28.0,315,
user_05076,control,1.0,161.43,25-01-2024,mobile,US,36.0,0,
user_00581,control,0.0,128.62,2024-02-24,tablet,UK,24.0,339,
user_00225,treatment,0.0,15.22,09/07/2024,iPhone,US,46.0,30,
user_04613,Control,1.0,60.48,15-06-2024,iPhone,US,27.0,344,
user_04958,treatment,0.0,,2024-03-14,mobile,United States,43.0,479,
user_00146,treatment,0.0,20.28,2024-06-21,tablet,IN,56.0,177,
user_07925,treatment,0.0,54.11,09/12/2024,desktop,United Kingdom,29.0,47,
user_05814,control,0.0,140.35,2024-03-15,desktop,USA,56.0,472,
user_00324,treatment,1.0,,04/10/2024,iPhone,US,42.0,-22,
user_07171,treatment,1.0,145.92,02/18/2024,Android,US,64.0,413,
user_00941,control,1.0,193.05,2024-09-27,Android,United Kingdom,,575,
user_06707, treatment,0.0,120.22,10-05-2024,iPhone ,US,51.0,71,
user_08182,control,1.0,"938,25",13-06-2024,tablet,India,50.0,202,
user_00617,TRT,0.0,35.5,2024-06-15,desktop,USA,36.0,536,
user_01701,control,0.0,88.08,24-07-2024,iPhone,USA,38.0,0,
user_08701,control,0.0,44.27,2024-12-06,Desktop,United States,43.0,-57,
user_07115, control,1.0,113.26,2024-11-10,mobile ,UK,45.0,261,
user_03657,treatment,,43.06,2024-10-07,desktop,United Kingdom,40.0,511,
user_00712,treatment ,2.0,,2024-04-19,tablet,USA,63.0,0,
user_07252,control,0.0,110.77,2024-06-27,mobile,US,19.0,366,
user_01359,control,0.0,10.02,03/14/2024,desktop,US,54.0,83,
user_04284,control,,"152,91",2024-11-17,desktop,US,27.0,391,
user_04727,treatment,,$92.68,2024-05-19,desktop,US,113.0,550,
user_07353,treatment,,133.07,2024-01-02,desktop,United Kingdom,39.0,0,
user_01489,control,1.0,125.99,2024-11-14,mobile,United States,,411,
user_02248,treatment,0.0,151.54,02-08-2024,tablet,IN,52.0,396,
user_00152,control,1.0,73.61,2024-02-14,mobile,US,31.0,263,
user_00497,TRT,1.0,112.19,12/12/2024,desktop,United Kingdom,27.0,339,
user_03350,treatment,1.0,173.91,06/06/2024,mobile,UK,60.0,389,
user_03613,control,0.0,34.2,23-03-2024,Desktop,United Kingdom,59.0,213,
user_04854,treatment,1.0,117.68,04/18/2024,Desktop,UK,40.0,-72,
user_03296,treatment,0.0,113.38,2024-03-28,Mobile,UK,39.0,126,
user_04304,control,0.0,27409.14,2024-10-08,desktop,United Kingdom,60.0,92,
user_00970,control,1.0,,06-07-2024,mobile,US,53.0,109,
user_07367,treatment,0.0,133.02,24-10-2024,tablet,US,49.0,-51,
user_01376,control,,153.15,29-09-2024,desktop,US,65.0,509,
user_02167,control,0.0,42.46,08/25/2024,iPhone,USA,42.0,208,
user_07700,control,,,2024-11-28,desktop,United Kingdom,58.0,478,
user_04238,treatment,1.0,,10/17/2024,Android,United Kingdom,37.0,107,
user_06156,treatment,0.0,,14-06-2024,desktop,United States,34.0,-65,
user_05834,treatment,0.0,116.32,15-06-2024,tablet,United Kingdom,,323,
user_00731,treatment,0.0,67.45,2024-01-08,iPhone,USA,56.0,260,
user_00138,treatment,,82.04,03-08-2024,mobile,USA,25.0,259,
user_08708,control,1.0,97.89,03/22/2024,mobile,US,25.0,442,
user_05139,test,0.0,52.52,23-12-2024,mobile,USA,35.0,505,
user_00566,control,0.0,98.37,09/09/2024,mobile,US,20.0,478,
user_02574,control,,72.73,03-06-2024,Mobile,UK,56.0,270,
user_03056,treatment,,174.33,2024-10-14,tablet,UK,42.0,493,
user_07381,treatment,1.0,199.07,2024-04-20,tablet,United States,21.0,551,
user_09000,control,1.0,,2024-08-24,Android,United States,37.0,170,
user_03546,control,1.0,193.57,06/19/2024,mobile,USA,37.0,484,
user_06190,control,1.0,41.91,2024-12-22,Mobile,USA,52.0,495,
user_06716,Control,0.0,101.77,07-12-2024,mobile,US,21.0,70,
user_08114,control,1.0,185.15,28-07-2024,desktop,United Kingdom,27.0,410,
user_07190,treatment,0.0,165.29,06-11-2024,tablet,India,117.0,86,
user_01230,control,1.0,52.0,2024-04-23,mobile,US,,133,
user_06904,control,1.0,39.79,21-12-2024,Android,USA,41.0,506,
user_00471,control,0.0,,01/03/2024,desktop,USA,51.0,288,
user_04507,control,0.0,72.01,09/06/2024,tablet,US,63.0,0,
user_06587,control,1.0,42.97,2024-07-05,desktop,IN,45.0,560,
user_07146,treatment,0.0,66.02,2024-12-22,mobile,UK,53.0,382,
user_00504,treatment,1.0,143.04,18-01-2024,tablet,United States,41.0,65,
user_02478,control,1.0,"613,51",2024-03-17,mobile,IN,59.0,-83,
user_08069,treatment,1.0,-61.24,2024-08-04,tablet,India,58.0,313,
user_06262,control,1.0,,07-06-2024,desktop,IN,,375,
user_00763,control,0.0,21.62,2024-02-26,tablet,United States,51.0,416,
user_00660, control,0.0,154.43,08/27/2024,Android ,USA,21.0,166,
user_03133,control,0.0,61.53,2024-09-02,Mobile,US,33.0,180,
user_06122,treatment,1.0,"225,36",02/09/2024,Desktop,India,45.0,-62,
user_00515,treatment,0.0,86.38,01/21/2024,mobile,US,59.0,0,
user_03869, treatment,0.0,107.3,2024-04-21,tablet ,United Kingdom,47.0,341,
user_05571,control,0.0,28.87,20-11-2024,tablet,United Kingdom,58.0,383,
user_06012,control,1.0,33.43,08/22/2024,mobile,United Kingdom,60.0,69,
user_01500,treatment,1.0,44.63,12-08-2024,desktop,United Kingdom,51.0,238,
user_00555,treatment,2.0,-77.22,12/23/2024,desktop,United Kingdom,48.0,-31,
user_04522,treatment,0.0,127.83,2024-01-14,desktop,United Kingdom,27.0,0,
user_03255,Control,1.0,158.35,2024-06-04,desktop,USA,48.0,-89,
user_01391,control,0.0,162.56,02/12/2024,mobile,US,63.0,511,
user_02638,treatment,0.0,37.31,2024-03-05,desktop,IN,50.0,222,
user_00934,TRT,0.0,"104,65",2024-07-13,Mobile,USA,20.0,576,
user_00815,control,2.0,,2024-12-03,desktop,US,34.0,447,
user_01759,treatment,1.0,35.95,04/29/2024,desktop,USA,38.0,269,
user_00647,TRT,,63.78,2024-10-11,desktop,UK,48.0,569,
user_01752,treatment,1.0,57.36,04/17/2024,tablet,US,28.0,284,
user_06700,TRT,0.0,143.81,2024-06-23,desktop,United Kingdom,52.0,428,
user_00085,control,0.0,108.96,14-05-2024,Android,USA,60.0,258,
user_05361,control,,62.23,2024-10-13,desktop,USA,46.0,591,
user_01211,control,1.0,56.42,06/19/2024,tablet,IN,22.0,251,
user_03317,treatment,1.0,184.62,07/23/2024,Android,US,55.0,199,
user_02444,control,1.0,68.73,01-12-2024,desktop,USA,55.0,309,
user_07486,control,1.0,199.02,10-07-2024,desktop,India,29.0,315,
user_05727,treatment,0.0,135.19,02/10/2024,Android,US,46.0,556,
user_06269,Control,1.0,89.02,2024-03-31,desktop,UK,31.0,217,
user_08184, treatment,,151.67,03/06/2024,mobile ,United Kingdom,37.0,104,
user_05286,control,1.0,,05/02/2024,Desktop,USA,40.0,480,
user_00233,treatment ,1.0,,2024-10-29,Desktop,US,,50,
user_00606,control,1.0,190.34,07/07/2024,mobile,USA,38.0,203,
user_05047,control,1.0,191.4,2024-12-24,desktop,India,63.0,470,
user_02840,treatment,1.0,44.91,2024-06-27,Android,US,36.0,72,
user_05470,control,1.0,102.83,30-09-2024,mobile,United States,34.0,355,
user_00909,test,1.0,171.9,2024-09-05,mobile,USA,65.0,385,
user_03798,Control,1.0,,2024-09-02,tablet,US,41.0,320,
user_00655,test,0.0,180.98,04/05/2024,Android,UK,18.0,115,
user_01537,control,0.0,57.82,01/15/2024,desktop,UK,50.0,299,
user_04710,control,1.0,12.4,04/07/2024,mobile,US,52.0,153,
user_02975,test,1.0,178.84,2024-10-25,mobile,India,51.0,290,
user_07720,control,1.0,,08-02-2024,desktop,USA,59.0,460,
user_05417,control,1.0,142.75,2024-02-19,Mobile,US,52.0,79,
user_07733,treatment,,101.83,15-03-2024,tablet,India,30.0,414,
user_06407,control,1.0,44.36,2024-11-03,mobile,UK,44.0,0,
user_07681,control,1.0,97.46,11-06-2024,tablet,US,56.0,593,
user_07989,treatment ,1.0,188.13,08-08-2024,iPhone,US,46.0,252,
user_05572,control,0.0,117.17,2024-09-08,desktop,IN,30.0,470,
user_00532,control,,100.02,2024-04-14,desktop,India,23.0,0,
user_07418,treatment,1.0,190.9,2024-12-07,desktop,USA,39.0,476,
user_06502,Control,,35.62,26-02-2024,Mobile,United States,,411,
user_07023,control,1.0,54.91,2024-01-23,Mobile,UK,22.0,270,
user_08786,control,0.0,22.3,01/02/2024,mobile,UK,,340,
user_06951,treatment,1.0,52.12,02/27/2024,tablet,United Kingdom,42.0,234,
user_08652,treatment,2.0,,2024-06-28,mobile,United Kingdom,58.0,147,
user_01137,treatment,0.0,109.92,11/21/2024,mobile,US,19.0,52,
user_06574,treatment,0.0,23.49,27-07-2024,desktop,US,21.0,311,
user_03876,control,,140.69,2024-04-07,desktop,United States,53.0,464,
user_02174,treatment,,61.99,15-10-2024,Android,US,58.0,434,
user_03292,TRT,1.0,179.51,2024-05-02,mobile,IN,63.0,0,
user_01747,treatment,1.0,146.82,2024-12-30,tablet,India,37.0,-56,
user_04004,treatment,0.0,68.07,29-01-2024,desktop,US,49.0,208,
user_03162,treatment ,0.0,190.99,12/16/2024,desktop,United Kingdom,43.0,84,
user_04817,Control,2.0,63.3,16-06-2024,Mobile,IN,64.0,435,
user_06095,treatment,,91.34,20-05-2024,desktop,US,48.0,334,
user_00418,control,2.0,167.91,07/21/2024,Android,United Kingdom,32.0,0,
user_07282,control,1.0,11.51,10/27/2024,desktop,USA,22.0,482,
user_03167,control,,81.75,2024-04-10,mobile,UK,59.0,162,
user_00991,treatment,0.0,122.7,16-08-2024,desktop,UK,27.0,502,
user_08743,treatment,1.0,$63.17,05/06/2024,mobile,India,31.0,202,
user_00308,control,1.0,23.15,15-10-2024,mobile,India,54.0,-49,
user_06109,control,0.0,129.37,2024-07-30,Mobile,United States,64.0,255,
user_01317,control,1.0,105.25,07/20/2024,Mobile,United Kingdom,20.0,180,
user_08078,treatment,0.0,104.68,13-08-2024,desktop,United Kingdom,44.0,0,
user_00877,control,1.0,54.13,02-10-2024,Desktop,IN,61.0,580,
user_04247,control,0.0,178.5,12/06/2024,mobile,US,26.0,471,
user_00153,treatment,0.0,"346,82",20-12-2024,mobile,US,48.0,0,
user_05275,treatment,0.0,,2024-08-02,tablet,US,50.0,192,
user_00277,control,1.0,$11.85,02/03/2024,desktop,United States,44.0,425,
user_08903,treatment,1.0,193.32,01/31/2024,mobile,IN,51.0,582,
user_02024,treatment,0.0,114.33,04-07-2024,mobile,US,47.0,220,
user_07862,treatment,0.0,-75.32,26-01-2024,mobile,United Kingdom,21.0,244,
user_03858,control,1.0,150.83,11/08/2024,desktop,USA,30.0,316,
user_05184,control,0.0,182.74,2024-04-23,mobile,US,36.0,350,
user_08268,control,0.0,122.76,29-03-2024,Mobile,United States,30.0,307,
user_03575,control,0.0,162.78,2024-07-04,mobile,United States,33.0,408,
user_06047,treatment,1.0,195.92,10/04/2024,desktop,US,51.0,0,
user_02353,treatment ,1.0,87.38,2024-02-27,Mobile,US,34.0,126,
user_00256,treatment,1.0,,2024-04-28,mobile,US,59.0,240,
user_06373,test,,144.07,05/11/2024,desktop,US,29.0,505,
user_01539,control,0.0,-52.88,18-10-2024,tablet,US,39.0,587,
user_00410,control,1.0,87.91,07/28/2024,desktop,UK,53.0,458,
user_07629,control,0.0,$43.36,2024-07-05,tablet,USA,27.0,228,
user_08423,control,1.0,76.1,2024-06-20,desktop,IN,24.0,483,
user_06368,control,0.0,22.26,2024-02-26,mobile,IN,27.0,124,
user_02280,TRT,1.0,144.52,06/28/2024,Android,US,42.0,389,
user_02031,treatment,0.0,,06-02-2024,Desktop,United Kingdom,27.0,133,
user_00535,control,,136.4,2024-06-30,tablet,UK,62.0,97,
user_06111,treatment,1.0,63.68,13-02-2024,Android,US,53.0,56,
user_02231,treatment,1.0,104.4,01/13/2024,mobile,US,60.0,555,
user_04135,control,0.0,134.3,26-02-2024,mobile,UK,37.0,-68,
user_02586,control,0.0,161.81,02-03-2024,tablet,IN,109.0,276,
user_05946,TRT,0.0,187.85,2024-08-21,mobile,India,23.0,499,
user_01792,treatment,0.0,150.51,2024-07-06,mobile,UK,44.0,493,
user_06947,treatment,0.0,143.07,2024-01-02,tablet,USA,48.0,320,
user_06543,Control,1.0,59.14,2024-08-27,desktop,US,49.0,264,
user_01923,treatment,0.0,36.66,06-03-2024,tablet,US,20.0,0,
user_08800,treatment ,0.0,189.46,12-05-2024,desktop,United Kingdom,23.0,494,
user_02532,treatment,1.0,166.88,2024-09-14,mobile,USA,65.0,0,
user_00196,treatment,0.0,58.44,13-12-2024,tablet,US,46.0,-33,
user_07600,control,1.0,61.27,2024-07-29,desktop,USA,59.0,403,
user_06440,test,1.0,149.85,12-04-2024,mobile,India,53.0,34,
user_05247,control,,140.27,12/01/2024,desktop,India,44.0,188,
user_08321, control,1.0,140.69,18-07-2024,desktop ,United States,21.0,150,
user_04931,treatment,1.0,90.33,12-07-2024,desktop,United Kingdom,43.0,434,
user_07291,control,0.0,58.85,04-02-2024,Android,India,41.0,77,
user_08881,control,1.0,100.88,2024-07-14,mobile,USA,32.0,0,
user_00899,control,0.0,146.85,27-02-2024,tablet,US,55.0,204,
user_06008,control,,-65.94,01/26/2024,mobile,United Kingdom,49.0,324,
user_03358,treatment,1.0,21.35,02/02/2024,tablet,US,48.0,145,
user_02046,TRT,0.0,,2024-09-23,tablet,IN,23.0,220,
user_02791,control,0.0,49.25,06/21/2024,mobile,United States,42.0,379,
user_00080,control,0.0,137.05,23-02-2024,Desktop,India,20.0,88,
user_05682,control,2.0,122.67,03/22/2024,Android,US,29.0,304,
user_06089,control,1.0,179.45,08/26/2024,desktop,USA,58.0,523,
user_04995,control,0.0,175.08,25-11-2024,tablet,IN,64.0,170,
user_00292,control,0.0,183.88,15-01-2024,desktop,USA,57.0,238,
user_08804,treatment,1.0,116.92,11/17/2024,Android,United States,21.0,0,
user_00231,control,0.0,-68.88,21-01-2024,desktop,US,53.0,0,
user_08478,control,0.0,139.7,2024-10-04,mobile,USA,34.0,454,
user_07857,treatment,0.0,,2024-08-07,tablet,US,58.0,326,
user_00636,control,0.0,185.45,2024-06-13,Mobile,USA,45.0,365,
user_07236,control,0.0,159.74,2024-08-30,tablet,IN,31.0,554,
user_04037,treatment,1.0,188.77,11/24/2024,desktop,USA,,121,
user_04479,treatment,0.0,74.14,2024-01-19,mobile,US,52.0,315,
user_06809,control,0.0,"994,34",2024-01-11,mobile,UK,23.0,204,
user_04583,treatment,0.0,173.42,16-11-2024,desktop,UK,26.0,-73,
user_00351,control,0.0,10.93,02/04/2024,desktop,USA,63.0,0,
user_07300,control,2.0,69.59,2024-06-10,mobile,India,45.0,0,
user_03006,treatment,0.0,$42.98,02/09/2024,mobile,US,45.0,259,
user_01148,control,1.0,44.92,2024-03-06,Android,IN,30.0,482,
user_05461,control,1.0,102.77,03/16/2024,mobile,US,26.0,146,
user_06358,control,1.0,142.66,11/16/2024,mobile,US,46.0,445,
user_03356,treatment,,155.92,2024-10-17,Mobile,USA,26.0,587,
user_08612,treatment,0.0,30.16,2024-11-20,mobile,India,35.0,401,
user_05459,control,0.0,,2024-04-09,tablet,US,64.0,410,
user_06706,TRT,1.0,-48.74,29-08-2024,mobile,IN,20.0,325,
user_00808,control,0.0,148.16,05/31/2024,mobile,United Kingdom,29.0,-15,
user_06783,control,,78.94,2024-09-23,desktop,USA,49.0,583,
user_00383,treatment,1.0,87.85,12/21/2024,desktop,USA,28.0,120,
user_07128,control,1.0,99.71,2024-11-27,Desktop,US,25.0,-70,
user_02770,treatment,0.0,151.11,05-06-2024,iPhone,US,33.0,107,
user_01292,treatment,0.0,119.24,23-09-2024,mobile,United States,46.0,313,
user_05404,control,1.0,84.25,2024-06-29,desktop,UK,23.0,114,
user_00786,control,0.0,132.09,2024-06-08,tablet,US,60.0,520,
user_01690,treatment,1.0,24.42,03/23/2024,mobile,India,59.0,108,
user_05288,treatment,1.0,$107.62,01/09/2024,desktop,US,24.0,264,
user_04503,treatment ,1.0,85.29,2024-08-03,tablet,USA,31.0,443,
user_05401,treatment,1.0,140.26,12-06-2024,mobile,United Kingdom,46.0,587,
user_01749,control,1.0,175.91,06/21/2024,tablet,United States,61.0,-100,
user_03569,test,1.0,16.64,2024-12-03,mobile,India,58.0,117,
user_03563,control,1.0,86.22,2024-06-24,mobile,USA,,110,
user_03955,treatment,1.0,189.83,2024-12-10,desktop,United States,57.0,233,
user_00393,control,1.0,43.22,27-11-2024,iPhone,USA,48.0,400,
user_08583,control,0.0,56.49,06-01-2024,Desktop,United States,51.0,359,
user_07538,control,1.0,92.73,20-12-2024,tablet,IN,34.0,-80,
user_03537,control,,23079.39,2024-12-30,desktop,India,22.0,371,
user_02061,control,0.0,,12/23/2024,mobile,US,52.0,558,
user_05886,control,1.0,-52.24,2024-04-09,Android,United Kingdom,25.0,58,
user_00502,treatment,1.0,10.76,2024-03-14,desktop,US,35.0,140,
user_08433,control,0.0,97.13,02/07/2024,mobile,United States,65.0,138,
user_06609,control,0.0,,03/13/2024,Mobile,UK,54.0,50,
user_08180, control,0.0,151.07,03/13/2024,mobile ,US,46.0,117,
user_01224,control,,,10/20/2024,Mobile,UK,50.0,175,
user_02018,treatment,0.0,54.43,2024-09-09,iPhone,US,47.0,276,
user_04085,treatment,2.0,159.24,2024-12-18,desktop,United States,43.0,554,
user_08131,control,1.0,176.75,16-07-2024,tablet,US,34.0,0,
user_02451,treatment,0.0,119.97,07/11/2024,tablet,India,22.0,236,
user_01940,control,0.0,95.24,07/26/2024,mobile,United Kingdom,65.0,515,
user_04677,treatment,,-31.7,03-12-2024,mobile,United States,60.0,177,
user_02014,control,2.0,147.11,12/04/2024,mobile,US,32.0,216,
user_05013,treatment,0.0,16.3,2024-04-06,mobile,US,29.0,576,
user_03128,Control,1.0,146.59,09/13/2024,desktop,USA,42.0,543,
user_00261,test,0.0,-29.21,2024-09-08,mobile,USA,25.0,342,
user_04280,treatment,1.0,185.1,19-03-2024,tablet,USA,36.0,184,
user_06369,control,0.0,38.72,07-11-2024,desktop,India,44.0,376,
user_05020,control,0.0,116.78,12/18/2024,Mobile,UK,27.0,545,
user_08461,control,1.0,20.18,2024-12-21,Mobile,US,35.0,259,
user_07894,control,1.0,,10/19/2024,mobile,US,54.0,165,
user_05736,treatment,1.0,124.49,2024-11-06,tablet,United Kingdom,32.0,165,
user_03741,control,1.0,184.18,05/26/2024,tablet,United Kingdom,57.0,31,
user_06303,TRT,1.0,187.29,21-03-2024,Android,United States,37.0,301,
user_05880,treatment ,1.0,-20.34,2024-11-08,tablet,UK,65.0,219,
user_00651,treatment,1.0,51.39,05-02-2024,desktop,US,21.0,219,
user_05283,treatment,1.0,154.1,03-07-2024,Mobile,US,39.0,0,
user_02188,Control,1.0,32.65,2024-10-27,tablet,USA,57.0,577,
user_08977,control,1.0,187.27,2024-12-20,mobile,US,25.0,283,
user_00283,treatment,1.0,141.62,12/05/2024,desktop,US,26.0,550,
user_08304,control,1.0,182.03,2024-07-26,tablet,United States,59.0,0,
user_03521,TRT,1.0,-23.12,2024-09-07,Android,US,,515,
user_04137,control,1.0,99.47,2024-01-16,mobile,US,38.0,319,
user_04935, control,0.0,150.43,2024-11-03,tablet ,USA,47.0,594,
user_02351,TRT,0.0,182.66,2024-10-15,mobile,USA,,0,
user_01718,TRT,1.0,101.34,06-04-2024,desktop,USA,48.0,193,
user_02910,control,0.0,194.85,2024-06-13,desktop,US,19.0,-62,
user_04101,TRT,1.0,24.37,01-09-2024,tablet,United Kingdom,37.0,-24,
user_06442,control,0.0,53.77,2024-05-18,desktop,USA,30.0,270,
user_07297,treatment,0.0,67.45,18-09-2024,tablet,US,,575,
user_00668,control,1.0,,2024-02-19,desktop,US,,-55,
user_00634,control,0.0,106.61,2024-09-07,tablet,IN,53.0,134,
user_00857,treatment,2.0,174.74,11/16/2024,desktop,UK,58.0,558,
user_07844,Control,,164.28,2024-03-09,desktop,USA,32.0,380,
user_08751,control,0.0,167.73,03-10-2024,mobile,US,48.0,107,
user_04612,TRT,1.0,144.4,01/25/2024,iPhone,United Kingdom,39.0,107,
user_02115,control,0.0,51.37,23-01-2024,desktop,USA,62.0,449,
user_08056,control,0.0,97.68,07/10/2024,Android,US,46.0,137,
user_04886,control,0.0,72.74,2024-10-31,desktop,USA,55.0,398,
user_01838,treatment,0.0,110.14,06-05-2024,mobile,UK,,0,
user_08687,control,0.0,159.57,05/21/2024,desktop,India,55.0,0,
user_02663,treatment,1.0,34.81,2024-08-29,desktop,UK,45.0,336,
user_03544,control,1.0,148.74,2024-07-03,Android,India,51.0,0,
user_06623,control,0.0,148.98,12/17/2024,mobile,US,21.0,0,
user_06785,control,2.0,151.51,2024-02-20,mobile,US,,41,
user_08253,treatment,0.0,,26-07-2024,mobile,India,47.0,395,
user_02905,control,1.0,151.93,12/16/2024,tablet,US,22.0,95,
user_07224,treatment,0.0,103.06,05/22/2024,desktop,UK,58.0,-23,
user_07980,TRT,,12.28,13-03-2024,tablet,UK,45.0,424,
user_01394, control,0.0,92.24,07/24/2024,mobile ,USA,35.0,213,
user_01869,control,0.0,11.7,11/29/2024,mobile,USA,64.0,-26,
user_03913,control,,139.04,09/15/2024,mobile,IN,25.0,253,
user_08469,treatment,1.0,"733,28",2024-10-11,tablet,IN,57.0,80,
user_03094,TRT,2.0,103.94,18-07-2024,desktop,USA,25.0,321,
user_05185,control,,$46.68,15-11-2024,desktop,United Kingdom,35.0,219,
user_00044,control,1.0,108.99,2024-04-16,iPhone,US,,57,
user_05767,treatment,1.0,,2024-04-02,mobile,UK,62.0,483,
user_08047,control,,160.81,22-07-2024,mobile,India,50.0,149,
user_00421,control,0.0,116.37,29-05-2024,desktop,United Kingdom,53.0,418,
user_00479,treatment,1.0,98.92,2024-04-26,mobile,US,56.0,599,
user_01774,TRT,1.0,170.9,17-07-2024,mobile,United Kingdom,37.0,198,
user_04017,TRT,0.0,94.06,23-07-2024,mobile,US,46.0,416,
user_00545,control,,27.91,2024-06-26,mobile,US,56.0,0,
user_00951,treatment,0.0,71.79,08/25/2024,tablet,US,47.0,0,
user_06495,treatment,0.0,185.63,02/29/2024,Android,United States,37.0,193,
user_07247,control,0.0,151.66,27-06-2024,mobile,UK,28.0,33,
user_05670,treatment,1.0,,19-12-2024,mobile,USA,28.0,-69,
user_07097,control,1.0,30.37,07-07-2024,mobile,US,,0,
user_00721,treatment,1.0,57.05,07-05-2024,tablet,USA,62.0,-54,
user_07459,treatment,1.0,94.87,31-07-2024,Mobile,US,57.0,270,
user_04596,treatment,2.0,184.29,2024-02-08,mobile,IN,48.0,519,
user_00644,treatment,,-74.4,15-07-2024,desktop,India,44.0,409,
user_01548,treatment,0.0,67.45,18-09-2024,tablet,US,,575,
user_00314,treatment ,1.0,155.4,12/17/2024,Android,US,49.0,110,
user_02089,treatment,1.0,126.58,2024-07-01,mobile,IN,,380,
user_07112,treatment ,0.0,44.62,06/15/2024,Desktop,UK,57.0,190,
user_07415,control,0.0,57.84,2024-10-05,mobile,United States,47.0,580,
user_04840,control,1.0,51.42,2024-12-05,mobile,United Kingdom,51.0,145,
user_07611,treatment,1.0,129.77,08/14/2024,mobile,US,50.0,0,
user_04575,test,0.0,24.64,2024-12-11,desktop,USA,44.0,519,
user_02762,control,0.0,65.52,03-05-2024,tablet,United Kingdom,41.0,466,
user_08823,treatment,0.0,-72.01,2024-04-17,Mobile,US,100.0,385,
user_02418, Control,1.0,127.48,01/27/2024,Android ,US,58.0,133,
user_00915,control,1.0,78.66,27-12-2024,desktop,India,51.0,336,
user_04053,treatment,1.0,140.15,2024-04-10,desktop,USA,55.0,0,
user_00312,control,0.0,25.68,03-12-2024,Android,UK,51.0,296,
user_02911,treatment,0.0,181.61,08/08/2024,tablet,US,58.0,141,
user_03014,treatment,0.0,96.19,2024-09-08,mobile,IN,23.0,281,
user_00447,control,0.0,154.1,11/16/2024,desktop,USA,54.0,-31,
user_05712,treatment,,124.67,05/03/2024,Desktop,US,27.0,218,
user_03335,control,0.0,194.72,06/07/2024,desktop,India,36.0,385,
user_03279,test,0.0,97.52,05-03-2024,mobile,India,43.0,333,
user_02567,control,0.0,21.86,10-07-2024,mobile,USA,22.0,572,
user_08106,treatment,0.0,184.82,21-03-2024,desktop,US,52.0,79,
user_08818,treatment,1.0,174.07,2024-08-25,tablet,US,45.0,237,
user_06395,control,0.0,35.44,03-02-2024,mobile,United Kingdom,51.0,325,
user_02455,TRT,1.0,81.75,2024-10-27,mobile,India,23.0,396,
user_02300,control,0.0,21.37,2024-03-03,iPhone,US,19.0,362,
user_00938,control,1.0,178.02,2024-12-20,iPhone,US,48.0,591,
user_05820,treatment,0.0,33.62,2024-02-04,desktop,United Kingdom,30.0,384,
user_06974,control,0.0,,03-06-2024,desktop,US,65.0,139,
user_01281,control,0.0,195.67,2024-05-14,mobile,US,19.0,389,
user_03339,TRT,0.0,13.0,2024-09-29,Android,India,65.0,131,
user_05860,control,1.0,152.53,2024-08-07,desktop,USA,50.0,441,
user_05658,control,1.0,170.5,2024-05-04,tablet,United Kingdom,23.0,470,
user_03930,control,1.0,-34.76,2024-10-10,mobile,USA,51.0,394,
user_03191,treatment,0.0,81.01,06/24/2024,Desktop,India,45.0,553,
user_06608,control,0.0,64.53,12/16/2024,Mobile,UK,59.0,-93,
user_01482,test,,150.61,2024-11-03,desktop,USA,29.0,0,
user_02371,control,0.0,35.34,16-07-2024,tablet,US,18.0,51,
user_08276,treatment,1.0,142.36,03/26/2024,iPhone,US,21.0,163,
user_03474,control,,182.28,06/11/2024,iPhone,USA,60.0,120,
user_06864,control,0.0,-62.95,20-12-2024,mobile,USA,32.0,451,
user_02735,treatment,1.0,35.29,13-05-2024,Mobile,US,56.0,296,
user_07961,control,0.0,107.35,02/13/2024,tablet,USA,52.0,588,
user_01019,control,1.0,61.33,05/28/2024,desktop,USA,61.0,124,
user_00030,control,,,10/08/2024,iPhone,USA,30.0,457,
user_08140,treatment,0.0,119.68,08-06-2024,mobile,India,19.0,118,
user_00934,treatment,2.0,170.64,2024-08-03,desktop,UK,,360,
user_08509,TRT,2.0,30.23,05-02-2024,tablet,UK,55.0,575,
user_00118,control,1.0,150.76,22-10-2024,mobile,India,23.0,472,
user_05033,control,0.0,89.66,2024-02-29,tablet,United Kingdom,28.0,306,
user_01564,treatment,0.0,181.29,09/24/2024,desktop,India,30.0,71,
user_00117,control,,164.46,2024-10-26,mobile,UK,58.0,0,
user_05422,treatment,0.0,16.34,2024-01-22,tablet,USA,41.0,0,
user_04647,control,1.0,136.9,02/08/2024,desktop,India,38.0,253,
user_00191,treatment ,0.0,199.39,05/08/2024,desktop,US,48.0,184,
user_02400,control,1.0,112.18,2024-11-15,desktop,United States,47.0,98,
user_03140,TRT,0.0,97.84,12-04-2024,Mobile,USA,22.0,520,
user_08513,control,0.0,116.58,09-03-2024,mobile,India,61.0,-80,
user_01667,treatment,,96.42,2024-08-16,Desktop,IN,46.0,182,
user_00136,Control,0.0,89.96,2024-09-23,mobile,UK,61.0,224,
user_02365,control,,122.01,2024-02-04,desktop,United Kingdom,61.0,441,
user_03368,treatment,1.0,92.1,2024-08-29,Desktop,US,63.0,82,
user_08395,treatment,0.0,190.7,11/12/2024,desktop,USA,58.0,569,
user_00949,control,,150.78,2024-07-12,tablet,USA,34.0,342,
user_07548,treatment,1.0,131.16,09-04-2024,Desktop,UK,48.0,219,
user_04106,treatment,0.0,,07/04/2024,desktop,USA,,136,
user_07312,treatment,0.0,89.72,2024-11-24,mobile,United States,,75,
user_06413,treatment,0.0,62.88,01-01-2024,mobile,USA,54.0,254,
user_01803,treatment,1.0,142.51,2024-08-23,desktop,US,39.0,430,
user_08278,control,1.0,128.52,25-11-2024,mobile,India,32.0,471,
user_01387,control,1.0,154.21,10/09/2024,desktop,United Kingdom,59.0,512,
user_02192,treatment,0.0,-24.89,2024-03-08,tablet,IN,59.0,124,
user_08670,control,1.0,105.32,2024-02-23,iPhone,India,61.0,-48,
user_05951,treatment,1.0,46.34,22-10-2024,mobile,United Kingdom,28.0,122,
user_06986,treatment,2.0,199.89,03/02/2024,Desktop,India,45.0,447,
user_03602,control,1.0,78.78,2024-04-06,mobile,United States,53.0,-51,
user_02460,control,0.0,194.35,2024-01-16,tablet,IN,41.0,474,
user_00780,control,0.0,85.46,08/29/2024,desktop,USA,40.0,203,
user_04481,treatment,0.0,197.48,07/10/2024,mobile,United States,54.0,177,
user_02255,treatment ,1.0,96.03,03/21/2024,tablet,US,58.0,303,
user_00054,control,1.0,30.3,11/27/2024,desktop,IN,52.0,377,
user_00736,treatment ,1.0,78.63,15-12-2024,Android,United Kingdom,30.0,277,
user_04687,treatment,0.0,63.79,2024-08-19,mobile,UK,58.0,235,
user_04055,control,2.0,,27-03-2024,desktop,IN,63.0,169,
user_04223,control,1.0,107.65,06/26/2024,mobile,US,56.0,206,
user_00776,treatment,0.0,50.11,09-05-2024,tablet,US,29.0,41,
user_01927,treatment,1.0,99.79,06-09-2024,Mobile,USA,28.0,434,
user_00171,treatment,1.0,100.18,2024-08-25,tablet,United States,30.0,541,
user_05889,TRT,1.0,101.47,09/04/2024,iPhone,US,62.0,78,
user_04127,treatment,1.0,21.64,04/01/2024,mobile,USA,27.0,380,
user_06960,treatment,,$144.41,03/07/2024,desktop,India,25.0,39,
user_03248,TRT,0.0,155.64,2024-06-02,Desktop,IN,59.0,396,
user_00431,control,1.0,70.07,2024-07-21,tablet,US,42.0,486,
user_03222,control,0.0,171.39,2024-02-14,desktop,UK,32.0,0,
user_06884,control,0.0,130.16,27-06-2024,Desktop,USA,28.0,516,
user_01590,Control,1.0,90.75,2024-11-12,iPhone,India,45.0,503,
user_03859,TRT,1.0,16.3,05/04/2024,mobile,United Kingdom,37.0,149,
user_08835,Control,1.0,29.02,2024-05-05,desktop,USA,57.0,317,
user_02995,treatment,1.0,67.37,08/26/2024,desktop,USA,33.0,73,
user_03723,treatment,1.0,76.83,02-03-2024,tablet,UK,43.0,292,
user_04473,control,1.0,173.82,08-06-2024,tablet,India,47.0,423,
user_01941,Control,0.0,-12.65,07/31/2024,Android,United Kingdom,54.0,536,
user_02397,treatment,,161.82,02-04-2024,iPhone,United Kingdom,35.0,279,
user_04734,control,0.0,156.94,2024-05-14,desktop,United Kingdom,40.0,84,
user_02223,control,0.0,179.47,12/19/2024,desktop,US,34.0,410,
user_00508,treatment,0.0,38.36,2024-10-13,mobile,US,38.0,0,
user_01180,control,0.0,$69.49,26-05-2024,desktop,US,61.0,542,
user_00243,control,0.0,14.26,10/21/2024,Desktop,US,28.0,272,
user_08844,control,1.0,40.04,2024-12-31,Android,India,20.0,350,
user_04816,control,1.0,62.01,24-11-2024,mobile,USA,40.0,520,
user_02556,control,0.0,49.71,2024-11-29,Mobile,UK,62.0,39,
user_00667,treatment ,0.0,,05-08-2024,tablet,US,52.0,283,
user_03361,treatment,1.0,122.77,2024-02-09,mobile,UK,31.0,223,
user_02093,control,1.0,,2024-10-16,Desktop,USA,37.0,292,
user_05693,TRT,1.0,104.96,12/31/2024,tablet,United Kingdom,29.0,89,
user_01456,control,1.0,,04/26/2024,desktop,US,34.0,566,
user_07695,control,0.0,103.8,21-08-2024,tablet,US,39.0,217,
user_05530,treatment,0.0,52.25,2024-11-25,desktop,USA,32.0,294,
user_02868,control,0.0,101.4,2024-11-08,tablet,India,,335,
user_03872,test,1.0,152.03,05/13/2024,iPhone,India,28.0,92,
user_01586,TRT,1.0,46.96,2024-02-04,Android,US,51.0,424,
user_05854,control,0.0,31.05,21-10-2024,tablet,USA,51.0,377,
user_05225,treatment,0.0,48.74,03-01-2024,desktop,India,34.0,143,
user_00862,control,1.0,81.18,10/03/2024,tablet,United States,21.0,144,
user_04826,TRT,2.0,-95.47,01-01-2024,mobile,US,30.0,449,
user_05508,treatment ,0.0,,31-10-2024,iPhone,United Kingdom,45.0,0,
user_02859,treatment,0.0,113.87,08/03/2024,mobile,United States,35.0,0,
user_07717,control,0.0,120.59,2024-08-29,Android,USA,29.0,301,
user_03993, TRT,1.0,,28-02-2024,desktop ,United Kingdom,61.0,447,
user_07084,control,1.0,126.54,04-11-2024,Desktop,UK,59.0,-86,
user_06900,treatment,0.0,163.87,2024-03-11,desktop,USA,28.0,482,
user_00832,treatment,0.0,,10/28/2024,mobile,US,65.0,159,
user_03596,control,0.0,12.95,03-04-2024,mobile,USA,40.0,-88,
user_05893,treatment,,147.41,01/10/2024,mobile,United Kingdom,,529,
user_01525,treatment ,0.0,118.78,07/03/2024,tablet,USA,56.0,269,
user_08359,control,2.0,$167.93,2024-07-09,iPhone,UK,40.0,492,
user_08961,control,0.0,107.96,24-11-2024,mobile,US,55.0,181,
user_03885,treatment,1.0,170.17,2024-11-26,desktop,United States,60.0,164,
user_05753,treatment,,,02/23/2024,mobile,UK,,497,
user_00499,treatment,0.0,-28.15,08/21/2024,mobile,United States,42.0,502,
user_01029,treatment,0.0,162.39,05-07-2024,desktop,United States,21.0,591,
user_02074,control,,156.84,13-06-2024,mobile,India,56.0,261,
user_03608,treatment,,53.91,11/16/2024,desktop,US,29.0,557,
user_02425,treatment,0.0,-90.46,13-09-2024,mobile,India,64.0,494,
user_05142,control,1.0,120.66,09-01-2024,desktop,USA,63.0,208,
user_04248,treatment,0.0,,30-06-2024,mobile,USA,24.0,95,
user_01934,treatment,0.0,62.76,10/29/2024,Desktop,United States,56.0,0,
user_00306,control,1.0,104.95,11/28/2024,tablet,United States,37.0,176,
user_06273,control,1.0,-69.93,2024-01-29,mobile,United States,43.0,0,
user_07396,treatment,0.0,91.95,05/19/2024,Mobile,UK,24.0,-57,
user_06660,control,1.0,69.41,12-10-2024,tablet,UK,61.0,109,
user_00161,treatment,0.0,60.72,2024-07-29,iPhone,USA,59.0,544,
user_07879,control,0.0,36.08,2024-05-27,mobile,India,55.0,0,
user_00716,control,1.0,59.99,11/02/2024,desktop,US,60.0,581,
user_04809,control,0.0,185.14,2024-06-11,iPhone,India,49.0,190,
user_07824,treatment,1.0,160.53,2024-11-28,desktop,United States,25.0,358,
user_00479,treatment,1.0,-86.79,2024-07-25,tablet,US,26.0,-47,
user_02691,treatment,0.0,$93.18,09/19/2024,tablet,US,53.0,-36,
user_01896,Control,1.0,,17-09-2024,mobile,United States,54.0,361,
user_05274,treatment,0.0,24.54,2024-06-19,mobile,USA,32.0,425,
user_08221,treatment,0.0,105.37,2024-10-06,tablet,UK,23.0,391,
user_00538,treatment,1.0,,06/24/2024,mobile,US,24.0,-40,
user_02693,control,0.0,78.06,01/11/2024,desktop,India,30.0,495,
user_00552,treatment,0.0,$25.86,09-05-2024,iPhone,India,64.0,0,
user_03465,treatment,0.0,150.44,17-05-2024,desktop,UK,65.0,570,
user_00374,control,1.0,69.08,19-09-2024,Mobile,United States,25.0,0,
user_06217,control,0.0,145.95,2024-06-26,desktop,IN,37.0,224,
user_02642,control,1.0,65.07,08-07-2024,tablet,United States,60.0,241,
user_04782,treatment,0.0,-70.92,11-08-2024,mobile,IN,42.0,421,
user_00189,control,,186.65,2024-03-21,iPhone,India,54.0,95,
user_05191,control,1.0,129.24,11-11-2024,mobile,UK,18.0,521,
user_06266,treatment,,111.66,2024-09-30,desktop,US,55.0,550,
user_03340,treatment ,,34836.41,2024-10-16,mobile,USA,19.0,0,
user_04268,control,0.0,,31-03-2024,mobile,US,35.0,272,
user_06121,treatment,0.0,"681,73",07/17/2024,mobile,UK,51.0,0,
user_05501,control,0.0,165.06,15-05-2024,mobile,United States,51.0,380,
user_03735,treatment,0.0,23.65,14-08-2024,desktop,IN,42.0,292,
user_07941,TRT,0.0,106.45,27-10-2024,mobile,IN,56.0,586,
user_00022,treatment,0.0,45.47,05/13/2024,desktop,USA,44.0,274,
user_00968,Control,0.0,141.98,2024-01-10,tablet,US,47.0,481,
user_06979,treatment,2.0,131.32,07/14/2024,desktop,US,35.0,424,
user_02714,treatment,1.0,46.16,2024-07-07,desktop,United Kingdom,48.0,83,
user_08292,control,1.0,120.04,10/15/2024,mobile,United Kingdom,29.0,59,
user_07777,treatment,1.0,104.75,10/19/2024,desktop,US,61.0,104,
user_04334,treatment ,1.0,176.68,11-02-2024,tablet,United States,19.0,397,
user_02268,control,1.0,-62.15,2024-12-12,mobile,US,63.0,354,
user_01967,control,0.0,173.32,2024-07-24,mobile,US,45.0,302,
user_00523,treatment,,185.86,10/06/2024,Android,US,29.0,365,
user_00629,treatment ,0.0,,06/03/2024,Desktop,US,62.0,575,
user_07751,control,1.0,$190.01,22-11-2024,iPhone,US,22.0,289,
user_01086,control,1.0,$127.88,16-04-2024,desktop,United Kingdom,58.0,432,
user_02830,control,2.0,176.16,09/25/2024,Android,United States,62.0,371,
user_08077,treatment,0.0,36.14,2024-02-10,tablet,India,47.0,523,
user_08024,control,1.0,156.65,08-10-2024,mobile,US,41.0,456,
user_01143,treatment,1.0,26.87,07/03/2024,desktop,United States,22.0,531,
user_04976,TRT,0.0,96.6,12-09-2024,desktop,USA,52.0,236,
user_08724,treatment,,137.87,2024-01-30,iPhone,USA,42.0,568,
user_00862,treatment,,49.83,2024-11-08,desktop,US,53.0,92,
user_07163,treatment,0.0,158.77,12/10/2024,mobile,US,65.0,498,
user_00318, control,0.0,154.96,31-05-2024,tablet ,United States,36.0,589,
user_06981,treatment,0.0,58.09,30-06-2024,desktop,United States,47.0,468,
user_00274,control,0.0,-38.98,02/13/2024,mobile,US,37.0,0,
user_06572,control,0.0,79.04,11/02/2024,Android,IN,48.0,208,
user_04463,TRT,0.0,126.35,2024-08-05,mobile,US,19.0,419,
user_06451,treatment,0.0,31.42,2024-02-29,desktop,US,63.0,319,
user_08795,test,0.0,164.11,2024-08-20,iPhone,UK,26.0,419,
user_02926,treatment ,1.0,,01/07/2024,Android,United Kingdom,58.0,382,
user_04142,control,0.0,63.26,22-07-2024,mobile,United Kingdom,62.0,481,
user_04033,treatment,,21.99,2024-02-14,tablet,US,35.0,560,
user_04406,control,0.0,-97.92,08/08/2024,tablet,UK,24.0,329,
user_02608,treatment,1.0,26.05,16-10-2024,Mobile,US,43.0,-30,
user_00939,treatment,1.0,-81.97,2024-09-06,desktop,US,59.0,0,
user_00159,control,0.0,38.04,25-10-2024,mobile,USA,62.0,242,
user_04392,treatment ,0.0,"916,26",2024-07-13,tablet,US,59.0,306,
user_06826,treatment,0.0,69.67,2024-09-13,desktop,United Kingdom,110.0,67,
user_08714,treatment,,159.82,2024-09-10,Android,US,65.0,538,
user_03402,test,0.0,62.9,2024-11-10,desktop,US,8.0,431,
user_00894,Control,0.0,104.52,04-02-2024,tablet,UK,65.0,217,
user_00706,control,1.0,171.79,2024-07-31,desktop,UK,,453,
user_06196,control,,183.57,03/30/2024,desktop,IN,24.0,404,
user_00387,TRT,1.0,43.87,2024-09-18,desktop,USA,56.0,71,
user_08607,treatment,1.0,131.11,08/10/2024,mobile,UK,64.0,322,
user_08630,treatment ,1.0,70.41,2024-05-18,mobile,India,50.0,-17,
user_02075,treatment ,1.0,"794,83",2024-09-10,desktop,UK,,165,
user_08454,treatment,0.0,191.95,12/30/2024,desktop,United Kingdom,41.0,248,
user_00904,treatment ,1.0,63.03,2024-11-20,tablet,UK,30.0,380,
user_07746,control,0.0,52.58,27-11-2024,desktop,USA,49.0,-32,
user_01588,treatment ,0.0,54.7,26-03-2024,desktop,United States,30.0,575,
user_06040,treatment,1.0,147.82,2024-01-06,desktop,India,,595,
user_00141,control,0.0,144.83,07/25/2024,Android,US,18.0,0,
user_08787,control,1.0,184.43,06/27/2024,tablet,USA,30.0,87,
user_05289,control,0.0,15.79,2024-08-04,desktop,United Kingdom,44.0,81,
user_02430,control,,43.57,02/24/2024,iPhone,IN,45.0,458,
user_06554,control,1.0,13422.07,02/25/2024,mobile,United Kingdom,50.0,152,
user_04152,control,1.0,89.56,2024-04-16,tablet,IN,32.0,275,
user_00394,treatment,1.0,,03-08-2024,tablet,UK,28.0,581,
user_00679,treatment,0.0,143.11,2024-03-12,mobile,UK,27.0,68,
user_06899,control,1.0,191.68,06-03-2024,mobile,USA,62.0,68,
user_05065,control,,181.42,04/08/2024,Android,US,48.0,591,
user_01319,treatment,1.0,20.29,31-08-2024,mobile,US,62.0,262,
user_03847,treatment,1.0,187.8,28-03-2024,mobile,United Kingdom,59.0,172,
user_05734,control,1.0,144.73,2024-05-10,desktop,US,34.0,222,
user_07714,treatment,0.0,35.34,2024-05-26,desktop,USA,50.0,0,
user_01688,treatment ,0.0,49.53,12/01/2024,tablet,India,64.0,522,
user_03668,control,0.0,153.68,2024-05-31,tablet,IN,21.0,339,
user_00628,Control,1.0,81.62,08/15/2024,iPhone,IN,52.0,-12,
user_07142,treatment,0.0,99.37,22-09-2024,iPhone,US,27.0,474,
user_07547,control,1.0,101.97,2024-02-06,mobile,US,48.0,239,
user_02101,control,0.0,111.73,2024-11-08,desktop,USA,52.0,591,
user_03146,treatment ,0.0,140.39,06/14/2024,tablet,United States,46.0,0,
user_03483,treatment,1.0,138.77,07/22/2024,desktop,US,44.0,46,
user_00336,treatment,0.0,-81.54,2024-03-09,tablet,IN,32.0,328,
user_06560,control,0.0,,26-10-2024,desktop,US,50.0,170,
user_07518,treatment,0.0,,27-02-2024,mobile,UK,65.0,535,
user_01855,treatment,0.0,"383,65",05/31/2024,mobile,USA,21.0,399,
user_08325,control,0.0,83.16,17-05-2024,tablet,US,49.0,285,
user_05720,TRT,,152.97,08/27/2024,desktop,United Kingdom,59.0,360,
user_03994,treatment,0.0,88.33,2024-07-04,iPhone,IN,19.0,95,
user_02805,control,,80.59,2024-04-18,mobile,USA,38.0,0,
user_00702,control,,"273,32",09-05-2024,mobile,India,62.0,180,
user_04846,control,0.0,199.61,17-07-2024,Desktop,USA,62.0,420,
user_00590,treatment,1.0,165.92,03-06-2024,tablet,US,31.0,84,
user_05016,treatment,0.0,130.03,2024-03-29,tablet,USA,41.0,354,
user_06424,treatment,1.0,151.87,01/09/2024,desktop,UK,65.0,491,
user_04324,control,1.0,,05/01/2024,desktop,United Kingdom,,0,
user_03948,treatment,0.0,166.21,15-11-2024,mobile,US,38.0,598,
user_02584,TRT,1.0,186.52,2024-06-03,mobile,IN,43.0,123,
user_07842,control,1.0,150.23,2024-06-30,Mobile,UK,55.0,345,
user_00239,control,1.0,75.12,08/29/2024,iPhone,IN,57.0,293,
user_00732,control,0.0,154.84,07/20/2024,mobile,US,27.0,245,
user_00705,treatment ,1.0,-55.29,05/11/2024,mobile,USA,112.0,174,
user_00457,control,0.0,172.45,2024-02-20,desktop,IN,,108,
user_00890,TRT,0.0,-99.63,08/01/2024,Android,United Kingdom,,346,
user_07566,control,2.0,43.65,10/23/2024,tablet,UK,29.0,360,
user_02599,treatment ,1.0,24.75,2024-11-09,mobile,United States,54.0,42,
user_06811,control,0.0,144.04,24-10-2024,mobile,India,64.0,544,
user_03023,treatment,1.0,86.92,05/03/2024,desktop,USA,45.0,214,
user_08055,control,1.0,,2024-07-10,iPhone,USA,22.0,84,
user_07347,control,1.0,86.17,05/08/2024,mobile,USA,25.0,34,
user_01481,treatment,1.0,42.39,26-08-2024,desktop,US,60.0,215,
user_01472,control,1.0,42.38,07-08-2024,tablet,USA,32.0,174,
user_04307,treatment,1.0,44.61,07/04/2024,tablet,USA,64.0,487,
user_05233,treatment,0.0,101.11,02/06/2024,Desktop,United States,54.0,323,
user_01200,treatment ,0.0,85.57,2024-06-18,mobile,US,24.0,466,
user_03674,treatment,0.0,196.99,03/29/2024,Mobile,USA,,414,
user_03525,treatment,1.0,149.92,10-10-2024,mobile,United Kingdom,62.0,118,
user_08609,control,,147.37,22-10-2024,desktop,IN,43.0,426,
user_01726,treatment,0.0,184.36,04/15/2024,Desktop,IN,55.0,600,
user_07762,control,1.0,164.0,12/04/2024,desktop,USA,60.0,589,
user_03083,treatment,1.0,170.82,2024-04-17,desktop,United Kingdom,57.0,331,
user_05977,treatment,0.0,64.72,10/02/2024,mobile,United Kingdom,31.0,377,
user_01526,control,0.0,33.35,2024-03-27,Desktop,US,44.0,293,
user_01336,TRT,1.0,96.01,2024-03-13,Android,USA,20.0,475,
user_04038,control,0.0,146.39,07-09-2024,mobile,IN,46.0,272,
user_03681,control,0.0,-65.18,2024-12-30,tablet,USA,50.0,184,
user_01998,control,1.0,28.19,2024-11-02,tablet,United States,60.0,166,
user_08350,control,,,2024-08-06,tablet,US,40.0,302,
user_07707,TRT,1.0,91.06,28-01-2024,tablet,UK,27.0,364,
user_08076,control,0.0,100.38,02/03/2024,mobile,USA,18.0,108,
user_01213,treatment,0.0,40.94,2024-02-27,mobile,United Kingdom,32.0,131,
user_07237,treatment,,"381,57",2024-09-21,iPhone,UK,65.0,393,
user_00367,treatment,,82.26,2024-09-26,mobile,India,57.0,153,
user_03143,control,0.0,20.96,19-11-2024,desktop,United Kingdom,,353,
user_02679,control,1.0,20.38,30-04-2024,desktop,UK,54.0,209,
user_01353,TRT,0.0,91.05,12/02/2024,desktop,India,58.0,0,
user_04731,control,1.0,82.62,08-03-2024,desktop,UK,24.0,0,
user_08684,control,0.0,-92.77,02/18/2024,tablet,United States,21.0,551,
user_02570,treatment ,1.0,169.83,04-10-2024,desktop,US,44.0,-45,
user_07442,treatment ,1.0,85.66,05/09/2024,mobile,US,28.0,137,
user_03009,TRT,0.0,,07-10-2024,tablet,USA,57.0,577,
user_06388,control,0.0,85.62,03-10-2024,desktop,US,58.0,283,
user_00598,control,0.0,93.87,2024-11-12,desktop,US,19.0,94,
user_05448,treatment,1.0,133.96,09/03/2024,Desktop,USA,59.0,55,
user_07329,control,1.0,33.2,06/15/2024,Desktop,IN,23.0,0,
user_07781,treatment,,63.58,2024-07-04,mobile,USA,46.0,402,
user_07437,treatment,,153.1,31-12-2024,desktop,United States,28.0,95,
user_01032,control,0.0,151.29,06/28/2024,Desktop,United Kingdom,51.0,-38,
user_00588,Control,1.0,10.27,19-01-2024,mobile,IN,64.0,86,
user_01727,control,0.0,194.11,12/16/2024,desktop,UK,33.0,250,
user_02603,treatment,1.0,52.57,11/10/2024,tablet,India,25.0,429,
user_02396,treatment,0.0,59.17,2024-06-20,iPhone,US,,0,
user_02626,control,0.0,112.61,2024-07-27,desktop,India,39.0,157,
user_03325,treatment,1.0,"810,27",22-02-2024,desktop,India,30.0,87,
user_08011,treatment,,76.41,15-02-2024,tablet,UK,27.0,290,
user_07093, control,0.0,45.43,04/10/2024,desktop ,UK,35.0,505,
user_02121,treatment,,62.12,31-01-2024,Desktop,USA,,201,
user_08414,treatment,1.0,84.31,01/08/2024,desktop,US,32.0,575,
user_07235,treatment,1.0,33174.83,2024-02-23,mobile,United States,26.0,-63,
user_02345,control,0.0,10.43,08/23/2024,mobile,US,,159,
user_08345,TRT,1.0,128.36,11/11/2024,Mobile,US,61.0,-57,
user_08083,treatment ,0.0,109.81,08/19/2024,Mobile,UK,64.0,215,
user_04166,control,2.0,60.89,05/11/2024,desktop,United Kingdom,25.0,434,
user_03919,control,0.0,90.02,2024-07-30,tablet,United States,63.0,403,
user_06310,treatment,0.0,160.26,09-03-2024,iPhone,United States,41.0,267,
user_00612,control,0.0,110.39,07/06/2024,desktop,US,30.0,552,
user_07591,TRT,0.0,55.54,10/31/2024,desktop,US,41.0,260,
user_04910,control,1.0,"568,17",2024-02-23,tablet,UK,44.0,376,
user_00980,treatment,0.0,16.58,04-06-2024,desktop,US,32.0,241,
user_06246,treatment,1.0,195.88,2024-04-24,desktop,UK,21.0,430,
user_03200,treatment,1.0,"785,75",2024-10-18,desktop,United Kingdom,60.0,-30,
user_00881,control,1.0,"986,89",07-03-2024,Android,USA,28.0,107,
user_08676,control,1.0,104.24,2024-09-22,tablet,US,62.0,207,
user_04453,Control,1.0,198.86,03/25/2024,desktop,USA,42.0,69,
user_02797,control,0.0,71.62,10/16/2024,mobile,United States,53.0,542,
user_05763,treatment,1.0,154.33,2024-10-24,mobile,United States,47.0,211,
user_04209,control,0.0,193.86,06/21/2024,tablet,USA,30.0,385,
user_01471,treatment,1.0,170.18,10/25/2024,Android,UK,46.0,308,
user_04991,treatment,0.0,"204,26",09/08/2024,Android,US,28.0,-21,
user_02427,Control,1.0,172.91,2024-06-30,mobile,United Kingdom,36.0,594,
user_02225,control,1.0,45.18,17-03-2024,desktop,US,62.0,475,
user_07931,treatment,0.0,132.91,30-01-2024,tablet,US,33.0,93,
user_02135,control,0.0,86.36,2024-11-23,mobile,IN,35.0,51,
user_00773,control,2.0,-21.73,2024-07-29,tablet,UK,63.0,121,
user_05620,treatment,,106.14,09-10-2024,mobile,United States,45.0,565,
user_08104,control,,194.28,2024-10-10,tablet,IN,35.0,312,
user_01196,treatment,0.0,190.03,06-04-2024,mobile,USA,65.0,520,
user_08718,treatment,1.0,115.96,01-12-2024,tablet,India,35.0,331,
user_00339,treatment,0.0,-41.29,2024-03-27,desktop,United Kingdom,64.0,358,
user_08344,treatment,1.0,93.18,2024-07-20,desktop,US,23.0,0,
user_00604,control,,10.66,04/12/2024,desktop,India,41.0,-85,
user_01083,treatment,1.0,,02/23/2024,tablet,US,61.0,359,
user_08238,control,1.0,18.95,27-05-2024,tablet,US,47.0,456,
user_01545,control,0.0,15.61,2024-01-04,tablet,US,24.0,201,
user_03902,control,0.0,93.05,01-06-2024,tablet,UK,21.0,166,
user_06580,treatment,0.0,"949,25",2024-11-16,mobile,India,62.0,107,
user_04147,treatment,1.0,64.9,01/21/2024,mobile,United States,32.0,217,
user_03766,control,0.0,41.94,03-12-2024,desktop,United States,54.0,219,
user_04356,control,0.0,152.33,2024-10-30,tablet,India,21.0,174,
user_05155,treatment,0.0,56.69,01-10-2024,mobile,US,64.0,333,
user_00840,control,0.0,92.11,2024-10-06,desktop,US,30.0,310,
user_05678,treatment,0.0,28.87,2024-09-16,desktop,US,62.0,-67,
user_07187,control,2.0,44.18,01/29/2024,mobile,USA,39.0,286,
user_07446,treatment,2.0,99.24,2024-04-20,mobile,US,62.0,403,
user_03216,control,1.0,,2024-12-29,mobile,USA,37.0,365,
user_04758,treatment,1.0,76.81,2024-09-18,mobile,USA,47.0,135,
user_01734,control,2.0,56.31,30-05-2024,Android,United Kingdom,38.0,0,
user_07113,treatment ,0.0,-26.33,06/07/2024,mobile,United States,59.0,157,
user_00666,control,1.0,195.64,2024-03-28,Android,UK,62.0,93,
user_07111,treatment ,0.0,136.67,2024-05-13,desktop,IN,51.0,134,
user_02086,control,0.0,155.26,06/18/2024,tablet,US,22.0,193,
user_07876,control,0.0,103.12,03-02-2024,mobile,USA,60.0,0,
user_05879,treatment,1.0,191.53,2024-07-14,desktop,India,28.0,468,
user_01075,control,1.0,,08-06-2024,mobile,United Kingdom,26.0,40,
user_03950,treatment,0.0,116.87,15-08-2024,tablet,India,27.0,104,
user_00585,treatment ,1.0,75.69,06/20/2024,mobile,IN,49.0,62,
user_08707,control,1.0,$65.12,2024-06-22,tablet,US,59.0,429,
user_00885,treatment ,0.0,31.54,05/08/2024,Mobile,US,59.0,140,
user_00327,treatment,1.0,-55.08,2024-01-03,mobile,United Kingdom,37.0,578,
user_00469,treatment,0.0,44.71,31-08-2024,desktop,US,41.0,320,
user_01316,control,1.0,34.12,19-10-2024,tablet,USA,47.0,-37,
user_07331,control,1.0,160.67,20-12-2024,desktop,IN,21.0,191,
user_07007,Control,1.0,"420,42",2024-02-11,iPhone,US,31.0,276,
user_00292,treatment,0.0,58.53,27-02-2024,mobile,US,22.0,352,
user_00909, control,1.0,119.28,09-10-2024,desktop ,USA,54.0,206,
user_01373,control,2.0,71.85,12-02-2024,mobile,USA,62.0,364,
user_00776,treatment,1.0,173.32,07/15/2024,desktop,US,58.0,249,
user_00268,treatment ,,176.31,2024-08-07,Mobile,US,32.0,0,
user_00103,treatment,0.0,72.74,11-10-2024,mobile,USA,26.0,531,
user_02848,control,1.0,135.65,01/28/2024,tablet,India,50.0,278,
user_00651,treatment,1.0,128.72,27-06-2024,desktop,India,49.0,-16,
user_05885,treatment ,0.0,132.74,06/12/2024,Android,USA,60.0,596,
user_00149,treatment,1.0,,2024-07-13,tablet,US,24.0,440,
user_02524,treatment,1.0,"152,91",21-05-2024,mobile,US,34.0,235,
user_06024,control,0.0,43873.28,06-10-2024,desktop,IN,41.0,86,
user_03270,treatment,0.0,,2024-02-15,desktop,United States,63.0,419,
user_05692,treatment,0.0,113.66,2024-03-02,mobile,US,47.0,-87,
user_00914,treatment,0.0,196.96,02/19/2024,mobile,United States,46.0,496,
user_00027,control,0.0,,10/08/2024,mobile,United Kingdom,65.0,436,
user_06994,treatment,1.0,164.22,2024-10-01,mobile,India,48.0,339,
user_00754,treatment,1.0,,08/12/2024,Android,USA,49.0,54,
user_02341,treatment ,1.0,,21-07-2024,tablet,UK,49.0,482,
user_01671,Control,1.0,135.65,05/22/2024,Desktop,United States,23.0,449,
user_06403,control,2.0,16.69,01/23/2024,mobile,India,63.0,392,
user_07702,control,1.0,,08/30/2024,Android,USA,44.0,587,
user_04749,treatment,0.0,53.58,08-04-2024,desktop,US,29.0,0,
user_00330,control,0.0,45.61,2024-07-05,desktop,US,54.0,0,
user_04588,treatment,1.0,130.9,10/14/2024,desktop,USA,45.0,239,
user_06077,control,1.0,136.87,2024-04-16,mobile,India,60.0,62,
user_04808,Control,0.0,186.66,2024-03-17,mobile,USA,18.0,388,
user_06064,treatment,0.0,21.23,15-06-2024,tablet,US,28.0,455,
user_03469,treatment,0.0,21.72,07/03/2024,desktop,US,26.0,270,
user_07043,control,1.0,168.26,26-01-2024,mobile,United States,,129,
user_04094,control,1.0,166.76,07/19/2024,Android,UK,50.0,501,
user_03945,control,0.0,,2024-09-16,mobile,US,20.0,251,
user_06671,treatment,0.0,102.98,12-01-2024,mobile,India,30.0,482,
user_02658,treatment ,0.0,106.76,14-04-2024,desktop,US,24.0,-64,
user_05582,treatment,2.0,164.74,12/06/2024,tablet,UK,34.0,506,
user_04571,TRT,0.0,86.42,2024-08-06,desktop,USA,35.0,0,
user_07046,treatment,0.0,108.58,2024-04-14,mobile,IN,35.0,301,
user_00848,control,0.0,86.24,2024-04-02,tablet,India,46.0,476,
user_02078,treatment,1.0,70.03,02/27/2024,mobile,IN,52.0,574,
user_01840,control,,,2024-09-23,desktop,UK,21.0,198,
user_01337,control,0.0,-20.54,07-01-2024,mobile,UK,63.0,556,
user_08854,treatment,0.0,110.02,2024-01-19,desktop,United Kingdom,18.0,561,
user_00990,treatment,1.0,137.16,2024-08-14,mobile,USA,47.0,136,
user_04225,treatment,1.0,-29.7,2024-01-22,tablet,USA,53.0,336,
user_00005,treatment,,57.42,2024-01-04,tablet,US,65.0,0,
user_00090,treatment,1.0,128.57,06/11/2024,mobile,India,23.0,30,
user_08189,treatment,0.0,112.85,06/10/2024,mobile,US,47.0,261,
user_01728,treatment,0.0,132.52,2024-03-12,mobile,United States,38.0,450,
user_00662,control,0.0,14.95,2024-11-01,mobile,United Kingdom,31.0,575,
user_06868,control,,130.61,29-04-2024,tablet,US,20.0,318,
user_08372,treatment,0.0,23.28,2024-02-25,mobile,United Kingdom,55.0,-47,
user_01893,treatment,0.0,30.69,2024-06-06,desktop,USA,52.0,375,
user_03871, treatment ,1.0,123.81,2024-09-25,desktop ,USA,20.0,414,
user_00040,treatment,1.0,116.86,21-01-2024,mobile,United States,45.0,479,
user_07012,control,1.0,70.76,30-03-2024,desktop,US,40.0,-29,
user_04113,treatment,0.0,15.13,01-05-2024,tablet,USA,60.0,475,
user_02096,treatment,1.0,86.17,07/02/2024,Android,US,24.0,74,
user_05521,control,1.0,167.62,01/28/2024,mobile,US,49.0,-54,
user_02254,TRT,0.0,172.76,05/27/2024,desktop,India,32.0,30,
user_00241,treatment,0.0,77.92,05-07-2024,tablet,US,22.0,443,
user_01338,control,1.0,194.19,2024-11-02,iPhone,India,61.0,555,
user_00049,treatment,,190.9,2024-08-21,tablet,USA,44.0,80,
user_06857,treatment,1.0,118.61,28-10-2024,mobile,US,24.0,-16,
user_03917,control,0.0,22.89,20-08-2024,tablet,US,48.0,520,
user_07265,control,0.0,160.19,07-04-2024,tablet,United Kingdom,60.0,255,
user_02319,control,1.0,191.44,17-01-2024,mobile,United States,63.0,121,
user_00977,control,,153.17,2024-03-13,tablet,United Kingdom,105.0,0,
user_03903,treatment,0.0,101.36,2024-02-29,mobile,UK,32.0,48,
user_07001,treatment ,,148.3,01-01-2024,mobile,US,,244,
user_03346,treatment,0.0,21.03,03/28/2024,mobile,IN,56.0,290,
user_05517,treatment,2.0,82.33,01/10/2024,Desktop,USA,40.0,131,
user_00866,treatment,0.0,$184.99,25-09-2024,tablet,USA,31.0,323,
user_06146,control,0.0,95.7,04/29/2024,iPhone,India,52.0,393,
user_00198,treatment,1.0,152.79,2024-08-15,mobile,IN,39.0,239,
user_05829,control,1.0,189.8,03/16/2024,desktop,United Kingdom,35.0,292,
user_01063,treatment,1.0,60.27,03/12/2024,mobile,United Kingdom,21.0,176,
user_02767,treatment,0.0,61.39,2024-07-18,mobile,US,41.0,326,
user_04564,treatment,,45.41,2024-02-27,mobile,United Kingdom,22.0,539,
user_00316,treatment,0.0,186.67,2024-07-03,mobile,USA,36.0,540,
user_02940,control,1.0,188.26,07/16/2024,desktop,US,28.0,67,
user_01487,treatment,0.0,143.27,06/12/2024,mobile,USA,39.0,192,
user_02605,control,0.0,17.06,31-12-2024,tablet,USA,48.0,376,
user_02779,control,0.0,118.45,2024-04-29,Desktop,India,44.0,575,
user_01220,control,1.0,171.16,2024-10-15,mobile,US,33.0,505,
user_00219,control,1.0,63.95,02-08-2024,mobile,USA,,361,
user_07675,treatment,2.0,125.71,09/03/2024,tablet,United Kingdom,24.0,199,
user_04093,treatment ,1.0,49.83,12/20/2024,mobile,United Kingdom,52.0,203,
user_07052,control,0.0,150.64,08/20/2024,desktop,US,59.0,362,
user_02799,control,0.0,46.13,2024-04-21,tablet,US,26.0,66,
user_02647,control,0.0,164.16,2024-02-28,desktop,US,62.0,41,
user_08303,treatment ,0.0,176.82,01-05-2024,mobile,US,24.0,0,
user_05568,control,1.0,-61.48,02/14/2024,mobile,United States,64.0,190,
user_02080,Control,,94.84,2024-06-13,mobile,India,38.0,175,
user_05884,control,0.0,107.18,21-02-2024,desktop,USA,29.0,471,
user_02932,control,1.0,144.19,08/11/2024,desktop,UK,24.0,78,
user_00989,control,1.0,170.9,2024-03-24,Desktop,USA,30.0,511,
user_08732,control,1.0,185.02,2024-03-23,desktop,USA,51.0,499,
user_00699,control,0.0,117.28,2024-04-05,desktop,US,62.0,142,
user_02253,Control,0.0,154.37,03/28/2024,desktop,US,38.0,228,
user_06745,treatment,0.0,,21-02-2024,mobile,UK,22.0,481,
user_08134,control,0.0,76.35,2024-11-18,desktop,USA,,-96,
user_02178,treatment,,41403.88,2024-12-05,desktop,US,18.0,347,
user_05803,control,0.0,136.73,08-09-2024,desktop,India,63.0,323,
user_05098,control,0.0,67.66,2024-08-25,tablet,UK,55.0,227,
user_00148,control,0.0,57.8,02/14/2024,tablet,United Kingdom,64.0,133,
user_07869,treatment,1.0,125.38,2024-02-24,mobile,US,44.0,515,
user_01763,control,1.0,138.77,07/11/2024,Desktop,United Kingdom,61.0,213,
user_00304,control,0.0,34.61,2024-08-20,mobile,United States,18.0,579,
user_02755,control,,70.21,17-10-2024,tablet,IN,56.0,566,
user_00413,treatment,0.0,"980,81",2024-12-21,mobile,US,32.0,489,
user_08409,Control,1.0,77.46,2024-10-19,Desktop,United Kingdom,50.0,-80,
user_03720,treatment,0.0,101.21,2024-03-17,tablet,US,62.0,306,
user_02329,treatment,0.0,119.29,2024-11-20,desktop,United Kingdom,49.0,315,
user_05825,Control,1.0,120.05,2024-09-21,tablet,United States,27.0,505,
user_02428,treatment,0.0,162.75,2024-07-29,mobile,United Kingdom,41.0,105,
user_07898,control,1.0,156.73,10/25/2024,tablet,US,43.0,70,
user_00038,treatment,1.0,76.71,07/03/2024,mobile,USA,22.0,-36,
user_08154,treatment,0.0,93.67,2024-12-06,tablet,USA,36.0,322,
user_01142,treatment,1.0,52.28,01/24/2024,iPhone,India,,379,
user_02636,control,1.0,31.67,2024-07-06,mobile,United Kingdom,,305,
user_05815,control,0.0,128.92,30-12-2024,Android,US,57.0,438,
user_01758,control,1.0,124.58,22-08-2024,mobile,US,54.0,41,
user_06740,treatment,1.0,10.62,02-11-2024,desktop,UK,33.0,426,
user_06274,control,0.0,39.37,2024-03-11,desktop,UK,46.0,0,
user_03559,treatment ,2.0,37.43,08/25/2024,mobile,United Kingdom,55.0,564,
user_03359,control,0.0,175.15,2024-12-02,Android,IN,30.0,344,
user_00984,control,1.0,"997,43",2024-10-16,desktop,US,34.0,475,
user_00810,test,1.0,31.22,2024-03-28,desktop,US,20.0,589,
user_07982,control,1.0,165.79,06/10/2024,mobile,IN,45.0,93,
user_04595,control,,191.08,23-03-2024,mobile,USA,41.0,67,
user_07488,treatment,0.0,96.68,02/10/2024,tablet,United Kingdom,59.0,158,
user_00760,control,1.0,36104.07,08/19/2024,Mobile,USA,54.0,410,
user_08923,control,1.0,"536,56",03/29/2024,mobile,US,50.0,597,
user_02736,treatment,1.0,105.21,07/23/2024,desktop,India,61.0,505,
user_07102,control,0.0,143.72,11-01-2024,tablet,USA,51.0,549,
user_02918,control,1.0,155.5,30-11-2024,mobile,IN,33.0,590,
user_05754, treatment,0.0,76.48,11/08/2024,tablet ,USA,53.0,159,
user_06659,treatment,0.0,,19-11-2024,desktop,US,27.0,105,
user_03882,treatment,0.0,197.73,2024-10-13,desktop,US,46.0,391,
user_00258,treatment,0.0,74.32,2024-11-23,tablet,India,22.0,222,
user_02892,TRT,0.0,,10/02/2024,Android,UK,39.0,175,
user_01420,treatment,1.0,39.71,2024-12-19,Mobile,USA,46.0,-16,
user_01364,control,0.0,166.97,03-01-2024,Android,USA,24.0,213,
user_02880,control,1.0,33.96,22-08-2024,Mobile,UK,42.0,0,
user_02184,control,0.0,16.01,01-07-2024,desktop,India,22.0,200,
user_06474,treatment ,0.0,161.95,08/26/2024,mobile,IN,34.0,303,
user_00920,control,0.0,135.73,03/25/2024,Android,IN,43.0,450,
user_06209,treatment,1.0,61.44,13-11-2024,desktop,US,39.0,230,
user_00513,control,1.0,186.65,2024-04-05,mobile,USA,26.0,-89,
user_00343,control,0.0,84.88,07-07-2024,desktop,US,29.0,-97,
user_07798,treatment,1.0,72.83,07-04-2024,mobile,United States,26.0,401,
user_04025,control,1.0,137.85,2024-05-03,desktop,IN,42.0,0,
user_08538,treatment,0.0,,2024-06-13,mobile,USA,51.0,129,
user_07600,control,1.0,61.27,2024-07-29,desktop,USA,59.0,403,
user_01547,treatment,0.0,193.09,01/03/2024,mobile,USA,25.0,0,
user_00768,treatment,1.0,41.01,05-03-2024,Android,US,55.0,0,
user_00623,treatment,1.0,118.05,2024-10-06,desktop,US,62.0,578,
user_00412,control,0.0,106.95,01-03-2024,desktop,United States,41.0,284,
user_00232,control,1.0,,02/11/2024,tablet,US,49.0,367,
user_00159,control,0.0,159.6,2024-06-20,mobile,India,35.0,150,
user_01365,treatment,,60.33,12/28/2024,Mobile,USA,44.0,435,
user_06083,control,1.0,163.37,2024-11-02,tablet,USA,58.0,138,
user_07365,control,0.0,-61.28,04-04-2024,mobile,USA,32.0,530,
user_01119,control,1.0,"816,89",09/19/2024,desktop,UK,,135,
user_02775,control,0.0,10394.57,07/28/2024,mobile,IN,,545,
user_07535,control,1.0,44.24,2024-12-12,mobile,USA,36.0,33,
user_01294,control,0.0,87.52,02/13/2024,desktop,UK,23.0,361,
user_07755,Control,1.0,58.64,27-02-2024,desktop,United States,52.0,79,
user_00596,control,0.0,22.22,05/13/2024,desktop,United States,59.0,-24,
user_03093,treatment ,0.0,64.06,12/15/2024,mobile,United Kingdom,65.0,128,
user_04757,treatment,1.0,46.29,04/27/2024,Desktop,United States,37.0,297,
user_08324,control,0.0,95.16,19-12-2024,mobile,UK,46.0,255,
user_06970,control,0.0,130.04,18-06-2024,mobile,India,29.0,67,
user_00044,treatment,0.0,166.5,23-03-2024,desktop,United States,33.0,259,
user_02240,treatment ,1.0,170.36,2024-05-27,mobile,USA,43.0,-48,
user_06318,treatment,1.0,71.36,2024-12-28,Mobile,US,19.0,123,
user_08124, control,0.0,79.13,2024-08-08,mobile ,United Kingdom,34.0,-30,
user_08569,treatment,0.0,167.67,2024-06-22,desktop,IN,32.0,301,
user_05204,control,1.0,145.34,2024-12-12,Desktop,UK,47.0,315,
user_08831,treatment,0.0,-17.73,2024-04-29,desktop,USA,56.0,-63,
user_03944,control,1.0,-10.98,2024-10-22,mobile,United States,52.0,405,
user_05548,treatment,1.0,-96.49,13-05-2024,mobile,India,45.0,227,
user_03937,control,1.0,13.39,2024-06-17,desktop,United Kingdom,6.0,499,
user_04825,control,,156.42,2024-07-24,Mobile,United Kingdom,39.0,71,
user_00815,control,0.0,79.41,27-11-2024,iPhone,US,51.0,307,
user_08925,control,1.0,15.32,2024-08-29,mobile,IN,52.0,52,
user_08098,treatment,1.0,66.97,03/01/2024,desktop,IN,57.0,238,
user_05844,control,0.0,71.31,18-03-2024,Android,United States,48.0,431,
user_08471,treatment,0.0,86.98,28-06-2024,Android,USA,59.0,252,
user_04253,control,1.0,132.97,18-10-2024,desktop,United States,30.0,579,
user_07729, treatment ,0.0,73.23,2024-07-15,mobile ,UK,29.0,471,
user_04452,control,0.0,101.68,2024-06-25,desktop,US,58.0,196,
user_02404,treatment,0.0,134.01,02-10-2024,Mobile,USA,48.0,542,
user_00574,treatment,,73.91,02/26/2024,mobile,US,,-50,
user_08336,control,1.0,167.37,2024-12-25,Desktop,US,21.0,91,
user_02395,control,0.0,20.64,2024-09-10,mobile,IN,64.0,106,
user_04764,treatment,0.0,181.3,17-03-2024,desktop,US,56.0,488,
user_01468,treatment,0.0,119.06,30-12-2024,mobile,USA,42.0,-76,
user_04184,control,1.0,-49.82,07/30/2024,mobile,US,21.0,189,
user_05747,control,2.0,$172.82,01/01/2024,desktop,US,,211,
user_05615,treatment,0.0,85.65,19-04-2024,Mobile,India,31.0,294,
user_01367,TRT,,126.36,29-11-2024,desktop,USA,30.0,548,
user_06770,control,2.0,155.51,06/08/2024,desktop,IN,62.0,306,
user_03824,treatment,,,2024-01-01,tablet,IN,62.0,0,
user_07201,control,1.0,19.6,10/29/2024,mobile,USA,25.0,-58,
user_08547,control,2.0,99.07,2024-03-05,mobile,UK,21.0,0,
user_04831,treatment ,,127.69,12/24/2024,Desktop,India,63.0,148,
user_02458,control,1.0,92.01,15-02-2024,Mobile,US,19.0,441,
user_00352,treatment,0.0,,13-05-2024,mobile,US,33.0,118,
user_06867,control,1.0,47.21,2024-05-03,mobile,UK,39.0,523,
user_05552,treatment,1.0,126.38,05/06/2024,desktop,UK,34.0,-98,
user_04609,TRT,1.0,42.16,2024-07-11,mobile,IN,55.0,299,
user_04678,control,0.0,181.25,2024-12-16,tablet,UK,51.0,145,
user_00567,control,0.0,185.02,18-08-2024,iPhone,IN,44.0,169,
user_02788,control,0.0,46.77,2024-06-13,desktop,US,59.0,243,
user_07734,control,0.0,188.58,22-05-2024,mobile,India,20.0,589,
user_00464,Control,0.0,-51.93,09/26/2024,desktop,UK,34.0,290,
user_07833,treatment,1.0,68.01,2024-08-21,mobile,US,38.0,93,
user_05717,control,0.0,,02/29/2024,tablet,USA,41.0,512,
user_07044,control,0.0,131.41,2024-09-01,mobile,United States,29.0,358,
user_01721,control,0.0,179.96,2024-07-28,desktop,UK,20.0,351,
user_04624,control,0.0,178.66,28-05-2024,Android,India,38.0,137,
user_08241,treatment,1.0,181.85,07/26/2024,desktop,US,41.0,292,
user_07433,control,1.0,-52.52,04/11/2024,mobile,UK,53.0,580,
user_07874,control,1.0,16.8,09-05-2024,tablet,US,62.0,521,
user_02390, treatment,0.0,-85.52,02/29/2024,desktop ,India,31.0,40,
user_04396,control,1.0,43.44,13-10-2024,mobile,US,56.0,208,
user_03039,test,1.0,131.93,08/09/2024,desktop,USA,32.0,376,
user_03265,treatment,1.0,18.83,28-09-2024,tablet,India,64.0,538,
user_00704,treatment,1.0,"652,47",12/15/2024,mobile,USA,39.0,97,
user_07758,control,1.0,,2024-12-21,mobile,USA,25.0,67,
user_03695,control,0.0,185.1,2024-10-18,Android,USA,60.0,0,
user_01707,control,1.0,-55.82,2024-05-28,desktop,US,21.0,458,
user_00893,control,0.0,125.43,2024-06-05,desktop,US,21.0,191,
user_08467,treatment,0.0,68.32,2024-08-20,Android,US,43.0,221,
user_01357,control,,74.89,2024-04-17,Desktop,US,50.0,318,
user_08735,control,1.0,185.26,28-12-2024,desktop,US,20.0,0,
user_03114,treatment,0.0,177.89,11/02/2024,desktop,USA,42.0,306,
user_04204,control,1.0,16.16,07/16/2024,mobile,USA,50.0,81,
user_01452,control,1.0,145.4,12/24/2024,Mobile,US,23.0,220,
user_07966,control,0.0,92.39,2024-11-09,desktop,India,56.0,285,
user_03607,TRT,1.0,176.98,02/20/2024,mobile,USA,18.0,551,
user_00140,treatment,,94.88,10/17/2024,desktop,USA,53.0,33,
user_08201,control,0.0,27.7,2024-12-09,Desktop,IN,31.0,215,
user_02200,treatment,1.0,141.63,2024-02-26,desktop,US,26.0,349,
user_07979,control,0.0,112.57,12/10/2024,desktop,US,22.0,55,
user_08946,control,1.0,68.69,08/02/2024,desktop,UK,29.0,426,
user_02676,treatment,1.0,51.03,11-02-2024,Android,USA,35.0,-89,
user_05306,control,0.0,49.14,12/29/2024,mobile,United Kingdom,,119,
user_05855,treatment,,,06/22/2024,mobile,USA,36.0,33,
user_06410,treatment ,,79.12,04/15/2024,mobile,USA,18.0,593,
user_06486,treatment,0.0,125.44,08/28/2024,mobile,USA,48.0,247,
user_03087, control,1.0,149.72,17-05-2024,mobile ,United States,36.0,278,
user_00982,control,,170.78,2024-09-05,tablet,United States,20.0,561,
user_00483,treatment,1.0,25.04,2024-12-07,Android,USA,57.0,305,
user_07868,treatment,1.0,48.5,2024-08-04,mobile,United Kingdom,24.0,105,
user_00116,treatment,0.0,17.01,2024-11-19,tablet,US,62.0,218,
user_00266,TRT,1.0,116.47,03/06/2024,iPhone,United States,45.0,365,
user_06727,control,1.0,-56.98,01/13/2024,mobile,UK,25.0,354,
user_03832,TRT,0.0,179.63,02/13/2024,mobile,United States,56.0,479,
user_00933,control,0.0,152.71,2024-11-26,tablet,India,50.0,339,
user_00471,treatment,0.0,42.85,2024-06-30,mobile,United Kingdom,44.0,140,
user_05423,control,1.0,144.99,10/13/2024,desktop,UK,48.0,34,
user_00727,control,1.0,176.77,06-01-2024,tablet,United Kingdom,,225,
user_00287,TRT,1.0,143.92,2024-11-26,tablet,United States,25.0,-40,
user_05560,control,0.0,188.02,31-03-2024,iPhone,United States,48.0,109,
user_05125, treatment,0.0,127.67,03/13/2024,desktop ,US,27.0,444,
user_08967,control,0.0,$76.29,10-06-2024,iPhone,USA,18.0,213,
user_07668,treatment,1.0,55.81,18-05-2024,tablet,US,20.0,0,
user_01957,treatment,0.0,100.12,03/01/2024,iPhone,United Kingdom,25.0,511,
user_03003,control,1.0,141.2,02-01-2024,mobile,UK,26.0,198,
user_04750,control,2.0,157.52,2024-02-21,Desktop,US,25.0,296,
user_07280,control,0.0,,04/20/2024,desktop,UK,30.0,470,
user_08642,treatment,0.0,42.17,11/27/2024,desktop,UK,32.0,350,
user_05355,control,0.0,63.0,28-08-2024,mobile,United Kingdom,53.0,396,
user_04171,control,0.0,48.11,2024-11-05,Desktop,UK,40.0,434,
user_07359,control,,97.1,01/06/2024,desktop,USA,23.0,0,
user_00919,control,1.0,,2024-12-30,desktop,US,56.0,299,
user_07688,control,0.0,158.9,12-12-2024,mobile,United States,37.0,-13,
user_06381,control,1.0,16.27,25-02-2024,tablet,United Kingdom,59.0,0,
user_03113,control,0.0,63.86,2024-02-15,tablet,US,,78,
user_01298,treatment ,,22.29,11/02/2024,desktop,India,42.0,-80,
user_06944,treatment,0.0,25.49,05/17/2024,desktop,US,42.0,497,
user_06523,control,0.0,18.71,2024-02-21,mobile,USA,59.0,491,
user_06796,treatment,,78.75,18-03-2024,mobile,United Kingdom,51.0,167,
user_02682,treatment,1.0,153.28,17-12-2024,tablet,US,20.0,481,
user_04370,treatment,0.0,140.19,12/07/2024,mobile,IN,65.0,433,
user_00765,treatment,0.0,54.89,2024-08-11,desktop,USA,,73,
user_00048,treatment,1.0,73.72,2024-11-27,mobile,USA,32.0,154,
user_02107,treatment,0.0,179.91,2024-06-04,tablet,IN,55.0,176,
user_04235,treatment,0.0,199.96,2024-06-21,desktop,US,47.0,250,
user_00178,treatment,1.0,138.0,2024-02-17,mobile,US,34.0,30,
user_06126,control,1.0,10.84,01/23/2024,mobile,UK,58.0,358,
user_07197,control,1.0,117.92,19-05-2024,desktop,USA,28.0,367,
user_02650,Control,0.0,$176.28,2024-12-03,mobile,US,51.0,284,
user_04027,control,0.0,118.61,2024-03-05,desktop,United Kingdom,36.0,421,
user_04914,control,0.0,194.93,2024-02-23,Android,US,57.0,493,
user_06379,treatment,1.0,125.75,09/11/2024,desktop,United Kingdom,40.0,463,
user_07215,control,1.0,"143,81",07/30/2024,tablet,UK,54.0,471,
user_07444,treatment ,2.0,180.07,23-06-2024,mobile,US,19.0,486,
user_08677,Control,1.0,139.29,2024-10-21,tablet,IN,48.0,371,
user_00702,control,1.0,70.32,01-04-2024,mobile,United States,22.0,315,
user_00023,control,1.0,165.92,14-01-2024,desktop,United States,57.0,533,
user_08476,treatment,1.0,65.0,2024-11-18,mobile,US,27.0,498,
user_02346,treatment,,,06/17/2024,desktop,India,50.0,31,
user_01897,TRT,0.0,144.17,2024-02-20,mobile,United Kingdom,44.0,218,
user_01658,treatment ,1.0,42.3,05/25/2024,tablet,US,25.0,104,
user_00041,treatment ,2.0,33.04,2024-08-30,mobile,IN,28.0,466,
user_03331,treatment,2.0,190.23,2024-06-16,mobile,IN,56.0,324,
user_02267,control,0.0,65.06,06/22/2024,mobile,India,47.0,565,
user_06614,treatment,1.0,129.44,26-07-2024,desktop,US,18.0,-22,
user_00569,control,,13.15,04/11/2024,iPhone,India,61.0,194,
user_01536,treatment,1.0,45.65,23-06-2024,tablet,IN,37.0,0,
user_00001,control,0.0,193.38,10/30/2024,mobile,US,28.0,593,
user_00486,control,,16.95,17-11-2024,tablet,IN,37.0,556,
user_01283,control,0.0,185.43,2024-12-26,tablet,US,18.0,168,
user_01453,control,1.0,,11/22/2024,desktop,India,32.0,318,
user_03884,control,1.0,100.67,2024-10-30,mobile,US,28.0,587,
user_00403,control,0.0,178.04,2024-09-04,mobile,India,24.0,305,
user_00654,control,1.0,100.7,2024-05-24,mobile,USA,40.0,552,
user_04420,treatment,0.0,163.34,14-04-2024,mobile,India,55.0,35,
user_00589,treatment,1.0,140.28,01/20/2024,iPhone,UK,20.0,84,
user_02233,control,1.0,,07/25/2024,Android,United States,52.0,384,
user_00546,control,0.0,33.6,2024-04-20,desktop,UK,24.0,79,
user_08815,test,1.0,-57.1,05-11-2024,desktop,IN,48.0,161,
user_02072,treatment,,164.44,12/22/2024,mobile,US,55.0,451,
user_02977,control,0.0,79.59,27-11-2024,desktop,United Kingdom,22.0,556,
user_06787,control,1.0,191.21,07-06-2024,mobile,IN,32.0,471,
user_03055,control,0.0,87.2,2024-11-22,Mobile,India,36.0,463,
user_08147,control,0.0,62.96,2024-06-25,Android,USA,58.0,0,
user_00971,treatment,,70.85,02-02-2024,Desktop,India,42.0,427,
user_07395,treatment,1.0,"293,52",06/02/2024,desktop,US,37.0,524,
user_03262,treatment,1.0,169.22,08/09/2024,desktop,United States,24.0,426,
user_02590,TRT,,174.12,2024-10-31,mobile,US,31.0,475,
user_07471,treatment,0.0,60.72,2024-07-10,desktop,India,49.0,495,
user_05650,control,,155.97,10/04/2024,desktop,USA,54.0,235,
user_01646,treatment,1.0,168.94,02/25/2024,Mobile,USA,50.0,210,
user_00359,treatment,,179.29,2024-11-18,mobile,US,37.0,183,
user_02468,TRT,1.0,41.01,04/22/2024,tablet,US,54.0,31,
user_02931,control,,192.73,10/19/2024,tablet,US,28.0,487,
user_08613,treatment,0.0,12.46,10/02/2024,tablet,US,33.0,290,
user_04900,control,1.0,189.04,29-04-2024,desktop,IN,28.0,310,
user_01996,control,1.0,119.23,2024-12-10,Mobile,US,54.0,264,
user_00744,control,1.0,195.34,2024-04-07,Mobile,United Kingdom,20.0,489,
user_08369,control,1.0,54.62,07/18/2024,tablet,US,64.0,-47,
user_02439,treatment,1.0,99.06,07-09-2024,tablet,USA,53.0,167,
user_00142,control,0.0,101.27,08/21/2024,mobile,US,40.0,227,
user_02613,control,0.0,81.36,2024-05-04,tablet,US,27.0,176,
user_03616,treatment,0.0,75.2,2024-03-13,mobile,IN,41.0,317,
user_02412,treatment,0.0,107.91,05/29/2024,mobile,USA,56.0,526,
user_00097,control,0.0,135.53,2024-04-01,desktop,USA,26.0,100,
user_00859,control,0.0,12.91,10-08-2024,mobile,USA,29.0,122,
user_08060,control,0.0,42.16,05-01-2024,Desktop,USA,47.0,137,
user_00991,control,0.0,108.46,02/21/2024,desktop,US,38.0,507,
user_07952,treatment,1.0,121.49,11/18/2024,desktop,US,23.0,292,
user_06255,test,0.0,74.44,25-04-2024,desktop,US,57.0,301,
user_03617,treatment,0.0,42.06,2024-02-10,mobile,US,43.0,258,
user_05940,treatment,0.0,141.88,09-02-2024,tablet,US,,-23,
user_01179,control,0.0,36.93,26-04-2024,mobile,USA,20.0,77,
user_01002,treatment,0.0,150.61,2024-01-04,mobile,United States,22.0,193,
user_02754,control,1.0,189.2,12-01-2024,mobile,United States,45.0,353,
user_08234,treatment,1.0,135.37,03-10-2024,Desktop,United States,60.0,334,
user_08456,control,1.0,,2024-09-03,Desktop,India,,277,
user_01653,treatment ,1.0,$67.54,04-10-2024,tablet,USA,23.0,95,
user_00233,control,1.0,30300.39,2024-05-12,mobile,US,41.0,0,
user_00015,treatment,0.0,102.74,2024-03-12,mobile,US,18.0,0,
user_05028,treatment,0.0,138.15,01/23/2024,tablet,India,40.0,71,
user_01124,control,1.0,84.68,11-02-2024,tablet,US,54.0,244,
user_01335,treatment ,0.0,120.17,04/30/2024,tablet,United Kingdom,41.0,239,
user_03451,treatment,1.0,,08-06-2024,tablet,US,30.0,436,
user_02764,control,1.0,146.93,2024-09-08,mobile,India,65.0,0,
user_02526,control,2.0,,08/05/2024,mobile,IN,26.0,246,
user_06516,control,2.0,193.63,04/07/2024,desktop,USA,61.0,275,
user_00725,treatment,0.0,152.77,2024-11-23,desktop,United Kingdom,48.0,283,
user_07209,treatment,1.0,20.58,06/26/2024,desktop,US,55.0,531,
user_06314,test,0.0,88.97,16-08-2024,tablet,USA,63.0,571,
user_08848,treatment,,159.95,2024-01-13,tablet,US,46.0,205,
user_08143,treatment,1.0,158.44,04-06-2024,iPhone,US,30.0,128,
user_02035,control,0.0,78.15,2024-12-20,Mobile,United Kingdom,46.0,242,
user_06058,treatment,1.0,$24.7,19-12-2024,Desktop,USA,27.0,-19,
user_04872,treatment ,1.0,180.53,04/26/2024,desktop,United Kingdom,62.0,33,
user_00326,control,1.0,-44.44,08-01-2024,mobile,US,54.0,464,
user_04520,treatment,,145.5,06-11-2024,mobile,USA,34.0,433,
user_04359,treatment,1.0,150.38,2024-01-14,tablet,UK,62.0,36,
user_03910,treatment,1.0,24.53,2024-03-14,desktop,US,32.0,230,
user_04311,control,,,2024-02-11,mobile,USA,24.0,36,
user_01133,treatment,1.0,22.88,26-06-2024,desktop,US,53.0,-93,
user_03394,treatment,1.0,62.1,2024-12-12,mobile,United States,52.0,190,
user_00563,treatment,0.0,30.55,05-10-2024,desktop,USA,20.0,581,
user_00141,treatment,0.0,139.45,28-07-2024,desktop,United States,52.0,295,
user_06129,treatment,1.0,163.97,07-08-2024,Desktop,IN,21.0,293,
user_00578,treatment,0.0,108.79,2024-02-06,Desktop,US,,193,
user_02315,TRT,0.0,21.31,2024-02-28,mobile,United States,49.0,417,
user_08063,treatment,0.0,-75.69,01/21/2024,desktop,United Kingdom,49.0,579,
user_02850,treatment,2.0,,30-08-2024,mobile,United States,62.0,526,
user_01706,TRT,0.0,90.29,21-12-2024,desktop,United States,31.0,0,
user_07509,treatment,,150.25,2024-02-07,desktop,UK,42.0,584,
user_08049,treatment ,,43.76,2024-06-25,Android,US,22.0,597,
user_06684,control,1.0,31.28,07/04/2024,Android,US,48.0,199,
user_08464,treatment,0.0,148.25,07/12/2024,mobile,UK,30.0,457,
user_08437,control,2.0,168.18,2024-06-23,tablet,US,58.0,435,
user_07585,treatment,1.0,87.88,2024-06-04,tablet,US,45.0,341,
user_05248,treatment ,0.0,84.35,08-11-2024,Android,United Kingdom,54.0,431,
user_08152,control,0.0,83.55,25-09-2024,tablet,United States,,383,
user_00222,treatment,1.0,25.63,2024-10-14,mobile,IN,23.0,0,
user_05863,control,,185.47,08/14/2024,Desktop,US,56.0,493,
user_01174,treatment ,,104.38,08/12/2024,desktop,United Kingdom,60.0,514,
user_00160,treatment,,95.01,01-10-2024,mobile,United States,18.0,0,
user_03890,control,0.0,89.25,05/11/2024,tablet,IN,60.0,115,
user_06795,control,,142.34,2024-06-02,desktop,US,47.0,241,
user_04964,control,1.0,14.04,17-01-2024,desktop,US,49.0,224,
user_04667,treatment,1.0,,23-03-2024,desktop,IN,47.0,532,
user_06484,treatment,1.0,33.15,14-01-2024,desktop,United Kingdom,34.0,505,
user_03680,treatment,,130.78,2024-03-26,mobile,US,31.0,519,
user_00014,control,0.0,"899,72",2024-12-07,mobile,USA,55.0,372,
user_03754,control,0.0,127.35,10/08/2024,desktop,USA,49.0,-38,
user_03423,control,1.0,19.36,10/02/2024,mobile,US,22.0,176,
user_04521,control,0.0,142.95,04/08/2024,desktop,USA,43.0,0,
user_04028,treatment,1.0,120.46,01/03/2024,mobile,India,31.0,244,
user_00345,control,0.0,195.91,2024-04-17,desktop,IN,18.0,231,
user_02125,treatment ,,128.06,10-05-2024,iPhone,US,30.0,331,
user_03719,control,0.0,11.27,2024-05-15,desktop,United Kingdom,61.0,400,
user_06046,TRT,1.0,,2024-12-18,mobile,UK,65.0,351,
user_05357,treatment,1.0,,2024-08-20,Desktop,US,,598,
user_02103,Control,0.0,28722.81,02-11-2024,desktop,United Kingdom,103.0,202,
user_05399,treatment,1.0,27.16,2024-05-21,mobile,United States,38.0,404,
user_00370,control,0.0,-45.47,23-02-2024,desktop,US,26.0,436,
user_01346,control,2.0,"984,25",2024-12-24,mobile,United Kingdom,21.0,63,
user_08133,treatment,1.0,"113,56",05/21/2024,mobile,US,51.0,-16,
user_08796,control,0.0,14.12,2024-11-26,desktop,USA,28.0,463,
user_00705,treatment,1.0,14.14,16-06-2024,desktop,IN,56.0,479,
user_03906,control,,20.11,2024-03-17,mobile,United States,32.0,197,
user_04916,treatment,1.0,36.21,03/20/2024,mobile,US,23.0,364,
user_08914,Control,,21.41,01-11-2024,mobile,USA,28.0,321,
user_04176,control,1.0,129.03,08-10-2024,desktop,US,18.0,293,
user_05837,control,0.0,43.78,2024-01-29,mobile,United States,57.0,-81,
user_00865,control,0.0,108.49,03/14/2024,iPhone,US,47.0,318,
user_06845,control,0.0,196.95,20-06-2024,tablet,USA,23.0,530,
user_06237,treatment,0.0,16.85,09-09-2024,desktop,United States,19.0,377,
user_08508,control,1.0,73.58,05/01/2024,tablet,India,39.0,-13,
user_04621,control,,$81.66,04/08/2024,tablet,US,61.0,0,
user_07523,control,0.0,,2024-02-24,desktop,United States,62.0,142,
user_01496,control,0.0,63.95,2024-09-07,tablet,USA,34.0,113,
user_08756,treatment,1.0,15.32,11/27/2024,Desktop,US,37.0,285,
user_05211,control,1.0,121.85,2024-11-10,mobile,India,,412,
user_01944,treatment,,59.52,06/05/2024,mobile,United Kingdom,42.0,382,
user_07502,treatment,1.0,189.34,16-12-2024,iPhone,USA,43.0,37,
user_06538,control,0.0,33.5,2024-07-28,mobile,United Kingdom,30.0,148,
user_05811,control,0.0,196.66,11-03-2024,desktop,IN,,482,
user_03075,control,,105.96,13-01-2024,desktop,United Kingdom,60.0,145,
user_01561,TRT,1.0,72.76,03/12/2024,Mobile,US,47.0,-36,
user_08887,control,1.0,81.08,07/02/2024,mobile,United States,35.0,592,
user_03312,control,0.0,133.28,04/17/2024,tablet,India,,261,
user_04227,control,1.0,168.0,2024-03-09,desktop,US,,-48,
user_05924,treatment,0.0,31.18,2024-11-14,mobile,US,20.0,0,
user_00002,control,0.0,34.36,2024-01-26,mobile,IN,40.0,215,
user_03387,control,,78.38,01/28/2024,desktop,USA,,481,
user_05463,control,0.0,143.2,07-05-2024,desktop,US,41.0,74,
user_08139,control,2.0,99.26,08/19/2024,mobile,United Kingdom,30.0,581,
user_00670,TRT,0.0,130.96,2024-03-25,mobile,United States,52.0,516,
user_00396,Control,,166.51,2024-04-07,tablet,IN,30.0,561,
user_02509,control,0.0,141.09,11/29/2024,Desktop,US,22.0,542,
user_00450,treatment,1.0,94.11,17-07-2024,iPhone,IN,39.0,382,
user_07434,control,0.0,40.84,08/10/2024,mobile,United Kingdom,,-50,
user_00553,treatment,1.0,40.67,03/22/2024,tablet,United States,22.0,453,
user_08523,control,0.0,85.51,2024-06-30,mobile,USA,64.0,128,
user_08992,TRT,2.0,108.47,07-03-2024,tablet,US,37.0,490,
user_07884,treatment,0.0,139.68,25-08-2024,mobile,US,35.0,0,
user_01325,treatment,0.0,$159.48,04/11/2024,desktop,US,40.0,348,
user_00199,control,1.0,198.02,2024-10-16,mobile,US,64.0,37,
user_00879,treatment,2.0,163.28,06/21/2024,mobile,United States,63.0,345,
user_01772,TRT,,141.32,2024-03-20,mobile,US,21.0,342,
user_03628,treatment,0.0,58.42,2024-10-10,desktop,US,22.0,382,
user_03637,control,1.0,135.52,2024-09-03,mobile,US,40.0,411,
user_00605,control,1.0,126.39,01-04-2024,Android,US,35.0,41,
user_00718,control,0.0,180.5,10/08/2024,desktop,US,42.0,465,
user_00816,treatment,0.0,$24.58,20-07-2024,desktop,US,19.0,0,
user_01464,treatment,0.0,"113,57",11/16/2024,desktop,India,61.0,434,
user_03463,control,1.0,33.11,12/30/2024,desktop,United States,60.0,428,
user_04179,treatment,0.0,-40.02,17-11-2024,Desktop,UK,47.0,343,
user_06143,treatment,1.0,114.88,04/26/2024,Desktop,US,59.0,231,
user_07536,treatment,0.0,128.81,2024-10-17,desktop,US,42.0,-80,
user_07843,control,0.0,65.64,2024-12-03,tablet,US,31.0,493,
user_00265,control,1.0,192.3,2024-09-21,desktop,United Kingdom,45.0,228,
user_02841,test,0.0,,22-02-2024,mobile,UK,22.0,-70,
user_03218,treatment,0.0,10.09,10-11-2024,iPhone,United States,42.0,510,
user_04580,control,0.0,167.14,20-09-2024,Desktop,UK,27.0,100,
user_01958,test,0.0,127.12,25-05-2024,desktop,US,50.0,0,
user_06393,TRT,2.0,40.08,11/13/2024,desktop,US,32.0,-39,
user_05758,control,1.0,-55.39,10/03/2024,mobile,United States,,566,
user_04306,treatment,1.0,,2024-12-21,desktop,US,34.0,517,
user_06016,control,,135.48,03-05-2024,mobile,UK,35.0,187,
user_05117,control,0.0,137.21,2024-10-05,desktop,United Kingdom,26.0,0,
user_02966,control,,177.57,11/17/2024,iPhone,UK,54.0,440,
user_03769,treatment,1.0,,10/25/2024,tablet,India,32.0,413,
user_01381,control,1.0,98.45,05/20/2024,Mobile,US,36.0,256,
user_00456,control,0.0,45.03,22-12-2024,mobile,USA,43.0,366,
user_00300,treatment,0.0,143.96,04/15/2024,mobile,USA,36.0,145,
user_01423,control,1.0,173.04,08/16/2024,mobile,India,22.0,127,
user_05176,treatment ,0.0,71.0,08/15/2024,tablet,USA,31.0,407,
user_06799,control,0.0,154.66,2024-06-17,desktop,United Kingdom,27.0,456,
user_08557,control,1.0,109.32,24-07-2024,desktop,USA,34.0,208,
user_04839,treatment,1.0,179.58,09-03-2024,desktop,USA,24.0,187,
user_02686,treatment,1.0,105.25,2024-08-05,Android,IN,36.0,465,
user_01343,treatment,0.0,194.83,31-07-2024,desktop,US,54.0,0,
user_00485,control,0.0,75.82,2024-09-18,Mobile,India,35.0,330,
user_05484,control,0.0,156.02,27-04-2024,desktop,United Kingdom,39.0,399,
user_04631,treatment,1.0,,01-03-2024,Android,IN,,323,
user_08448,control,0.0,29.7,08-11-2024,desktop,United States,51.0,293,
user_08181,TRT,0.0,43337.83,02/23/2024,Mobile,US,39.0,220,
user_03026,control,1.0,122.43,07-02-2024,desktop,US,39.0,50,
user_07103,control,1.0,"948,69",2024-11-12,desktop,USA,41.0,227,
user_01975,control,,,19-06-2024,mobile,US,31.0,147,
user_05418,control,0.0,148.36,02/14/2024,tablet,USA,36.0,363,
user_07464,treatment,1.0,139.22,09/17/2024,desktop,IN,38.0,243,
user_01523,control,1.0,56.75,2024-07-13,mobile,UK,19.0,535,
user_05437,TRT,0.0,53.45,2024-01-06,tablet,USA,41.0,0,
user_07477,control,2.0,14.83,07/15/2024,tablet,USA,65.0,0,
user_07499,control,1.0,160.76,2024-03-11,desktop,US,,111,
user_08912,treatment,0.0,48.38,01/30/2024,mobile,US,,323,
user_03665,Control,2.0,65.45,10/11/2024,desktop,US,56.0,426,
user_06910,treatment,1.0,104.2,2024-07-05,tablet,USA,22.0,135,
user_06476,control,1.0,58.63,2024-11-17,Mobile,United Kingdom,56.0,577,
user_03427,control,1.0,65.56,2024-02-01,desktop,India,,419,
user_01209,treatment,,86.13,2024-05-08,desktop,IN,54.0,427,
user_02498,treatment,2.0,190.68,2024-04-22,tablet,US,34.0,429,
user_04695,treatment,0.0,56.94,04-06-2024,Android,US,35.0,-92,
user_08495,treatment,1.0,39.05,2024-05-11,mobile,India,27.0,-78,
user_08673,treatment,1.0,154.25,2024-01-02,Android,US,36.0,408,
user_03593,treatment,1.0,47.6,2024-05-29,desktop,US,31.0,-41,
user_06422,treatment,0.0,,2024-07-17,tablet,UK,24.0,0,
user_01666,control,2.0,,03/11/2024,mobile,IN,22.0,573,
user_00066,control,0.0,166.56,13-08-2024,iPhone,US,48.0,396,
user_02310,treatment,1.0,193.1,20-11-2024,desktop,US,58.0,110,
user_04062,treatment,0.0,189.64,2024-12-24,mobile,UK,18.0,57,
user_00329,treatment,0.0,,04/05/2024,Android,United Kingdom,36.0,142,
user_00195,control,1.0,106.03,02-08-2024,tablet,US,43.0,330,
user_00388,treatment,1.0,,2024-09-19,mobile,IN,18.0,419,
user_03729,treatment,0.0,"895,73",2024-04-21,desktop,UK,33.0,401,
user_01868,treatment,1.0,126.34,18-08-2024,desktop,United Kingdom,64.0,0,
user_04979,control,1.0,55.89,2024-05-29,mobile,United States,29.0,437,
user_03712,treatment,0.0,41.64,23-10-2024,mobile,India,28.0,418,
user_03298,control,0.0,88.26,2024-07-21,desktop,India,38.0,392,
user_02980,control,2.0,86.64,2024-09-13,mobile,United States,44.0,127,
user_01177,control,0.0,12.15,07/03/2024,Desktop,United Kingdom,36.0,118,
user_00227,treatment,0.0,153.07,07-12-2024,desktop,US,47.0,502,
user_00248,control,1.0,-97.56,2024-09-30,desktop,USA,25.0,500,
user_02258,treatment,0.0,,2024-12-17,Desktop,India,30.0,82,
user_05800,treatment,0.0,24.9,2024-03-13,mobile,United States,18.0,558,
user_01634,control,0.0,123.63,13-10-2024,mobile,USA,32.0,221,
user_04293,treatment,1.0,191.7,26-02-2024,Mobile,UK,33.0,182,
user_05446,control,1.0,10.19,08-03-2024,mobile,United Kingdom,23.0,304,
user_04676,control,1.0,$35.58,20-09-2024,Mobile,USA,27.0,359,
user_00168,TRT,0.0,57.56,16-12-2024,mobile,USA,19.0,423,
user_03049,treatment,0.0,169.25,21-10-2024,Android,UK,,156,
user_05813,treatment,1.0,143.33,12/14/2024,desktop,India,,168,
user_06296,TRT,1.0,-92.48,17-09-2024,desktop,US,62.0,339,
user_08585,control,,116.44,2024-02-11,tablet,USA,49.0,344,
user_07450,control,0.0,,2024-02-01,mobile,US,20.0,553,
user_03455,treatment,0.0,94.97,2024-05-16,desktop,UK,34.0,332,
user_01421,control,0.0,55.14,21-10-2024,desktop,USA,58.0,521,
user_00667,control,1.0,117.88,22-10-2024,desktop,United States,23.0,546,
user_02338,treatment,0.0,23700.46,2024-07-10,desktop,UK,35.0,61,
user_06683,treatment,1.0,103.79,2024-06-29,tablet,US,53.0,435,
user_07904,treatment,0.0,149.02,2024-01-22,mobile,USA,120.0,463,
user_01668,treatment,1.0,74.31,2024-09-09,desktop,IN,49.0,0,
user_06831,control,1.0,-73.17,30-09-2024,tablet,US,,327,
user_02549,control,0.0,52.51,10/22/2024,Mobile,IN,51.0,175,
user_05677,treatment,1.0,$99.44,02/12/2024,desktop,US,59.0,588,
user_06211,control,0.0,-31.54,01/31/2024,Android,United Kingdom,59.0,133,
user_05030,control,1.0,145.53,2024-11-21,iPhone,US,51.0,467,
user_00111,control,,187.4,2024-02-05,tablet,India,51.0,442,
user_06532,treatment,0.0,168.37,06/17/2024,mobile,India,52.0,100,
user_01700,control,2.0,120.18,08-01-2024,desktop,United Kingdom,48.0,128,
user_08121,treatment,1.0,$164.4,2024-06-05,desktop,USA,58.0,113,
user_07676,treatment,1.0,184.46,2024-12-30,tablet,India,30.0,0,
user_07155,treatment,1.0,54.52,07-12-2024,iPhone,US,42.0,193,
user_03806,treatment,1.0,$20.68,2024-04-18,tablet,IN,46.0,413,
user_05779,TRT,1.0,,2024-05-25,mobile,United States,50.0,295,
user_04763,control,0.0,141.82,11/10/2024,desktop,United Kingdom,52.0,90,
user_07556,treatment,1.0,188.24,2024-07-13,Mobile,US,32.0,134,
user_08389,treatment,2.0,148.57,10/09/2024,mobile,US,39.0,214,
user_02473,control,1.0,22.81,12/25/2024,Desktop,US,62.0,-67,
user_06117,treatment,1.0,-81.32,2024-02-14,desktop,United Kingdom,49.0,-22,
user_05537, Control,1.0,153.45,31-03-2024,desktop ,US,47.0,434,
user_03862,control,1.0,45.78,08-04-2024,mobile,USA,18.0,433,
user_07117,control,1.0,170.27,06-09-2024,Mobile,United States,55.0,205,
user_06943,treatment,1.0,14.89,08/13/2024,mobile,IN,25.0,363,
user_06472,control,2.0,198.71,05-03-2024,desktop,US,53.0,498,
user_00178,treatment,0.0,17.93,2024-07-31,desktop,UK,,404,
user_06161,control,0.0,122.99,01/16/2024,mobile,USA,37.0,35,
user_01565,treatment,1.0,17.91,07/15/2024,tablet,IN,33.0,140,
user_00366,control,0.0,64.72,07-01-2024,mobile,UK,22.0,385,
user_01619,control,1.0,,2024-03-06,mobile,India,30.0,255,
user_01925,treatment ,,82.19,08/04/2024,desktop,United Kingdom,55.0,219,
user_00349,control,0.0,194.87,13-10-2024,Mobile,US,27.0,479,
user_05217,treatment,0.0,188.62,2024-10-26,tablet,United States,39.0,549,
user_00720,control,2.0,174.98,2024-04-26,desktop,India,31.0,-11,
user_00447,Control,0.0,183.55,2024-06-09,Mobile,US,53.0,564,
user_05674,treatment,,122.9,2024-07-28,mobile,India,57.0,-63,
user_08493,TRT,0.0,$158.21,20-02-2024,desktop,US,60.0,429,
user_00086,control,0.0,168.13,05/31/2024,desktop,United States,41.0,351,
user_05639,control,1.0,135.34,2024-09-07,mobile,India,36.0,92,
user_02508,test,0.0,191.03,24-08-2024,desktop,India,53.0,152,
user_08484,treatment,1.0,184.54,2024-11-02,tablet,US,28.0,41,
user_02970,treatment,0.0,74.29,05/15/2024,desktop,US,40.0,411,
user_04822,control,0.0,78.76,2024-11-26,tablet,United Kingdom,49.0,552,
user_05254,control,,58.26,01/08/2024,desktop,US,54.0,70,
user_05424,control,0.0,134.18,2024-10-14,desktop,US,27.0,481,
user_06060,control,0.0,61.65,2024-08-03,mobile,India,34.0,298,
user_03663,control,0.0,103.09,03/14/2024,iPhone,US,36.0,-63,
user_06670,treatment ,1.0,,2024-08-28,mobile,UK,33.0,396,
user_01745,treatment ,1.0,-92.87,07/13/2024,desktop,United States,37.0,0,
user_07138,treatment,0.0,26.94,24-01-2024,desktop,US,54.0,323,
user_08775,control,1.0,,02-04-2024,mobile,India,50.0,-15,
user_05480,control,0.0,40.39,2024-07-17,desktop,USA,25.0,0,
user_01790,control,,129.79,2024-03-15,desktop,IN,44.0,524,
user_04172,control,0.0,14.5,10/14/2024,desktop,US,42.0,315,
user_00488,treatment,,39346.36,03-01-2024,desktop,IN,48.0,0,
user_08616,control,1.0,"452,50",09/25/2024,tablet,US,27.0,251,
user_06674,control,1.0,116.19,29-03-2024,tablet,UK,34.0,545,
user_00927,TRT,0.0,187.35,11/07/2024,mobile,United Kingdom,20.0,383,
user_05780,control,1.0,121.85,07/30/2024,Mobile,IN,54.0,93,
user_00998,control,1.0,189.71,04/10/2024,Desktop,US,31.0,451,
user_08646,Control,0.0,,2024-12-21,desktop,USA,35.0,527,
user_01610,control,1.0,123.41,25-06-2024,mobile,India,54.0,191,
user_04660,control,0.0,57.21,2024-09-04,mobile,US,26.0,-41,
user_06482,control,,78.3,29-08-2024,mobile,US,48.0,324,
user_06265,control,1.0,21283.95,28-11-2024,desktop,US,53.0,308,
user_00027,treatment,0.0,,01/20/2024,mobile,USA,56.0,-66,
user_06889,control,0.0,77.29,11-12-2024,mobile,United States,63.0,102,
user_00966,treatment,1.0,88.44,2024-10-12,tablet,US,53.0,62,
user_06391,treatment,1.0,38.01,2024-06-24,Desktop,India,45.0,521,
user_08272,control,,17.43,2024-11-11,desktop,US,31.0,234,
user_06762,control,,59.89,2024-07-17,desktop,USA,31.0,287,
user_07270,treatment,0.0,,07/02/2024,mobile,US,18.0,512,
user_04525,control,,-36.76,2024-08-13,tablet,UK,52.0,185,
user_02501,control,,28331.64,18-01-2024,mobile,United States,47.0,582,
user_03095,control,,90.07,2024-09-06,mobile,India,24.0,113,
user_01355,control,0.0,148.58,02-03-2024,Android,United Kingdom,50.0,0,
user_05296,control,1.0,83.28,12/05/2024,Desktop,USA,54.0,482,
user_04158,control,1.0,-62.2,09-02-2024,Desktop,United States,36.0,0,
user_02369,treatment,0.0,195.44,22-04-2024,Mobile,India,54.0,419,
user_00363,control,0.0,,2024-05-27,desktop,UK,32.0,582,
user_04770,treatment,0.0,113.36,2024-06-08,Mobile,IN,22.0,62,
user_06036,treatment,0.0,157.15,16-05-2024,tablet,UK,21.0,214,
user_06419,control,0.0,11.1,2024-09-27,mobile,United States,53.0,476,
user_03258,treatment,1.0,76.63,02/04/2024,mobile,UK,37.0,460,
user_05172,treatment ,0.0,82.19,01/08/2024,tablet,US,46.0,189,
user_08003,TRT,2.0,,2024-10-14,tablet,United States,55.0,447,
user_08373,control,1.0,188.27,12/06/2024,tablet,India,32.0,77,
user_01620,treatment,0.0,140.71,12/21/2024,iPhone,US,36.0,177,
user_07525,control,0.0,129.31,26-04-2024,desktop,USA,21.0,482,
user_01953,treatment,1.0,"189,75",09/30/2024,tablet,US,65.0,149,
user_07401,treatment,0.0,26.67,2024-10-23,Android,US,29.0,155,
user_04640,treatment,1.0,-96.07,2024-03-05,tablet,United Kingdom,40.0,86,
user_01188,control,0.0,27.6,2024-01-17,Android,US,59.0,246,
user_00251,control,0.0,72.01,2024-06-27,desktop,United States,42.0,478,
user_06949,treatment,0.0,173.51,03/27/2024,desktop,IN,39.0,456,
user_04532,control,0.0,32.33,15-09-2024,tablet,India,50.0,364,
user_08064,treatment,,,12/12/2024,desktop,United Kingdom,32.0,188,
user_00584,treatment,1.0,"147,43",13-03-2024,tablet,IN,60.0,213,
user_06225,treatment ,0.0,35.53,2024-05-18,desktop,USA,63.0,282,
user_01819,control,,37.88,05-01-2024,mobile,IN,62.0,466,
user_00335,TRT,0.0,48.45,17-08-2024,Mobile,US,60.0,532,
user_08096,control,,180.59,2024-09-18,tablet,US,46.0,523,
user_05522,treatment,1.0,114.65,2024-09-16,desktop,United Kingdom,28.0,467,
user_08149,control,1.0,,23-03-2024,mobile,US,62.0,190,
user_03710,treatment,2.0,79.19,2024-11-03,mobile,India,,549,
user_07456,control,1.0,,2024-07-19,desktop,India,20.0,52,
user_00944,control,0.0,183.46,01/25/2024,desktop,USA,60.0,580,
user_02475,control,0.0,54.98,2024-02-22,Mobile,United States,63.0,522,
user_05354,Control,1.0,53.75,30-03-2024,mobile,United Kingdom,24.0,313,
user_00073,treatment,1.0,56.62,27-07-2024,tablet,UK,37.0,477,
user_07182,treatment,0.0,42.14,11-02-2024,tablet,US,54.0,185,
user_07530,control,0.0,-93.0,01/15/2024,tablet,IN,38.0,91,
user_07840,treatment,1.0,32.56,2024-02-20,desktop,US,31.0,515,
user_05921,control,0.0,101.01,20-05-2024,mobile,US,39.0,0,
user_05039,treatment,0.0,100.16,06-09-2024,Mobile,US,26.0,47,
user_01089,treatment,1.0,147.6,2024-02-01,Mobile,US,51.0,524,
user_06108,control,2.0,78.98,03-10-2024,tablet,US,40.0,215,
user_01441,TRT,1.0,190.47,11/28/2024,desktop,IN,55.0,0,
user_02218,treatment,1.0,,07/15/2024,tablet,US,25.0,95,
user_00564,control,1.0,28.98,05/14/2024,tablet,USA,20.0,503,
user_02722,treatment,,61.53,03/02/2024,tablet,United States,55.0,104,
user_08840,treatment ,0.0,190.05,13-09-2024,mobile,United States,34.0,589,
user_04416,treatment,1.0,165.58,2024-07-17,tablet,IN,64.0,0,
user_08310,TRT,2.0,176.12,09/26/2024,mobile,US,49.0,-21,
user_07594,treatment,1.0,67.56,05/19/2024,desktop,United States,48.0,66,
user_08203,treatment,1.0,125.25,03/21/2024,desktop,United States,38.0,503,
user_08302,control,1.0,-86.53,02/16/2024,mobile,US,26.0,170,
user_00678,Control,0.0,42.07,16-11-2024,desktop,United States,60.0,237,
user_00033,Control,0.0,45.23,02-10-2024,tablet,US,51.0,543,
user_02183,control,0.0,20.12,31-10-2024,mobile,IN,43.0,348,
user_00887,treatment,1.0,82.9,2024-08-05,Mobile,US,26.0,181,
user_00029,Control,0.0,149.13,2024-01-17,mobile,US,6.0,0,
user_07315,TRT,1.0,177.33,25-01-2024,desktop,US,44.0,39,
user_01145,control,0.0,129.56,02/08/2024,mobile,IN,37.0,0,
user_08857,treatment,1.0,91.99,03/21/2024,mobile,India,28.0,266,
user_02783,treatment,1.0,11046.32,05-12-2024,Desktop,USA,35.0,31,
user_06244,control,1.0,53.17,01/15/2024,tablet,UK,115.0,332,
user_07428,control,0.0,22.67,27-11-2024,mobile,United States,18.0,489,
user_03422,treatment,0.0,48.82,2024-09-25,desktop,US,49.0,544,
user_01881,control,0.0,,07-03-2024,desktop,IN,29.0,181,
user_01297,treatment,0.0,108.03,22-04-2024,Android,USA,23.0,373,
user_00208,control,0.0,179.73,2024-03-04,desktop,USA,,0,
user_06316,treatment,0.0,161.34,07-08-2024,desktop,UK,27.0,537,
user_05349,control,1.0,150.32,04/18/2024,iPhone,USA,48.0,296,
user_01393,treatment,0.0,,04-06-2024,desktop,India,21.0,560,
user_07810,control,0.0,"962,52",21-06-2024,tablet,USA,34.0,527,
user_05017,treatment,0.0,,06/09/2024,mobile,US,18.0,-32,
user_06006,control,0.0,65.65,10/19/2024,tablet,US,51.0,0,
user_06267,treatment,0.0,,2024-03-30,desktop,UK,43.0,311,
user_07094,treatment,1.0,"723,99",2024-06-18,desktop,US,24.0,0,
user_06169,Control,0.0,149.33,2024-06-21,mobile,United States,52.0,410,
user_01600,control,1.0,-96.74,2024-08-01,desktop,USA,57.0,486,
user_07462,control,1.0,91.74,2024-08-20,tablet,IN,39.0,399,
user_00573,treatment,1.0,39.7,03/06/2024,desktop,UK,44.0,282,
user_06690,treatment,0.0,,2024-11-08,desktop,USA,32.0,128,
user_03348,control,0.0,"407,81",2024-02-19,mobile,India,40.0,0,
user_04493,control,0.0,58.78,03-06-2024,tablet,India,59.0,437,
user_03073,treatment,1.0,137.7,2024-11-10,desktop,UK,49.0,323,
user_00608,control,,94.32,15-12-2024,mobile,US,61.0,155,
user_08587,control,0.0,$115.85,2024-02-10,mobile,United Kingdom,27.0,101,
user_05387,control,0.0,,02/26/2024,tablet,USA,51.0,0,
user_04966,control,0.0,128.62,2024-05-05,mobile,USA,50.0,556,
user_04467,control,1.0,44.48,24-04-2024,Desktop,United Kingdom,47.0,523,
user_01111,treatment,,38695.54,23-07-2024,mobile,US,35.0,350,
user_04466,Control,0.0,103.76,2024-03-09,Android,India,31.0,440,
user_00566,treatment,1.0,54.98,11/04/2024,mobile,IN,50.0,210,
user_04088,treatment,1.0,191.34,08-03-2024,Android,USA,27.0,222,
user_05343,treatment,1.0,37.86,17-01-2024,iPhone,United Kingdom,44.0,567,
user_02070,control,0.0,150.07,03/10/2024,iPhone,US,42.0,313,
user_00214,control,0.0,,12/18/2024,Desktop,IN,109.0,49,
user_02220,control,1.0,111.14,2024-08-11,desktop,US,59.0,31,
user_02656,control,1.0,$92.58,2024-07-15,desktop,USA,,396,
user_00614,control,,98.58,20-11-2024,Mobile,USA,53.0,581,
user_01991,treatment,0.0,151.2,06/09/2024,Desktop,USA,28.0,390,
user_00507,TRT,1.0,-91.35,22-11-2024,mobile,UK,33.0,394,
user_02377,control,0.0,,05/10/2024,iPhone,United States,35.0,500,
user_06066,treatment ,1.0,92.79,01-08-2024,Android,United Kingdom,47.0,-69,
user_02934,control,1.0,152.97,05/02/2024,tablet,United Kingdom,42.0,75,
user_06685,control,1.0,139.39,2024-02-12,Android,US,55.0,423,
user_04801,control,0.0,165.1,2024-02-26,tablet,India,49.0,503,
user_05479,treatment,0.0,12.71,2024-06-04,tablet,UK,32.0,474,
user_03901,control,0.0,50.35,01/30/2024,Desktop,US,59.0,278,
user_07048,test,1.0,30.03,15-04-2024,tablet,India,54.0,138,
user_07292,control,0.0,22.87,2024-06-04,tablet,US,59.0,402,
user_00257,TRT,,81.9,2024-10-30,desktop,US,53.0,-26,
user_07923,control,1.0,93.48,04/16/2024,tablet,United Kingdom,20.0,131,
user_00659,control,0.0,64.16,12/04/2024,mobile,US,61.0,351,
user_08528,TRT,0.0,"332,66",06/02/2024,desktop,IN,35.0,595,
user_00652,treatment,1.0,152.23,2024-06-15,mobile,United States,23.0,50,
user_00868,treatment,0.0,,2024-01-11,tablet,USA,56.0,197,
user_08801,treatment,1.0,50.03,22-02-2024,Mobile,UK,37.0,260,
user_08885,Control,1.0,103.31,10/17/2024,tablet,USA,61.0,502,
user_00372,control,1.0,42995.33,02/04/2024,tablet,UK,52.0,66,
user_06398,treatment ,0.0,"385,27",11-02-2024,desktop,United Kingdom,37.0,571,
user_07067,TRT,0.0,131.99,2024-10-17,Mobile,US,21.0,371,
user_04410,control,,197.14,11-01-2024,Mobile,United States,57.0,557,
user_02139,control,,184.92,14-11-2024,desktop,US,43.0,91,
user_04071,treatment,2.0,"283,74",2024-06-13,mobile,UK,25.0,305,
user_08129,control,0.0,185.97,08/09/2024,tablet,India,64.0,478,
user_06130,treatment,0.0,36.13,12/25/2024,mobile,UK,57.0,45,
user_02435,control,1.0,$47.34,13-11-2024,tablet,United Kingdom,57.0,378,
user_06777,treatment,0.0,174.33,2024-06-01,Desktop,US,39.0,439,
user_00805,control,0.0,-46.64,2024-02-02,Mobile,United States,62.0,460,
user_05115,treatment,2.0,,2024-05-01,tablet,US,33.0,451,
user_00382,control,1.0,153.08,21-10-2024,mobile,India,41.0,586,
user_00061,treatment,1.0,142.74,14-01-2024,tablet,India,22.0,388,
user_04408,treatment,0.0,162.14,01/10/2024,mobile,US,43.0,-98,
user_07497,control,0.0,118.87,11-02-2024,mobile,United States,35.0,468,
user_03744,Control,1.0,45.84,2024-12-14,Desktop,US,25.0,158,
user_02374,control,1.0,30.11,25-07-2024,desktop,US,55.0,376,
user_06317,treatment,1.0,132.22,09/04/2024,tablet,USA,34.0,41,
user_01558,treatment,0.0,87.59,10-03-2024,desktop,US,37.0,34,
user_00544,TRT,0.0,174.08,10/06/2024,tablet,USA,44.0,0,
user_00242,treatment,1.0,183.69,15-04-2024,tablet,United Kingdom,22.0,73,
user_00326,treatment,0.0,98.81,06/01/2024,mobile,IN,53.0,184,
user_00733,treatment,1.0,"738,79",07/09/2024,tablet,India,59.0,522,
user_01295,treatment,0.0,$54.02,2024-09-19,Mobile,US,45.0,395,
user_00822,Control,1.0,148.58,2024-07-06,Android,India,37.0,275,
user_03396,control,0.0,46.94,02/05/2024,desktop,IN,49.0,275,
user_04385,treatment,0.0,15.08,27-05-2024,mobile,UK,35.0,0,
user_07354,control,1.0,195.79,05/02/2024,Mobile,US,54.0,75,
user_02499,treatment,0.0,106.44,2024-05-30,mobile,USA,47.0,59,
user_03877,control,0.0,139.18,02-01-2024,iPhone,UK,39.0,197,
user_07799,control,2.0,35001.1,2024-01-21,Mobile,US,50.0,472,
user_01592,treatment,2.0,25.8,03-06-2024,mobile,US,59.0,462,
user_04776,treatment,1.0,40.12,01/29/2024,mobile,India,26.0,178,
user_04191,treatment,1.0,171.56,24-05-2024,iPhone,UK,27.0,338,
user_06753,control,1.0,159.03,08/18/2024,Desktop,US,56.0,424,
user_00709,control,2.0,97.95,15-03-2024,mobile,USA,24.0,556,
user_05502,control,0.0,21.52,2024-11-06,mobile,United States,18.0,0,
user_03078,treatment,1.0,68.77,2024-01-28,mobile,UK,53.0,583,
user_08870,treatment,0.0,,06/08/2024,tablet,IN,38.0,148,
user_03495,control,,162.94,01/31/2024,tablet,US,33.0,-67,
user_06411,treatment,0.0,84.11,11/03/2024,mobile,USA,22.0,64,
user_00223,control,1.0,92.95,02-01-2024,tablet,USA,28.0,115,
user_04665,test,1.0,$173.74,2024-01-03,desktop,IN,,434,
user_02144,control,1.0,174.36,03/08/2024,mobile,IN,39.0,461,
user_04122,control,1.0,99.64,2024-07-01,mobile,USA,35.0,287,
user_01483,control,1.0,48.42,26-03-2024,iPhone,USA,47.0,265,
user_04331,treatment,1.0,-80.79,07/30/2024,tablet,USA,38.0,520,
user_00703,TRT,1.0,112.16,2024-04-14,tablet,United States,38.0,582,
user_06584,control,0.0,102.76,2024-05-31,Mobile,USA,58.0,476,
user_00286,control,0.0,98.26,08-02-2024,mobile,IN,61.0,479,
user_06533,treatment,1.0,22.28,01/25/2024,mobile,IN,18.0,403,
user_03612,treatment,,143.16,22-02-2024,mobile,UK,,433,
user_00317,control,0.0,19.45,12-04-2024,desktop,IN,38.0,570,
user_05073,control,0.0,100.29,2024-01-17,tablet,USA,43.0,141,
user_06114,control,,168.36,30-01-2024,mobile,United Kingdom,24.0,408,
user_07797,control,1.0,120.72,12/04/2024,mobile,US,47.0,255,
user_05735,control,0.0,22950.77,11/09/2024,iPhone,UK,38.0,346,
user_04449,treatment,,,27-03-2024,desktop,USA,41.0,207,
user_04949,treatment,0.0,151.28,2024-01-24,desktop,India,21.0,112,
user_04103,control,2.0,$126.48,06-08-2024,desktop,US,,476,
user_04372,control,0.0,65.04,2024-10-03,tablet,US,61.0,97,
user_06452,treatment,1.0,31.91,2024-09-18,tablet,India,30.0,231,
user_02264,control,0.0,115.62,28-03-2024,tablet,USA,42.0,-98,
user_01864,control,0.0,125.78,2024-10-22,tablet,US,37.0,356,
user_05157,control,0.0,142.96,2024-12-16,desktop,US,50.0,0,
user_00929,control,0.0,172.47,12/14/2024,mobile,United Kingdom,38.0,65,
user_04198,control,1.0,173.44,12/27/2024,mobile,US,62.0,421,
user_05881,treatment,0.0,,2024-10-09,mobile,United States,,82,
user_01406,treatment,1.0,-72.51,2024-05-23,Android,India,56.0,578,
user_04992,treatment,0.0,53.17,2024-10-24,desktop,US,,261,
user_04205,control,2.0,47.56,2024-11-15,desktop,UK,,192,
user_05926,treatment,,,28-07-2024,desktop,UK,34.0,-89,
user_07422,Control,1.0,"729,44",2024-11-05,desktop,US,39.0,237,
user_04517,treatment,1.0,136.04,04/04/2024,desktop,United Kingdom,39.0,367,
user_06257,treatment,0.0,101.89,2024-11-09,Desktop,US,31.0,72,
user_01431,treatment,0.0,38.1,03/01/2024,tablet,US,28.0,134,
user_07527,control,0.0,88.48,01-05-2024,mobile,India,51.0,100,
user_05973,treatment,0.0,92.8,01/27/2024,Android,USA,31.0,261,
user_07263,control,1.0,100.03,12-09-2024,desktop,USA,45.0,-37,
user_00354,control,1.0,36.7,2024-10-31,tablet,USA,45.0,147,
user_01839,control,2.0,111.33,26-03-2024,desktop,UK,32.0,541,
user_06009,treatment,0.0,-90.67,08/07/2024,mobile,India,61.0,314,
user_05878,control,0.0,,2024-06-05,tablet,US,46.0,287,
user_04263,treatment,0.0,-28.66,2024-01-16,mobile,United Kingdom,34.0,0,
user_02153,control,2.0,74.3,10/15/2024,tablet,United Kingdom,61.0,151,
user_01567,control,0.0,95.69,2024-02-24,iPhone,US,27.0,274,
user_06380,control,1.0,119.65,13-09-2024,mobile,US,36.0,-32,
user_07191,treatment,0.0,158.1,02-03-2024,desktop,US,18.0,70,
user_02282,control,0.0,116.27,09-01-2024,iPhone,United States,37.0,589,
user_02652,control,0.0,,23-10-2024,mobile,India,40.0,76,
user_02804,treatment,0.0,73.25,2024-03-15,mobile,US,52.0,235,
user_08778,treatment,,77.03,28-02-2024,tablet,IN,27.0,300,
user_06224,treatment,0.0,142.12,23-10-2024,desktop,USA,41.0,449,
user_07141,treatment,0.0,84.72,26-11-2024,iPhone,IN,23.0,124,
user_04661, treatment,0.0,159.31,03/12/2024,iPhone ,United States,51.0,489,
user_01874,TRT,0.0,-76.2,05/03/2024,desktop,US,57.0,117,
user_02720,treatment,0.0,161.74,2024-12-21,desktop,US,38.0,444,
user_00881,control,2.0,,02-03-2024,tablet,India,23.0,570,
user_02994,control,0.0,177.5,01/26/2024,mobile,USA,49.0,197,
user_00608,control,,40.53,2024-04-20,mobile,USA,58.0,59,
user_03294,treatment,1.0,23.92,03/28/2024,desktop,US,51.0,173,
user_02726,treatment,1.0,116.55,2024-04-16,desktop,UK,41.0,241,
user_05284,treatment,1.0,22.36,10/20/2024,mobile,US,58.0,52,
user_03341,treatment,0.0,183.19,03-10-2024,desktop,India,29.0,225,
user_06606,control,1.0,188.75,11/16/2024,tablet,IN,64.0,179,
user_02424,treatment,1.0,61.91,09/06/2024,tablet,US,59.0,521,
user_02356,control,,76.17,10-12-2024,Mobile,US,64.0,281,
user_07670,Control,0.0,69.87,17-05-2024,mobile,US,,-40,
user_00786,treatment,1.0,190.81,2024-04-18,desktop,USA,34.0,501,
user_02965,control,0.0,114.29,11/21/2024,Mobile,India,45.0,132,
user_03675,Control,0.0,81.78,2024-10-22,mobile,IN,58.0,119,
user_03633,control,0.0,160.69,10-08-2024,desktop,USA,57.0,574,
user_07262,control,0.0,,29-04-2024,desktop,UK,57.0,465,
user_02681,control,1.0,46.72,2024-03-03,mobile,United Kingdom,48.0,564,
user_02778,treatment,0.0,99.22,01-03-2024,mobile,US,24.0,248,
user_02988,control,1.0,88.56,2024-05-07,tablet,IN,41.0,280,
user_04501,control,0.0,50.53,08/23/2024,desktop,US,23.0,173,
user_00097,control,,166.93,14-10-2024,desktop,USA,38.0,64,
user_03823,test,2.0,157.83,30-04-2024,mobile,India,29.0,123,
user_02325,treatment,,39.96,2024-03-14,mobile,IN,63.0,456,
user_00664,control,1.0,116.08,05/07/2024,tablet,UK,39.0,0,
user_07274,treatment,1.0,-62.65,05/09/2024,Mobile,United Kingdom,40.0,335,
user_00129, test,1.0,42.37,15-11-2024,desktop ,United Kingdom,,452,
user_05947,treatment,1.0,92.27,2024-07-04,desktop,India,42.0,564,
user_00019,TRT,1.0,188.61,17-02-2024,Android,IN,19.0,147,
user_08294, treatment,0.0,168.97,2024-01-10,desktop ,USA,58.0,0,
user_00932,Control,0.0,184.43,2024-12-27,tablet,India,56.0,545,
user_08183,treatment,,132.94,12-05-2024,desktop,US,38.0,176,
user_00599,treatment,0.0,150.48,08/12/2024,mobile,US,28.0,490,
user_04929,treatment,0.0,80.25,05/01/2024,Android,IN,5.0,294,
user_04288,treatment,2.0,139.52,29-06-2024,mobile,India,60.0,562,
user_00648,treatment,1.0,127.86,02-11-2024,tablet,India,19.0,108,
user_05739,treatment,2.0,41.08,03/24/2024,Desktop,US,46.0,503,
user_03620,control,1.0,50.38,01/04/2024,mobile,US,27.0,578,
user_05607,treatment,,145.54,2024-12-22,mobile,US,25.0,0,
user_05852,control,1.0,103.57,01/24/2024,desktop,US,37.0,61,
user_06847,control,0.0,-94.08,02/14/2024,Android,US,28.0,272,
user_02237,control,0.0,,06/23/2024,Android,India,60.0,445,
user_03895,treatment,1.0,100.13,2024-10-09,tablet,IN,58.0,565,
user_03393,control,1.0,42.95,2024-11-27,desktop,India,54.0,268,
user_04821,treatment,1.0,,03/03/2024,tablet,US,56.0,390,
user_02712,control,2.0,17.72,2024-04-05,desktop,United Kingdom,39.0,481,
user_04395,treatment,1.0,$21.32,06/25/2024,tablet,United States,39.0,404,
user_00894,control,0.0,22.68,09/20/2024,Mobile,India,36.0,0,
user_06652,treatment ,0.0,60.63,06/16/2024,desktop,US,65.0,580,
user_04378,control,0.0,$54.31,19-06-2024,mobile,IN,60.0,233,
user_03219,control,2.0,,2024-07-10,Android,United Kingdom,45.0,-66,
user_07740,control,1.0,177.1,25-10-2024,mobile,US,28.0,299,
user_01906,treatment,0.0,44.34,09/04/2024,tablet,United Kingdom,35.0,423,
user_06148,control,0.0,115.47,2024-03-15,iPhone,United Kingdom,31.0,341,
user_05400,control,0.0,43.04,07/09/2024,mobile,IN,55.0,365,
user_05001,control,2.0,96.05,2024-12-30,mobile,India,30.0,577,
user_06336,control,1.0,20.01,21-12-2024,desktop,US,32.0,579,
user_00737,treatment,1.0,184.56,10/23/2024,mobile,India,27.0,441,
user_02140,treatment,2.0,169.38,06/06/2024,tablet,US,59.0,0,
user_01680,treatment,1.0,30.07,2024-09-24,mobile,United States,21.0,490,
user_08688,control,2.0,141.15,01/10/2024,mobile,US,43.0,120,
user_00082,treatment,0.0,83.39,12/25/2024,desktop,US,45.0,506,
user_04110,treatment,0.0,153.62,18-01-2024,desktop,UK,,547,
user_07245,treatment,1.0,,2024-03-16,mobile,India,52.0,246,
user_02269,control,1.0,70.53,2024-02-10,mobile,India,37.0,132,
user_07639,control,1.0,194.41,14-01-2024,Desktop,US,46.0,345,
user_00920,control,0.0,128.23,2024-12-07,mobile,US,29.0,257,
user_03716,control,0.0,"274,61",07-06-2024,desktop,USA,20.0,-70,
user_08357,treatment,,124.22,2024-06-13,mobile,USA,49.0,595,
user_06549,control,,131.46,10/02/2024,mobile,US,24.0,348,
user_00064,treatment ,1.0,10.9,2024-01-13,mobile,India,58.0,536,
user_04747,control,,"596,87",19-12-2024,mobile,USA,62.0,393,
user_05258,treatment ,2.0,-37.82,2024-05-19,desktop,US,39.0,-29,
user_07881,treatment,0.0,182.91,2024-08-24,desktop,India,51.0,368,
user_07919,control,0.0,,10-05-2024,mobile,USA,44.0,554,
user_04358,treatment,0.0,36.34,02-06-2024,Android,United Kingdom,26.0,255,
user_06110,treatment,0.0,$135.2,05/01/2024,Desktop,USA,59.0,206,
user_00707,control,1.0,24.87,07/25/2024,Android,US,22.0,226,
user_02669,treatment,1.0,,05-05-2024,desktop,IN,39.0,75,
user_02243,control,2.0,168.83,08/11/2024,mobile,USA,62.0,68,
user_00999,control,,56.26,20-09-2024,desktop,UK,11.0,385,
user_02054,control,0.0,,10/01/2024,tablet,USA,21.0,36,
user_06073,treatment ,1.0,"612,63",12/07/2024,tablet,USA,47.0,235,
user_05957,treatment,0.0,$169.87,2024-02-14,mobile,USA,57.0,211,
user_03109,control,,,01/01/2024,desktop,US,28.0,445,
user_04644,treatment ,2.0,26.4,26-06-2024,desktop,United States,42.0,463,
user_02943,control,1.0,33.26,09/08/2024,tablet,USA,23.0,488,
user_01000,control,0.0,39.13,2024-12-24,desktop,USA,42.0,0,
user_02102,control,,27.58,17-10-2024,mobile,US,59.0,71,
user_00212,control,1.0,102.23,07/07/2024,desktop,US,63.0,72,
user_07823,control,0.0,,28-05-2024,mobile,US,119.0,-58,
user_01615,treatment,1.0,107.75,2024-03-14,tablet,US,45.0,280,
user_06988,control,1.0,173.25,06/02/2024,tablet,United Kingdom,52.0,165,
user_00162,control,1.0,94.89,01/04/2024,tablet,US,18.0,-60,
user_02002,control,1.0,97.03,2024-12-21,tablet,USA,32.0,555,
user_03066,TRT,0.0,170.68,05-04-2024,mobile,United Kingdom,25.0,598,
user_03010,treatment,,87.49,20-06-2024,desktop,USA,54.0,486,
user_00098,treatment,1.0,,2024-07-13,Mobile,US,49.0,302,
user_04928,test,0.0,,12-07-2024,mobile,US,18.0,0,
user_00435,control,0.0,$62.58,07-09-2024,mobile,India,65.0,537,
user_06150,treatment ,0.0,13.07,02/05/2024,desktop,US,41.0,459,
user_07376,control,,101.47,2024-02-25,mobile,USA,49.0,-54,
user_05610,TRT,0.0,-52.67,2024-07-12,mobile,USA,40.0,330,
user_07915,control,0.0,130.22,2024-12-13,desktop,IN,27.0,292,
user_03909,treatment,0.0,86.75,04/02/2024,mobile,IN,26.0,274,
user_08013,control,1.0,,08/11/2024,Android,United States,32.0,202,
user_05964,TRT,2.0,19.95,10/14/2024,desktop,USA,,63,
user_06245,control,0.0,179.26,2024-10-12,Mobile,India,42.0,480,
user_07660,control,0.0,"578,88",2024-09-27,mobile,US,55.0,71,
user_02410,control,1.0,102.09,09/05/2024,Android,IN,50.0,561,
user_07795,Control,1.0,26.35,2024-07-11,desktop,USA,57.0,294,
user_08997,treatment,0.0,60.88,10-12-2024,mobile,US,46.0,197,
user_04538,treatment,2.0,100.22,04/08/2024,iPhone,IN,55.0,489,
user_03230,TRT,1.0,134.09,2024-09-27,mobile,USA,34.0,199,
user_03600,treatment ,2.0,53.7,28-11-2024,tablet,United Kingdom,48.0,527,
user_07351,control,0.0,"865,80",03-11-2024,Desktop,US,53.0,529,
user_02044,control,0.0,42.85,16-07-2024,desktop,United States,27.0,419,
user_06975,control,1.0,104.94,05/18/2024,tablet,USA,38.0,0,
user_00739,control,1.0,138.14,08/27/2024,mobile,US,34.0,260,
user_05402,control,0.0,125.18,11/21/2024,mobile,USA,50.0,62,
user_02902,treatment,0.0,-99.25,06/17/2024,iPhone,USA,21.0,332,
user_04026,treatment ,0.0,47.47,10/22/2024,desktop,US,29.0,204,
user_05236,treatment,1.0,145.03,03/22/2024,tablet,India,35.0,152,
user_00422,treatment,,-39.27,12-08-2024,desktop,USA,51.0,281,
user_00660,treatment,1.0,33.9,2024-08-26,desktop,UK,38.0,402,
user_00408,control,0.0,,2024-06-28,tablet,US,43.0,383,
user_02071,treatment,1.0,34.6,11/07/2024,desktop,US,43.0,-65,
user_00208,control,0.0,$87.85,01-05-2024,tablet,United States,51.0,459,
user_07489,control,1.0,197.38,2024-08-09,mobile,United Kingdom,45.0,368,
user_03572,control,,43.46,31-07-2024,tablet,United States,29.0,524,
user_00710,control,1.0,167.11,08/21/2024,mobile,US,35.0,315,
user_04848,control,0.0,53.77,2024-02-18,desktop,USA,39.0,555,
user_03603, treatment,0.0,100.56,29-04-2024,mobile ,US,56.0,202,
user_00513,control,1.0,26.77,2024-04-17,desktop,US,50.0,547,
user_00458,control,1.0,183.02,2024-06-27,Desktop,IN,26.0,515,
user_05353,control,1.0,17.8,05-04-2024,iPhone,US,,-82,
user_00558,treatment,1.0,120.02,04/17/2024,desktop,USA,22.0,440,
user_02703,control,0.0,148.59,22-09-2024,Android,IN,50.0,170,
user_05062,control,1.0,134.67,09/07/2024,tablet,India,,350,
user_02611,treatment,,139.33,03/10/2024,desktop,UK,58.0,470,
user_00768,control,0.0,172.61,27-01-2024,tablet,United Kingdom,52.0,311,
user_05169,control,0.0,,01/26/2024,Desktop,United States,53.0,550,
user_00072,control,1.0,$143.94,21-07-2024,tablet,United States,55.0,158,
user_07922,treatment,0.0,43834.81,2024-10-19,mobile,USA,,286,
user_07950,control,1.0,159.09,2024-03-10,tablet,India,57.0,0,
user_04633,treatment,0.0,143.13,23-03-2024,tablet,United States,30.0,369,
user_04199,control,1.0,144.52,2024-02-10,iPhone,US,41.0,109,
user_03052,treatment,2.0,79.61,2024-01-22,desktop,United States,47.0,0,
user_08279,treatment,1.0,48.17,06/01/2024,Mobile,US,48.0,163,
user_08144, treatment,,118.03,08/04/2024,desktop ,India,29.0,412,
user_05372,Control,1.0,68.57,02-08-2024,desktop,India,60.0,379,
user_08586,treatment ,1.0,128.37,25-03-2024,tablet,USA,51.0,501,
user_01185,treatment ,0.0,,01/05/2024,mobile,US,55.0,567,
user_00873,control,0.0,$62.29,06-07-2024,Android,United States,35.0,227,
user_04815,control,0.0,,2024-12-03,mobile,UK,28.0,305,
user_02493,treatment ,1.0,15.57,06/02/2024,Desktop,US,62.0,234,
user_04823,control,1.0,113.25,2024-10-05,desktop,USA,48.0,242,
user_03583,control,0.0,162.75,02/03/2024,tablet,UK,42.0,51,
user_01218,treatment,0.0,24.6,2024-10-13,Desktop,United States,48.0,129,
user_05419,control,0.0,,2024-12-03,desktop,US,,200,
user_00691,control,1.0,62.28,13-11-2024,desktop,US,55.0,451,
user_06294,control,2.0,183.46,2024-05-12,Mobile,UK,43.0,480,
user_08417,treatment,1.0,159.18,2024-05-05,desktop,IN,38.0,0,
user_05310,control,1.0,147.22,2024-01-23,Mobile,IN,59.0,529,
user_04567,TRT,0.0,103.62,18-04-2024,desktop,United Kingdom,48.0,372,
user_02357,treatment,1.0,30.75,2024-03-26,tablet,US,19.0,-38,
user_03929,control,0.0,,08/12/2024,mobile,UK,21.0,101,
user_04258,treatment,0.0,93.42,2024-08-16,mobile,IN,19.0,95,
user_03020,treatment,1.0,82.91,01/17/2024,tablet,USA,63.0,131,
user_06945,treatment,0.0,141.01,2024-09-23,mobile,UK,61.0,194,
user_05585,control,1.0,197.67,2024-07-27,tablet,US,36.0,207,
user_07124,treatment ,1.0,30.68,2024-11-27,desktop,USA,25.0,506,
user_04163,treatment,0.0,,02-07-2024,mobile,USA,24.0,283,
user_06433,control,,134.01,11-09-2024,Android,United States,29.0,460,
user_07015,treatment,1.0,116.96,2024-12-20,mobile,USA,18.0,374,
user_02993,TRT,0.0,58.11,2024-07-27,Mobile,US,50.0,453,
user_01685,treatment,1.0,"477,24",01-10-2024,mobile,IN,29.0,547,
user_06838,TRT,0.0,184.68,30-03-2024,desktop,US,49.0,338,
user_05012,treatment,1.0,188.33,01/15/2024,Desktop,USA,55.0,119,
user_05936,treatment,1.0,,2024-11-06,desktop,US,,253,
user_05190,control,1.0,30.29,09-02-2024,tablet,India,41.0,568,
user_02694,control,0.0,126.26,2024-08-10,desktop,IN,50.0,171,
user_00870,treatment,2.0,,2024-02-18,tablet,United Kingdom,58.0,0,
user_06775,treatment,1.0,75.3,11/27/2024,tablet,US,57.0,222,
user_05839,control,1.0,124.69,2024-11-08,mobile,US,52.0,240,
user_04632,control,1.0,35.61,2024-01-04,tablet,US,59.0,406,
user_00839,control,0.0,115.28,12/01/2024,tablet,USA,23.0,404,
user_00255,treatment,1.0,190.82,12/27/2024,mobile,USA,53.0,55,
user_01234,control,0.0,175.89,07-10-2024,tablet,US,53.0,243,
user_00602,treatment ,1.0,139.88,2024-04-21,mobile,US,51.0,245,
user_08777,TRT,0.0,,2024-03-13,mobile,US,35.0,343,
user_05436,control,0.0,,08/13/2024,desktop,UK,,140,
user_08738,treatment,0.0,179.18,2024-07-07,tablet,USA,30.0,372,
user_04956,control,1.0,65.99,2024-10-21,Mobile,US,42.0,320,
user_03257,control,1.0,125.16,2024-03-19,mobile,USA,41.0,262,
user_00464,control,0.0,35.66,31-10-2024,tablet,US,42.0,0,
user_04125,control,1.0,-78.41,2024-10-20,desktop,UK,46.0,229,
user_05686,control,0.0,"799,16",01/09/2024,iPhone,US,52.0,412,
user_04967,control,0.0,174.36,24-08-2024,Android,US,55.0,259,
user_02136,control,0.0,,05/26/2024,desktop,USA,40.0,259,
user_00840,treatment,1.0,65.15,27-10-2024,desktop,US,62.0,397,
user_00757,control,0.0,164.11,03/29/2024,mobile,IN,19.0,216,
user_02408,treatment,0.0,-83.72,09/08/2024,mobile,UK,62.0,0,
user_07306,control,0.0,126.57,06-05-2024,tablet,US,41.0,80,
user_08337,treatment ,0.0,58.05,06-04-2024,desktop,United States,59.0,174,
user_00759,Control,1.0,59.55,2024-07-15,Android,US,56.0,520,
user_04585,control,1.0,$14.12,04/15/2024,tablet,UK,48.0,420,
user_06743,control,1.0,23.88,2024-09-06,mobile,USA,32.0,219,
user_05064,treatment,0.0,179.57,01/01/2024,mobile,US,38.0,109,
user_04374,control,1.0,142.4,29-03-2024,Desktop,USA,,314,
user_01852,control,1.0,,21-01-2024,mobile,USA,51.0,75,
user_07693,control,1.0,$188.29,2024-07-14,desktop,US,44.0,125,
user_05101,control,1.0,56.5,2024-01-18,desktop,US,37.0,249,
user_06675,control,0.0,81.24,2024-10-04,desktop,United Kingdom,23.0,194,
user_05153,treatment,0.0,183.01,01-02-2024,desktop,IN,65.0,198,
user_00172,treatment,0.0,171.92,09/17/2024,tablet,UK,34.0,337,
user_08284,treatment,0.0,42.66,02-12-2024,desktop,USA,36.0,598,
user_03641,treatment,,17.92,2024-11-19,Mobile,US,65.0,83,
user_01389,treatment,1.0,20.89,2024-12-21,mobile,USA,52.0,504,
user_02933,treatment,0.0,170.93,03/11/2024,mobile,IN,42.0,33,
user_04346,treatment,2.0,45.46,2024-02-19,mobile,USA,26.0,415,
user_08987,control,1.0,182.27,16-09-2024,mobile,US,38.0,62,
user_06530,control,0.0,175.29,21-04-2024,desktop,United Kingdom,34.0,435,
user_02264,control,0.0,115.62,28-03-2024,tablet,USA,42.0,-98,
user_03487,treatment ,1.0,$29.69,08/29/2024,mobile,US,51.0,454,
user_05586,control,1.0,124.14,04/23/2024,tablet,United Kingdom,41.0,479,
user_00856,control,,17.53,02-01-2024,mobile,United States,60.0,0,
user_08458,test,1.0,43.84,03/02/2024,Mobile,USA,24.0,-25,
user_06155,treatment,0.0,34.59,2024-09-01,Mobile,USA,19.0,124,
user_03770,treatment ,0.0,199.69,16-04-2024,Mobile,IN,48.0,336,
user_03926,treatment,0.0,"769,11",19-10-2024,desktop,IN,49.0,347,
user_00213,control,0.0,63.64,26-03-2024,mobile,United States,65.0,283,
user_01222,treatment,1.0,24.63,08/31/2024,tablet,United Kingdom,19.0,74,
user_06328,control,1.0,15.58,2024-10-08,desktop,UK,47.0,524,
user_00804,control,1.0,121.56,2024-02-21,desktop,India,32.0,48,
user_08320,treatment ,2.0,131.67,06/11/2024,Mobile,United Kingdom,19.0,104,
user_07373,test,2.0,74.77,12/03/2024,Desktop,USA,40.0,77,
user_04262,control,1.0,118.47,2024-01-16,mobile,US,33.0,462,
user_02323,treatment,0.0,98.32,09/13/2024,Mobile,USA,53.0,79,
user_00109,treatment,1.0,16.69,07/14/2024,tablet,India,43.0,466,
user_04256,control,0.0,70.15,01/07/2024,mobile,US,49.0,436,
user_05160,treatment,1.0,11.87,01/24/2024,desktop,USA,61.0,497,
user_05234,control,1.0,161.03,2024-10-20,Android,US,64.0,-63,
user_00522,control,1.0,86.17,2024-05-03,mobile,United Kingdom,55.0,337,
user_02707,control,0.0,,13-08-2024,tablet,IN,53.0,412,
user_05841,control,0.0,174.69,29-02-2024,tablet,US,63.0,201,
user_06112,control,1.0,151.57,2024-10-04,mobile,US,,252,
user_00104,treatment,0.0,138.52,09/30/2024,iPhone,US,51.0,57,
user_05045,control,0.0,34708.08,02/09/2024,Desktop,US,53.0,0,
user_03031,treatment,2.0,98.17,25-12-2024,Android,US,49.0,355,
user_03067,treatment,0.0,31.21,2024-02-19,tablet,US,38.0,189,
user_00861,control,0.0,,2024-03-30,mobile,IN,57.0,499,
user_01511,treatment,0.0,32.17,2024-01-15,desktop,USA,52.0,533,
user_08974,treatment,0.0,-16.5,2024-04-10,mobile,USA,25.0,0,
user_06766,treatment,2.0,186.15,2024-04-25,mobile,India,26.0,73,
user_02277,control,0.0,143.3,12/22/2024,desktop,US,64.0,334,
user_00711,TRT,0.0,-38.28,2024-10-24,mobile,United Kingdom,59.0,-70,
user_02571,treatment,,188.94,17-08-2024,mobile,India,47.0,591,
user_02260,control,0.0,185.38,2024-12-22,iPhone,USA,26.0,216,
user_08393, TRT,1.0,,2024-07-30,tablet ,US,,301,
user_05276,control,1.0,124.93,2024-03-31,mobile,US,60.0,82,
user_02653,treatment,,100.58,2024-05-28,desktop,UK,46.0,88,
user_00835,control,0.0,$165.21,2024-06-05,mobile,US,44.0,532,
user_01607,treatment,0.0,52.58,23-11-2024,mobile,US,25.0,307,
user_05052,treatment ,1.0,146.33,2024-09-19,mobile,IN,56.0,185,
user_04429,control,1.0,33.66,06/18/2024,tablet,USA,31.0,53,
user_05822,control,,153.78,2024-07-01,mobile,USA,20.0,157,
user_00992,treatment,0.0,100.85,2024-08-03,tablet,UK,57.0,339,
user_00942,control,0.0,,11-09-2024,mobile,United States,23.0,289,
user_08654,treatment,1.0,100.78,19-08-2024,mobile,US,30.0,181,
user_04437,treatment,1.0,,10-04-2024,iPhone,USA,,165,
user_01813,control,0.0,"471,68",2024-08-27,desktop,IN,23.0,533,
user_07816,control,2.0,-58.23,27-06-2024,Mobile,USA,48.0,0,
user_04668,control,0.0,75.99,12-11-2024,mobile,United Kingdom,28.0,438,
user_07750,treatment,0.0,42.42,12/16/2024,Mobile,UK,27.0,100,
user_06007,control,1.0,145.14,14-12-2024,tablet,USA,63.0,-54,
user_04869,treatment,0.0,,11/10/2024,mobile,USA,58.0,99,
user_03307,treatment,,"390,57",2024-11-11,tablet,US,43.0,135,
user_06829,treatment,1.0,$162.37,2024-01-28,mobile,United Kingdom,56.0,335,
user_04211,control,2.0,197.27,2024-01-06,tablet,United States,,356,
user_05613,control,0.0,41.7,2024-10-21,desktop,UK,18.0,273,
user_07732,treatment,0.0,93.99,02/24/2024,desktop,UK,64.0,205,
user_04186,control,,139.16,2024-12-11,tablet,USA,53.0,558,
user_02211,test,1.0,50.48,22-07-2024,iPhone,United Kingdom,22.0,0,
user_04052,treatment,0.0,64.5,28-06-2024,mobile,United States,58.0,549,
user_02516,control,0.0,77.54,2024-01-25,tablet,UK,47.0,199,
user_07189,Control,,,2024-10-25,tablet,US,37.0,95,
user_03367,treatment,1.0,149.08,2024-03-01,tablet,India,25.0,251,
user_07358,control,,160.78,02/24/2024,mobile,USA,28.0,-43,
user_05621,treatment,1.0,23.43,08-10-2024,Desktop,UK,58.0,245,
user_00061, control,,,25-09-2024,tablet ,United States,25.0,398,
user_02336,control,0.0,159.67,2024-03-11,desktop,US,32.0,358,
user_06041,treatment,0.0,169.61,2024-04-21,desktop,US,50.0,0,
user_03860,treatment ,1.0,107.93,27-08-2024,desktop,United States,62.0,117,
user_07985, treatment,1.0,83.25,07/29/2024,mobile ,US,35.0,204,
user_04717,TRT,,,17-03-2024,mobile,United Kingdom,53.0,75,
user_08441,control,0.0,128.67,12/14/2024,mobile,United States,49.0,156,
user_01633,treatment,0.0,20.22,2024-10-01,Mobile,USA,65.0,244,
user_08237,control,0.0,182.6,22-05-2024,mobile,US,56.0,571,
user_07467,test,,154.39,08/16/2024,desktop,IN,24.0,104,
user_02007,treatment,0.0,176.6,2024-06-25,tablet,US,47.0,285,
user_03660,treatment,0.0,84.87,07-02-2024,tablet,USA,18.0,419,
user_08952,treatment,0.0,159.05,06-08-2024,tablet,USA,63.0,539,
user_06812,control,1.0,194.98,08/02/2024,iPhone,US,43.0,421,
user_00124,treatment ,0.0,"981,79",2024-11-19,mobile,UK,50.0,208,
user_06977,control,1.0,67.2,2024-08-22,Desktop,US,27.0,593,
user_08210,control,0.0,110.69,11/01/2024,Mobile,US,39.0,528,
user_06590,control,2.0,,2024-09-05,Android,US,54.0,61,
user_04773,control,1.0,$14.34,09/08/2024,mobile,US,27.0,451,
user_06013,treatment,,163.84,2024-06-04,tablet,IN,26.0,479,
user_08518,treatment,1.0,$28.83,2024-10-30,mobile,USA,47.0,457,
user_00694,treatment,1.0,103.33,2024-08-15,Desktop,US,27.0,-55,
user_07947,control,0.0,45.49,06/26/2024,mobile,US,63.0,0,
user_05656,treatment ,,,2024-05-21,mobile,US,52.0,418,
user_06927,treatment,1.0,167.85,2024-06-11,mobile,UK,60.0,376,
user_06450,control,1.0,98.7,2024-07-28,tablet,US,10.0,312,
user_03477,treatment,1.0,139.59,2024-02-29,tablet,UK,34.0,443,
user_08559,treatment ,0.0,160.66,2024-06-25,desktop,India,58.0,577,
user_00124,treatment,0.0,99.69,03/09/2024,tablet,USA,43.0,34,
user_00570,treatment ,2.0,11.44,17-05-2024,Desktop,IN,56.0,59,
user_06551,control,,190.39,09/30/2024,mobile,US,55.0,231,
user_03840,treatment,2.0,28.07,03/11/2024,desktop,US,65.0,0,
user_08326,treatment ,1.0,189.4,2024-05-27,Android,India,65.0,588,
user_05014,control,0.0,,2024-05-10,mobile,US,51.0,493,
user_01358,TRT,1.0,179.57,13-08-2024,tablet,UK,48.0,133,
user_00376,control,1.0,112.65,01/01/2024,tablet,USA,30.0,61,
user_04180,treatment,1.0,-69.42,27-04-2024,mobile,United States,46.0,464,
user_07363,TRT,0.0,65.47,2024-01-04,mobile,United Kingdom,107.0,84,
user_04896,control,0.0,53.27,2024-02-26,mobile,United States,31.0,508,
user_01903,treatment,1.0,188.96,08-03-2024,desktop,United States,23.0,524,
user_00708,treatment,0.0,33.62,2024-11-12,desktop,US,61.0,166,
user_00024,treatment,0.0,48.92,02/15/2024,mobile,US,32.0,94,
user_05137,control,1.0,88.84,02-02-2024,mobile,UK,63.0,242,
user_00661,treatment,0.0,192.67,2024-09-13,Mobile,US,40.0,67,
user_07958,treatment,0.0,158.92,2024-03-05,desktop,US,30.0,250,
user_01920,control,0.0,"377,47",06/02/2024,desktop,UK,27.0,413,
user_02128,control,1.0,116.42,2024-12-22,desktop,US,42.0,123,
user_02786,control,1.0,145.47,2024-02-02,mobile,USA,50.0,132,
user_08578,control,,,02-06-2024,mobile,IN,47.0,460,
user_01361,control,0.0,,07/12/2024,desktop,United States,54.0,277,
user_00490,control,1.0,137.68,2024-12-20,mobile,United States,29.0,357,
user_04778,treatment ,0.0,188.42,2024-11-25,desktop,USA,46.0,-14,
user_02689,treatment,1.0,120.57,2024-02-13,mobile,US,61.0,586,
user_08031,treatment,0.0,32.64,2024-07-12,Android,US,27.0,-80,
user_01629,control,1.0,37.91,2024-07-11,desktop,US,34.0,111,
user_08027,Control,,102.9,05/06/2024,mobile,UK,48.0,347,
user_04087,treatment ,1.0,118.94,2024-07-05,tablet,US,34.0,455,
user_04352,TRT,1.0,175.25,05/27/2024,tablet,US,57.0,478,
user_06640,control,1.0,86.32,2024-11-27,tablet,UK,53.0,571,
user_02251,treatment,0.0,153.65,11/11/2024,tablet,USA,28.0,237,
user_08533,control,1.0,,2024-05-28,desktop,United States,,401,
user_00823,treatment,1.0,83.98,05/17/2024,desktop,UK,51.0,595,
user_06754,treatment,,64.44,2024-10-23,mobile,United States,39.0,352,
user_04504,treatment,0.0,175.42,2024-10-30,desktop,India,37.0,465,
user_00563,control,1.0,64.54,02-02-2024,tablet,United Kingdom,59.0,385,
user_00452,treatment,0.0,"394,25",02-12-2024,tablet,United Kingdom,61.0,-26,
user_02064,TRT,1.0,$122.78,05/18/2024,desktop,USA,33.0,544,
user_08971,control,0.0,76.39,01/12/2024,iPhone,US,19.0,383,
user_04301,treatment,0.0,133.8,2024-07-11,Desktop,India,29.0,540,
user_02476,control,0.0,30.15,08/16/2024,desktop,United Kingdom,18.0,0,
user_03779,treatment,0.0,191.08,2024-02-05,mobile,IN,,0,
user_03366,TRT,1.0,168.39,2024-02-09,mobile,India,57.0,36,
user_06709,control,0.0,134.46,2024-01-22,desktop,United Kingdom,61.0,33,
user_05037,treatment ,0.0,105.15,2024-04-03,mobile,US,42.0,65,
user_00813,treatment,2.0,40080.99,12/11/2024,desktop,IN,46.0,200,
user_01140,control,1.0,-60.8,12/12/2024,tablet,India,51.0,440,
user_00656,treatment,1.0,122.62,25-08-2024,tablet,USA,65.0,0,
user_01485,control,0.0,64.97,2024-08-02,desktop,United Kingdom,43.0,432,
user_01332,Control,1.0,57.28,2024-07-06,Desktop,India,40.0,515,
user_01544,treatment,0.0,175.08,2024-05-08,mobile,US,35.0,0,
user_07871,control,0.0,161.82,11/25/2024,desktop,IN,28.0,392,
user_01710,Control,0.0,18.71,2024-06-07,desktop,United States,30.0,133,
user_08352,treatment,0.0,65.3,29-01-2024,desktop,UK,40.0,214,
user_03310,treatment,1.0,13.16,25-09-2024,tablet,USA,41.0,596,
user_01491,treatment,0.0,126.7,2024-02-16,tablet,IN,38.0,286,
user_06501,treatment,1.0,181.04,2024-02-14,desktop,UK,117.0,356,
user_01603,control,0.0,151.03,18-07-2024,tablet,US,46.0,346,
user_00337,control,0.0,"520,82",2024-05-08,tablet,US,49.0,400,
user_03807,control,0.0,105.8,28-10-2024,Desktop,USA,48.0,285,
user_02569,control,0.0,,06/29/2024,desktop,IN,49.0,163,
user_07694,treatment,2.0,35.8,01/15/2024,desktop,USA,54.0,210,
user_07230,treatment,1.0,174.22,2024-06-11,mobile,IN,36.0,475,
user_03780,control,,,03/03/2024,desktop,US,50.0,314,
user_07588,treatment,,$42.77,2024-12-10,desktop,India,36.0,146,
user_00050,treatment,2.0,173.09,30-01-2024,mobile,US,22.0,0,
user_00238,treatment,1.0,76.54,2024-02-05,desktop,India,,106,
user_05237,control,0.0,142.42,12-03-2024,Desktop,IN,46.0,396,
user_04987,treatment,1.0,170.17,02/21/2024,mobile,United States,20.0,353,
user_03851,control,0.0,46.72,20-10-2024,Android,USA,48.0,125,
user_04477,treatment ,1.0,144.53,04/05/2024,Desktop,United States,28.0,216,
user_02120,control,1.0,110.3,2024-01-27,desktop,United States,36.0,581,
user_05923,treatment,1.0,165.39,05/02/2024,mobile,US,38.0,334,
user_00537,treatment,0.0,$15.22,2024-08-09,mobile,US,49.0,488,
user_01960,treatment,0.0,14.89,2024-01-06,mobile,United States,48.0,0,
user_02205,treatment,0.0,36.51,25-10-2024,desktop,USA,52.0,-89,
user_07204,treatment,0.0,21.41,2024-12-07,mobile,UK,60.0,299,
user_05282,control,0.0,129.2,2024-02-24,desktop,US,37.0,-36,
user_04686,control,1.0,$20.07,02/08/2024,desktop,US,55.0,103,
user_06243,control,1.0,,2024-06-25,mobile,UK,35.0,430,
user_07908,control,1.0,78.13,15-06-2024,tablet,IN,59.0,112,
user_05198,control,1.0,187.81,09/23/2024,desktop,US,58.0,460,
user_03380,control,1.0,129.4,2024-06-29,Mobile,US,42.0,302,
user_02546,control,0.0,151.16,2024-03-11,tablet,US,37.0,0,
user_05334,treatment,0.0,114.87,30-08-2024,mobile,USA,62.0,285,
user_02442,control,1.0,-32.13,04/06/2024,tablet,US,28.0,290,
user_04895,control,1.0,41.15,21-05-2024,mobile,US,,106,
user_06319,control,0.0,,10/24/2024,Desktop,USA,59.0,0,
user_04784,control,,-87.68,2024-03-31,mobile,United States,58.0,93,
user_02802,TRT,0.0,148.4,2024-01-02,desktop,USA,43.0,561,
user_02087,control,1.0,,2024-09-28,mobile,United States,49.0,351,
user_08481,Control,0.0,162.34,2024-07-02,desktop,US,24.0,517,
user_07018,treatment,1.0,134.33,08/11/2024,mobile,India,48.0,597,
user_01162,control,1.0,76.32,04/01/2024,tablet,IN,28.0,320,
user_00550,treatment,0.0,87.59,03/04/2024,mobile,USA,51.0,125,
user_07920,control,0.0,,2024-03-13,Android,IN,25.0,98,
user_03240,control,1.0,173.35,2024-08-20,mobile,United Kingdom,23.0,315,
user_06699,treatment ,1.0,155.57,06/07/2024,mobile,US,58.0,44,
user_03221,treatment,0.0,65.61,2024-04-03,tablet,US,43.0,225,
user_04368,treatment,,73.87,2024-01-29,mobile,UK,36.0,62,
user_06991,treatment,0.0,32.53,2024-12-18,desktop,US,18.0,271,
user_00658,treatment,,-31.35,2024-03-16,desktop,US,54.0,459,
user_03584,treatment,0.0,,2024-02-29,Android,US,60.0,551,
user_01828,treatment,1.0,189.67,2024-12-21,desktop,US,47.0,83,
user_00200,control,1.0,114.07,2024-04-10,desktop,US,59.0,539,
user_03981,treatment,1.0,152.64,17-03-2024,desktop,USA,59.0,334,
user_06383,treatment,0.0,123.25,2024-05-23,tablet,US,28.0,0,
user_02133,treatment,1.0,151.57,2024-06-28,mobile,USA,59.0,249,
user_00903,treatment,0.0,20.62,07/22/2024,mobile,India,48.0,177,
user_08427,treatment,1.0,137.67,04/21/2024,mobile,US,57.0,0,
user_08434,treatment,0.0,"515,54",2024-05-29,desktop,India,46.0,536,
user_04013,control,1.0,118.02,22-03-2024,desktop,UK,,439,
user_04616,control,0.0,82.98,12/12/2024,mobile,India,,0,
user_07856,treatment,0.0,157.7,2024-10-23,desktop,US,27.0,44,
user_05481,control,0.0,35.52,2024-07-28,mobile,USA,24.0,334,
user_05260,treatment,0.0,187.39,12/02/2024,mobile,UK,38.0,-98,
user_06818,control,1.0,170.88,2024-04-02,mobile,USA,24.0,-38,
user_02602,control,0.0,131.38,06-12-2024,iPhone,UK,65.0,411,
user_07984,treatment,0.0,,24-01-2024,desktop,US,32.0,181,
user_06125,test,,197.05,2024-12-23,Desktop,UK,,132,
user_06140,TRT,,20.48,15-11-2024,Mobile,India,55.0,503,
user_02494,control,0.0,,03/12/2024,mobile,United States,26.0,441,
user_00381,control,0.0,,01-04-2024,iPhone,United States,47.0,544,
user_00710,control,1.0,58.64,2024-05-30,mobile,IN,52.0,370,
user_05116,control,1.0,,18-10-2024,tablet,United States,,403,
user_05590,treatment,0.0,71.92,2024-07-31,mobile,India,25.0,56,
user_02457,treatment,,84.73,24-07-2024,desktop,USA,45.0,415,
user_00446,treatment ,1.0,24.27,15-05-2024,Android,India,31.0,66,
user_08915,Control,0.0,28.14,17-11-2024,Android,United Kingdom,34.0,129,
user_06966,control,1.0,,02/26/2024,mobile,US,34.0,465,
user_08260,treatment,1.0,,2024-09-10,mobile,United Kingdom,19.0,333,
user_00525,treatment,0.0,123.39,2024-10-04,desktop,UK,23.0,380,
user_07543,treatment,0.0,75.1,10/17/2024,desktop,United States,25.0,545,
user_00946,treatment,,,03/07/2024,desktop,USA,36.0,81,
user_06737,treatment,0.0,65.13,07/22/2024,tablet,United States,34.0,203,
user_07345,treatment,1.0,65.83,26-12-2024,Desktop,USA,21.0,0,
user_07854,control,0.0,152.75,29-06-2024,desktop,United States,28.0,162,
user_08148,control,0.0,"193,48",2024-08-03,desktop,US,18.0,328,
user_07736,TRT,1.0,47.0,02-06-2024,mobile,India,55.0,496,
user_02291,treatment,2.0,32.22,2024-02-26,desktop,United States,55.0,530,
user_07170,treatment,0.0,145.01,29-07-2024,desktop,US,31.0,440,
user_05999,control,0.0,83.35,2024-07-07,mobile,US,62.0,227,
user_06341,treatment,1.0,-39.89,12/19/2024,mobile,United Kingdom,24.0,95,
user_04810,Control,1.0,127.14,14-11-2024,tablet,United States,20.0,231,
user_08669,control,1.0,72.8,28-08-2024,Android,USA,32.0,186,
user_03091,treatment,0.0,49.33,06/07/2024,desktop,USA,57.0,264,
user_02604,control,1.0,158.85,19-06-2024,desktop,India,60.0,386,
user_08403,control,,90.29,2024-12-10,Mobile,US,20.0,183,
user_00192,control,0.0,73.5,2024-07-28,desktop,USA,40.0,370,
user_01551,control,1.0,172.3,25-05-2024,mobile,US,27.0,459,
user_03464,treatment,2.0,164.74,12/06/2024,tablet,UK,34.0,506,
user_05330,control,0.0,"915,10",12-02-2024,desktop,United States,49.0,371,
user_03035,treatment,1.0,25.75,10-01-2024,Mobile,US,18.0,206,
user_00472,control,1.0,138.01,09/27/2024,desktop,US,30.0,595,
user_04218,treatment,0.0,"924,80",03/19/2024,desktop,US,28.0,-86,
user_01621,treatment,,,2024-06-27,mobile,US,24.0,242,
user_00565,treatment,0.0,,02/09/2024,Android,IN,50.0,66,
user_04347,treatment,1.0,"331,57",24-11-2024,mobile,USA,41.0,154,
user_05770,treatment,0.0,113.2,12/25/2024,tablet,IN,31.0,475,
user_05583,treatment,1.0,21.19,2024-10-28,Mobile,US,63.0,347,
user_04063,control,,86.52,24-07-2024,mobile,US,50.0,361,
user_00328,treatment,1.0,"718,30",2024-12-09,mobile,USA,32.0,146,
user_05564,treatment,0.0,79.58,07/14/2024,Android,UK,28.0,513,
user_00353,treatment,0.0,162.29,03/11/2024,mobile,India,20.0,587,
user_07794,treatment,0.0,77.89,09/26/2024,desktop,United Kingdom,22.0,242,
user_02610,control,1.0,122.08,2024-09-08,tablet,UK,28.0,130,
user_01413,control,1.0,22.86,10/09/2024,tablet,US,49.0,299,
user_00438,control,0.0,$130.4,2024-08-27,desktop,United States,54.0,-91,
user_07782,treatment,1.0,122.18,2024-03-24,desktop,India,43.0,411,
user_04339,control,0.0,74.68,2024-06-12,tablet,USA,45.0,317,
user_01994,treatment,0.0,94.81,2024-09-22,mobile,USA,52.0,365,
user_04320,control,2.0,20.56,2024-05-19,desktop,UK,58.0,336,
user_03019,TRT,,107.13,2024-09-29,desktop,India,,164,
user_06566,control,0.0,29.8,08/15/2024,Android,USA,40.0,393,
user_06405,control,1.0,15.89,2024-12-16,Android,India,52.0,503,
user_03917,treatment,1.0,14.14,16-06-2024,desktop,IN,56.0,479,
user_03653,control,1.0,,2024-03-31,Mobile,United States,18.0,88,
user_05579,treatment,0.0,199.53,2024-10-20,desktop,United Kingdom,42.0,37,
user_00918,TRT,0.0,78.69,14-04-2024,desktop,USA,40.0,557,
user_02598,control,0.0,74.05,2024-01-11,desktop,US,28.0,597,
user_03040,treatment ,0.0,74.58,11-07-2024,mobile,US,35.0,555,
user_08539, control,1.0,164.98,12-01-2024,tablet ,United Kingdom,46.0,116,
user_06969,treatment,1.0,178.69,23-02-2024,mobile,US,53.0,213,
user_03407,control,1.0,,09/26/2024,mobile,United States,20.0,202,
user_05624,treatment,0.0,137.17,06-08-2024,Desktop,India,53.0,85,
user_00960,test,,193.47,06-05-2024,desktop,IN,46.0,-58,
user_08001,treatment,,131.23,07-04-2024,Mobile,USA,,33,
user_07803,treatment,1.0,110.53,08/04/2024,tablet,India,47.0,411,
user_00384,control,,126.42,2024-06-03,mobile,IN,58.0,418,
user_04551,treatment,1.0,,10-04-2024,iPhone,United Kingdom,41.0,368,
user_05888,treatment,1.0,135.97,04/25/2024,mobile,India,26.0,449,
user_00743,control,,192.5,05/14/2024,mobile,US,40.0,0,
user_03666,control,2.0,159.61,2024-12-03,Desktop,USA,37.0,434,
user_00673,control,1.0,,01/02/2024,mobile,United States,22.0,490,
user_08973,test,0.0,63.56,2024-05-25,desktop,USA,45.0,409,
user_03468,control,0.0,185.43,19-08-2024,Desktop,IN,36.0,310,
user_00302,control,2.0,104.24,2024-06-12,tablet,United Kingdom,63.0,61,
user_08956,control,2.0,84.28,2024-03-08,tablet,US,61.0,143,
user_00825,control,,194.72,03-12-2024,iPhone,US,26.0,178,
user_08162,Control,2.0,46.33,27-08-2024,desktop,US,26.0,308,
user_06519,control,1.0,150.57,05/11/2024,mobile,US,22.0,536,
user_00243,control,0.0,25.02,10-02-2024,desktop,United States,120.0,314,
user_00669,control,0.0,40141.98,10/25/2024,Desktop,IN,48.0,227,
user_02092,control,0.0,147.71,26-11-2024,mobile,US,53.0,471,
user_07534,treatment ,0.0,86.55,2024-07-27,mobile,India,54.0,197,
user_06919,control,0.0,97.4,2024-03-14,Mobile,US,23.0,578,
user_05136,treatment,0.0,115.34,10/26/2024,Desktop,USA,32.0,417,
user_04077,treatment,0.0,127.69,13-07-2024,tablet,IN,30.0,548,
user_04909,control,1.0,94.02,28-06-2024,mobile,India,,314,
user_06875,TRT,1.0,79.97,25-03-2024,desktop,US,25.0,491,
user_07841,test,0.0,,2024-10-06,desktop,US,56.0,378,
user_02861,treatment,0.0,93.4,06/12/2024,desktop,US,,558,
user_01299,control,0.0,,2024-08-26,mobile,United States,37.0,399,
user_08983,Control,,,06/24/2024,mobile,UK,46.0,564,
user_00757,control,,76.22,12/30/2024,mobile,India,54.0,528,
user_03112,treatment,1.0,62.88,29-03-2024,Mobile,United States,37.0,426,
user_00814,control,0.0,,2024-05-29,iPhone,USA,55.0,333,
user_06342,treatment,1.0,15.7,2024-06-07,desktop,US,40.0,271,
user_05756,control,1.0,$184.67,06-01-2024,desktop,IN,65.0,0,
user_02015, control,1.0,106.49,02/23/2024,mobile ,India,19.0,264,
user_07144,treatment,0.0,186.06,14-12-2024,desktop,USA,23.0,600,
user_03161,control,1.0,13.49,29-11-2024,Desktop,US,23.0,440,
user_04654,control,0.0,44.75,05-01-2024,tablet,US,51.0,91,
user_03332,treatment,1.0,177.68,16-11-2024,desktop,US,40.0,579,
user_00905,control,0.0,-50.84,2024-12-02,mobile,US,,153,
user_00828,control,1.0,115.79,03/09/2024,Mobile,IN,58.0,266,
user_04800,control,1.0,77.27,05-10-2024,mobile,United Kingdom,65.0,561,
user_01157,treatment,,62.86,30-01-2024,desktop,India,23.0,192,
user_00497,treatment,1.0,,13-08-2024,mobile,IN,42.0,267,
user_01931, treatment,1.0,173.88,2024-12-27,desktop ,United Kingdom,36.0,-51,
user_05035,treatment,0.0,95.24,02/26/2024,desktop,United States,49.0,98,
user_00400,treatment,1.0,46.17,2024-01-16,mobile,India,32.0,138,
user_05578,treatment,1.0,53.77,03/17/2024,tablet,USA,28.0,239,
user_06144,control,0.0,174.63,26-09-2024,iPhone,US,32.0,315,
user_07828,treatment,1.0,116.43,02-06-2024,iPhone,IN,64.0,0,
user_08261,control,1.0,24201.47,2024-10-25,tablet,USA,38.0,157,
user_01789,control,,62.59,07/07/2024,Android,USA,64.0,556,
user_00824,control,1.0,63.77,06/05/2024,desktop,US,55.0,57,
user_00626,treatment,,141.31,2024-05-12,mobile,US,46.0,249,
user_08872,control,1.0,98.47,2024-04-22,mobile,United Kingdom,21.0,202,
user_02851,control,,11.36,08-09-2024,mobile,US,45.0,355,
user_05103,control,0.0,187.46,02/06/2024,desktop,US,54.0,519,
user_08255,control,1.0,194.55,2024-10-27,Android,IN,60.0,187,
user_08428,treatment ,1.0,33242.75,2024-08-07,tablet,United Kingdom,35.0,147,
user_08175,treatment,1.0,15229.64,02-04-2024,tablet,US,40.0,0,
user_05542,treatment,,-42.81,2024-08-11,tablet,UK,48.0,578,
user_00291,control,1.0,139.82,2024-04-25,desktop,India,36.0,240,
user_06496,control,0.0,-67.43,2024-12-14,desktop,India,50.0,163,
user_00047,control,0.0,154.5,2024-09-28,tablet,UK,27.0,38,
user_00101,control,0.0,122.92,18-08-2024,desktop,IN,38.0,201,
user_05543,control,0.0,12.52,07-08-2024,desktop,United States,26.0,47,
user_01253,TRT,0.0,154.97,2024-03-30,tablet,United States,27.0,208,
user_06123,treatment,0.0,193.72,2024-09-08,desktop,UK,62.0,456,
user_01165,TRT,2.0,$187.32,2024-02-22,desktop,USA,48.0,260,
user_05561,treatment ,0.0,101.72,2024-03-03,mobile,IN,49.0,513,
user_02919,treatment,0.0,134.64,05-08-2024,desktop,US,46.0,199,
user_00409,control,0.0,24.25,19-04-2024,desktop,US,26.0,211,
user_05998,control,0.0,31.48,28-03-2024,iPhone,India,51.0,290,
user_01938, treatment,1.0,"593,61",04/06/2024,desktop ,USA,34.0,54,
user_00512,control,1.0,179.8,2024-04-25,mobile,USA,65.0,-16,
user_07608,treatment,0.0,"445,43",08/03/2024,desktop,United States,,213,
user_01891,control,0.0,143.63,06-03-2024,mobile,USA,42.0,428,
user_06228,treatment ,1.0,180.13,2024-12-19,mobile,UK,50.0,62,
user_05710,control,2.0,185.41,02/15/2024,desktop,US,61.0,0,
user_07479, treatment ,0.0,179.39,06/16/2024,iPhone ,United Kingdom,26.0,412,
user_02041, treatment,1.0,44.6,10/31/2024,desktop ,USA,34.0,248,
user_02083,treatment,1.0,11.24,05-05-2024,tablet,USA,,364,
user_04879,control,0.0,,2024-03-25,desktop,US,55.0,411,
user_02099,treatment,2.0,76.29,19-08-2024,desktop,UK,36.0,353,
user_00021,control,1.0,,2024-09-12,tablet,IN,60.0,310,
user_08200,treatment,1.0,27.16,2024-06-08,desktop,UK,38.0,367,
user_01836,treatment,2.0,30.99,05-09-2024,mobile,United States,55.0,374,
user_03070,treatment,,73.19,10-11-2024,tablet,US,12.0,323,
user_06159,TRT,1.0,96.01,2024-02-14,Mobile,United States,22.0,502,
user_03273, control,0.0,169.43,01/28/2024,Desktop ,US,27.0,469,
user_00075,control,0.0,136.63,2024-08-22,mobile,United Kingdom,49.0,106,
user_07644,treatment,1.0,194.88,13-12-2024,mobile,USA,40.0,0,
user_02275,treatment,0.0,85.55,03/30/2024,desktop,USA,25.0,-68,
user_01578, control,2.0,94.72,20-09-2024,desktop ,United Kingdom,,292,
user_07646,control,1.0,69.08,2024-06-23,tablet,India,45.0,44,
user_05671,treatment,,,09/06/2024,tablet,United States,33.0,290,
user_05901,control,1.0,62.54,2024-11-25,mobile,US,29.0,224,
user_00039,control,0.0,107.6,26-03-2024,desktop,United Kingdom,24.0,271,
user_05420,treatment,1.0,38.7,12/08/2024,tablet,USA,23.0,482,
user_01937, treatment,0.0,,2024-05-23,desktop ,US,41.0,535,
user_00239,control,1.0,90.89,20-06-2024,tablet,IN,52.0,365,
user_02976,control,1.0,97.69,2024-05-29,desktop,USA,48.0,455,
user_05381,control,0.0,155.56,13-12-2024,tablet,IN,27.0,332,
user_00825,control,1.0,121.52,2024-04-03,mobile,USA,42.0,114,
user_06340,treatment,,192.56,08/22/2024,Desktop,US,63.0,-61,
user_08311,control,0.0,39.55,2024-01-02,tablet,India,26.0,119,
user_00433,treatment,0.0,193.76,2024-12-22,desktop,US,18.0,0,
user_01345,treatment,1.0,178.67,08/23/2024,desktop,IN,60.0,402,
user_00924,control,0.0,"475,62",09/03/2024,mobile,USA,35.0,147,
user_03523,treatment,1.0,62.73,25-11-2024,Android,US,33.0,147,
user_00020,control,0.0,196.92,11/19/2024,mobile,US,45.0,593,
user_00229,treatment,1.0,11431.24,2024-04-17,desktop,US,30.0,411,
user_08216,control,1.0,159.91,2024-08-15,mobile,USA,26.0,244,
user_06581,treatment,0.0,11.74,24-01-2024,desktop,United Kingdom,40.0,531,
user_00301,control,1.0,77.59,2024-12-28,tablet,US,60.0,491,
user_08628,treatment,1.0,176.53,04-06-2024,tablet,United States,28.0,495,
user_04761,control,0.0,140.1,17-11-2024,mobile,IN,60.0,267,
user_06460,control,2.0,45.76,2024-11-12,tablet,US,37.0,0,
user_02680,treatment,0.0,94.61,24-01-2024,desktop,US,54.0,219,
user_07025,treatment,0.0,76.4,27-12-2024,Desktop,US,110.0,278,
user_07385,treatment,1.0,43.78,10/29/2024,desktop,United States,33.0,512,
user_02753,control,0.0,14.5,11/17/2024,mobile,UK,25.0,119,
user_00454,control,,37.02,2024-01-29,mobile,United Kingdom,,43,
user_07305,treatment,0.0,99.05,07/27/2024,Desktop,USA,37.0,517,
user_08465,TRT,1.0,81.51,2024-06-23,tablet,UK,40.0,126,
user_08934,TRT,1.0,138.02,08/12/2024,mobile,US,41.0,547,
user_02073,treatment,0.0,34.39,09/15/2024,mobile,US,,59,
user_05525,control,1.0,94.72,05/22/2024,tablet,India,,125,
user_03505,treatment,1.0,-18.9,2024-02-16,tablet,US,48.0,285,
user_08117,treatment,1.0,,10-07-2024,tablet,United States,,-63,
user_04488,control,1.0,63.14,05/17/2024,tablet,US,48.0,546,
user_05385,control,1.0,115.03,2024-10-31,mobile,USA,29.0,413,
user_07630,control,1.0,23.5,06-06-2024,desktop,US,45.0,84,
user_01983,control,0.0,173.38,2024-02-20,desktop,United States,48.0,553,
user_00402,treatment,0.0,193.41,2024-04-23,tablet,United States,46.0,360,
user_08904,control,0.0,48.87,04/10/2024,tablet,UK,28.0,339,
user_04006,control,1.0,$137.82,2024-01-22,desktop,US,62.0,321,
user_05776,control,1.0,126.51,2024-04-29,desktop,US,29.0,433,
user_06586,control,1.0,92.22,08/09/2024,mobile,US,45.0,429,
user_07774, control,1.0,131.47,2024-08-19,desktop ,India,33.0,0,
user_02079,test,1.0,86.17,08/12/2024,desktop,US,44.0,173,
user_07461,control,0.0,29.83,04/10/2024,desktop,IN,6.0,134,
user_00415,control,1.0,144.85,07/23/2024,desktop,US,62.0,443,
user_00806,control,1.0,115.71,2024-04-12,iPhone,IN,37.0,115,
user_00104,control,0.0,126.45,03/19/2024,desktop,USA,31.0,412,
user_07286,control,0.0,143.31,08/04/2024,desktop,US,45.0,87,
user_02230,treatment,1.0,142.91,2024-06-09,Desktop,US,37.0,423,
user_02159,treatment,0.0,194.25,2024-07-03,mobile,US,35.0,-82,
user_03077,treatment,1.0,74.37,2024-09-24,tablet,USA,39.0,558,
user_03008,TRT,,164.41,04/17/2024,desktop,USA,33.0,311,
user_08092,treatment,0.0,167.92,05/23/2024,Android,US,27.0,0,
user_07468,control,2.0,54.93,01/15/2024,tablet,India,49.0,0,
user_01919,test,0.0,$151.71,11/15/2024,mobile,United States,52.0,32,
user_02166,control,1.0,178.93,2024-03-11,tablet,USA,58.0,589,
user_04959,Control,1.0,98.39,2024-01-25,desktop,US,41.0,580,
user_00878,treatment ,1.0,,10/14/2024,mobile,India,47.0,365,
user_01344,treatment,0.0,71.2,2024-01-21,tablet,UK,31.0,442,
user_04074,control,1.0,"605,90",2024-09-13,desktop,India,34.0,566,
user_02773,treatment,0.0,,2024-09-08,tablet,USA,43.0,54,
user_05469,control,1.0,"400,28",04/04/2024,mobile,United States,62.0,452,
user_00564,treatment,1.0,187.33,21-08-2024,desktop,US,58.0,486,
user_05832,control,0.0,151.96,03/11/2024,mobile,India,,525,
user_03511,treatment,,35.77,2024-02-19,mobile,USA,59.0,262,
user_00953,Control,0.0,75.78,2024-11-28,desktop,India,23.0,286,
user_06793,control,0.0,105.84,2024-06-21,mobile,USA,30.0,546,
user_05433,control,1.0,186.74,20-08-2024,tablet,USA,59.0,418,
user_01168,treatment,,93.2,21-10-2024,Android,UK,,54,
user_01396,control,1.0,23.75,01/12/2024,mobile,IN,,103,
user_07934,treatment,0.0,20.55,05/04/2024,tablet,USA,43.0,270,
user_04598,control,0.0,193.42,16-09-2024,desktop,India,43.0,381,
user_04500,treatment,0.0,196.99,2024-11-18,iPhone,IN,34.0,-25,
user_03961,control,,72.26,2024-02-11,Mobile,United Kingdom,40.0,212,
user_08541,control,0.0,142.48,2024-02-11,desktop,US,23.0,165,
user_07372, control,0.0,,11-05-2024,mobile ,US,31.0,119,
user_08825,control,1.0,95.16,2024-12-23,desktop,US,56.0,274,
user_05058,control,1.0,103.28,16-02-2024,mobile,US,49.0,599,
user_00581,treatment,0.0,114.45,04/21/2024,desktop,US,6.0,-86,
user_06648,TRT,0.0,102.95,2024-04-30,tablet,IN,20.0,150,
user_06434,treatment,1.0,20333.46,08/24/2024,mobile,IN,,582,
user_05336,treatment,0.0,,2024-12-08,mobile,US,55.0,293,
user_06746,treatment,1.0,18.53,05/17/2024,mobile,US,65.0,576,
user_01907,control,1.0,116.75,2024-11-19,desktop,US,,0,
user_06426,control,1.0,,11/06/2024,desktop,IN,41.0,195,
user_08068, treatment,0.0,88.35,12-05-2024,desktop ,US,36.0,512,
user_00931,treatment,1.0,,05-01-2024,desktop,US,29.0,379,
user_03226,control,1.0,130.27,06-08-2024,mobile,United States,57.0,298,
user_08803,control,0.0,113.35,2024-04-13,mobile,IN,44.0,429,
user_08313,control,,66.03,17-03-2024,Desktop,IN,58.0,541,
user_00209,control,,53.3,09-06-2024,Desktop,UK,46.0,424,
user_02881,control,0.0,97.62,2024-03-11,mobile,United Kingdom,46.0,225,
user_03290,test,1.0,121.95,2024-08-21,iPhone,United Kingdom,36.0,307,
user_00886,control,0.0,40.18,04-08-2024,desktop,USA,25.0,395,
user_07420,treatment,0.0,96.59,2024-01-02,desktop,UK,27.0,142,
user_04719,treatment,1.0,51.2,2024-08-06,desktop,US,43.0,178,
user_01202,control,1.0,172.58,2024-12-20,desktop,US,60.0,87,
user_03805,control,0.0,122.64,16-02-2024,Mobile,IN,18.0,256,
user_07024,treatment ,1.0,18.78,10/11/2024,mobile,USA,20.0,172,
user_03771,treatment,1.0,-81.93,2024-10-07,mobile,India,26.0,133,
user_06399,treatment,1.0,168.88,12-03-2024,Mobile,UK,26.0,284,
user_01533,treatment,0.0,"174,50",2024-06-03,tablet,IN,22.0,500,
user_01696,control,1.0,-41.78,06-05-2024,mobile,UK,50.0,553,
user_01195,treatment,0.0,171.86,04/08/2024,desktop,US,21.0,102,
user_00859,control,0.0,142.25,08-01-2024,desktop,UK,55.0,125,
user_00970,treatment,0.0,64.77,23-04-2024,iPhone,UK,51.0,531,
user_00557,control,1.0,41.38,03/20/2024,desktop,United Kingdom,57.0,361,
user_00423,treatment ,1.0,133.98,2024-06-17,tablet,US,38.0,325,
user_01255,treatment,1.0,28.23,12-02-2024,mobile,India,62.0,0,
user_00489,treatment,0.0,151.72,2024-08-31,desktop,United States,34.0,281,
user_03562,control,2.0,38.57,03/17/2024,desktop,USA,65.0,544,
user_06120,test,0.0,67.39,2024-09-03,mobile,UK,23.0,412,
user_05750,control,,18.6,11-11-2024,iPhone,UK,23.0,413,
user_02595,control,0.0,192.47,02/19/2024,desktop,USA,41.0,583,
user_00091,control,0.0,140.02,06/11/2024,mobile,UK,51.0,591,
user_03123,treatment,,17.14,2024-06-16,Android,India,53.0,492,
user_02440,control,0.0,176.73,04/13/2024,Desktop,US,23.0,92,
user_04336,control,0.0,27.18,2024-09-30,tablet,US,60.0,556,
user_08384,control,0.0,80.5,25-08-2024,desktop,US,48.0,59,
user_00715,test,1.0,"436,48",02-03-2024,tablet,IN,57.0,479,
user_01773,control,,,26-08-2024,Android,US,24.0,108,
user_02698,treatment,0.0,115.21,10/18/2024,tablet,India,40.0,-28,
user_00947,treatment,0.0,-25.35,04/04/2024,tablet,USA,50.0,539,
user_06170,treatment ,1.0,,15-05-2024,tablet,US,19.0,0,
user_03239,control,0.0,120.83,11/29/2024,desktop,United Kingdom,30.0,335,
user_08917,treatment,1.0,11.09,09-01-2024,desktop,USA,61.0,0,
user_03706,treatment,0.0,"257,95",16-03-2024,Mobile,USA,105.0,442,
user_03399,TRT,2.0,161.35,17-04-2024,mobile,US,18.0,0,
user_04871,treatment ,0.0,74.29,2024-09-02,tablet,USA,47.0,-15,
user_01924,control,1.0,103.22,25-03-2024,Desktop,US,47.0,555,
user_00011,control,1.0,169.19,13-10-2024,mobile,UK,18.0,578,
user_07506,control,0.0,$184.67,2024-02-05,mobile,India,29.0,0,
user_03267,treatment,1.0,"169,52",11-06-2024,tablet,UK,62.0,274,
user_06680,treatment,0.0,-54.37,2024-03-16,mobile,USA,25.0,189,
user_03868,control,2.0,,01/29/2024,Mobile,United States,24.0,396,
user_00016,control,0.0,"284,72",10/09/2024,mobile,US,23.0,38,
user_01014,treatment,0.0,196.37,11-11-2024,desktop,US,21.0,138,
user_00845,treatment,,-46.34,19-02-2024,desktop,US,12.0,174,
user_02405,treatment,1.0,37.4,12/03/2024,tablet,USA,30.0,229,
user_03438,treatment,,67.84,2024-09-15,Desktop,IN,45.0,536,
user_03711,control,0.0,78.72,12/17/2024,tablet,UK,42.0,136,
user_00254,control,0.0,,01-10-2024,desktop,India,29.0,119,
user_08548,control,1.0,112.69,07/16/2024,tablet,United States,19.0,303,
user_00700,treatment,0.0,"321,29",01-04-2024,iPhone,USA,59.0,592,
user_03408,treatment,0.0,170.06,12-10-2024,Android,IN,32.0,486,
user_02561,treatment,2.0,87.53,08-04-2024,tablet,India,58.0,33,
user_04423,treatment,1.0,192.45,02/19/2024,Android,UK,29.0,598,
user_05393,treatment,,130.27,07-11-2024,mobile,USA,56.0,99,
user_07573,treatment,0.0,186.28,2024-03-23,mobile,United States,31.0,46,
user_06070,control,1.0,152.91,03/26/2024,desktop,US,61.0,394,
user_00302,treatment,0.0,188.56,09-03-2024,tablet,USA,36.0,0,
user_06856,control,1.0,-97.34,2024-01-11,iPhone,UK,54.0,0,
user_04532,treatment,0.0,170.64,01/14/2024,iPhone,USA,20.0,311,
user_00062,TRT,0.0,-71.55,2024-02-14,mobile,IN,21.0,191,
user_01651,control,1.0,35.82,2024-09-16,Android,IN,54.0,506,
user_01304,control,1.0,70.84,11/13/2024,desktop,USA,58.0,229,
user_01844,treatment ,,18.53,03/10/2024,mobile,US,34.0,116,
user_06893,treatment,0.0,12.69,21-01-2024,desktop,United States,,0,
user_03594,treatment,0.0,28.05,11/15/2024,mobile,USA,38.0,170,
user_08425,TRT,0.0,61.86,08/12/2024,mobile,US,49.0,62,
user_08540,TRT,,182.56,23-02-2024,mobile,United States,22.0,581,
user_07832,TRT,,172.5,01/29/2024,desktop,USA,38.0,189,
user_02765,treatment,1.0,64.73,27-07-2024,iPhone,IN,,453,
user_00006,control,1.0,55.74,06/04/2024,tablet,United States,43.0,535,
user_02515,treatment,1.0,191.28,02-03-2024,iPhone,US,65.0,135,
user_00547,treatment ,,153.7,07/22/2024,Android,US,37.0,43,
user_08520,treatment,0.0,-46.01,2024-02-18,desktop,United States,36.0,275,
user_03492,treatment,0.0,89.21,01-08-2024,desktop,US,29.0,312,
user_04322,TRT,0.0,159.6,05/30/2024,Mobile,USA,35.0,288,
user_07529,treatment,0.0,186.75,09/14/2024,Android,USA,21.0,0,
user_03527,treatment,0.0,50.23,26-12-2024,desktop,United Kingdom,26.0,214,
user_07918,control,0.0,184.99,11/15/2024,iPhone,USA,49.0,256,
user_00680,treatment ,,73.84,24-12-2024,desktop,US,43.0,462,
user_07724,treatment,0.0,-89.38,07-10-2024,desktop,India,36.0,0,
user_00833,TRT,1.0,115.08,09/28/2024,Mobile,USA,64.0,398,
user_00167,treatment,,,10/08/2024,mobile,United Kingdom,43.0,111,
user_03042,treatment,0.0,$147.94,21-12-2024,desktop,USA,46.0,594,
user_05081,TRT,,95.76,28-09-2024,Android,IN,58.0,200,
user_00847,treatment,1.0,56.53,10/16/2024,desktop,US,32.0,184,
user_06885,control,0.0,34.82,11-01-2024,Mobile,USA,32.0,75,
user_07712,treatment,0.0,36836.3,24-12-2024,mobile,USA,37.0,532,
user_06618,control,1.0,61.09,2024-07-27,desktop,US,32.0,193,
user_08516,treatment,1.0,56.01,2024-08-17,mobile,US,19.0,133,
user_04380,control,0.0,159.61,2024-08-22,iPhone,USA,29.0,213,
user_05523,treatment,2.0,45.61,18-10-2024,tablet,United Kingdom,22.0,399,
user_03060,treatment,1.0,118.87,2024-06-05,desktop,India,54.0,-28,
user_08653,treatment,0.0,96.52,12/17/2024,iPhone,UK,53.0,0,
user_04888,control,0.0,135.59,2024-03-12,Android,US,54.0,0,
user_03982,treatment ,1.0,89.26,06/04/2024,desktop,USA,19.0,325,
user_00217,TRT,0.0,103.11,22-07-2024,mobile,US,59.0,423,
user_00767,control,1.0,29.06,06/15/2024,mobile,US,40.0,131,
user_07510,treatment,1.0,123.94,21-06-2024,desktop,UK,24.0,206,
user_01478,treatment,0.0,40.81,15-08-2024,mobile,United States,49.0,330,
user_01064,control,1.0,68.85,08/28/2024,tablet,USA,30.0,134,
user_05713,control,1.0,190.5,09/23/2024,desktop,UK,45.0,49,
user_01987,control,0.0,192.93,2024-02-16,Android,United Kingdom,31.0,35,
user_03022,control,,158.65,2024-03-23,Desktop,United States,33.0,229,
user_03850, control,1.0,96.24,02/21/2024,Desktop ,United Kingdom,52.0,238,
user_01625,treatment,0.0,72.33,02/26/2024,desktop,USA,29.0,117,
user_00607,control,0.0,184.97,2024-03-31,mobile,United States,29.0,435,
user_06972,control,0.0,19.42,12/21/2024,Android,United Kingdom,102.0,352,
user_00346,control,0.0,,2024-03-13,desktop,IN,39.0,-38,
user_03125,treatment,0.0,140.92,19-10-2024,Mobile,USA,5.0,455,
user_05531,TRT,1.0,90.62,2024-05-21,mobile,United States,49.0,268,
user_00414,test,,196.4,2024-03-30,desktop,US,24.0,-26,
user_00696,control,1.0,72.0,10/29/2024,mobile,US,63.0,310,
user_07348,treatment,1.0,,10/24/2024,mobile,UK,46.0,244,
user_02631,control,1.0,174.75,04/06/2024,desktop,USA,47.0,551,
user_01510,control,0.0,55.34,25-03-2024,tablet,US,24.0,459,
user_08240,treatment,0.0,20.25,11/22/2024,desktop,USA,49.0,250,
user_08067,Control,1.0,112.08,25-01-2024,mobile,US,41.0,370,
user_00861,treatment,1.0,150.8,2024-04-06,tablet,UK,37.0,490,
user_04456,treatment,1.0,84.47,2024-09-14,tablet,United States,50.0,0,
user_03589,treatment,0.0,31.11,28-02-2024,tablet,US,55.0,559,
user_01742,treatment,1.0,30.68,2024-07-30,iPhone,United States,18.0,31,
user_03305,control,1.0,33.43,2024-05-10,tablet,USA,,145,
user_06687,treatment,1.0,$63.52,2024-07-14,mobile,US,57.0,349,
user_00741,control,0.0,63.44,24-09-2024,desktop,US,,501,
user_03528,control,1.0,123.04,2024-09-28,Desktop,US,55.0,139,
user_00686,control,1.0,68.81,10/10/2024,mobile,United States,47.0,489,
user_00186,control,1.0,56.81,17-06-2024,Android,US,18.0,524,
user_02514,treatment,0.0,75.86,2024-04-07,Mobile,India,36.0,87,
user_02891, control,2.0,139.95,2024-12-17,Desktop ,UK,58.0,255,
user_06099,treatment ,0.0,139.4,25-01-2024,Mobile,India,27.0,301,
user_00267,control,0.0,89.07,11/27/2024,desktop,IN,51.0,292,
user_00386,control,0.0,,2024-01-29,mobile,IN,27.0,134,
user_06259,treatment,0.0,143.11,18-02-2024,tablet,US,33.0,582,
user_06642,control,1.0,58.05,14-07-2024,mobile,USA,29.0,440,
user_06221,treatment,,136.26,2024-02-05,desktop,US,62.0,457,
user_07378,treatment,,50.49,24-10-2024,tablet,US,57.0,102,
user_04703,treatment,0.0,$94.61,2024-05-30,desktop,United States,42.0,285,
user_03059,treatment,,163.49,08/10/2024,tablet,United States,36.0,373,
user_02536,treatment,0.0,113.75,06/06/2024,mobile,US,25.0,-89,
user_01241,treatment,0.0,132.81,2024-07-03,desktop,US,48.0,463,
user_04911,treatment,1.0,164.43,29-03-2024,tablet,US,38.0,335,
user_01411,control,0.0,28.79,08/20/2024,mobile,US,21.0,64,
user_05363,treatment,,128.6,25-02-2024,desktop,United States,30.0,129,
user_04604,control,0.0,45.43,02/05/2024,tablet,US,49.0,594,
user_00379,control,1.0,$72.32,02/03/2024,mobile,United Kingdom,22.0,62,
user_00290,treatment,0.0,72.57,04-06-2024,mobile,USA,64.0,364,
user_06396,treatment,0.0,184.78,2024-07-26,Android,UK,,432,
user_07303,control,0.0,,08/27/2024,desktop,US,33.0,312,
user_00256,treatment,1.0,178.46,2024-06-13,Mobile,United Kingdom,57.0,523,
user_02974,control,0.0,63.1,06-01-2024,desktop,USA,38.0,342,
user_03789,control,1.0,119.36,11/19/2024,desktop,USA,25.0,543,
user_00794,treatment,1.0,84.68,05/03/2024,mobile,UK,53.0,186,
user_02012,treatment,1.0,129.48,2024-07-25,tablet,UK,51.0,98,
user_02402,control,0.0,,26-04-2024,mobile,IN,45.0,524,
user_00311,control,0.0,-54.01,05-01-2024,desktop,USA,46.0,571,
user_01312,control,,193.31,04-10-2024,mobile,USA,34.0,536,
user_02006,control,0.0,161.7,18-03-2024,mobile,United States,48.0,359,
user_01071,control,0.0,97.02,05-10-2024,desktop,US,115.0,-63,
user_00952,treatment,,83.4,23-07-2024,desktop,USA,51.0,544,
user_06634,control,0.0,,12/25/2024,tablet,USA,24.0,0,
user_00841,Control,0.0,114.92,08-03-2024,tablet,UK,47.0,212,
user_08660,control,0.0,49.99,02/09/2024,tablet,US,50.0,42,
user_00220,treatment ,0.0,,2024-06-26,Desktop,US,20.0,444,
user_08841,treatment,0.0,,2024-07-03,desktop,India,60.0,-57,
user_05690,Control,1.0,182.95,14-01-2024,mobile,UK,21.0,402,
user_04737,treatment,1.0,46.34,22-10-2024,mobile,United Kingdom,28.0,122,
user_02979,control,0.0,44.04,12/26/2024,iPhone,US,48.0,267,
user_04811,treatment,1.0,147.8,04/24/2024,Desktop,US,,524,
user_05861,control,0.0,99.86,17-04-2024,desktop,UK,38.0,259,
user_01974,control,,43.28,2024-02-04,tablet,IN,48.0,220,
user_08544,control,0.0,,2024-10-07,mobile,US,56.0,-16,
user_06415,treatment,0.0,164.82,12/07/2024,mobile,United States,27.0,264,
user_08042,control,1.0,135.34,03/14/2024,mobile,UK,24.0,598,
user_01504,control,0.0,118.89,2024-07-16,desktop,United Kingdom,53.0,484,
user_03369,control,1.0,140.48,2024-04-03,mobile,US,58.0,131,
user_08248,treatment,1.0,26.52,30-04-2024,Mobile,India,46.0,56,
user_05069,treatment,,89.3,2024-02-28,desktop,US,41.0,498,
user_07109,treatment,,105.42,2024-04-26,mobile,US,34.0,392,
user_01405,treatment,2.0,57.75,31-07-2024,desktop,IN,62.0,184,
user_03558, treatment,0.0,"678,97",09/08/2024,tablet ,US,,0,
user_00399,treatment,0.0,132.05,2024-08-14,iPhone,India,60.0,248,
user_06656,treatment,,77.46,01-09-2024,tablet,United States,37.0,77,
user_06525,control,1.0,71.82,2024-06-12,mobile,United States,45.0,182,
user_01223, control,1.0,113.31,2024-07-24,mobile ,US,65.0,-31,
user_03180,control,0.0,"802,16",2024-06-02,desktop,US,18.0,447,
user_00668,treatment,1.0,19.76,31-03-2024,mobile,US,42.0,249,
user_07419,control,1.0,61.73,2024-08-16,mobile,India,53.0,492,
user_02210,control,1.0,167.69,27-05-2024,desktop,USA,40.0,101,
user_01217,treatment,,15.75,11-12-2024,tablet,India,50.0,180,
user_04068,treatment,1.0,114.47,08/07/2024,Mobile,US,55.0,163,
user_08227,test,1.0,87.68,19-12-2024,mobile,US,64.0,0,
user_03774,treatment,0.0,160.47,12-05-2024,desktop,United Kingdom,65.0,34,
user_02719,Control,0.0,122.46,2024-03-27,tablet,IN,34.0,52,
user_01030,treatment,1.0,-86.89,2024-11-11,tablet,UK,45.0,0,
user_07946,control,0.0,117.74,15-11-2024,Desktop,United Kingdom,41.0,318,
user_05019,treatment,1.0,71.91,04-12-2024,tablet,USA,42.0,339,
user_04231,TRT,0.0,,07-10-2024,tablet,USA,42.0,186,
user_03097,treatment,1.0,130.85,06/21/2024,mobile,United States,22.0,573,
user_08453,treatment,1.0,84.88,15-03-2024,mobile,USA,40.0,312,
user_00994,treatment,0.0,23.13,11/22/2024,tablet,US,30.0,30,
user_00941,control,1.0,20.74,2024-08-08,desktop,USA,40.0,512,
user_01088,treatment,0.0,180.96,03/27/2024,tablet,USA,43.0,70,
user_06094,control,1.0,$110.68,09-09-2024,Mobile,IN,24.0,65,
user_08432,control,,165.38,05/05/2024,tablet,US,48.0,342,
user_03316,control,1.0,181.53,10/01/2024,desktop,United Kingdom,31.0,334,
user_02920,treatment ,,106.38,04/02/2024,tablet,US,59.0,0,
user_01577,control,1.0,172.46,01/02/2024,mobile,US,56.0,395,
user_00195,treatment ,0.0,83.98,2024-01-30,mobile,United States,59.0,0,
user_07902, treatment,1.0,152.83,04-12-2024,desktop ,UK,64.0,530,
user_04855,test,1.0,174.08,09/04/2024,tablet,United States,63.0,0,
user_06251,control,0.0,13.85,2024-08-15,mobile,India,49.0,81,
user_01669,control,1.0,160.33,07/31/2024,mobile,United Kingdom,18.0,448,
user_08022,treatment,1.0,91.73,12/30/2024,tablet,US,43.0,509,
user_00892,control,2.0,39.87,12/31/2024,mobile,USA,28.0,484,
user_00990,treatment,1.0,81.22,2024-09-28,mobile,USA,48.0,203,
user_04701,control,1.0,119.31,11-02-2024,mobile,USA,41.0,583,
user_08501,control,,183.88,2024-03-20,tablet,India,49.0,221,
user_03428,control,0.0,150.92,2024-07-09,mobile,United States,23.0,206,
user_08293,treatment,1.0,76.99,06-11-2024,mobile,US,58.0,332,
user_00785,control,0.0,56.06,16-09-2024,tablet,UK,31.0,156,
user_03384,control,0.0,48.21,13-11-2024,Mobile,USA,49.0,87,
user_04624,treatment,,139.99,17-06-2024,mobile,UK,18.0,341,
user_01699,control,1.0,32.65,08-09-2024,Desktop,US,60.0,571,
user_07120,treatment,1.0,"892,31",27-09-2024,desktop,USA,59.0,261,
user_00526, TRT,0.0,,06-07-2024,desktop ,USA,52.0,0,
user_06363,control,0.0,104.23,19-04-2024,desktop,USA,20.0,492,
user_00716,control,,57.24,07/12/2024,Android,United States,34.0,571,
user_06385,control,0.0,177.88,2024-01-24,desktop,United States,28.0,99,
user_06604,Control,0.0,146.45,2024-10-20,Android,India,47.0,429,
user_06628,control,0.0,179.41,21-05-2024,tablet,IN,57.0,78,
user_06409,control,0.0,-42.37,07/17/2024,desktop,United Kingdom,46.0,190,
user_08726,control,2.0,$21.99,2024-07-04,iPhone,United States,27.0,244,
user_07580,control,0.0,$55.71,2024-10-28,mobile,US,59.0,401,
user_01616,treatment,1.0,45.8,2024-09-25,Android,US,47.0,246,
user_05208,control,1.0,86.63,05/19/2024,mobile,UK,55.0,69,
user_04638,control,0.0,36.16,25-03-2024,Android,India,31.0,245,
user_08480,Control,1.0,,20-02-2024,iPhone,USA,63.0,214,
user_05440,TRT,0.0,159.32,22-05-2024,mobile,United States,20.0,0,
user_05774,control,0.0,61.96,12/05/2024,desktop,United States,45.0,437,
user_04629,treatment,0.0,"914,16",01/28/2024,Android,US,60.0,360,
user_08132,treatment,1.0,177.88,2024-07-11,desktop,US,55.0,335,
user_03197,test,0.0,$147.54,06-02-2024,iPhone,United Kingdom,21.0,565,
user_06157,control,0.0,82.04,06/26/2024,mobile,IN,43.0,0,
user_06950,treatment,1.0,-16.24,09/26/2024,tablet,IN,49.0,0,
user_08995,treatment,0.0,60.11,04/07/2024,desktop,India,60.0,142,
user_02235,treatment,1.0,24.62,23-03-2024,tablet,US,52.0,-73,
user_00132,treatment ,,123.6,2024-12-05,mobile,USA,29.0,-12,
user_08717,treatment,0.0,187.81,11/22/2024,mobile,US,41.0,0,
user_04483,treatment,1.0,19.6,2024-04-05,Mobile,United Kingdom,57.0,364,
user_01028,control,,11.71,03/25/2024,mobile,United States,32.0,319,
user_02232,treatment,0.0,,28-03-2024,desktop,UK,39.0,548,
user_05882,control,0.0,88.04,2024-03-10,Desktop,India,47.0,253,
user_01780,treatment,0.0,-34.71,2024-07-24,desktop,USA,37.0,373,
user_00067,treatment,1.0,86.55,13-11-2024,desktop,USA,55.0,519,
user_01024,treatment,0.0,-65.84,21-02-2024,iPhone,USA,21.0,390,
user_05063,treatment,0.0,130.43,2024-06-15,tablet,US,19.0,378,
user_05541, treatment,1.0,11.19,2024-10-02,desktop ,UK,36.0,527,
user_08571,treatment,1.0,,09/07/2024,mobile,IN,24.0,-40,
user_07229,treatment,0.0,57.8,09-03-2024,desktop,India,54.0,0,
user_07726,treatment,1.0,25.9,2024-12-27,mobile,UK,61.0,163,
user_03493,control,0.0,,2024-01-31,desktop,United Kingdom,65.0,561,
user_01985,control,1.0,14.9,2024-08-12,mobile,USA,39.0,354,
user_00891,treatment,,-99.62,22-09-2024,desktop,United States,65.0,419,
user_05135,control,0.0,151.76,2024-06-26,Mobile,US,65.0,506,
user_08190,control,0.0,13.39,02/14/2024,tablet,US,60.0,526,
user_07429,treatment,0.0,24.13,26-01-2024,desktop,United States,27.0,43,
user_00650,treatment,1.0,37.48,2024-01-18,mobile,IN,54.0,279,
user_00889,control,0.0,181.9,2024-02-07,mobile,United Kingdom,30.0,248,
user_04554,treatment,2.0,165.48,05/11/2024,Desktop,United States,40.0,0,
user_07969,control,0.0,,2024-07-25,Android,US,51.0,0,
user_02226,treatment ,0.0,97.62,11/24/2024,mobile,US,56.0,555,
user_01054,treatment,1.0,,07/09/2024,desktop,US,57.0,100,
user_04552,treatment,0.0,"655,75",2024-08-16,desktop,India,63.0,515,
user_08759,treatment,0.0,,16-07-2024,mobile,USA,58.0,581,
user_01036,treatment,0.0,198.21,22-05-2024,Desktop,US,32.0,411,
user_03732,treatment,0.0,113.84,02-12-2024,Mobile,US,60.0,84,
user_08861,treatment,1.0,-87.86,05/30/2024,desktop,United States,52.0,158,
user_00194, treatment,2.0,104.36,22-07-2024,mobile ,US,58.0,36,
user_02702,treatment,0.0,169.51,01/13/2024,desktop,United States,38.0,460,
user_01542,control,0.0,,02/24/2024,mobile,UK,26.0,294,
user_06717,treatment,0.0,50.14,01/01/2024,desktop,US,33.0,-61,
user_00294,treatment,1.0,28816.83,09/13/2024,mobile,US,51.0,196,
user_03203,treatment ,2.0,,01/25/2024,Mobile,US,53.0,310,
user_08900,treatment,1.0,"307,15",2024-03-08,mobile,USA,30.0,596,
user_01989,control,,37.35,07/27/2024,desktop,IN,35.0,521,
user_06054,control,1.0,189.76,03/24/2024,Android,United Kingdom,38.0,102,
user_05952,treatment ,1.0,42.84,24-06-2024,desktop,UK,45.0,0,
user_03728,control,0.0,195.3,02-06-2024,desktop,UK,,537,
user_00707,treatment,0.0,135.39,2024-08-16,desktop,US,29.0,99,
user_02593,Control,0.0,126.31,03/19/2024,Desktop,USA,57.0,225,
user_04693,TRT,0.0,160.21,2024-04-17,iPhone,US,56.0,-46,
user_01144,control,1.0,68.08,2024-12-25,mobile,United Kingdom,65.0,534,
user_00884,treatment,1.0,,05/05/2024,mobile,USA,47.0,0,
user_01004,treatment,1.0,-86.62,04/03/2024,mobile,IN,57.0,325,
user_06204,control,0.0,174.15,11/20/2024,tablet,USA,18.0,39,
user_07827,control,1.0,61.43,06-09-2024,tablet,United States,30.0,33,
user_04834,control,0.0,175.22,08/16/2024,desktop,United Kingdom,46.0,44,
user_01799,treatment,1.0,128.27,09-06-2024,Mobile,US,31.0,529,
user_07738,test,0.0,134.18,10/17/2024,Android,US,102.0,-38,
user_07334,control,1.0,15.62,22-10-2024,desktop,IN,26.0,419,
user_02461,control,1.0,"163,38",10-11-2024,Mobile,USA,45.0,537,
user_03329,control,,43.53,08/27/2024,desktop,IN,34.0,128,
user_07205,treatment,0.0,188.68,08-07-2024,mobile,US,35.0,216,
user_01627,control,1.0,123.98,05/28/2024,mobile,UK,24.0,435,
user_01063,control,0.0,61.64,16-05-2024,desktop,US,45.0,203,
user_05796,treatment ,0.0,127.52,20-11-2024,mobile,US,,-65,
user_04021,treatment,,151.32,09-08-2024,mobile,United States,,107,
user_00332,treatment,0.0,128.1,2024-12-01,mobile,USA,33.0,453,
user_03062,treatment,1.0,170.88,09/24/2024,mobile,United Kingdom,26.0,0,
user_06432,treatment,0.0,27.83,2024-03-14,desktop,US,51.0,114,
user_02560,treatment,0.0,174.58,2024-10-04,desktop,India,51.0,413,
user_07944,treatment ,0.0,47.47,08/17/2024,mobile,US,52.0,587,
user_08105,treatment,0.0,173.91,2024-08-22,desktop,USA,55.0,543,
user_04730,treatment,0.0,145.36,09-05-2024,desktop,USA,57.0,216,
user_01553,TRT,,123.52,12/01/2024,tablet,USA,43.0,290,
user_07257,treatment,2.0,94.98,26-12-2024,desktop,USA,24.0,542,
user_06327,control,1.0,"928,17",02/14/2024,tablet,United States,44.0,600,
user_02939,control,,49.57,2024-03-21,tablet,IN,46.0,423,
user_01013,treatment,1.0,93.38,06/26/2024,desktop,United Kingdom,33.0,469,
user_01988,treatment,1.0,103.45,15-02-2024,mobile,US,35.0,377,
user_06862,control,0.0,122.04,2024-09-18,tablet,India,55.0,520,
user_08204,treatment,1.0,139.59,12/03/2024,desktop,United Kingdom,51.0,573,
user_00468,Control,1.0,35.68,2024-04-24,desktop,US,42.0,462,
user_01439,treatment,0.0,59.46,2024-05-20,desktop,UK,46.0,512,
user_07579, control,0.0,116.93,2024-09-29,Desktop ,USA,53.0,336,
user_00404,control,0.0,103.96,04/16/2024,mobile,USA,21.0,429,
user_05352,control,0.0,102.87,04/02/2024,mobile,US,60.0,514,
user_07551,treatment,0.0,150.74,12/27/2024,Desktop,USA,58.0,71,
user_03896,control,1.0,89.94,07/29/2024,mobile,USA,56.0,456,
user_08041,treatment,1.0,,2024-02-25,Android,United States,26.0,431,
user_02372,treatment,2.0,98.97,2024-02-18,desktop,United Kingdom,22.0,369,
user_00995,control,0.0,-25.12,22-02-2024,tablet,USA,24.0,98,
user_03485,control,2.0,60.07,2024-05-04,desktop,UK,60.0,461,
user_04844, control,0.0,,2024-05-26,Android ,IN,44.0,286,
user_08270,control,1.0,184.61,10/03/2024,tablet,USA,22.0,337,
user_03557,treatment,0.0,170.23,2024-12-28,tablet,United Kingdom,27.0,299,
user_01508,treatment ,1.0,,08/13/2024,tablet,US,45.0,373,
user_04425,treatment,1.0,94.41,2024-12-16,mobile,UK,63.0,362,
user_07470,treatment,0.0,106.05,06-02-2024,Desktop,United Kingdom,22.0,531,
user_02375,control,1.0,137.13,08/29/2024,desktop,IN,18.0,389,
user_04183,control,0.0,130.07,2024-07-11,tablet,India,52.0,437,
user_03927,treatment,0.0,192.18,08/12/2024,tablet,UK,39.0,571,
user_00405,treatment,0.0,,2024-11-03,desktop,United States,55.0,34,
user_03979,treatment ,1.0,104.78,21-08-2024,Mobile,USA,27.0,37,
user_07174,treatment,0.0,108.81,09-09-2024,mobile,US,54.0,575,
user_01390,treatment,1.0,98.31,04-05-2024,mobile,United States,22.0,77,
user_05021,control,1.0,144.16,05/02/2024,desktop,US,,285,
user_06091,control,0.0,10.3,21-04-2024,mobile,US,33.0,492,
user_00055,control,1.0,136.62,2024-08-25,iPhone,US,50.0,554,
user_05002,control,0.0,107.93,15-11-2024,tablet,India,44.0,476,
user_01261,Control,0.0,98.11,10-06-2024,desktop,US,,575,
user_02229,TRT,1.0,50.85,02/08/2024,tablet,USA,48.0,414,
user_00792,TRT,0.0,177.06,2024-10-24,tablet,United States,23.0,0,
user_05152,test,1.0,124.21,2024-10-14,mobile,United Kingdom,48.0,313,
user_04117,treatment,0.0,156.87,11-07-2024,Mobile,US,45.0,475,
user_07304,TRT,1.0,,09/18/2024,iPhone,USA,57.0,235,
user_00289,control,0.0,,19-04-2024,tablet,US,52.0,303,
user_01135,treatment,1.0,$56.04,01-10-2024,mobile,IN,45.0,228,
user_05724,control,,75.89,24-08-2024,tablet,USA,62.0,304,
user_07822,control,0.0,181.67,14-05-2024,desktop,India,44.0,111,
user_01888,control,0.0,81.2,2024-02-18,mobile,USA,40.0,393,
user_07475,control,0.0,,20-09-2024,mobile,UK,62.0,273,
user_06922,control,0.0,37.61,07/14/2024,desktop,IN,25.0,258,
user_00444,control,,97.46,07-10-2024,mobile,IN,18.0,375,
user_04305,treatment,0.0,168.81,15-09-2024,tablet,USA,44.0,227,
user_02364,TRT,1.0,,2024-10-07,tablet,US,53.0,433,
user_03512,control,1.0,156.64,2024-02-28,tablet,US,31.0,589,
user_06850,control,1.0,125.21,2024-05-21,tablet,US,34.0,123,
user_04302,treatment,2.0,"625,72",15-08-2024,iPhone,UK,24.0,466,
user_05266,treatment,0.0,140.93,20-11-2024,mobile,US,,567,
user_07066,control,1.0,139.58,2024-12-30,desktop,IN,64.0,0,
user_00747,treatment,1.0,154.72,10/13/2024,mobile,US,50.0,294,
user_08703,treatment,1.0,124.6,12/09/2024,tablet,UK,57.0,385,
user_08851,control,0.0,26.71,2024-05-03,desktop,US,65.0,0,
user_00179,control,0.0,195.13,2024-11-08,desktop,USA,44.0,133,
user_06596,control,1.0,138.4,2024-12-09,mobile,UK,29.0,135,
user_05078, control,0.0,19.92,2024-08-07,desktop ,UK,59.0,132,
user_03586,Control,1.0,$186.04,10/13/2024,iPhone,US,22.0,287,
user_07591,TRT,0.0,55.54,10/31/2024,desktop,US,41.0,260,
user_03698,treatment,,160.03,2024-04-10,Desktop,US,42.0,0,
user_07558,control,1.0,,2024-04-06,Android,USA,55.0,378,
user_02717,treatment,,39.48,02/28/2024,tablet,India,18.0,-71,
user_08791,control,,$166.53,24-05-2024,mobile,United States,28.0,422,
user_00719,treatment,1.0,80.3,2024-06-08,desktop,United Kingdom,60.0,0,
user_07273,control,0.0,110.35,2024-08-31,tablet,US,64.0,207,
user_00081,treatment,0.0,126.74,2024-05-11,tablet,USA,51.0,476,
user_08618,treatment,,110.67,2024-04-13,tablet,UK,39.0,421,
user_01850,treatment,0.0,82.0,2024-02-12,tablet,United States,65.0,0,
user_07642,treatment,1.0,149.0,2024-03-07,Android,US,,397,
user_02554,treatment,0.0,28.01,14-02-2024,mobile,UK,63.0,599,
user_01443,TRT,0.0,131.14,27-11-2024,desktop,United Kingdom,33.0,157,
user_08034,control,1.0,50.11,11-01-2024,mobile,US,37.0,197,
user_01703,treatment,0.0,163.8,2024-08-15,mobile,United Kingdom,58.0,499,
user_06810,control,0.0,88.6,2024-05-13,desktop,US,,262,
user_05351,TRT,,96.84,2024-09-12,desktop,United Kingdom,,597,
user_01781,treatment ,0.0,83.21,01/22/2024,desktop,IN,45.0,281,
user_00025,control,1.0,191.15,2024-04-05,tablet,US,41.0,453,
user_03353,treatment,2.0,175.54,07-06-2024,Mobile,USA,,204,
user_05435,treatment,1.0,107.77,2024-04-16,iPhone,IN,51.0,519,
user_05588,treatment,0.0,90.54,2024-01-04,mobile,India,29.0,342,
user_04214,control,1.0,19.83,2024-06-11,Desktop,IN,,585,
user_01160,control,1.0,13.75,03-09-2024,mobile,United States,48.0,550,
user_00460,treatment,1.0,135.75,2024-09-29,desktop,IN,26.0,474,
user_01812,treatment,0.0,16.03,01/20/2024,desktop,India,6.0,356,
user_02668,treatment,0.0,178.43,28-08-2024,mobile,USA,42.0,58,
user_04942,control,1.0,20.3,2024-05-01,mobile,United Kingdom,27.0,464,
user_01845,control,0.0,30.22,2024-09-07,mobile,US,46.0,35,
user_07583,Control,0.0,148.08,28-05-2024,Mobile,India,45.0,232,
user_07900,TRT,0.0,120.78,07/17/2024,Desktop,United Kingdom,59.0,590,
user_07344,treatment ,0.0,195.49,12/18/2024,tablet,US,27.0,-75,
user_00756,treatment,2.0,154.62,05-12-2024,desktop,USA,59.0,44,
user_07641,control,1.0,51.42,12/05/2024,Desktop,United States,24.0,597,
user_04166,control,2.0,60.89,05/11/2024,desktop,United Kingdom,25.0,434,
user_08309,treatment,1.0,141.12,10-10-2024,iPhone,USA,30.0,73,
user_00006,control,1.0,,2024-12-20,mobile,US,52.0,-66,
user_00450,control,0.0,22.82,15-01-2024,Android,IN,62.0,469,
user_07006,treatment,0.0,45.55,24-12-2024,Mobile,US,44.0,271,
user_08171,control,1.0,103.63,31-08-2024,mobile,United Kingdom,58.0,477,
user_08821,control,0.0,194.76,02-03-2024,desktop,US,,0,
user_05323,control,1.0,148.92,10/30/2024,tablet,IN,57.0,511,
user_01655,treatment,1.0,19.48,11/01/2024,Desktop,United States,38.0,-80,
user_08948,TRT,1.0,168.4,2024-05-06,tablet,US,51.0,520,
user_00169,treatment,1.0,148.4,2024-01-17,mobile,United Kingdom,44.0,0,
user_02578,control,0.0,87.22,20-07-2024,desktop,US,42.0,519,
user_05741,TRT,0.0,167.66,2024-07-20,desktop,United Kingdom,24.0,35,
user_00829,treatment,1.0,167.81,2024-07-05,desktop,USA,39.0,477,
user_08419,treatment,1.0,28.98,24-05-2024,mobile,United States,63.0,323,
user_01085,control,1.0,24607.59,14-02-2024,desktop,UK,44.0,0,
user_03786,Control,0.0,-47.93,2024-01-19,desktop,USA,,0,
user_02784,treatment,,97.42,2024-05-04,desktop,UK,28.0,76,
user_04208,control,1.0,,13-04-2024,desktop,USA,60.0,194,
user_01515,control,0.0,119.24,2024-04-06,desktop,India,59.0,112,
user_00347,control,1.0,105.04,22-06-2024,mobile,USA,54.0,469,
user_00445,treatment,0.0,133.04,2024-09-03,mobile,United States,20.0,-86,
user_03755,TRT,1.0,175.62,11-10-2024,desktop,UK,50.0,66,
user_00048,control,0.0,69.79,23-04-2024,Android,USA,,390,
user_07484,control,1.0,173.34,03/25/2024,Mobile,IN,62.0,398,
user_00308,control,,183.04,2024-02-18,mobile,IN,65.0,413,
user_07807, treatment,1.0,-32.71,06/05/2024,Desktop ,US,32.0,0,
user_05626,treatment,2.0,63.89,16-12-2024,desktop,United Kingdom,41.0,114,
user_02655,treatment,1.0,195.13,2024-04-19,desktop,US,30.0,-48,
user_02795,treatment,1.0,168.33,2024-06-05,mobile,US,33.0,533,
user_08625,control,,"362,74",01/11/2024,desktop,US,56.0,-24,
user_02326,control,0.0,121.19,2024-08-03,tablet,USA,56.0,238,
user_07134,control,0.0,10.34,20-01-2024,mobile,US,34.0,173,
user_06982,control,,-54.61,2024-02-27,mobile,IN,64.0,425,
user_00385,TRT,,163.94,01/26/2024,desktop,US,30.0,591,
user_08695, test,1.0,161.06,05-09-2024,iPhone ,India,19.0,187,
user_04850,TRT,0.0,75.87,2024-07-05,Android,UK,38.0,90,
user_00854,treatment,2.0,55.69,2024-07-20,Desktop,US,39.0,521,
user_08601,control,0.0,27.97,2024-04-01,Desktop,UK,21.0,471,
user_02559,treatment,1.0,145.99,2024-06-13,mobile,IN,47.0,67,
user_02156,treatment,0.0,137.24,07/17/2024,desktop,US,,147,
user_06165,control,0.0,32.59,25-06-2024,mobile,USA,32.0,481,
user_01861,control,0.0,144.07,06/13/2024,tablet,IN,22.0,503,
user_00205,treatment,1.0,24.66,24-06-2024,desktop,US,46.0,154,
user_06506,TRT,1.0,33006.48,17-04-2024,iPhone,US,34.0,525,
user_03378,treatment,0.0,34.76,2024-03-06,desktop,USA,53.0,179,
user_00735,treatment ,1.0,121.32,03-04-2024,mobile,UK,28.0,453,
user_00916,treatment ,,83.29,11/11/2024,tablet,US,31.0,156,
user_03611,control,0.0,,2024-08-24,desktop,US,44.0,120,
user_03822,control,,60.93,2024-12-26,desktop,US,33.0,270,
user_05935,treatment,,110.39,07/18/2024,tablet,United States,56.0,-17,
user_00472,treatment,0.0,178.19,2024-09-22,tablet,US,58.0,89,
user_02557,treatment,0.0,162.47,10-11-2024,mobile,US,29.0,480,
user_03605,control,,44.2,2024-10-21,tablet,United Kingdom,34.0,486,
user_00424,treatment,0.0,117.85,2024-01-26,desktop,US,53.0,32,
user_01322,treatment,1.0,73.32,19-12-2024,mobile,United States,60.0,451,
user_07166,control,0.0,46.88,13-06-2024,mobile,US,,596,
user_05696,control,,198.07,27-01-2024,mobile,USA,48.0,69,
user_08123,control,,189.34,23-01-2024,mobile,United Kingdom,,-45,
user_04819,treatment,0.0,39.79,23-07-2024,iPhone,USA,25.0,546,
user_08208,treatment ,1.0,89.89,05/15/2024,mobile,USA,50.0,319,
user_03449,treatment,0.0,77.57,02-03-2024,mobile,UK,,268,
user_03743,treatment,1.0,120.22,31-05-2024,tablet,US,32.0,530,
user_06902,treatment,0.0,59.41,10/02/2024,desktop,US,61.0,435,
user_00480,control,0.0,51.02,2024-02-27,desktop,UK,50.0,326,
user_00834,control,0.0,19681.03,2024-08-11,mobile,US,39.0,306,
user_00401,control,1.0,133.06,2024-11-19,mobile,US,33.0,348,
user_04912,treatment,2.0,90.86,2024-08-11,mobile,IN,23.0,218,
user_00529,control,0.0,$11.08,09-07-2024,tablet,IN,47.0,187,
user_02066,control,0.0,116.07,2024-07-06,desktop,United States,44.0,221,
user_00642,control,0.0,19.41,28-12-2024,Android,US,18.0,0,
user_04250,treatment,1.0,185.97,2024-03-21,desktop,US,46.0,0,
user_01554,treatment,0.0,12407.65,2024-12-08,mobile,UK,21.0,127,
user_00837,treatment ,0.0,136.08,2024-10-26,mobile,India,60.0,448,
user_07476,treatment,1.0,138.33,2024-01-10,tablet,US,53.0,502,
user_07628,treatment,1.0,101.46,12/03/2024,tablet,UK,46.0,371,
user_06463,treatment,,102.23,01/31/2024,iPhone,US,39.0,0,
user_08223,treatment,0.0,178.42,10-01-2024,mobile,US,49.0,229,
user_08615,control,1.0,120.59,02/20/2024,Desktop,USA,53.0,39,
user_05326,test,0.0,97.91,04-06-2024,mobile,USA,24.0,270,
user_02113,treatment,1.0,138.02,2024-04-08,iPhone,USA,34.0,430,
user_05257,treatment,0.0,183.89,23-02-2024,mobile,US,24.0,287,
user_01917,treatment,1.0,14819.66,31-03-2024,tablet,USA,46.0,286,
user_00100,treatment ,1.0,115.66,10/26/2024,Mobile,United States,54.0,569,
user_04576,treatment,0.0,49.96,2024-01-11,mobile,United Kingdom,34.0,415,
user_03750,treatment,1.0,154.14,18-09-2024,mobile,USA,35.0,402,
user_04200,treatment,,100.82,03/02/2024,iPhone,United States,27.0,378,
user_01067,control,0.0,,2024-01-19,mobile,IN,36.0,-39,
user_00782,control,,89.27,07/19/2024,mobile,IN,56.0,119,
user_04054,treatment,1.0,-97.17,08-10-2024,tablet,US,29.0,366,
user_08090,control,1.0,87.19,01/05/2024,desktop,USA,56.0,509,
user_04953,control,2.0,93.79,2024-12-30,mobile,United States,32.0,449,
user_01856,control,0.0,28.01,12/18/2024,tablet,USA,33.0,0,
user_05511,control,0.0,188.32,2024-05-23,Desktop,IN,60.0,445,
user_03964,control,0.0,189.83,2024-08-28,mobile,IN,44.0,536,
user_04933,control,1.0,187.09,01/30/2024,tablet,IN,,121,
user_01300,control,0.0,,01-06-2024,desktop,United Kingdom,,168,
user_03543,treatment ,0.0,90.68,03/29/2024,desktop,United States,38.0,50,
user_00900,control,1.0,197.3,03-12-2024,desktop,US,44.0,139,
user_00102,treatment ,,137.33,2024-11-29,desktop,US,43.0,0,
user_07211,treatment ,,83.16,07/18/2024,Android,USA,57.0,193,
user_00093,control,0.0,$151.81,09/24/2024,mobile,UK,44.0,488,
user_00483,treatment,1.0,108.07,23-11-2024,tablet,US,19.0,564,
user_05231,treatment,,32.37,20-06-2024,Desktop,IN,45.0,0,
user_00914,treatment,1.0,178.43,2024-07-12,mobile,US,49.0,-94,
user_04614,treatment,,172.17,13-05-2024,desktop,United Kingdom,59.0,403,
user_01851,Control,,153.68,2024-07-02,mobile,US,38.0,252,
user_06553,control,1.0,104.16,30-11-2024,desktop,USA,40.0,366,
user_03817,control,0.0,156.97,18-12-2024,desktop,United States,43.0,565,
user_05989,treatment,0.0,17.06,16-05-2024,mobile,US,33.0,0,
user_06198,treatment,1.0,163.13,13-12-2024,tablet,United Kingdom,63.0,235,
user_08648,TRT,0.0,,2024-04-16,mobile,USA,23.0,243,
user_06688,control,0.0,19.39,06/08/2024,mobile,United States,46.0,441,
user_08424,Control,1.0,94.83,18-11-2024,Desktop,United Kingdom,51.0,248,
user_07802,control,0.0,79.22,10/20/2024,desktop,USA,31.0,222,
user_08576,treatment,1.0,,23-04-2024,Android,US,63.0,388,
user_04577,control,0.0,101.19,04-10-2024,desktop,US,50.0,-92,
user_05661,control,0.0,"208,50",31-01-2024,desktop,USA,18.0,438,
user_04868,control,1.0,26.54,08/10/2024,mobile,US,33.0,260,
user_00711,control,2.0,26.08,2024-11-20,iPhone,USA,65.0,0,
user_01115,Control,0.0,179.04,2024-06-25,tablet,IN,26.0,95,
user_02903,control,0.0,31.69,02-04-2024,desktop,US,42.0,352,
user_07432,treatment,0.0,194.12,09/05/2024,desktop,UK,36.0,568,
user_06736,treatment,1.0,37.81,01/14/2024,mobile,United States,58.0,187,
user_00361,control,1.0,"831,63",29-04-2024,Mobile,India,42.0,30,
user_00787,treatment,1.0,,09/06/2024,tablet,USA,51.0,350,
user_04145,treatment,,78.98,09/29/2024,desktop,India,24.0,530,
user_04156,control,0.0,12.75,2024-12-20,desktop,India,18.0,372,
user_08935,control,,173.52,12/30/2024,desktop,India,44.0,76,
user_06294,treatment,0.0,60.88,2024-02-01,desktop,United States,22.0,393,
user_04064,control,1.0,167.55,2024-03-21,desktop,IN,42.0,187,
user_08499,treatment,1.0,67.55,19-03-2024,mobile,UK,41.0,279,
user_04362,control,,60.54,2024-02-14,desktop,United Kingdom,51.0,402,
user_05635,treatment,0.0,,02/18/2024,desktop,United States,42.0,571,
user_05309,TRT,,72.41,11/13/2024,Mobile,UK,35.0,144,
user_03841,TRT,0.0,137.47,11/16/2024,desktop,IN,48.0,334,
user_07891,treatment,1.0,156.12,2024-01-25,desktop,USA,21.0,0,
user_08017,control,1.0,-48.34,09/30/2024,desktop,USA,49.0,0,
user_08283,treatment,0.0,177.14,05/02/2024,tablet,USA,63.0,323,
user_07808,control,2.0,162.02,11/06/2024,mobile,UK,62.0,388,
user_00212,control,0.0,16.64,23-03-2024,Desktop,US,36.0,499,
user_00562,Control,,-37.76,09/15/2024,Android,India,31.0,589,
user_08865,test,1.0,19.7,06-02-2024,Mobile,India,60.0,416,
user_07081,TRT,0.0,162.68,2024-03-03,desktop,United States,38.0,-28,
user_00284,control,1.0,181.65,11/14/2024,Desktop,US,40.0,0,
user_03935,TRT,0.0,162.58,19-09-2024,desktop,USA,63.0,318,
user_08846,treatment,,21.86,09/09/2024,mobile,IN,54.0,363,
user_04357,Control,0.0,28.51,2024-06-20,Desktop,US,37.0,82,
user_04215,control,0.0,19.55,27-08-2024,mobile,US,,475,
user_05737,control,0.0,180.4,28-05-2024,desktop,IN,48.0,94,
user_02550,treatment,,154.8,24-08-2024,mobile,UK,,91,
user_08367,control,1.0,115.99,2024-08-05,desktop,US,51.0,0,
user_04249,control,0.0,74.9,02-03-2024,desktop,USA,47.0,155,
user_06359,control,1.0,104.31,08/25/2024,Android,USA,38.0,229,
user_05167,treatment,0.0,"498,51",11/07/2024,iPhone,United Kingdom,41.0,113,
user_05478,treatment,,131.77,07-03-2024,desktop,India,42.0,203,
user_07194,control,1.0,39.45,05/20/2024,Mobile,US,63.0,182,
user_06619,treatment,0.0,$142.37,2024-06-08,Android,United States,24.0,0,
user_02525,treatment,1.0,45.38,2024-05-28,desktop,UK,26.0,109,
user_04095,treatment ,0.0,-91.1,28-07-2024,mobile,US,46.0,591,
user_01048,treatment,,65.58,2024-07-28,mobile,US,23.0,394,
user_03651,treatment,0.0,186.38,07-12-2024,mobile,United Kingdom,43.0,415,
user_00604,treatment ,0.0,164.03,2024-09-04,tablet,USA,49.0,444,
user_05877,control,0.0,120.47,13-11-2024,tablet,US,32.0,289,
user_00742,control,0.0,78.19,06/16/2024,desktop,United States,21.0,559,
user_03526,treatment,1.0,102.65,10/17/2024,mobile,USA,58.0,93,
user_02378,control,0.0,56.34,11/29/2024,iPhone,IN,59.0,0,
user_08355,treatment,1.0,-28.98,07-12-2024,tablet,IN,44.0,77,
user_04740,control,1.0,,2024-09-29,mobile,US,42.0,0,
user_02447,treatment,1.0,70.92,01/09/2024,mobile,US,35.0,528,
user_00202,control,,160.93,08/08/2024,Desktop,US,57.0,-79,
user_08867,treatment,1.0,64.63,09/13/2024,desktop,India,46.0,43,
user_05576,control,1.0,129.62,2024-02-21,Mobile,US,35.0,451,
user_01470,treatment,0.0,,05/03/2024,tablet,UK,46.0,0,
user_02822,control,1.0,$16.18,01/21/2024,desktop,US,21.0,574,
user_07176,control,0.0,,10/21/2024,Mobile,United Kingdom,38.0,288,
user_05285,control,1.0,72.14,05/24/2024,desktop,IN,47.0,161,
user_08664,treatment,0.0,123.66,11/10/2024,mobile,IN,43.0,-88,
user_03790, control,0.0,-63.87,2024-05-26,desktop ,US,26.0,346,
user_05360,test,0.0,73.65,2024-08-27,mobile,US,28.0,441,
user_00787,treatment,1.0,98.17,05/05/2024,Mobile,USA,33.0,0,
user_00419,treatment,1.0,33.03,27-07-2024,desktop,United States,57.0,125,
user_01035,treatment,1.0,92.23,04/02/2024,tablet,United States,37.0,102,
user_00436,control,0.0,151.15,12/06/2024,Android,US,53.0,436,
user_04861,control,0.0,93.42,01/10/2024,mobile,United States,27.0,41,
user_00311,control,1.0,75.86,08/21/2024,desktop,United States,32.0,298,
user_00546,TRT,0.0,38.63,18-02-2024,desktop,US,57.0,502,
user_08638,control,0.0,174.26,11/19/2024,tablet,India,62.0,439,
user_04031,control,1.0,35.49,2024-05-15,desktop,USA,29.0,200,
user_07082,control,,28.15,2024-12-10,mobile,IN,33.0,194,
user_08855,TRT,1.0,,24-11-2024,Mobile,USA,37.0,125,
user_02454,treatment,1.0,26.0,24-05-2024,mobile,US,55.0,100,
user_05500,treatment ,1.0,118.47,2024-04-07,mobile,IN,27.0,54,
user_06461,control,0.0,,02/07/2024,Mobile,US,50.0,61,
user_07632,treatment,0.0,199.35,07/10/2024,iPhone,USA,60.0,181,
user_06430,treatment,0.0,161.07,04/29/2024,iPhone,USA,60.0,-55,
user_02923,treatment ,2.0,,2024-10-21,desktop,India,,387,
user_06346,treatment,1.0,56.43,04/04/2024,iPhone,USA,22.0,0,
user_06924,treatment,0.0,35.02,10-11-2024,tablet,USA,25.0,-12,
user_00620,control,0.0,158.46,2024-04-30,desktop,IN,53.0,209,
user_00802,TRT,1.0,152.34,2024-05-19,desktop,US,25.0,479,
user_03444,control,0.0,18.46,2024-12-25,Mobile,US,41.0,316,
user_07061,control,0.0,169.62,2024-04-16,mobile,United Kingdom,49.0,273,
user_00250, control,0.0,115.79,12/07/2024,tablet ,United Kingdom,57.0,432,
user_03320,treatment,1.0,150.01,2024-06-22,Android,US,51.0,180,
user_00793,treatment,0.0,130.69,19-10-2024,Android,IN,50.0,-68,
user_07954,treatment,0.0,88.74,09/28/2024,mobile,US,22.0,251,
user_04745,treatment,,173.87,12/10/2024,Android,US,38.0,473,
user_04750,control,2.0,157.52,2024-02-21,Desktop,US,25.0,296,
user_02645,control,0.0,37.24,02/04/2024,mobile,IN,,430,
user_04197,treatment,0.0,141.05,2024-06-21,mobile,USA,39.0,586,
user_05816,control,1.0,48.94,01/13/2024,tablet,USA,29.0,113,
user_00963,control,0.0,186.38,03-12-2024,desktop,USA,,155,
user_05057, control,2.0,,2024-08-07,desktop ,United Kingdom,61.0,428,
user_00738,treatment,0.0,84.74,2024-03-03,Mobile,IN,38.0,127,
user_05894,control,0.0,121.0,2024-08-18,mobile,UK,51.0,394,
user_06348,control,1.0,195.78,2024-03-12,tablet,United Kingdom,45.0,206,
user_05107,TRT,1.0,36.91,2024-10-27,mobile,US,64.0,295,
user_03413,control,0.0,142.2,2024-10-11,Desktop,US,48.0,90,
user_07271,control,0.0,181.39,19-12-2024,tablet,UK,21.0,433,
user_03484, treatment,1.0,150.22,08/03/2024,desktop ,US,54.0,562,
user_01039,treatment ,0.0,"535,43",2024-09-03,desktop,US,57.0,0,
user_04424,treatment,0.0,180.18,2024-10-24,Mobile,US,31.0,0,
user_01622,TRT,0.0,190.3,23-09-2024,mobile,USA,63.0,477,
user_07855,treatment ,0.0,83.75,27-11-2024,iPhone,US,22.0,331,
user_03260,test,0.0,,23-01-2024,desktop,US,65.0,553,
user_00372,control,,-57.94,2024-09-13,iPhone,US,57.0,411,
user_00267,treatment,0.0,,2024-12-14,tablet,United States,33.0,81,
user_00750, treatment,0.0,142.2,01/16/2024,mobile ,UK,22.0,248,
user_00375,treatment,0.0,166.73,30-04-2024,mobile,US,47.0,566,
user_04858,treatment,0.0,116.45,26-07-2024,mobile,UK,,0,
user_06678,treatment ,0.0,,2024-04-30,desktop,UK,57.0,516,
user_08748,control,0.0,193.58,2024-05-28,mobile,USA,20.0,0,
user_01947,control,0.0,99.27,18-10-2024,Android,US,46.0,66,
user_07053,control,1.0,172.61,2024-07-04,desktop,United States,34.0,163,
user_06370,treatment,0.0,34.86,2024-11-29,mobile,US,55.0,0,
user_02407,treatment,1.0,52.59,2024-08-27,mobile,India,38.0,220,
user_08730,treatment,1.0,89.12,09/17/2024,tablet,US,47.0,95,
user_07137,control,0.0,-12.81,07-05-2024,desktop,India,33.0,38,
user_03401,control,2.0,145.7,12-06-2024,desktop,USA,62.0,321,
user_00337,control,0.0,-87.53,2024-08-30,Desktop,US,47.0,588,
user_00937,treatment,1.0,"292,28",2024-03-14,mobile,United States,43.0,220,
user_08205,treatment,1.0,165.26,06/19/2024,mobile,IN,62.0,-61,
user_08869,treatment,0.0,175.66,16-11-2024,tablet,India,,0,
user_03629,control,1.0,140.26,2024-11-09,tablet,US,36.0,419,
user_03946,control,0.0,176.9,12/17/2024,mobile,India,29.0,262,
user_01779,control,1.0,33.56,2024-05-08,tablet,USA,29.0,335,
user_05426,treatment,0.0,153.34,2024-07-21,Desktop,India,35.0,106,
user_08807,control,,20.2,2024-01-20,desktop,United States,23.0,0,
user_00754,treatment,1.0,139.05,03/08/2024,tablet,USA,,119,
user_08126,control,0.0,,08/18/2024,mobile,US,43.0,595,
user_08045,control,2.0,111.28,02/08/2024,Mobile,IN,29.0,-84,
user_00549,treatment,1.0,46.99,2024-05-07,Mobile,UK,37.0,126,
user_03852,control,2.0,180.85,05/21/2024,tablet,UK,44.0,439,
user_02582,control,0.0,54.75,07/12/2024,iPhone,USA,56.0,507,
user_02962,Control,,10.78,11/18/2024,tablet,USA,22.0,549,
user_08259,treatment,2.0,57.6,26-02-2024,tablet,USA,48.0,41,
user_00331,treatment ,0.0,172.76,2024-02-04,Mobile,UK,105.0,201,
user_08244,control,1.0,$25.0,2024-02-15,mobile,India,46.0,149,
user_00790,treatment,1.0,62.67,06/11/2024,desktop,USA,20.0,498,
user_07427,treatment,0.0,,2024-07-20,desktop,USA,47.0,121,
user_03797,treatment,1.0,92.96,07-07-2024,tablet,USA,34.0,221,
user_04750,treatment,,,2024-02-12,tablet,India,28.0,-93,
user_08519,control,0.0,-47.73,2024-11-11,tablet,UK,53.0,234,
user_07805,treatment,0.0,108.14,2024-12-09,mobile,United Kingdom,,398,
user_04697,TRT,0.0,151.59,13-06-2024,mobile,UK,40.0,497,
user_08565,treatment,0.0,88.53,21-09-2024,mobile,United Kingdom,49.0,0,
user_08862,treatment,1.0,186.56,2024-07-26,mobile,US,38.0,509,
user_08919,TRT,,53.71,07-08-2024,desktop,USA,29.0,526,
user_00398,treatment,0.0,46.86,06/04/2024,tablet,US,61.0,191,
user_00163,treatment ,,150.56,23-04-2024,tablet,USA,48.0,202,
user_07212, control,1.0,54.97,08/20/2024,desktop ,India,57.0,521,
user_08307,control,0.0,32.69,02/06/2024,tablet,India,32.0,482,
user_08926,control,1.0,147.33,11-12-2024,desktop,USA,57.0,344,
user_01717,control,1.0,10.52,28-08-2024,desktop,US,31.0,360,
user_00017,treatment,0.0,100.5,24-10-2024,mobile,IN,23.0,70,
user_00452,treatment ,1.0,$57.21,18-02-2024,desktop,United States,18.0,112,
user_04877,treatment,0.0,109.28,2024-07-22,tablet,US,22.0,0,
user_05201,test,0.0,134.12,03-10-2024,desktop,US,39.0,356,
user_05277,control,0.0,52.0,2024-04-07,desktop,USA,56.0,279,
user_07604,control,1.0,$27.94,22-06-2024,iPhone,IN,51.0,434,
user_03462,treatment,1.0,49.2,2024-12-07,desktop,United Kingdom,45.0,349,
user_06309,test,1.0,,11/04/2024,mobile,US,59.0,35,
user_06218,control,2.0,89.72,04/10/2024,mobile,US,24.0,178,
user_07806,control,2.0,135.88,01/20/2024,tablet,US,41.0,491,
user_07679, treatment,1.0,199.78,04/23/2024,desktop ,USA,20.0,320,
user_05220,treatment,,$118.75,2024-09-06,Desktop,United States,56.0,560,
user_01816,treatment,0.0,92.1,2024-04-14,tablet,India,116.0,111,
user_00135,treatment,1.0,175.67,09/28/2024,tablet,United Kingdom,61.0,576,
user_01502,control,0.0,58.32,16-07-2024,iPhone,US,64.0,487,
user_05551,treatment ,1.0,24.74,06/13/2024,mobile,UK,21.0,428,
user_04537,treatment,0.0,154.91,30-08-2024,mobile,US,47.0,109,
user_08686,treatment,1.0,30.32,21-12-2024,tablet,US,,543,
user_00453,treatment ,0.0,75.17,03/05/2024,desktop,United States,59.0,387,
user_05262,treatment,0.0,,02-05-2024,tablet,USA,32.0,62,
user_01805,treatment ,1.0,57.01,14-01-2024,mobile,US,19.0,215,
user_06449,treatment,1.0,190.64,07-11-2024,mobile,UK,22.0,376,
user_02270,control,1.0,166.68,2024-01-03,iPhone,USA,36.0,257,
user_02812,treatment,0.0,38.6,10/08/2024,tablet,USA,27.0,447,
user_07756,treatment ,1.0,31.3,19-11-2024,tablet,IN,28.0,234,
user_07278,control,1.0,66.55,22-03-2024,iPhone,USA,51.0,222,
user_08019,treatment,0.0,57.46,10/05/2024,desktop,IN,54.0,434,
user_08568,control,1.0,134.22,01/30/2024,tablet,USA,20.0,340,
user_08949,control,,46.84,2024-07-30,Desktop,US,27.0,72,
user_01356,treatment,0.0,17.95,05-09-2024,mobile,US,57.0,-83,
user_03459,treatment,0.0,41.61,2024-12-26,Mobile,US,41.0,148,
user_07544,treatment,0.0,61.05,31-08-2024,mobile,UK,36.0,356,
user_00093,control,1.0,110.26,09/23/2024,tablet,India,51.0,0,
user_01645,treatment,,98.73,2024-08-02,desktop,US,49.0,291,
user_07406,treatment,0.0,83.16,11/13/2024,mobile,UK,,277,
user_00908,control,1.0,58.94,05/12/2024,tablet,US,45.0,441,
user_05684,control,1.0,"491,17",2024-05-21,mobile,UK,57.0,215,
user_07388,TRT,1.0,79.07,20-05-2024,mobile,US,54.0,188,
user_05760,treatment,2.0,126.77,18-09-2024,tablet,UK,41.0,458,
user_04388,treatment,1.0,-45.56,07/31/2024,desktop,United States,45.0,338,
user_04903,treatment,0.0,25.19,02/11/2024,Desktop,USA,42.0,459,
user_06014,treatment,0.0,41.04,2024-03-26,mobile,USA,36.0,334,
user_05643,treatment,0.0,,2024-03-06,tablet,India,20.0,576,
user_00728,control,0.0,111.46,08/20/2024,desktop,India,36.0,152,
user_06106,control,1.0,108.35,2024-10-09,tablet,USA,28.0,136,
user_00281,treatment,0.0,39.76,06/26/2024,tablet,USA,48.0,99,
user_07089,control,,174.86,04/10/2024,mobile,US,25.0,344,
user_06673,treatment,1.0,123.94,21-06-2024,desktop,UK,24.0,206,
user_00533,TRT,1.0,21.26,04/10/2024,mobile,IN,44.0,140,
user_01785,control,0.0,122.51,2024-10-03,desktop,USA,44.0,568,
user_04014,treatment,0.0,109.26,2024-12-29,tablet,USA,46.0,419,
user_05482,control,1.0,52.12,2024-09-12,desktop,IN,27.0,398,
user_06613,control,1.0,48065.48,2024-07-01,Android,India,30.0,154,
user_04738,control,1.0,72.29,08/29/2024,iPhone,US,29.0,365,
user_01484,treatment,1.0,95.87,02/12/2024,desktop,United Kingdom,28.0,0,
user_05685,control,1.0,187.83,2024-04-17,tablet,United Kingdom,40.0,455,
user_03826,treatment,0.0,87.53,07/16/2024,Mobile,US,52.0,128,
user_00913,treatment,0.0,89.9,03-05-2024,tablet,United Kingdom,61.0,521,
user_06550,treatment,0.0,"593,15",2024-05-28,desktop,US,51.0,465,
user_06797,control,0.0,116.46,12-06-2024,desktop,US,20.0,583,
user_06941,TRT,1.0,13.12,10/16/2024,mobile,US,46.0,-21,
user_04421,TRT,1.0,136.67,06-10-2024,mobile,US,31.0,0,
user_05809,control,0.0,156.19,31-08-2024,desktop,US,63.0,367,
user_00935,control,1.0,153.28,21-07-2024,tablet,USA,41.0,201,
user_07713,control,0.0,188.12,2024-04-08,Mobile,US,55.0,-38,
user_03053,treatment,1.0,36.9,01/05/2024,mobile,IN,33.0,181,
user_08575,control,1.0,66.57,11-02-2024,mobile,India,47.0,475,
user_07294,treatment,1.0,$109.54,2024-05-02,desktop,USA,28.0,0,
user_07973,treatment,1.0,29.29,2024-11-20,Android,United Kingdom,47.0,204,
user_08849,control,0.0,67.26,07/29/2024,mobile,US,60.0,429,
user_08167,control,,11.83,08/07/2024,tablet,UK,39.0,196,
user_07014,control,0.0,,2024-06-07,mobile,United Kingdom,65.0,133,
user_08322,control,1.0,15.6,25-06-2024,mobile,US,45.0,543,
user_07631,treatment,0.0,103.35,25-10-2024,mobile,UK,45.0,121,
user_00303,control,1.0,179.81,2024-12-21,desktop,US,24.0,488,
user_08176,TRT,1.0,81.14,08/04/2024,mobile,United Kingdom,35.0,31,
user_05995,control,1.0,190.25,2024-12-07,mobile,USA,29.0,108,
user_06938,control,0.0,-48.38,2024-07-22,mobile,United States,53.0,126,
user_00010,treatment,0.0,155.82,2024-07-04,Android,US,33.0,227,
user_03308, control,0.0,"983,45",16-02-2024,Mobile ,IN,47.0,477,
user_05462,control,1.0,117.57,2024-05-12,iPhone,USA,47.0,431,
user_02021,control,1.0,33.64,09/24/2024,mobile,IN,40.0,325,
user_03214,control,0.0,46.16,15-04-2024,tablet,US,63.0,520,
user_04789,control,1.0,94.75,2024-05-28,tablet,India,46.0,278,
user_01308,control,0.0,12.06,02/01/2024,tablet,USA,49.0,450,
user_05799, treatment,0.0,125.09,01/29/2024,mobile ,United States,47.0,233,
user_00387,control,1.0,129.37,30-09-2024,desktop,US,40.0,267,
user_05573,treatment,0.0,176.65,06/03/2024,Desktop,USA,35.0,161,
user_00649,treatment,0.0,83.95,09-12-2024,iPhone,USA,37.0,564,
user_06869,control,1.0,118.84,13-05-2024,tablet,USA,30.0,426,
user_04556,treatment,1.0,"555,30",2024-10-06,desktop,United States,56.0,-72,
user_02116,control,1.0,127.87,08/23/2024,Mobile,US,24.0,138,
user_00095,control,1.0,,2024-02-15,Android,United Kingdom,62.0,353,
user_03855,control,0.0,$58.65,04/04/2024,desktop,US,,255,
user_02665,treatment,0.0,170.49,2024-03-14,desktop,US,28.0,156,
user_06394,treatment,1.0,116.95,12/24/2024,desktop,US,33.0,0,
user_07266,control,1.0,105.88,2024-04-05,desktop,United Kingdom,50.0,275,
user_05328,treatment,0.0,57.12,2024-04-18,mobile,United States,51.0,260,
user_06372,control,1.0,177.22,03-02-2024,mobile,USA,28.0,380,
user_03554,control,1.0,174.11,12/31/2024,desktop,USA,40.0,218,
user_00078,treatment,2.0,139.08,16-05-2024,desktop,US,54.0,-62,
user_01926,treatment,0.0,101.59,01-08-2024,tablet,USA,48.0,291,
user_00113,control,0.0,46.52,05/04/2024,mobile,UK,61.0,403,
user_00314,treatment ,1.0,155.4,12/17/2024,Android,US,49.0,110,
user_02152,treatment,1.0,104.41,2024-03-05,mobile,UK,62.0,507,
user_02750,Control,0.0,22.2,2024-02-24,mobile,United Kingdom,30.0,47,
user_04261,treatment,0.0,-46.29,2024-06-10,desktop,IN,56.0,391,
user_07539,TRT,0.0,25.7,2024-06-23,desktop,United States,26.0,0,
user_00883,control,0.0,29.57,05/24/2024,iPhone,US,18.0,434,
user_01442,Control,0.0,124.91,01/25/2024,mobile,India,60.0,175,
user_02849,control,0.0,36462.96,23-07-2024,mobile,US,55.0,339,
user_05835,control,1.0,199.3,26-10-2024,desktop,US,51.0,558,
user_06254,treatment,1.0,162.22,07/23/2024,desktop,US,52.0,395,
user_05599,control,1.0,34.13,2024-05-02,mobile,UK,34.0,515,
user_00476,treatment,1.0,149.99,22-11-2024,desktop,IN,19.0,381,
user_01101,control,,131.58,2024-07-22,mobile,US,24.0,35,
user_01347,treatment,0.0,45.94,11-01-2024,tablet,USA,65.0,474,
user_02517,treatment,0.0,83.79,08/16/2024,tablet,USA,63.0,0,
user_01722,treatment,0.0,16.02,2024-04-13,tablet,United States,27.0,331,
user_03689,control,1.0,160.92,04-07-2024,desktop,US,23.0,157,
user_02721,control,0.0,109.25,2024-06-10,desktop,USA,63.0,0,
user_05429,treatment,1.0,10.42,15-06-2024,desktop,India,20.0,211,
user_00592,control,0.0,52.35,2024-07-15,desktop,United States,48.0,93,
user_03540,control,1.0,162.37,2024-02-22,desktop,IN,54.0,195,
user_04996,treatment,0.0,13.91,10/16/2024,desktop,US,,532,
user_04726,control,1.0,-35.18,2024-01-31,Android,US,34.0,0,
user_06286,control,1.0,185.7,2024-01-25,mobile,United States,55.0,336,
user_03289,treatment,0.0,,09/17/2024,Desktop,India,42.0,0,
user_00115,control,,16.2,03/17/2024,Mobile,USA,65.0,303,
user_02053,treatment ,0.0,-10.4,12/11/2024,desktop,USA,57.0,330,
user_08250,control,0.0,-86.93,13-06-2024,tablet,IN,23.0,402,
user_00291,control,2.0,135.47,07/30/2024,desktop,IN,30.0,130,
user_03772,treatment ,0.0,137.04,10/25/2024,tablet,India,48.0,-92,
user_01446,treatment,0.0,56.87,02/06/2024,tablet,USA,33.0,548,
user_05876,treatment,0.0,20.48,15-10-2024,tablet,United Kingdom,59.0,538,
user_00064,control,1.0,144.85,27-01-2024,desktop,United Kingdom,40.0,547,
user_03379,test,1.0,176.78,2024-05-10,tablet,UK,30.0,598,
user_05655,treatment,0.0,,2024-07-25,mobile,US,60.0,319,
user_05555,control,0.0,117.07,2024-06-19,mobile,USA,51.0,393,
user_04511,treatment,0.0,152.01,03/03/2024,desktop,United Kingdom,57.0,190,
user_04945,treatment ,0.0,58.4,09/20/2024,tablet,USA,,424,
user_08976,treatment,,66.66,12/17/2024,tablet,IN,39.0,479,
user_01199,control,1.0,127.64,02-02-2024,mobile,India,58.0,556,
user_08755,treatment,0.0,47.85,21-03-2024,iPhone,USA,24.0,589,
user_01556,control,2.0,65.34,2024-04-11,tablet,US,23.0,104,
user_07060,control,0.0,74.52,10/20/2024,Mobile,USA,65.0,475,
user_00373,treatment,,135.03,2024-10-04,desktop,USA,34.0,145,
user_00674,control,1.0,21.99,19-08-2024,Desktop,US,57.0,0,
user_00602,treatment ,1.0,170.87,2024-06-01,Android,US,53.0,322,
user_00492,control,1.0,-35.45,01/06/2024,tablet,United States,40.0,447,
user_00118,treatment,,$25.1,2024-12-11,desktop,United States,21.0,242,
user_01637,treatment,1.0,159.78,2024-01-18,tablet,IN,42.0,235,
user_05322,treatment,0.0,179.38,2024-07-09,iPhone,United Kingdom,64.0,57,
user_00298,treatment,1.0,18632.65,07/18/2024,mobile,United Kingdom,,243,
user_00244,TRT,0.0,121.77,16-03-2024,desktop,UK,65.0,179,
user_02431,treatment ,1.0,46.34,16-12-2024,desktop,United States,37.0,547,
user_04735,control,1.0,57.51,2024-06-10,mobile,United States,18.0,406,
user_01272,TRT,0.0,134.69,13-07-2024,iPhone,US,58.0,370,
user_07031,treatment,1.0,97.77,21-01-2024,desktop,United States,53.0,509,
user_03385,treatment,1.0,169.82,03/17/2024,mobile,IN,41.0,49,
user_00872,control,0.0,20.36,2024-01-17,tablet,United States,49.0,512,
user_05788,control,0.0,130.07,2024-11-05,mobile,UK,25.0,151,
user_04707,treatment,0.0,-13.75,27-10-2024,tablet,IN,39.0,447,
user_00665,control,,"304,91",12/26/2024,mobile,United Kingdom,54.0,278,
user_04528,TRT,0.0,44.84,05/24/2024,desktop,United Kingdom,41.0,434,
user_01644,treatment,,135.18,10/29/2024,tablet,UK,29.0,584,
user_00079,treatment,0.0,181.29,12/08/2024,tablet,United States,25.0,234,
user_06647,control,,193.94,2024-03-10,tablet,IN,39.0,-55,
user_00547,control,1.0,136.68,2024-07-02,desktop,US,47.0,412,
user_07088,TRT,0.0,160.23,15-06-2024,mobile,USA,52.0,255,
user_04418,treatment,,38.77,27-03-2024,Android,USA,18.0,375,
user_03880,control,1.0,186.22,24-02-2024,desktop,United States,36.0,149,
user_03284,treatment,0.0,90.63,26-11-2024,desktop,US,28.0,278,
user_08271,control,0.0,86.46,05/21/2024,mobile,USA,23.0,0,
user_04333,control,0.0,55.8,2024-10-26,desktop,US,62.0,544,
user_08529,treatment,1.0,22.99,24-08-2024,mobile,IN,65.0,0,
user_08431,control,0.0,148.08,2024-11-02,desktop,UK,26.0,331,
user_01587,Control,0.0,133.1,18-08-2024,mobile,India,30.0,301,
user_01773,treatment,1.0,90.31,2024-09-20,tablet,US,40.0,407,
user_03104,treatment,0.0,,2024-04-30,iPhone,US,56.0,339,
user_06930,control,1.0,95.66,2024-01-06,mobile,IN,56.0,436,
user_06649,control,0.0,39.51,2024-08-13,desktop,US,41.0,32,
user_07337,treatment,0.0,57.06,07-04-2024,desktop,US,54.0,145,
user_06249,control,0.0,-58.96,22-11-2024,desktop,IN,45.0,134,
user_01096,treatment ,1.0,89.56,2024-02-23,mobile,IN,24.0,329,
user_08020,control,1.0,,08-05-2024,tablet,USA,52.0,542,
user_06301,treatment,1.0,144.92,2024-01-31,mobile,US,61.0,390,
user_01882,control,1.0,127.79,07/17/2024,tablet,US,41.0,48,
user_06166,treatment,1.0,"827,78",2024-06-23,tablet,United States,18.0,326,
user_04684,control,0.0,57.69,08-06-2024,tablet,IN,41.0,464,
user_02609,control,0.0,,11-11-2024,mobile,US,31.0,101,
user_05778,treatment ,0.0,11.12,18-08-2024,Android,India,40.0,574,
user_08112,treatment,1.0,124.85,2024-03-23,mobile,UK,37.0,0,
user_00419,treatment,0.0,,05/31/2024,mobile,United Kingdom,,88,
user_00247,control,1.0,17.2,2024-12-26,desktop,US,45.0,377,
user_00693,treatment,0.0,179.0,22-09-2024,tablet,United Kingdom,33.0,588,
user_08339,treatment,1.0,24.32,11/04/2024,desktop,United Kingdom,49.0,469,
user_08836,treatment,0.0,82.71,2024-05-18,mobile,USA,62.0,392,
user_08332, control,1.0,18.81,2024-05-13,desktop ,IN,46.0,233,
user_08843,TRT,1.0,126.52,06/30/2024,tablet,UK,49.0,250,
user_00166,control,0.0,,02/23/2024,tablet,UK,53.0,370,
user_07139,control,,,30-08-2024,desktop,US,31.0,456,
user_00234,control,1.0,$52.8,10/03/2024,iPhone,India,54.0,477,
user_08729,treatment,1.0,140.56,21-07-2024,desktop,USA,38.0,82,
user_03622,control,0.0,89.32,11/20/2024,iPhone,US,106.0,460,
user_00714,control,1.0,"106,10",03-01-2024,mobile,US,47.0,425,
user_05207,treatment,1.0,,23-08-2024,Desktop,USA,61.0,298,
user_04555,treatment,2.0,49.96,06/28/2024,desktop,US,31.0,393,
user_05773,control,0.0,176.9,2024-06-11,tablet,US,54.0,189,
user_02895,control,0.0,,02-10-2024,desktop,US,18.0,430,
user_06625,treatment,1.0,179.9,11-05-2024,tablet,IN,41.0,39,
user_08593,treatment,,177.61,07/14/2024,mobile,UK,58.0,111,
user_08269,control,0.0,121.06,2024-09-08,mobile,US,58.0,383,
user_00962,control,0.0,199.89,10/25/2024,desktop,India,,338,
user_05694,control,1.0,172.68,02/16/2024,desktop,USA,49.0,152,
user_07005,control,1.0,185.49,2024-06-03,tablet,United Kingdom,43.0,140,
user_00886,TRT,0.0,111.13,2024-01-03,tablet,US,47.0,562,
user_01374,treatment,1.0,174.28,31-12-2024,Desktop,USA,64.0,90,
user_00004,treatment,1.0,105.44,12/21/2024,tablet,United States,31.0,138,
user_00964,treatment ,1.0,,03-10-2024,mobile,US,59.0,308,
user_04691,TRT,0.0,80.03,05/17/2024,tablet,UK,24.0,206,
user_03678,control,0.0,91.32,04/29/2024,tablet,US,34.0,138,
user_00495,treatment,1.0,113.1,28-07-2024,desktop,USA,19.0,63,
user_01152,control,0.0,$181.85,10/20/2024,tablet,USA,46.0,528,
user_07653,control,0.0,88.82,04-03-2024,desktop,UK,62.0,348,
user_00936,treatment,0.0,65.46,2024-10-07,iPhone,USA,34.0,145,
user_00795, control,1.0,83.88,2024-09-18,mobile ,United States,43.0,168,
user_05319,control,1.0,$32.42,2024-04-22,Android,US,44.0,431,
user_00509,Control,0.0,69.5,2024-01-26,mobile,IN,50.0,200,
user_01520,treatment,0.0,,2024-11-11,mobile,US,,-11,
user_00698,TRT,1.0,,2024-05-10,desktop,United Kingdom,63.0,412,
user_07242,treatment,0.0,93.69,2024-08-21,tablet,US,60.0,567,
user_08856,control,0.0,102.63,01-11-2024,tablet,USA,54.0,291,
user_04847,TRT,0.0,158.99,2024-03-18,tablet,India,31.0,291,
user_00235,TRT,0.0,66.94,25-01-2024,mobile,USA,42.0,144,
user_01568,treatment,1.0,92.08,01/18/2024,mobile,USA,41.0,439,
user_05539,control,2.0,162.18,2024-04-07,mobile,IN,43.0,0,
user_03028,control,1.0,166.79,08/10/2024,Mobile,United Kingdom,55.0,0,
user_00315,control,0.0,165.18,02/03/2024,desktop,US,26.0,388,
user_08379,control,0.0,35.16,2024-11-19,desktop,US,57.0,317,
user_06275,test,1.0,158.93,10/24/2024,desktop,US,42.0,497,
user_05338,treatment,0.0,162.24,2024-04-12,desktop,IN,56.0,85,
user_06033,control,0.0,,11/10/2024,mobile,UK,54.0,429,
user_01711,treatment,1.0,48.23,2024-10-12,mobile,USA,51.0,165,
user_02056,TRT,0.0,44.0,29-12-2024,mobile,UK,27.0,225,
user_07656,treatment ,1.0,37.05,01/26/2024,mobile,UK,39.0,0,
user_08110,control,0.0,81.82,2024-06-04,Mobile,United States,48.0,71,
user_08138,treatment,1.0,116.1,2024-01-04,tablet,USA,52.0,95,
user_05192,control,0.0,24.31,2024-02-06,mobile,USA,38.0,0,
user_00424,treatment ,0.0,171.9,05-11-2024,mobile,IN,49.0,255,
user_01687,control,1.0,61.37,11/21/2024,Mobile,USA,57.0,213,
user_00983,treatment,2.0,,02/21/2024,tablet,UK,18.0,137,
user_01275,treatment,1.0,$70.39,2024-05-02,desktop,US,40.0,471,
user_05154,treatment,1.0,15.91,06/26/2024,iPhone,US,31.0,0,
user_04797,control,1.0,,25-01-2024,tablet,United States,63.0,347,
user_04310,test,0.0,116.01,11/13/2024,Android,US,18.0,527,
user_06735,control,0.0,124.66,02/21/2024,desktop,IN,46.0,0,
user_00704,treatment,0.0,29.16,2024-03-28,desktop,USA,45.0,236,
user_07796,treatment,0.0,21.78,2024-05-15,mobile,United Kingdom,,436,
user_06672,control,1.0,57.14,15-12-2024,tablet,United Kingdom,45.0,596,
user_07924,TRT,0.0,184.46,29-06-2024,tablet,USA,34.0,156,
user_01889,control,,67.07,2024-12-30,desktop,India,39.0,96,
user_05302,test,0.0,155.77,2024-01-23,Android,USA,24.0,576,
user_00012,control,0.0,159.44,11/07/2024,tablet,USA,60.0,36,
user_02619,control,,81.56,2024-07-03,desktop,IN,24.0,574,
user_04513,treatment,0.0,181.04,2024-07-28,Android,India,19.0,505,
user_05910,treatment,0.0,192.58,2024-04-03,tablet,United Kingdom,37.0,0,
user_03501,treatment,0.0,101.38,23-10-2024,mobile,US,23.0,573,
user_08374,control,0.0,,25-01-2024,desktop,USA,,0,
user_02899,treatment,1.0,100.84,2024-05-21,mobile,US,29.0,230,
user_03458,treatment,0.0,$172.04,01/19/2024,mobile,IN,55.0,593,
user_01076,treatment,0.0,62.48,2024-08-28,mobile,USA,46.0,495,
user_06855,treatment,0.0,88.68,12-10-2024,mobile,United States,,-71,
user_00045,control,1.0,170.41,22-07-2024,mobile,UK,59.0,0,
user_06133,control,0.0,-28.35,2024-11-29,mobile,IN,44.0,280,
user_00833,control,0.0,"697,43",31-10-2024,desktop,IN,,544,
user_07391,treatment,0.0,177.83,2024-04-17,Mobile,USA,43.0,322,
user_04189,control,0.0,137.53,09-04-2024,tablet,USA,50.0,194,
user_04264,control,,199.33,02/16/2024,desktop,US,62.0,371,
user_07008,control,,48.63,22-04-2024,mobile,USA,50.0,-80,
user_00601,treatment ,0.0,169.13,2024-05-23,mobile,US,38.0,542,
user_07818,control,0.0,112.77,29-10-2024,Android,US,25.0,581,
user_04212,treatment,0.0,93.83,03-10-2024,mobile,USA,52.0,328,
user_06331,treatment,1.0,15.46,08-03-2024,mobile,USA,60.0,379,
user_06637,test,1.0,$62.8,2024-11-26,mobile,US,23.0,437,
user_02195,Control,0.0,30.31,03/11/2024,mobile,US,58.0,0,
user_00640,treatment ,2.0,77.58,06/19/2024,iPhone,US,49.0,0,
user_01060,TRT,2.0,32.89,2024-10-16,tablet,UK,48.0,111,
user_08287,test,1.0,$40.01,03-06-2024,desktop,UK,28.0,543,
user_01995,control,0.0,167.34,11/08/2024,mobile,USA,44.0,570,
user_07659,control,1.0,55.85,2024-07-14,Android,India,41.0,146,
user_01904,treatment,1.0,181.42,03-09-2024,mobile,USA,43.0,123,
user_06714,treatment,1.0,142.33,08/12/2024,desktop,USA,18.0,350,
user_00120,treatment,1.0,153.76,01/14/2024,tablet,IN,20.0,182,
user_05138,Control,1.0,102.31,16-06-2024,tablet,United States,61.0,255,
user_03223,treatment ,1.0,80.05,11/27/2024,mobile,UK,37.0,66,
user_00677,treatment,1.0,77.0,02/15/2024,desktop,US,55.0,204,
user_00817,test,1.0,191.25,19-07-2024,Mobile,IN,60.0,102,
user_06082,Control,1.0,,2024-07-17,mobile,IN,28.0,427,
user_00417,Control,1.0,86.44,07-09-2024,iPhone,USA,42.0,-42,
user_04723,control,,172.48,2024-12-18,mobile,United States,42.0,383,
user_00755,control,2.0,42.07,2024-06-17,tablet,USA,25.0,-44,
user_04233,treatment,0.0,,23-06-2024,mobile,United Kingdom,22.0,338,
user_01902,treatment,0.0,131.85,25-11-2024,mobile,USA,49.0,308,
user_02505,control,0.0,86.86,12-12-2024,Mobile,US,48.0,303,
user_00574,treatment,1.0,54.73,06/24/2024,tablet,United Kingdom,53.0,433,
user_04024,treatment,1.0,30.29,13-08-2024,tablet,United Kingdom,62.0,114,
user_04316,control,,32252.4,19-10-2024,tablet,US,31.0,138,
user_08273,control,,123.25,2024-09-17,desktop,US,51.0,525,
user_07716,control,0.0,-30.27,08/19/2024,desktop,UK,59.0,489,
user_00395,treatment,1.0,-52.49,10/20/2024,iPhone,United States,32.0,214,
user_06965,control,0.0,126.66,2024-06-14,iPhone,US,21.0,70,
user_01652,treatment,0.0,109.54,2024-05-09,iPhone,UK,49.0,383,
user_00874,treatment,1.0,"941,41",31-12-2024,desktop,USA,47.0,-92,
user_08356,treatment,2.0,142.97,10-03-2024,desktop,USA,31.0,0,
user_02392,treatment,0.0,20.79,02-03-2024,desktop,India,65.0,-69,
user_02110,treatment,1.0,199.05,2024-05-22,desktop,US,53.0,0,
user_01123,control,,199.17,02-06-2024,desktop,United States,22.0,465,
user_04003,control,1.0,11.46,15-12-2024,mobile,India,56.0,267,
user_06747,treatment,0.0,184.19,07/08/2024,desktop,USA,58.0,156,
user_07241,treatment,1.0,$157.79,04/20/2024,Mobile,US,35.0,156,
user_00436,control,,-98.99,2024-05-08,desktop,US,30.0,263,
user_03280,treatment,0.0,$104.94,11/03/2024,Android,USA,26.0,287,
user_05305,control,1.0,161.11,2024-10-10,mobile,US,59.0,425,
user_03004,control,1.0,,02-08-2024,desktop,US,29.0,0,
user_05317,control,1.0,190.72,2024-09-17,desktop,United Kingdom,47.0,475,
user_00647,control,1.0,83.12,2024-07-31,mobile,United Kingdom,55.0,100,
user_02482,control,0.0,34.06,03/24/2024,mobile,US,28.0,283,
user_02672,treatment,1.0,123.55,2024-11-03,iPhone,US,46.0,445,
user_06599,control,1.0,149.6,2024-10-10,mobile,UK,44.0,-63,
user_06732,control,0.0,32.82,2024-06-18,desktop,UK,30.0,365,
user_00885,TRT,0.0,88.51,01/12/2024,desktop,United States,12.0,405,
user_00586,treatment,0.0,16.02,2024-04-13,tablet,United States,27.0,331,
user_05006,Control,0.0,82.86,27-10-2024,Android,USA,46.0,199,
user_08322,treatment,1.0,45.83,06/07/2024,mobile,USA,42.0,339,
user_03209,test,1.0,155.62,02-03-2024,desktop,United States,18.0,239,
user_08722,TRT,0.0,159.98,03-11-2024,iPhone,USA,58.0,543,
user_07974,test,,,2024-06-28,tablet,United States,18.0,38,
user_01477,treatment,0.0,"542,11",02/28/2024,Mobile,US,65.0,436,
user_00717,treatment,0.0,56.02,2024-12-14,desktop,United Kingdom,34.0,0,
user_08333,control,0.0,137.1,02/12/2024,desktop,US,54.0,-65,
user_05706,test,0.0,-47.9,18-02-2024,tablet,UK,25.0,366,
user_08662,TRT,1.0,135.32,05/31/2024,desktop,USA,33.0,217,
user_05396,treatment,1.0,$143.83,07-01-2024,Android,USA,19.0,-97,
user_04853,treatment,1.0,57.82,08/31/2024,desktop,UK,39.0,58,
user_00834,control,0.0,191.88,01/06/2024,Android,USA,38.0,154,
user_07039,control,0.0,39.98,19-08-2024,mobile,IN,36.0,0,
user_07830,control,0.0,19.49,02/06/2024,mobile,United Kingdom,26.0,232,
user_00254,treatment,2.0,171.36,13-09-2024,mobile,United States,52.0,182,
user_08156,control,0.0,119.47,2024-05-28,tablet,USA,33.0,124,
user_02580,control,1.0,48.8,30-09-2024,Mobile,India,45.0,229,
user_01005,Control,0.0,156.96,13-04-2024,desktop,IN,,31,
user_01118,treatment,0.0,51.63,01/16/2024,tablet,United States,61.0,-41,
user_08699,control,0.0,118.34,12/01/2024,mobile,IN,26.0,0,
user_02331,control,1.0,195.02,08/10/2024,desktop,UK,53.0,0,
user_04126,treatment,1.0,128.74,09-12-2024,iPhone,US,57.0,51,
user_01134,Control,0.0,35.92,2024-07-11,mobile,USA,65.0,422,
user_06871,treatment,0.0,49.84,02-11-2024,desktop,US,24.0,589,
user_03119,control,1.0,149.65,11/05/2024,desktop,USA,32.0,394,
user_03303,treatment ,1.0,66.53,2024-11-07,mobile,UK,44.0,476,
user_05512,treatment,1.0,97.57,05/09/2024,mobile,USA,,-94,
user_00669,TRT,1.0,187.89,04-12-2024,mobile,US,43.0,162,
user_05602,test,0.0,43.9,2024-09-07,mobile,UK,35.0,75,
user_06645,control,0.0,52.18,2024-01-12,desktop,US,52.0,430,
user_08194,control,1.0,67.81,14-05-2024,Android,USA,18.0,543,
user_08290,treatment,0.0,115.35,04/26/2024,tablet,United States,63.0,0,
user_04217,TRT,0.0,173.11,13-12-2024,mobile,United Kingdom,,425,
user_06401,treatment,0.0,149.62,03/20/2024,desktop,USA,50.0,404,
user_03595,treatment ,1.0,12.88,23-09-2024,mobile,US,38.0,403,
user_07327,treatment,2.0,95.82,08/19/2024,mobile,United Kingdom,19.0,201,
user_07133,control,,117.25,2024-02-20,tablet,US,51.0,242,
user_04294,control,1.0,38.3,12/23/2024,tablet,UK,27.0,563,
user_02352,control,0.0,172.68,2024-09-02,mobile,United Kingdom,61.0,185,
user_03264,control,1.0,-20.86,13-01-2024,desktop,IN,48.0,215,
user_00216,treatment,0.0,,2024-02-04,desktop,USA,58.0,298,
user_06233,treatment ,1.0,,2024-04-11,iPhone,UK,30.0,513,
user_06635,treatment,1.0,36.82,28-03-2024,desktop,IN,62.0,0,
user_02495,treatment,0.0,$180.33,12-10-2024,tablet,US,30.0,425,
user_08166,control,1.0,51.53,01/10/2024,desktop,IN,61.0,551,
user_00411,treatment,2.0,198.71,06/01/2024,mobile,US,59.0,597,
user_00322, control,0.0,$21.04,2024-04-25,mobile ,UK,29.0,208,
user_01639,treatment,1.0,104.57,19-11-2024,tablet,United States,26.0,94,
user_01447,control,0.0,,2024-10-15,desktop,US,37.0,243,
user_07626,control,0.0,56.98,03-05-2024,tablet,USA,52.0,496,
user_06239,control,0.0,40.33,2024-03-15,desktop,US,53.0,235,
user_07638,control,,"902,10",2024-01-25,desktop,US,60.0,570,
user_04140,control,1.0,83.72,14-10-2024,iPhone,United States,23.0,325,
user_00518,control,0.0,40.87,11/20/2024,mobile,India,42.0,507,
user_02249,treatment,,41.29,28-04-2024,desktop,USA,56.0,431,
user_01330,treatment,0.0,,2024-11-24,tablet,United States,32.0,413,
user_08392,control,1.0,167.56,2024-03-12,mobile,US,21.0,579,
user_00805,control,1.0,,10/20/2024,Desktop,UK,41.0,-24,
user_01854,control,0.0,"554,15",05/28/2024,desktop,United Kingdom,32.0,57,
user_08398,control,1.0,74.55,10-05-2024,desktop,US,53.0,227,
user_00120,treatment,0.0,,2024-09-17,mobile,USA,56.0,470,
user_08649,control,0.0,13.83,10/08/2024,Android,US,53.0,295,
user_05716,treatment ,1.0,144.48,06/09/2024,mobile,US,18.0,195,
user_06790,treatment,0.0,114.99,30-04-2024,iPhone,India,39.0,454,
user_03536,control,1.0,124.94,2024-07-10,mobile,IN,56.0,0,
user_08927,control,1.0,,01/02/2024,desktop,India,52.0,428,
user_06350,control,,183.37,2024-02-19,iPhone,US,45.0,111,
user_07971,treatment,,29098.73,04/20/2024,tablet,US,51.0,-15,
user_06507,treatment,0.0,197.67,2024-08-10,Android,USA,65.0,222,
user_03295,treatment,1.0,,08-11-2024,tablet,India,,521,
user_03560,control,2.0,71.56,07/16/2024,tablet,UK,49.0,457,
user_02287,treatment,0.0,196.01,12/01/2024,tablet,IN,32.0,588,
user_02541,treatment,1.0,64.39,2024-08-25,mobile,USA,65.0,569,
user_01899,control,1.0,182.35,13-02-2024,desktop,United States,54.0,53,
user_07552,control,1.0,,05/03/2024,mobile,IN,44.0,429,
user_02692,treatment,0.0,34.72,03/09/2024,tablet,UK,62.0,155,
user_07402,control,0.0,21.83,04/04/2024,desktop,USA,35.0,275,
user_03018,treatment,1.0,88.16,2024-09-15,tablet,US,38.0,416,
user_03276,treatment,0.0,22.55,2024-11-09,mobile,United Kingdom,44.0,412,
user_05449,control,0.0,48.06,2024-09-23,desktop,US,35.0,472,
user_00319,treatment,1.0,-45.13,2024-07-23,desktop,USA,35.0,359,
user_07210,treatment,0.0,95.96,26-07-2024,tablet,USA,31.0,-97,
user_00856,control,1.0,62.74,10-02-2024,iPhone,United States,25.0,59,
user_00745,treatment,1.0,158.11,17-12-2024,desktop,United Kingdom,25.0,596,
user_04292,control,1.0,58.9,05/10/2024,Desktop,India,44.0,564,
user_06032,treatment ,0.0,130.94,2024-04-05,tablet,United Kingdom,60.0,476,
user_06351,treatment ,0.0,50.86,2024-03-05,tablet,United Kingdom,48.0,-91,
user_00588,treatment,1.0,56.9,24-09-2024,desktop,United Kingdom,26.0,265,
user_03201,control,0.0,60.96,2024-07-20,mobile,US,19.0,146,
user_00165,treatment,,124.98,18-11-2024,mobile,United States,33.0,296,
user_03865,treatment,0.0,124.2,02/10/2024,desktop,USA,50.0,122,
user_00015,control,0.0,99.48,2024-11-20,desktop,US,26.0,-51,
user_05453,control,2.0,199.12,2024-06-25,mobile,USA,57.0,115,
user_08492,control,,92.04,02/20/2024,mobile,US,57.0,499,
user_05804,control,0.0,109.72,06-10-2024,desktop,United States,55.0,144,
user_01693,control,,119.93,05-08-2024,tablet,United Kingdom,48.0,72,
user_08577,treatment,,$169.96,2024-07-02,Android,US,56.0,0,
user_05697,control,0.0,84.43,2024-04-23,mobile,India,21.0,0,
user_05049,treatment,1.0,60.35,08/09/2024,desktop,US,28.0,151,
user_00917, control,0.0,36.79,2024-11-15,Desktop ,UK,22.0,308,
user_02825,treatment,1.0,111.05,24-08-2024,tablet,India,57.0,270,
user_00091,control,1.0,88.77,2024-12-18,desktop,USA,52.0,465,
user_07721,treatment,1.0,-51.35,01-05-2024,mobile,IN,,72,
user_04067,treatment,1.0,101.76,11/16/2024,desktop,IN,39.0,119,
user_03471,treatment,0.0,70.74,2024-12-24,tablet,India,105.0,486,
user_06068,TRT,0.0,122.7,2024-06-09,desktop,US,46.0,363,
user_00343,treatment,0.0,49.59,2024-08-18,Mobile,USA,,288,
user_05609,treatment ,1.0,176.84,2024-11-28,tablet,USA,29.0,526,
user_08128,control,0.0,43.08,2024-04-20,desktop,United States,44.0,110,
user_00530,control,,58.9,2024-06-09,Android,United Kingdom,60.0,511,
user_05196,TRT,2.0,131.89,2024-08-08,desktop,US,45.0,197,
user_07108,treatment,1.0,58.95,2024-08-17,iPhone,US,48.0,563,
user_07867,control,0.0,75.04,03-01-2024,desktop,US,57.0,174,
user_02111,control,1.0,159.3,17-05-2024,mobile,USA,25.0,428,
user_04308,treatment,0.0,"263,73",03-06-2024,desktop,US,23.0,0,
user_03169,test,1.0,118.48,2024-01-01,mobile,United States,32.0,233,
user_07272,treatment,0.0,$136.54,2024-05-15,mobile,UK,29.0,356,
user_07627, treatment,1.0,42.28,07/10/2024,desktop ,US,30.0,69,
user_03434,TRT,0.0,189.8,2024-02-28,mobile,US,39.0,240,
user_05178,control,0.0,48.09,14-05-2024,iPhone,IN,32.0,49,
user_04440,treatment ,1.0,17.01,15-05-2024,Mobile,US,46.0,262,
user_06414,treatment,0.0,173.95,2024-05-10,Android,USA,56.0,-25,
user_07135,Control,,,2024-06-28,mobile,US,46.0,209,
user_00864,TRT,1.0,166.72,2024-08-11,mobile,India,61.0,214,
user_01082,test,1.0,57.73,2024-08-13,mobile,United Kingdom,,280,
user_04820,control,0.0,,2024-09-08,desktop,UK,37.0,275,
user_02867,treatment,1.0,46258.14,2024-05-16,mobile,US,43.0,442,
user_08426,control,0.0,116.24,13-11-2024,tablet,United Kingdom,20.0,264,
user_03677,treatment,1.0,108.64,03-12-2024,desktop,US,26.0,191,
user_03991,treatment,0.0,90.46,11-01-2024,desktop,USA,30.0,116,
user_08159,treatment,1.0,61.87,28-02-2024,mobile,US,18.0,116,
user_00950,treatment,2.0,69.1,21-12-2024,Android,USA,31.0,123,
user_07903,control,1.0,74.01,2024-12-19,tablet,US,39.0,550,
user_04924,treatment,1.0,22.17,30-08-2024,mobile,IN,56.0,486,
user_02262,control,1.0,92.07,05/25/2024,mobile,United Kingdom,28.0,-89,
user_01130,treatment,0.0,17.48,10-06-2024,mobile,IN,28.0,363,
user_03839,treatment,1.0,50.97,2024-08-08,tablet,United Kingdom,30.0,102,
user_01466,Control,1.0,130.17,2024-10-14,Mobile,India,26.0,212,
user_00441,treatment,0.0,147.56,2024-06-26,tablet,United States,56.0,129,
user_01513,treatment,0.0,111.28,2024-09-05,desktop,India,37.0,402,
user_08263,treatment,,26.97,19-11-2024,mobile,United States,51.0,344,
user_06078,treatment ,1.0,$73.58,2024-10-10,tablet,USA,38.0,347,
user_06160,TRT,0.0,24741.12,2024-03-19,mobile,US,28.0,150,
user_08746,control,1.0,62.29,2024-12-07,mobile,India,64.0,591,
user_07955,treatment ,0.0,184.6,2024-12-16,Desktop,UK,40.0,240,
user_04089,treatment,0.0,56.39,2024-06-16,mobile,United States,39.0,307,
user_01654,control,0.0,169.4,09/08/2024,Desktop,USA,64.0,442,
user_08447,control,1.0,131.39,2024-10-15,mobile,US,30.0,322,
user_03963,control,1.0,,2024-06-08,Desktop,United Kingdom,55.0,0,
user_02741,control,1.0,"547,63",26-02-2024,mobile,India,55.0,268,
user_03259,treatment,1.0,73.29,13-04-2024,tablet,US,62.0,118,
user_02641,control,1.0,150.71,2024-12-07,tablet,United Kingdom,53.0,505,
user_08226,Control,1.0,"781,74",2024-11-23,mobile,United Kingdom,20.0,69,
user_05909,control,0.0,,27-12-2024,mobile,United Kingdom,35.0,-90,
user_05975,treatment,0.0,71.18,2024-11-14,Android,USA,50.0,-11,
user_05361,control,,62.23,2024-10-13,desktop,USA,46.0,591,
user_02715,treatment,0.0,187.68,2024-09-08,mobile,UK,38.0,135,
user_05912, treatment,0.0,"272,16",25-11-2024,tablet ,US,,314,
user_00334,control,0.0,81.92,2024-12-26,desktop,India,38.0,211,
user_04777,treatment,1.0,173.37,07/19/2024,mobile,US,57.0,267,
user_04222,control,0.0,22.94,13-09-2024,Mobile,UK,34.0,231,
user_06952,treatment ,0.0,172.7,04/11/2024,mobile,IN,,445,
user_06182,treatment ,0.0,108.48,14-08-2024,mobile,US,46.0,219,
user_02563,treatment ,,20.71,18-06-2024,desktop,USA,47.0,-23,
user_08597,control,1.0,68.93,2024-12-17,mobile,India,62.0,-20,
user_03737,Control,1.0,51.03,2024-12-28,tablet,United States,62.0,421,
user_01349,treatment,1.0,75.2,2024-10-09,desktop,US,40.0,0,
user_06536,control,0.0,80.51,2024-10-25,desktop,United States,32.0,201,
user_02858,control,,89.46,2024-02-08,desktop,United Kingdom,42.0,447,
user_05784,control,,101.7,05/17/2024,Mobile,US,48.0,0,
user_05812,TRT,1.0,102.99,12/16/2024,iPhone,IN,52.0,255,
user_08960,treatment,0.0,176.69,2024-04-19,mobile,US,47.0,389,
user_03272,control,1.0,31.61,14-07-2024,mobile,UK,25.0,376,
user_07568,control,0.0,144.64,11/29/2024,desktop,USA,63.0,225,
user_07680,treatment,0.0,153.73,2024-06-06,tablet,USA,35.0,171,
user_08108,treatment,0.0,181.06,2024-05-04,tablet,US,37.0,463,
user_02637,control,0.0,161.26,2024-09-07,mobile,US,57.0,0,
user_08215,test,1.0,108.91,2024-09-06,Android,India,45.0,-52,
user_02685,control,1.0,174.32,24-10-2024,Android,US,60.0,513,
user_00008,Control,1.0,107.11,2024-01-17,mobile,India,23.0,49,
user_06137,treatment,,144.77,12/28/2024,Android,US,56.0,311,
user_07063,control,1.0,185.19,01-03-2024,Android,USA,114.0,590,
user_00645,treatment,1.0,120.27,2024-03-12,Android,US,25.0,254,
user_03854,treatment,,93.02,03/06/2024,mobile,US,50.0,569,
user_02271,control,1.0,60.15,2024-12-09,tablet,US,37.0,286,
user_00723,TRT,1.0,121.68,05/15/2024,mobile,USA,,469,
user_01379,treatment,0.0,25.91,08/01/2024,desktop,US,50.0,589,
user_08219,treatment,,18.65,15-12-2024,mobile,US,30.0,473,
user_00260,test,1.0,"182,98",2024-09-18,Desktop,US,26.0,258,
user_05235,treatment ,0.0,166.1,2024-10-20,tablet,US,30.0,394,
user_04920,control,0.0,32611.71,2024-06-26,desktop,USA,23.0,562,
user_06174,treatment,0.0,21.7,2024-11-28,mobile,USA,52.0,-98,
user_05917,control,1.0,163.52,07/25/2024,mobile,USA,46.0,491,
user_03894,treatment,0.0,186.97,2024-10-24,iPhone,United States,43.0,260,
user_00237,control,0.0,92.08,2024-10-21,Mobile,USA,25.0,177,
user_00507,treatment,1.0,189.7,2024-08-01,desktop,US,57.0,100,
user_04573,treatment,1.0,19.75,2024-11-29,mobile,USA,42.0,176,
user_08383,control,1.0,17.57,06/09/2024,mobile,US,35.0,455,
user_02302,control,2.0,,04-04-2024,desktop,India,40.0,289,
user_05984,treatment,1.0,12.28,2024-11-30,tablet,United States,58.0,565,
user_00355,control,1.0,179.61,04/01/2024,tablet,USA,61.0,507,
user_02244,treatment,1.0,175.1,2024-03-31,mobile,US,20.0,54,
user_02842,treatment,0.0,104.97,19-04-2024,desktop,US,48.0,304,
user_00701,control,1.0,$118.19,2024-01-08,desktop,US,26.0,182,
user_03460,treatment,,163.61,2024-06-18,Android,USA,65.0,570,
user_00439,TRT,2.0,75.27,23-10-2024,Android,USA,44.0,80,
user_00066,control,0.0,126.29,05/07/2024,Android,United Kingdom,21.0,48,
user_04714,treatment,1.0,38.83,2024-01-27,desktop,United Kingdom,50.0,0,
user_03182,treatment,1.0,40.55,05/06/2024,mobile,US,24.0,600,
user_02984,treatment,0.0,103.3,06/25/2024,mobile,US,35.0,552,
user_03482,control,,-62.8,02/02/2024,desktop,UK,52.0,413,
user_01798,control,0.0,$62.86,02/17/2024,iPhone,United States,41.0,70,
user_08274,control,2.0,193.4,06-08-2024,mobile,United States,20.0,583,
user_07095,control,0.0,81.76,2024-03-03,Mobile,United Kingdom,64.0,197,
user_07325,treatment,0.0,163.05,07-05-2024,desktop,USA,52.0,-42,
user_07673,control,1.0,,17-12-2024,desktop,IN,32.0,250,
user_02896,control,1.0,177.28,2024-09-14,desktop,IN,54.0,37,
user_00127,treatment,1.0,30.53,2024-11-20,mobile,US,38.0,558,
user_06253,control,1.0,,09/25/2024,Desktop,United Kingdom,51.0,423,
user_00954,treatment,1.0,66.1,24-03-2024,desktop,United States,57.0,488,
user_00981,control,1.0,50.03,03/26/2024,Android,USA,,284,
user_06098,control,0.0,31.15,11-07-2024,desktop,United States,,370,
user_06050,control,1.0,146.93,03/17/2024,desktop,United Kingdom,60.0,557,
user_01656,Control,0.0,48.09,09-07-2024,mobile,US,25.0,448,
user_00109,treatment ,1.0,-23.14,2024-08-05,mobile,United States,54.0,317,
user_04981,treatment,0.0,146.16,09/06/2024,mobile,US,20.0,68,
user_07239,treatment,0.0,108.32,2024-02-28,tablet,USA,53.0,421,
user_04960,control,1.0,60.56,02/28/2024,tablet,US,32.0,317,
user_05415,control,0.0,190.86,11-10-2024,Android,United States,25.0,215,
user_03517,treatment,1.0,-88.59,25-05-2024,mobile,United Kingdom,53.0,346,
user_07098,treatment,1.0,$97.66,2024-10-12,mobile,IN,23.0,499,
user_08266,control,,151.06,06/26/2024,Android,US,,245,
user_05898,control,0.0,30.0,30-12-2024,desktop,US,28.0,312,
user_00829,treatment,1.0,12.32,08/31/2024,mobile,US,43.0,332,
user_01631,Control,1.0,188.63,21-04-2024,Mobile,India,38.0,312,
user_00348,control,1.0,68.01,12/30/2024,desktop,UK,52.0,-97,
user_03153,control,0.0,73.95,2024-05-21,mobile,UK,49.0,585,
user_04982,control,1.0,$76.98,16-04-2024,tablet,UK,27.0,414,
user_05303,treatment,0.0,88.46,04/10/2024,tablet,UK,27.0,62,
user_00613,treatment,0.0,56.48,06/07/2024,tablet,US,23.0,392,
user_02708,test,1.0,96.7,10/17/2024,Desktop,United States,23.0,407,
user_07710,treatment,0.0,139.34,06-07-2024,desktop,US,61.0,416,
user_04472,treatment,2.0,76.8,23-01-2024,iPhone,USA,24.0,189,
user_08218,control,0.0,"918,99",09-10-2024,Desktop,India,30.0,374,
user_01518,control,1.0,184.31,05-08-2024,iPhone,India,23.0,572,
user_01562,control,0.0,89.39,09-02-2024,desktop,IN,60.0,117,
user_00094,control,1.0,17.35,2024-12-30,mobile,US,35.0,551,
user_04918,control,2.0,28.32,2024-09-01,desktop,USA,57.0,0,
user_07262,treatment,0.0,94.61,24-01-2024,desktop,US,54.0,219,
user_01979,treatment,,169.64,03/03/2024,desktop,US,51.0,316,
user_06693,treatment,0.0,95.46,2024-05-21,desktop,US,19.0,511,
user_08596,treatment,0.0,60.52,2024-06-02,tablet,India,30.0,537,
user_04471,treatment,1.0,$138.36,2024-03-24,Desktop,United States,51.0,180,
user_00430,control,0.0,29.68,16-07-2024,mobile,IN,58.0,559,
user_01122,treatment,1.0,83.36,2024-01-12,desktop,US,49.0,158,
user_07939,treatment,1.0,140.26,10/17/2024,Android,IN,46.0,0,
user_07009,control,,127.15,10/12/2024,mobile,US,65.0,145,
user_06115,control,1.0,,01/16/2024,tablet,US,51.0,333,
user_03970,treatment,0.0,-96.12,20-12-2024,desktop,United Kingdom,64.0,138,
user_00386,control,1.0,150.17,10/22/2024,desktop,USA,37.0,489,
user_08711,treatment,,29.34,2024-07-05,tablet,India,24.0,98,
user_00937,control,1.0,178.9,07/02/2024,desktop,US,56.0,132,
user_00560,treatment,1.0,23.97,15-03-2024,mobile,UK,39.0,312,
user_00125,treatment,1.0,25615.05,29-12-2024,tablet,US,35.0,287,
user_07068,control,0.0,187.23,2024-12-21,mobile,UK,38.0,0,
user_00877,test,1.0,152.67,26-06-2024,mobile,US,47.0,0,
user_08074,treatment,1.0,112.32,2024-06-25,mobile,US,,428,
user_05526,test,0.0,198.02,2024-11-18,tablet,United States,20.0,504,
user_07864,control,1.0,140.5,2024-06-19,desktop,USA,35.0,272,
user_00137,Control,1.0,,31-07-2024,mobile,UK,38.0,292,
user_03103,treatment,0.0,$164.58,2024-04-13,tablet,India,29.0,228,
user_06247,treatment,0.0,182.68,15-05-2024,mobile,US,63.0,266,
user_00656,treatment,1.0,137.9,12/28/2024,desktop,UK,20.0,0,
user_08000,control,,113.68,27-10-2024,desktop,United Kingdom,,124,
user_06967,control,0.0,,2024-09-22,desktop,United States,59.0,220,
user_02095,Control,0.0,78.84,2024-04-14,mobile,US,24.0,263,
user_05492,treatment,1.0,11.53,03/25/2024,mobile,US,49.0,180,
user_02281,control,1.0,139.03,2024-11-20,Android,US,56.0,0,
user_03403,control,0.0,133.65,2024-11-27,desktop,USA,53.0,-56,
user_04901,treatment,1.0,21.48,2024-04-07,mobile,USA,44.0,80,
user_08363,control,0.0,71.38,15-11-2024,Mobile,United States,49.0,574,
user_00543,treatment,0.0,73.21,2024-01-15,desktop,United States,32.0,438,
user_05405,treatment,1.0,102.61,2024-04-11,tablet,US,40.0,0,
user_06760, Control,0.0,156.33,03/30/2024,tablet ,US,60.0,336,
user_05960,control,1.0,180.2,2024-12-12,mobile,IN,38.0,440,
user_08964,control,1.0,169.06,26-05-2024,desktop,US,21.0,136,
user_08054,treatment,,27.66,05-04-2024,iPhone,US,61.0,292,
user_01239,treatment,1.0,172.67,08/22/2024,tablet,US,39.0,213,
user_08727,test,1.0,62.87,05/28/2024,mobile,IN,24.0,583,
user_00135,control,1.0,199.2,2024-01-04,mobile,US,48.0,182,
user_03856,treatment,0.0,18.27,2024-05-28,tablet,USA,45.0,267,
user_00085,treatment ,,$106.22,2024-04-17,tablet,US,,189,
user_00276,control,0.0,148.86,01/03/2024,iPhone,USA,62.0,318,
user_03951,control,0.0,142.21,2024-02-06,Mobile,USA,45.0,-23,
user_08397,control,,185.05,08-06-2024,Mobile,United States,62.0,217,
user_02927,treatment,0.0,159.46,2024-02-10,desktop,UK,50.0,63,
user_02503,treatment,1.0,"942,93",2024-01-03,Desktop,US,50.0,517,
user_05569,control,2.0,62.93,01/22/2024,desktop,USA,49.0,462,
user_08719,control,0.0,-41.8,08/09/2024,mobile,US,60.0,159,
user_08762,control,1.0,90.17,2024-08-11,mobile,India,61.0,384,
user_07570,control,0.0,"623,69",06/23/2024,iPhone,India,31.0,324,
user_07970,treatment ,1.0,171.31,2024-06-09,desktop,UK,50.0,408,
user_04673,control,0.0,95.61,04/28/2024,tablet,US,52.0,60,
user_01022,TRT,1.0,,19-08-2024,tablet,India,36.0,78,
user_07722,control,0.0,143.32,2024-04-13,desktop,US,24.0,397,
user_08173,control,0.0,83.12,05-09-2024,iPhone,US,64.0,140,
user_05134,control,0.0,163.37,2024-10-02,desktop,IN,47.0,320,
user_05485,control,1.0,78.06,21-06-2024,tablet,United Kingdom,55.0,416,
user_04930,treatment,1.0,$196.41,05/18/2024,desktop,UK,30.0,-92,
user_08808,treatment ,1.0,50.62,2024-11-23,desktop,US,50.0,35,
user_07719,control,1.0,,10/16/2024,tablet,US,37.0,450,
user_05732,control,0.0,126.71,2024-12-26,desktop,United States,25.0,456,
user_02224,control,0.0,68.5,2024-02-28,desktop,US,26.0,137,
user_00251,treatment,1.0,113.43,10/30/2024,tablet,USA,,286,
user_05339,control,1.0,135.75,05/04/2024,iPhone,UK,28.0,172,
user_05452,treatment,0.0,136.34,27-05-2024,iPhone,US,62.0,302,
user_05878,control,0.0,,2024-06-05,tablet,US,46.0,287,
user_05344,control,1.0,89.1,09/14/2024,tablet,UK,27.0,448,
user_04165,treatment ,,91.73,2024-06-29,mobile,USA,62.0,440,
user_00098,control,0.0,12.17,2024-03-04,desktop,India,45.0,0,
user_07022,treatment,0.0,38.74,2024-07-20,tablet,USA,27.0,380,
user_06708,control,0.0,65.52,2024-05-13,mobile,USA,61.0,577,
user_04944,treatment,0.0,99.11,02/29/2024,Mobile,United States,22.0,115,
user_05593,treatment,0.0,69.26,2024-07-01,mobile,US,60.0,546,
user_05958,treatment,0.0,103.76,27-01-2024,mobile,India,44.0,244,
user_07011,TRT,1.0,164.46,11-12-2024,mobile,US,53.0,480,
user_02161,treatment,0.0,163.7,2024-07-22,Android,US,65.0,140,
user_03813,control,1.0,132.88,12-03-2024,mobile,United Kingdom,35.0,282,
user_08502,control,0.0,93.96,12/08/2024,desktop,United States,26.0,355,
user_01191, control,0.0,,2024-10-03,mobile ,USA,56.0,560,
user_03506,treatment,1.0,161.08,10/18/2024,mobile,USA,,517,
user_00850,treatment,1.0,48.41,2024-12-04,mobile,United Kingdom,53.0,-51,
user_00235,control,1.0,72.68,10/29/2024,desktop,IN,25.0,591,
user_05897,treatment,1.0,145.63,04/29/2024,mobile,US,51.0,115,
user_00397,Control,0.0,178.61,09/14/2024,iPhone,US,32.0,295,
user_00947,control,1.0,160.71,2024-11-19,desktop,US,57.0,550,
user_07577,treatment,1.0,164.16,09-10-2024,desktop,USA,58.0,124,
user_08127,control,0.0,39.3,2024-09-28,tablet,United States,22.0,-81,
user_02606,treatment,1.0,16.44,2024-04-23,mobile,United States,63.0,134,
user_04422,treatment,0.0,,2024-02-12,desktop,UK,40.0,269,
user_03513,treatment,0.0,122.96,06/17/2024,desktop,US,45.0,419,
user_04617,TRT,0.0,101.0,2024-09-17,Mobile,IN,65.0,257,
user_07441,TRT,0.0,,2024-12-31,mobile,IN,18.0,474,
user_07196,Control,,101.67,20-06-2024,tablet,US,31.0,282,
user_07379,control,0.0,198.88,01/08/2024,mobile,UK,63.0,475,
user_00811,treatment,0.0,89.05,03/14/2024,tablet,US,32.0,302,
user_03625,treatment,0.0,16.62,2024-06-06,tablet,United States,55.0,366,
user_02834,control,1.0,102.33,13-05-2024,desktop,US,59.0,172,
user_07896,treatment,1.0,57.97,2024-08-14,mobile,USA,46.0,274,
user_06300,control,1.0,170.19,2024-02-01,mobile,UK,25.0,169,
user_06761,test,1.0,143.93,09/16/2024,tablet,UK,65.0,70,
user_06827,control,0.0,191.18,09/12/2024,mobile,IN,47.0,358,
user_08602,control,0.0,116.4,2024-06-06,tablet,India,61.0,0,
user_00713,control,0.0,33.62,2024-02-10,desktop,US,25.0,561,
user_03144,treatment,0.0,135.33,16-12-2024,mobile,US,18.0,472,
user_00261,control,0.0,154.22,07-08-2024,Mobile,USA,29.0,0,
user_08599,treatment,1.0,114.97,08/27/2024,desktop,United States,62.0,264,
user_00203,control,1.0,85.83,2024-05-20,tablet,IN,62.0,222,
user_06556,control,1.0,199.15,18-01-2024,Android,US,37.0,105,
user_04427,treatment,0.0,,2024-02-22,mobile,India,60.0,514,
user_06116,TRT,1.0,25.03,07/15/2024,desktop,United Kingdom,,259,
user_05043,treatment,1.0,89.91,04/23/2024,desktop,United Kingdom,54.0,435,
user_08262,treatment,1.0,116.18,2024-12-16,mobile,US,35.0,156,
user_00992,control,,95.93,2024-04-03,mobile,India,,376,
user_07743,control,1.0,171.01,23-11-2024,Android,US,20.0,273,
user_01238,treatment ,0.0,194.9,2024-03-21,mobile,US,64.0,125,
user_04974,control,0.0,184.99,2024-04-15,Android,UK,62.0,511,
user_08120,treatment,,117.09,08/08/2024,desktop,India,60.0,0,
user_01182,treatment,1.0,76.65,06-11-2024,mobile,UK,47.0,422,
user_02511,control,1.0,148.14,20-01-2024,desktop,IN,62.0,339,
user_00733, control,0.0,197.52,03/29/2024,Android ,IN,53.0,56,
user_08051,treatment,0.0,129.15,2024-09-12,mobile,US,19.0,0,
user_08249,control,0.0,73.5,12/29/2024,desktop,US,53.0,308,
user_07332,treatment,1.0,176.03,02/19/2024,iPhone,IN,55.0,96,
user_02417,treatment ,0.0,82.18,27-10-2024,desktop,United Kingdom,42.0,394,
user_03115,control,2.0,73.55,12-04-2024,Android,US,,136,
user_00350,control,0.0,20.37,14-05-2024,mobile,United Kingdom,59.0,158,
user_06205,treatment,,,21-12-2024,desktop,US,53.0,521,
user_01276,treatment,0.0,123.18,2024-02-26,mobile,IN,20.0,-32,
user_00828,control,0.0,59.84,27-11-2024,mobile,US,62.0,38,
user_01109,treatment,1.0,119.95,2024-09-29,Desktop,India,20.0,209,
user_05304,control,0.0,176.05,07/09/2024,mobile,US,54.0,468,
user_00806,treatment,1.0,155.29,2024-06-08,desktop,India,44.0,285,
user_02624,treatment,0.0,153.4,18-04-2024,desktop,India,54.0,408,
user_04603,control,0.0,129.64,12/03/2024,tablet,USA,37.0,156,
user_06335,control,2.0,51.48,07/14/2024,mobile,USA,31.0,152,
user_02327,Control,1.0,94.81,06/12/2024,mobile,US,29.0,155,
user_07532,treatment,,57.42,13-04-2024,tablet,US,33.0,568,
user_01698,treatment ,0.0,53.02,12-09-2024,mobile,UK,32.0,119,
user_05623,treatment,1.0,-65.67,2024-04-14,mobile,India,55.0,539,
user_02504,treatment,0.0,50.1,2024-06-30,tablet,USA,45.0,477,
user_02143,treatment,1.0,76.76,2024-12-05,iPhone,United States,36.0,256,
user_07883,control,0.0,54.6,04/21/2024,mobile,India,20.0,150,
user_04637,control,0.0,$92.15,14-05-2024,mobile,United States,39.0,530,
user_01782,control,,178.85,2024-10-09,mobile,UK,50.0,222,
user_02414,treatment,,23.58,08/03/2024,iPhone,US,64.0,298,
user_00864,control,0.0,18.19,13-10-2024,Mobile,USA,24.0,451,
user_03918,treatment ,1.0,$124.01,01/02/2024,Mobile,UK,28.0,344,
user_04099,treatment,0.0,137.42,23-01-2024,desktop,United States,37.0,318,
user_00781,control,0.0,46.02,11/10/2024,desktop,India,25.0,563,
user_01437,treatment,1.0,62.06,07/29/2024,desktop,US,62.0,194,
user_00474,control,1.0,20.52,05/12/2024,mobile,US,27.0,0,
user_08427,control,0.0,190.62,16-04-2024,desktop,US,34.0,0,
user_01506,treatment,1.0,166.02,01/12/2024,desktop,United States,35.0,389,
user_04239,test,1.0,149.46,05-10-2024,tablet,IN,20.0,595,
user_03288,treatment,0.0,129.85,2024-06-08,Android,United States,41.0,537,
user_07625,control,1.0,144.62,20-07-2024,mobile,US,18.0,277,
user_00521,control,2.0,74.21,2024-09-07,desktop,UK,60.0,342,
user_07763,control,0.0,21.11,2024-07-15,tablet,USA,54.0,592,
user_07149,treatment,0.0,57.68,30-12-2024,tablet,USA,20.0,104,
user_06565,test,1.0,100.2,11-01-2024,tablet,US,23.0,285,
user_02659,treatment,1.0,156.46,06/10/2024,Android,United Kingdom,26.0,396,
user_00554,control,1.0,36.82,2024-02-27,iPhone,United Kingdom,50.0,381,
user_03354,test,0.0,144.21,08/04/2024,mobile,United States,52.0,72,
user_00170,treatment,2.0,159.65,02/15/2024,mobile,US,26.0,204,
user_01269,control,1.0,,02/17/2024,tablet,US,59.0,572,
user_06207,control,0.0,-24.31,24-09-2024,tablet,US,30.0,145,
user_05144,control,0.0,,2024-05-27,mobile,UK,40.0,493,
user_08819,Control,0.0,187.41,2024-10-12,tablet,US,,59,
user_00924,TRT,0.0,88.96,2024-05-26,tablet,UK,65.0,119,
user_00654,control,1.0,$125.2,05/17/2024,Android,UK,42.0,422,
user_01173,control,,,2024-05-27,Desktop,USA,49.0,516,
user_08941,control,0.0,$71.66,07-03-2024,Mobile,United Kingdom,63.0,86,
user_00551,treatment,0.0,25.33,11-07-2024,desktop,USA,49.0,535,
user_05616,treatment,1.0,33.82,02/22/2024,mobile,USA,42.0,34,
user_01457,control,1.0,21.08,2024-09-07,tablet,US,20.0,293,
user_00366,control,0.0,149.81,2024-04-22,desktop,US,31.0,145,
user_03021,treatment,0.0,-25.76,2024-06-26,tablet,USA,63.0,233,
user_02236,control,0.0,83.05,13-08-2024,tablet,UK,35.0,199,
user_05506,control,2.0,185.17,2024-11-09,desktop,India,40.0,147,
user_00982,control,0.0,-58.8,04/25/2024,Mobile,United Kingdom,63.0,78,
user_02368,treatment,1.0,129.37,07/18/2024,mobile,United Kingdom,19.0,333,
user_06212,control,,86.06,2024-11-22,desktop,US,64.0,580,
user_03232,treatment,,143.83,30-03-2024,mobile,US,18.0,278,
user_03974,treatment,0.0,125.59,12/28/2024,desktop,US,30.0,447,
user_07877,treatment,0.0,23.25,04/30/2024,mobile,United States,34.0,243,
user_06767,control,1.0,44.17,10/18/2024,desktop,USA,62.0,326,
user_00958,TRT,1.0,38.23,2024-04-13,Mobile,US,56.0,528,
user_00065,treatment,0.0,184.18,06/16/2024,Android,US,26.0,437,
user_07451,control,0.0,$146.99,2024-10-06,desktop,US,38.0,86,
user_06935,control,1.0,156.92,20-03-2024,Android,India,22.0,482,
user_04407,treatment,2.0,98.88,2024-04-21,desktop,US,60.0,174,
user_05982,treatment,,181.24,2024-08-23,mobile,India,18.0,60,
user_02960,treatment,1.0,184.33,01-07-2024,mobile,US,40.0,0,
user_01552,treatment,1.0,97.29,07/18/2024,mobile,US,44.0,-20,
user_07179,control,1.0,,08/27/2024,tablet,US,33.0,536,
user_04382,TRT,1.0,75.72,27-10-2024,desktop,US,46.0,56,
user_00911,control,,16.28,2024-01-04,desktop,United Kingdom,,521,
user_05024,treatment,1.0,110.47,2024-06-19,desktop,US,52.0,595,
user_00334,treatment,,42.96,25-12-2024,desktop,US,43.0,451,
user_04040,control,1.0,32.52,2024-12-21,tablet,IN,45.0,0,
user_03088,TRT,0.0,-52.87,01-04-2024,desktop,IN,60.0,100,
user_07121,test,1.0,49.73,26-03-2024,tablet,United States,23.0,394,
user_05071,treatment ,1.0,148.11,2024-08-25,Android,United States,46.0,237,
user_00350,treatment,2.0,162.06,11/27/2024,mobile,US,53.0,98,
user_01320,control,0.0,194.81,2024-02-06,tablet,USA,20.0,375,
user_05970,treatment,0.0,178.95,16-03-2024,desktop,US,26.0,545,
user_03411,control,,,01/08/2024,tablet,United Kingdom,29.0,507,
user_00688,treatment,0.0,45641.8,13-09-2024,mobile,IN,47.0,422,
user_06151,control,2.0,174.56,02-02-2024,tablet,USA,27.0,186,
user_01704,control,1.0,11.36,10/25/2024,mobile,US,62.0,451,
user_05567,control,1.0,186.5,24-07-2024,desktop,US,45.0,452,
user_03499,control,0.0,$18.85,15-12-2024,mobile,US,31.0,547,
user_00246,control,1.0,43.54,05/23/2024,Android,US,54.0,226,
user_05869,control,2.0,71.08,12/17/2024,desktop,USA,42.0,137,
user_02789, control,2.0,62.54,08/24/2024,mobile ,IN,52.0,317,
user_00255,control,1.0,"213,56",23-12-2024,tablet,US,29.0,-21,
user_08285,treatment,,"282,36",03/02/2024,Mobile,United Kingdom,50.0,49,
user_07085,treatment,0.0,"253,10",29-12-2024,tablet,US,,453,
user_00126,treatment ,,134.07,17-05-2024,desktop,India,34.0,480,
user_07058,treatment ,1.0,110.52,2024-09-04,mobile,United States,48.0,131,
user_01100,control,0.0,140.85,04/29/2024,mobile,United Kingdom,62.0,501,
user_02872,control,0.0,12.83,13-09-2024,mobile,US,45.0,280,
user_00810,treatment,0.0,41.27,07/01/2024,mobile,USA,51.0,268,
user_00852,treatment,0.0,"581,11",30-08-2024,desktop,UK,30.0,407,
user_00674,control,0.0,45.83,04-04-2024,mobile,United States,23.0,105,
user_03568,control,0.0,10.57,2024-07-27,tablet,USA,32.0,69,
user_06545,test,0.0,71.95,15-02-2024,Mobile,IN,52.0,76,
user_03199,treatment,0.0,153.04,2024-02-04,desktop,United Kingdom,27.0,72,
user_02477,treatment,0.0,100.67,2024-07-02,mobile,United Kingdom,62.0,424,
user_02301, control,1.0,133.48,09/18/2024,mobile ,United Kingdom,53.0,489,
user_04530,control,2.0,21.42,24-02-2024,desktop,USA,55.0,335,
user_04162,treatment,1.0,141.27,2024-06-29,desktop,US,37.0,396,
user_05666,treatment,0.0,18.0,2024-08-13,mobile,US,54.0,0,
user_07617,treatment,,"893,10",06/22/2024,mobile,UK,31.0,315,
user_03291,control,1.0,70.74,2024-09-05,mobile,US,23.0,0,
user_05633,treatment,0.0,146.61,09-04-2024,mobile,US,57.0,86,
user_01678,control,1.0,164.74,2024-04-25,Desktop,United Kingdom,28.0,390,
user_07051,control,0.0,35.78,2024-03-09,tablet,USA,65.0,336,
user_04589,Control,2.0,23.33,2024-11-19,mobile,US,44.0,-74,
user_05630,control,0.0,13.24,2024-03-27,desktop,IN,57.0,596,
user_08349,control,0.0,171.39,2024-02-19,desktop,India,49.0,93,
user_00078,control,0.0,118.15,31-12-2024,mobile,IN,56.0,0,
user_00370,treatment ,1.0,70.7,2024-01-19,Mobile,US,,568,
user_08439,control,0.0,129.56,04/30/2024,tablet,IN,59.0,-49,
user_00734,treatment,1.0,$163.08,2024-09-15,mobile,India,53.0,130,
user_00197,treatment,1.0,-52.74,17-03-2024,desktop,US,43.0,556,
user_03911,treatment ,1.0,37.8,28-01-2024,tablet,USA,48.0,416,
user_08102,treatment,1.0,,2024-09-18,desktop,US,54.0,463,
user_05313,control,1.0,73.75,2024-11-24,mobile,UK,52.0,32,
user_00394,control,1.0,119.97,2024-12-06,desktop,IN,56.0,334,
user_04260,control,0.0,55.51,11/20/2024,tablet,USA,25.0,576,
user_07929,treatment,,122.79,2024-04-12,mobile,US,29.0,501,
user_04332,treatment,1.0,$52.55,2024-12-06,mobile,India,62.0,-34,
user_04478,control,0.0,150.13,2024-08-24,mobile,USA,58.0,452,
user_05249,control,,99.18,22-11-2024,tablet,India,8.0,299,
user_06616,treatment,0.0,159.37,23-03-2024,mobile,US,37.0,568,
user_04390,control,2.0,16.27,05/22/2024,desktop,US,56.0,121,
user_00809,treatment,0.0,182.82,08-08-2024,mobile,USA,47.0,600,
user_00719,test,1.0,,31-05-2024,tablet,United States,48.0,161,
user_00565,treatment,,22.67,25-03-2024,mobile,UK,33.0,35,
user_02292,treatment,1.0,158.25,01/06/2024,Desktop,US,49.0,339,
user_08860,control,1.0,"546,62",23-06-2024,Mobile,USA,22.0,0,
user_02185,control,0.0,,2024-11-07,mobile,United States,63.0,-49,
user_03371,control,1.0,183.03,2024-02-24,tablet,IN,49.0,272,
user_04351,treatment,0.0,105.49,11/29/2024,desktop,United States,32.0,-97,
user_07448,treatment,1.0,172.85,2024-12-09,desktop,UK,65.0,201,
user_01572,treatment,1.0,-77.93,20-05-2024,mobile,United Kingdom,31.0,224,
user_04300,treatment,0.0,192.17,2024-06-24,mobile,IN,32.0,388,
user_03382,control,1.0,35.19,06/15/2024,desktop,UK,36.0,580,
user_01061,control,1.0,104.2,2024-09-21,desktop,USA,27.0,451,
user_00798,test,,154.09,08/05/2024,desktop,United Kingdom,48.0,205,
user_03671,control,0.0,172.44,01-11-2024,mobile,USA,32.0,493,
user_02432,treatment,1.0,186.87,07-12-2024,desktop,USA,26.0,0,
user_05978,treatment,1.0,175.36,17-10-2024,desktop,USA,32.0,129,
user_05527,control,0.0,135.1,2024-01-12,tablet,United States,57.0,467,
user_08863,treatment,1.0,193.19,2024-08-21,desktop,United States,21.0,0,
user_05764,treatment ,,147.33,24-06-2024,mobile,US,48.0,587,
user_00575,treatment,0.0,94.64,2024-02-15,mobile,US,24.0,0,
user_02441,treatment,,128.87,11-06-2024,desktop,United Kingdom,20.0,280,
user_08689,treatment ,0.0,72.75,25-06-2024,Android,IN,30.0,183,
user_07481,control,0.0,10730.87,10/13/2024,desktop,United States,22.0,261,
user_06086,control,2.0,131.89,2024-12-02,mobile,US,51.0,492,
user_03013,control,1.0,77.28,2024-02-03,mobile,US,30.0,543,
user_07445,treatment,1.0,194.02,25-07-2024,desktop,US,48.0,196,
user_03227,treatment,1.0,57.7,04/07/2024,desktop,US,23.0,263,
user_04164,control,2.0,94.28,09-09-2024,iPhone,IN,46.0,90,
user_00426,control,2.0,152.18,05/12/2024,desktop,US,58.0,171,
user_03636,treatment,0.0,183.53,2024-02-11,mobile,IN,65.0,213,
user_00792,treatment,1.0,18.51,2024-11-06,desktop,United States,28.0,432,
user_06531,treatment,0.0,64.11,01-03-2024,iPhone,US,48.0,545,
user_02191,treatment,0.0,,01-10-2024,Mobile,United States,30.0,486,
user_08741,control,1.0,55.85,2024-06-08,desktop,USA,37.0,543,
user_01512,treatment,1.0,173.42,02/16/2024,desktop,US,19.0,420,
user_02987,control,1.0,166.69,06/14/2024,Desktop,United States,39.0,0,
user_02803,control,0.0,196.76,11/04/2024,desktop,IN,42.0,401,
user_05281,treatment,,151.76,2024-05-25,Android,USA,47.0,-63,
user_05908,treatment,0.0,157.4,09/21/2024,desktop,US,58.0,269,
user_05651,control,0.0,110.0,11-04-2024,Desktop,IN,24.0,401,
user_02633,control,0.0,72.65,04/09/2024,tablet,USA,62.0,393,
user_05991,treatment,0.0,186.89,2024-10-14,desktop,UK,35.0,116,
user_06325,control,0.0,69.05,11/24/2024,desktop,US,,90,
user_03253,treatment,1.0,-85.63,2024-11-07,mobile,US,26.0,252,
user_03126,treatment,1.0,55.85,25-10-2024,desktop,USA,20.0,599,
user_03717,TRT,0.0,28.58,26-05-2024,tablet,US,23.0,-68,
user_06374,control,0.0,161.79,10/17/2024,mobile,United States,20.0,152,
user_02592,treatment,0.0,99.28,2024-07-21,mobile,India,36.0,553,
user_04891,control,1.0,65.06,2024-01-30,mobile,USA,50.0,296,
user_01409,control,1.0,117.69,16-04-2024,mobile,USA,54.0,0,
user_05391,control,1.0,"778,98",15-11-2024,desktop,United Kingdom,21.0,0,
user_05368,control,1.0,142.34,2024-03-23,tablet,IN,27.0,440,
user_08444,control,1.0,39.46,05/07/2024,desktop,USA,43.0,53,
user_05985,control,1.0,191.89,2024-11-07,desktop,United Kingdom,44.0,456,
user_00675,control,1.0,131.81,2024-07-11,mobile,US,61.0,419,
user_08338,control,0.0,198.91,01/08/2024,tablet,United Kingdom,50.0,-37,
user_05932,treatment ,0.0,45.55,2024-03-06,tablet,USA,21.0,381,
user_08990,treatment,1.0,49.97,02/09/2024,tablet,India,29.0,455,
user_00956,control,1.0,44.52,12/03/2024,mobile,UK,50.0,154,
user_00686,treatment,1.0,,23-04-2024,mobile,US,28.0,36,
user_00713,control,0.0,197.21,11/24/2024,mobile,US,42.0,-48,
user_00510,treatment,1.0,40.43,2024-05-25,desktop,USA,46.0,212,
user_03781,control,0.0,29397.47,2024-09-26,desktop,India,44.0,537,
user_07914,treatment,,195.92,2024-03-03,desktop,United States,,281,
user_00363,TRT,1.0,193.03,08-10-2024,tablet,US,63.0,439,
user_07701,treatment,0.0,171.89,03-01-2024,mobile,UK,20.0,-48,
user_08853,control,1.0,60.35,07/24/2024,desktop,US,52.0,76,
user_07557,Control,0.0,,2024-08-12,mobile,USA,42.0,505,
user_05226,treatment,0.0,,2024-10-24,desktop,US,53.0,141,
user_00770,treatment,1.0,31.27,2024-12-15,desktop,IN,21.0,291,
user_04502,TRT,0.0,142.75,07/03/2024,Mobile,US,38.0,110,
user_05151,TRT,1.0,80.91,2024-11-04,Android,US,23.0,444,
user_00849,treatment ,2.0,,02/12/2024,desktop,UK,53.0,0,
user_00624,treatment,1.0,,02/17/2024,tablet,United Kingdom,48.0,32,
user_08705,control,1.0,85.24,05/11/2024,mobile,USA,59.0,30,
user_01901,treatment,0.0,187.02,2024-05-06,desktop,USA,40.0,225,
user_06163,control,0.0,118.08,2024-11-22,desktop,US,51.0,0,
user_05038,treatment,1.0,11.42,24-04-2024,tablet,UK,,482,
user_01110,control,0.0,31.34,31-03-2024,mobile,USA,20.0,480,
user_07553,treatment,0.0,,08/25/2024,desktop,United Kingdom,,148,
user_04814,control,1.0,181.5,2024-06-06,tablet,USA,51.0,489,
user_05640,treatment,0.0,190.19,11-01-2024,tablet,United Kingdom,62.0,441,
user_01056,control,1.0,110.69,10-01-2024,desktop,UK,25.0,38,
user_07598,control,0.0,,2024-11-06,Android,India,19.0,443,
user_02581,control,1.0,128.29,2024-02-13,tablet,US,18.0,594,
user_06830,control,1.0,41.97,2024-06-22,Desktop,IN,38.0,37,
user_05632,control,1.0,183.49,06/21/2024,mobile,US,29.0,182,
user_04365,control,1.0,39.82,2024-10-30,tablet,IN,23.0,430,
user_00801,control,0.0,191.05,09/21/2024,desktop,UK,50.0,43,
user_07256,control,1.0,176.03,04/01/2024,mobile,IN,27.0,521,
user_00119,treatment,1.0,46.82,2024-06-24,desktop,IN,63.0,243,
user_01136,treatment,0.0,"872,17",02/18/2024,mobile,US,37.0,304,
user_08164,treatment,0.0,167.41,04/25/2024,desktop,IN,36.0,197,
user_06872,treatment,0.0,106.82,12/07/2024,desktop,UK,50.0,599,
user_07865,control,0.0,138.41,22-09-2024,Android,USA,31.0,229,
user_00269,control,0.0,96.25,05-05-2024,mobile,United States,52.0,536,
user_05398,Control,0.0,153.34,02/14/2024,mobile,United Kingdom,35.0,255,
user_00930,control,0.0,92.54,11/24/2024,mobile,United States,39.0,597,
user_05027,TRT,1.0,17.41,2024-12-21,Desktop,US,64.0,40,
user_01675,treatment,1.0,90.98,26-08-2024,Mobile,United States,63.0,327,
user_00434,control,,81.69,2024-05-11,tablet,US,55.0,470,
user_07661,treatment,0.0,193.73,04/19/2024,tablet,USA,52.0,449,
user_02423,treatment,2.0,73.38,16-12-2024,iPhone,US,43.0,265,
user_06173,treatment,1.0,105.42,01/20/2024,mobile,US,29.0,183,
user_00143,control,1.0,88.6,02/08/2024,mobile,US,18.0,504,
user_04781,control,0.0,77.19,2024-07-29,tablet,USA,18.0,107,
user_07186,treatment,1.0,175.84,05-03-2024,desktop,IN,52.0,0,
user_01911,control,0.0,77.09,25-03-2024,tablet,UK,57.0,0,
user_02956,treatment,0.0,151.17,03/11/2024,desktop,India,55.0,558,
user_01340,control,1.0,22.09,14-07-2024,tablet,India,31.0,190,
user_00649,control,1.0,169.05,10/08/2024,tablet,US,59.0,-73,
user_02548,treatment,1.0,28.53,01/10/2024,tablet,USA,51.0,580,
user_07851,treatment,0.0,133.63,08-04-2024,tablet,United Kingdom,35.0,217,
user_00416,Control,2.0,101.75,12-08-2024,desktop,UK,41.0,185,
user_01017,treatment,0.0,57.45,07/22/2024,Android,UK,50.0,0,
user_04651,control,1.0,116.67,11/20/2024,iPhone,USA,18.0,375,
user_05846,control,1.0,41.09,28-05-2024,mobile,United States,61.0,404,
user_01514,control,1.0,-93.21,2024-01-18,mobile,US,52.0,108,
user_06010,treatment,0.0,104.92,09/12/2024,tablet,US,53.0,-28,
user_03421,control,0.0,35.66,02/20/2024,tablet,US,25.0,59,
user_00429,control,1.0,28.56,19-12-2024,mobile,IN,50.0,599,
user_05850,treatment,1.0,34.64,2024-07-07,desktop,US,29.0,429,
user_05327,treatment,0.0,120.75,06-11-2024,desktop,US,50.0,161,
user_08116,treatment,1.0,182.72,2024-03-04,mobile,UK,38.0,527,
user_04143,control,0.0,16.93,2024-07-13,desktop,IN,62.0,62,
user_02869,control,1.0,192.75,27-10-2024,mobile,US,24.0,172,
user_00276,control,1.0,135.35,09/14/2024,Mobile,US,25.0,0,
user_00708,control,0.0,14.04,21-01-2024,Android,United Kingdom,53.0,403,
user_07764,control,1.0,156.06,07/10/2024,desktop,US,29.0,181,
user_06759,treatment,0.0,186.0,11/03/2024,Android,United States,30.0,0,
user_06105,control,0.0,194.23,2024-05-19,Android,United States,21.0,0,
user_04624,control,0.0,178.66,28-05-2024,Android,India,38.0,137,
user_07411,treatment,1.0,74.09,06/27/2024,desktop,United Kingdom,23.0,183,
user_03351,control,2.0,77.93,2024-04-15,mobile,USA,34.0,-83,
user_03398,treatment,0.0,101.79,17-12-2024,tablet,USA,35.0,0,
user_02705,treatment ,1.0,46.02,11/28/2024,desktop,US,61.0,77,
user_03819,control,1.0,,12/04/2024,desktop,IN,60.0,568,
user_01505,control,0.0,170.15,2024-07-23,desktop,United States,56.0,111,
user_05996,treatment,0.0,53.84,21-11-2024,mobile,USA,32.0,66,
user_03497,treatment,1.0,47.41,2024-02-01,tablet,US,40.0,120,
user_04446,TRT,0.0,163.34,29-09-2024,mobile,USA,63.0,486,
user_00985,control,0.0,199.7,2024-08-01,tablet,USA,27.0,247,
user_00900,treatment,0.0,137.28,2024-11-05,desktop,United States,38.0,0,
user_05688,control,1.0,-58.56,2024-11-13,desktop,US,24.0,351,
user_00482,control,1.0,12.77,06-09-2024,Mobile,US,24.0,471,
user_07118,treatment,1.0,193.65,01/20/2024,tablet,UK,,425,
user_08466,treatment,0.0,,05-07-2024,mobile,US,61.0,113,
user_04447,control,,93.86,01-01-2024,desktop,US,43.0,473,
user_05683,TRT,0.0,12.18,2024-03-23,tablet,US,38.0,230,
user_05676,control,0.0,16.91,09/22/2024,tablet,US,53.0,571,
user_07125,control,0.0,181.79,31-05-2024,mobile,United Kingdom,57.0,506,
user_07593,treatment,0.0,-17.84,14-04-2024,desktop,USA,43.0,290,
user_08560,control,0.0,"481,89",31-10-2024,tablet,United States,47.0,64,
user_00595,treatment,0.0,30.13,02/01/2024,tablet,US,42.0,194,
user_00056,control,2.0,190.99,06-09-2024,tablet,IN,24.0,228,
user_06564,control,1.0,107.0,07/27/2024,iPhone,US,31.0,558,
user_03278,treatment,0.0,171.09,2024-02-18,mobile,USA,53.0,0,
user_08485,treatment,0.0,16.92,2024-09-19,tablet,United Kingdom,51.0,409,
user_01986,treatment,1.0,54.71,2024-08-05,mobile,USA,41.0,397,
user_00891,treatment,0.0,148.29,29-12-2024,desktop,IN,62.0,48,
user_05218,treatment,0.0,163.73,10/30/2024,desktop,USA,40.0,281,
user_05664,treatment,0.0,30.79,2024-04-09,mobile,UK,47.0,220,
user_07293,treatment,1.0,86.09,2024-12-04,mobile,IN,31.0,577,
user_01158,treatment,1.0,33.19,08/25/2024,desktop,United States,27.0,117,
user_01766,treatment,0.0,37.28,14-11-2024,desktop,USA,,212,
user_06076,control,1.0,123.83,18-07-2024,Android,USA,57.0,319,
user_08328,control,,31237.89,2024-04-18,mobile,US,55.0,498,
user_08445, control,0.0,32.21,23-06-2024,mobile ,United Kingdom,30.0,0,
user_05749,Control,1.0,102.0,2024-06-22,Desktop,United States,44.0,88,
user_07308, treatment,0.0,119.39,14-11-2024,tablet ,UK,37.0,-86,
user_06473,treatment,,75.49,25-08-2024,desktop,United Kingdom,51.0,226,
user_02005,control,1.0,148.58,2024-10-12,tablet,US,34.0,138,
user_03900,treatment,0.0,187.07,16-12-2024,tablet,IN,27.0,-21,
user_04338,treatment,1.0,,22-10-2024,mobile,United States,50.0,210,
user_05148,treatment,0.0,119.37,06-07-2024,desktop,India,29.0,306,
user_00905,control,,112.64,2024-08-15,Desktop,USA,31.0,512,
user_05647,control,0.0,"110,91",04/20/2024,tablet,UK,50.0,60,
user_02661,control,1.0,85.06,2024-05-07,mobile,IN,23.0,598,
user_01132,control,0.0,130.5,2024-07-16,desktop,US,56.0,140,
user_04963,control,0.0,96.96,17-08-2024,tablet,United States,64.0,295,
user_07609,control,0.0,49.05,2024-09-15,mobile,USA,41.0,92,
user_04012,treatment,1.0,197.48,2024-01-06,Mobile,India,22.0,249,
user_03204,treatment,1.0,"875,17",04-10-2024,mobile,USA,40.0,36,
user_08334,control,,-53.64,2024-12-24,desktop,IN,42.0,233,
user_01865,TRT,1.0,14.1,19-12-2024,mobile,United States,52.0,544,
user_02332,control,1.0,-60.35,2024-01-12,Mobile,UK,,592,
user_00034,treatment,0.0,105.44,2024-05-29,Desktop,US,38.0,504,
user_01956,control,0.0,160.71,11/10/2024,mobile,USA,44.0,330,
user_08488,treatment,0.0,,2024-10-15,desktop,United States,30.0,242,
user_08526,control,1.0,122.3,2024-08-07,tablet,US,59.0,223,
user_04244,treatment,0.0,188.69,17-02-2024,tablet,US,55.0,-90,
user_07119,control,1.0,102.47,2024-01-19,tablet,US,62.0,144,
user_04748,control,0.0,,2024-08-10,mobile,India,61.0,0,
user_01517,TRT,0.0,"477,81",06/25/2024,mobile,United Kingdom,40.0,116,
user_05256,treatment,1.0,42.71,05/10/2024,desktop,IN,58.0,0,
user_07473,control,1.0,"775,78",2024-06-10,tablet,United States,33.0,149,
user_06653,TRT,0.0,187.18,2024-02-23,mobile,USA,38.0,320,
user_01352,treatment,1.0,80.48,07/14/2024,Android,US,60.0,166,
user_08095,treatment,,111.86,07-01-2024,mobile,USA,65.0,277,
user_04514,treatment,2.0,$101.22,07/02/2024,mobile,US,38.0,223,
user_01841,control,1.0,54.08,2024-10-26,Mobile,US,53.0,93,
user_02522,treatment,0.0,92.11,09/01/2024,desktop,US,65.0,84,
user_00778,treatment,0.0,94.04,2024-02-06,desktop,UK,35.0,564,
user_00637,treatment,1.0,168.3,02/11/2024,mobile,US,43.0,357,
user_04683,Control,1.0,,2024-06-20,Desktop,USA,61.0,541,
user_00953,control,2.0,131.86,2024-08-30,iPhone,USA,51.0,308,
user_03579,control,1.0,94.05,18-03-2024,Mobile,United States,50.0,572,
user_06389,control,0.0,195.91,01/11/2024,desktop,US,34.0,164,
user_06906,control,0.0,96.69,2024-02-14,desktop,United Kingdom,,110,
user_00576,control,1.0,57.58,02-09-2024,Mobile,UK,33.0,326,
user_03300,control,0.0,191.3,2024-09-18,mobile,USA,62.0,245,
user_00187,treatment,1.0,167.09,2024-10-12,mobile,USA,51.0,512,
user_00122,control,0.0,198.57,29-07-2024,tablet,USA,57.0,83,
user_07129,control,,166.01,02/06/2024,desktop,United Kingdom,26.0,585,
user_04371,control,1.0,167.38,2024-05-12,mobile,US,51.0,0,
user_01640,control,1.0,64.97,2024-10-02,desktop,US,21.0,171,
user_04276,treatment,0.0,,2024-07-03,Desktop,US,36.0,140,
user_07253,treatment ,1.0,,2024-03-07,tablet,USA,,530,
user_07360,control,1.0,107.14,2024-02-24,mobile,USA,33.0,350,
user_06734, treatment,1.0,144.01,11-07-2024,Mobile ,UK,49.0,422,
user_00530,control,1.0,28.65,29-09-2024,iPhone,United Kingdom,53.0,547,
user_05559,test,1.0,137.99,08/21/2024,iPhone,US,53.0,79,
user_03136,Control,0.0,58.19,2024-07-19,iPhone,US,57.0,190,
user_02547,treatment,0.0,60.41,12-07-2024,mobile,US,,0,
user_05723,treatment,1.0,57.47,12/03/2024,mobile,US,31.0,567,
user_05202,treatment,0.0,70.19,2024-12-03,desktop,USA,30.0,570,
user_03627,TRT,0.0,122.77,01/19/2024,tablet,USA,63.0,160,
user_01546,control,1.0,88.69,12/08/2024,tablet,IN,,377,
user_08025,treatment ,0.0,158.39,15-07-2024,mobile,USA,61.0,0,
user_07258,Control,,,2024-10-30,mobile,IN,59.0,575,
user_08366,treatment,1.0,152.9,2024-11-06,desktop,US,58.0,372,
user_08797,treatment,0.0,83.45,2024-09-24,desktop,United Kingdom,49.0,316,
user_08213,treatment,2.0,-96.73,2024-06-04,tablet,US,,430,
user_02713,treatment,1.0,,09/27/2024,tablet,US,42.0,471,
user_07752,control,2.0,174.59,2024-08-20,desktop,USA,59.0,243,
user_08280,control,0.0,,09/09/2024,tablet,United Kingdom,24.0,205,
user_00794,control,1.0,139.82,09/15/2024,desktop,US,31.0,268,
user_06488,treatment,1.0,$57.41,04/30/2024,desktop,UK,33.0,222,
user_04270,treatment ,1.0,195.52,09-07-2024,mobile,USA,29.0,558,
user_05068,treatment,0.0,,07-07-2024,tablet,India,43.0,-58,
user_02290,treatment,1.0,-90.43,2024-12-22,tablet,USA,50.0,343,
user_07399,treatment,,154.91,2024-06-19,Android,United States,44.0,539,
user_02001,control,1.0,84.78,13-07-2024,iPhone,US,,399,
user_02387,control,0.0,182.44,10/17/2024,mobile,US,43.0,352,
user_00925,treatment,0.0,136.15,2024-09-17,Desktop,India,25.0,-46,
user_00577,control,0.0,124.53,2024-06-25,mobile,US,44.0,473,
user_00035,TRT,2.0,,11-05-2024,mobile,US,32.0,276,
user_06643,control,0.0,161.16,11/07/2024,tablet,US,40.0,378,
user_00580,control,0.0,$10.72,18-02-2024,desktop,United States,23.0,403,
user_08066,treatment,0.0,95.56,2024-11-12,tablet,India,34.0,313,
user_01791,treatment,1.0,-44.5,19-05-2024,Mobile,USA,33.0,0,
user_00030,control,2.0,167.48,2024-09-05,mobile,United Kingdom,58.0,75,
user_03679,treatment,0.0,186.3,2024-01-18,Desktop,US,33.0,-30,
user_00236,control,0.0,90.16,07/18/2024,mobile,US,53.0,363,
user_00317,treatment,0.0,60.1,19-06-2024,desktop,USA,45.0,179,
user_02853,control,2.0,53.11,2024-10-21,mobile,United States,59.0,281,
user_06912,control,,,24-04-2024,desktop,UK,20.0,409,
user_06329,control,1.0,155.89,2024-10-06,mobile,United Kingdom,47.0,278,
user_03534,treatment,,188.92,05/06/2024,Mobile,US,37.0,225,
user_02815,control,0.0,142.13,2024-04-23,mobile,US,,152,
user_04535,treatment,0.0,25.96,07/04/2024,mobile,US,42.0,222,
user_00514,treatment,0.0,158.34,03/26/2024,tablet,United Kingdom,26.0,228,
user_05872,control,1.0,$51.2,24-08-2024,tablet,US,38.0,365,
user_00290,treatment,0.0,,14-02-2024,tablet,United Kingdom,55.0,103,
user_01716, control,0.0,33.54,2024-05-23,desktop ,United States,18.0,402,
user_05320,control,0.0,108.06,2024-03-25,mobile,USA,39.0,535,
user_03713,treatment,,80.9,01/03/2024,desktop,US,,363,
user_00328,Control,2.0,85.88,07-12-2024,tablet,India,36.0,335,
user_08032,treatment,0.0,194.35,09/29/2024,desktop,US,55.0,62,
user_01448,control,0.0,162.9,10/14/2024,mobile,IN,46.0,433,
user_01731,treatment,1.0,122.41,04/05/2024,mobile,United States,58.0,535,
user_00087,treatment ,2.0,20.84,01-07-2024,desktop,IN,41.0,-27,
user_04753,Control,1.0,,2024-08-02,tablet,India,55.0,492,
user_02540,control,0.0,38.64,15-11-2024,Mobile,US,65.0,221,
user_00265,treatment ,1.0,31.53,29-07-2024,desktop,US,49.0,555,
user_04856,treatment,0.0,39.87,2024-05-27,tablet,IN,25.0,-92,
user_08435,control,0.0,27.79,2024-02-26,mobile,United States,61.0,0,
user_08858,treatment,0.0,131.55,19-01-2024,mobile,IN,56.0,0,
user_01042, Control,1.0,182.38,02/09/2024,desktop ,USA,32.0,271,
user_00313,treatment,1.0,45.26,2024-03-23,tablet,UK,35.0,346,
user_08959,treatment,,28.92,03/24/2024,Android,United Kingdom,49.0,471,
user_01676,treatment,0.0,12.28,02/14/2024,tablet,US,55.0,570,
user_04355,control,0.0,"874,10",2024-05-04,desktop,US,,516,
user_07213,control,1.0,-29.06,2024-08-23,tablet,United States,47.0,-28,
user_00058,treatment,0.0,,12-12-2024,desktop,US,47.0,449,
user_03122,treatment,1.0,$190.52,30-11-2024,tablet,US,45.0,169,
user_04959,Control,1.0,98.39,2024-01-25,desktop,US,41.0,580,
user_06290,control,,52.58,24-02-2024,iPhone,USA,21.0,488,
user_05255,treatment,0.0,68.59,11/09/2024,desktop,UK,,87,
user_06730,treatment,1.0,33.42,05/14/2024,iPhone,United Kingdom,47.0,180,
user_00646,control,0.0,-10.54,2024-08-27,tablet,IN,41.0,124,
user_05873,treatment,0.0,168.11,13-12-2024,mobile,US,51.0,203,
user_06272,control,1.0,,2024-04-23,Android,USA,52.0,228,
user_08809,TRT,0.0,122.61,2024-11-04,Desktop,USA,20.0,378,
user_08107,treatment,1.0,124.53,04/30/2024,Mobile,United Kingdom,34.0,59,
user_08371,treatment,1.0,157.92,2024-05-07,mobile,United Kingdom,61.0,561,
user_00614,control,1.0,160.66,10/26/2024,mobile,United Kingdom,26.0,-10,
user_03043,control,1.0,143.8,19-09-2024,tablet,US,58.0,364,
user_07368,control,0.0,105.76,17-03-2024,desktop,United Kingdom,58.0,59,
user_00275,control,,18.31,10/03/2024,mobile,UK,25.0,195,
user_02429,control,0.0,56.0,2024-03-18,tablet,US,64.0,531,
user_03580,TRT,0.0,120.29,09/06/2024,mobile,IN,39.0,114,
user_06665,control,,131.29,04/07/2024,desktop,IN,43.0,0,
user_08913,control,0.0,116.59,2024-11-20,desktop,US,20.0,-12,
user_03756,treatment,,,2024-04-27,tablet,IN,20.0,-20,
user_04907,TRT,0.0,47009.57,2024-04-17,Android,United States,35.0,274,
user_05156,control,1.0,,01-06-2024,desktop,United Kingdom,30.0,174,
user_06520,control,0.0,121.11,29-04-2024,mobile,India,29.0,188,
user_03343,treatment,1.0,63.54,2024-01-03,desktop,USA,65.0,151,
user_00478,control,1.0,150.14,05/12/2024,Android,UK,50.0,497,
user_00677,control,2.0,69.54,23-07-2024,desktop,United Kingdom,52.0,144,
user_06377,treatment,1.0,"391,46",02-04-2024,mobile,IN,23.0,187,
user_05929,treatment,2.0,-44.4,2024-12-07,tablet,IN,,400,
user_07676,control,0.0,48.09,26-01-2024,mobile,IN,20.0,0,
user_02900,treatment,2.0,,18-10-2024,mobile,UK,27.0,347,
user_06132,treatment,0.0,85.18,2024-07-16,mobile,USA,49.0,584,
user_06956,Control,0.0,54.63,05-10-2024,desktop,USA,63.0,379,
user_07072,treatment,0.0,184.02,02/29/2024,Desktop,US,45.0,214,
user_03940,control,1.0,49.05,14-05-2024,desktop,US,64.0,218,
user_04957,treatment,0.0,146.24,2024-11-08,desktop,UK,62.0,382,
user_04559,control,1.0,48.24,2024-01-07,tablet,USA,45.0,330,
user_03437,control,1.0,154.94,04/21/2024,desktop,USA,52.0,159,
user_07636,Control,0.0,63.06,30-01-2024,mobile,United Kingdom,28.0,131,
user_00814,control,0.0,147.01,16-10-2024,mobile,United States,65.0,161,
user_06332,treatment,0.0,54.08,2024-04-13,desktop,USA,36.0,389,
user_03838,treatment,0.0,162.67,2024-11-12,desktop,India,32.0,260,
user_00882,control,0.0,142.18,14-01-2024,tablet,US,26.0,176,
user_06548,control,1.0,102.02,27-02-2024,desktop,United Kingdom,58.0,-53,
user_04643,control,2.0,93.13,05-06-2024,desktop,United Kingdom,25.0,271,
user_05040,TRT,0.0,181.04,02/13/2024,desktop,USA,57.0,131,
user_01147,control,0.0,147.98,08/07/2024,mobile,United Kingdom,63.0,213,
user_00273,control,1.0,63.93,01-09-2024,mobile,UK,49.0,232,
user_01605,treatment,,49313.78,2024-08-20,tablet,US,63.0,358,
user_00075,treatment ,0.0,100.41,13-06-2024,Desktop,USA,48.0,58,
user_03410,treatment,0.0,39.4,28-02-2024,desktop,USA,33.0,363,
user_02757,treatment,0.0,,2024-01-16,desktop,United States,37.0,270,
user_00931,control,0.0,94.73,2024-02-11,Android,UK,34.0,362,
user_01450,control,1.0,70.08,2024-01-06,Desktop,UK,64.0,372,
user_04737,control,1.0,129.13,05/19/2024,mobile,US,28.0,287,
user_00219,control,0.0,72.86,30-10-2024,mobile,United States,23.0,411,
user_00182,treatment,0.0,134.95,2024-12-30,tablet,US,22.0,131,
user_07221,treatment,0.0,149.83,12-02-2024,desktop,USA,58.0,294,
user_01384,control,1.0,$94.27,2024-10-01,desktop,UK,39.0,293,
user_06200,control,,156.76,2024-04-18,mobile,US,53.0,590,
user_04790,control,0.0,136.55,08-09-2024,desktop,United States,31.0,465,
user_06722,control,1.0,190.67,10-11-2024,desktop,US,49.0,276,
user_00108,treatment,1.0,$158.38,03/21/2024,mobile,US,34.0,349,
user_07597,TRT,0.0,101.21,2024-01-20,tablet,US,52.0,0,
user_03412,treatment,0.0,67.43,04/25/2024,mobile,UK,64.0,92,
user_00318,control,,152.32,2024-08-02,desktop,USA,48.0,182,
user_03734,control,1.0,42.32,13-06-2024,desktop,UK,54.0,-31,
user_00790,control,0.0,113.3,2024-10-02,mobile,UK,57.0,305,
user_06668,TRT,2.0,41.27,06/16/2024,Mobile,IN,63.0,157,
user_00731,treatment,0.0,,2024-08-15,tablet,UK,52.0,530,
user_00270,control,0.0,109.5,2024-11-22,mobile,India,27.0,402,
user_00442,treatment ,1.0,130.89,2024-06-28,Mobile,USA,58.0,0,
user_03302,treatment ,2.0,29.13,04/25/2024,desktop,UK,33.0,323,
user_00381,treatment,0.0,128.61,09/03/2024,Mobile,India,55.0,-20,
user_01946,control,1.0,,2024-06-11,mobile,US,,514,
user_08006,control,1.0,154.06,09/23/2024,mobile,USA,32.0,319,
user_01419,control,1.0,190.78,30-11-2024,desktop,IN,33.0,161,
user_06591,control,0.0,162.99,2024-05-06,mobile,US,26.0,552,
user_03110,Control,0.0,58.46,2024-11-04,mobile,US,,0,
user_00011,treatment,0.0,$109.6,07-08-2024,desktop,UK,36.0,333,
user_00033,control,1.0,32.45,23-08-2024,tablet,United States,52.0,159,
user_04116,control,2.0,120.78,23-08-2024,desktop,US,35.0,-29,
user_03649,TRT,1.0,174.75,08/22/2024,Mobile,India,,412,
user_06167,treatment,0.0,68.69,13-08-2024,tablet,US,45.0,51,
user_07901,control,0.0,199.15,2024-10-19,mobile,United States,35.0,311,
user_02588,treatment,0.0,19.56,27-08-2024,tablet,UK,18.0,71,
user_00537,control,0.0,,2024-03-09,mobile,India,26.0,379,
user_00365,control,2.0,"365,36",10/20/2024,tablet,US,31.0,262,
user_00083,treatment ,1.0,80.9,29-02-2024,desktop,India,63.0,188,
user_06499,treatment ,0.0,68.99,2024-02-26,desktop,IN,24.0,385,
user_06654,treatment,0.0,162.66,2024-09-08,tablet,USA,40.0,506,
user_03179,treatment,1.0,10.61,2024-09-12,mobile,UK,53.0,261,
user_04120,control,1.0,11.38,06-06-2024,desktop,UK,58.0,93,
user_00453,treatment,1.0,186.08,01/09/2024,desktop,USA,40.0,159,
user_04201,control,1.0,143.3,2024-08-15,mobile,United States,46.0,257,
user_03372,control,0.0,181.56,2024-07-19,mobile,US,110.0,-34,
user_03306,treatment,1.0,149.9,09-11-2024,desktop,IN,55.0,41,
user_08873,treatment,0.0,182.55,05/07/2024,Mobile,United States,42.0,341,
user_08750,control,0.0,171.03,2024-05-14,desktop,IN,20.0,512,
user_00851,control,0.0,91.84,02/22/2024,desktop,US,59.0,332,
user_03440,control,2.0,61.85,06/22/2024,tablet,UK,47.0,439,
user_05219,control,,139.14,2024-09-29,tablet,US,22.0,152,
user_08626,treatment ,0.0,69.81,2024-07-21,desktop,India,25.0,463,
user_01424,control,1.0,,07/23/2024,desktop,UK,61.0,580,
user_01563,control,,113.9,2024-09-14,iPhone,United Kingdom,28.0,584,
user_03404,Control,1.0,102.62,10-11-2024,Android,United States,40.0,224,
user_07041,treatment,0.0,"718,37",10/19/2024,mobile,US,51.0,-73,
user_07725,control,0.0,150.18,01/27/2024,mobile,US,44.0,343,
user_03504,treatment,1.0,38.74,15-10-2024,desktop,India,23.0,164,
user_02382,control,0.0,163.54,01/14/2024,Mobile,India,21.0,273,
user_05166, treatment,0.0,,16-08-2024,desktop ,USA,54.0,154,
user_01303,treatment,1.0,107.18,27-06-2024,desktop,US,53.0,-83,
user_02838,treatment,1.0,98.3,03/21/2024,desktop,US,31.0,598,
user_01425,control,0.0,132.58,11-08-2024,mobile,US,54.0,540,
user_08125, control,1.0,70.77,2024-12-11,iPhone ,IN,24.0,277,
user_02097,control,1.0,,07/14/2024,iPhone,USA,54.0,149,
user_02321,control,1.0,$141.94,22-04-2024,mobile,United Kingdom,37.0,204,
user_01427,Control,1.0,82.75,2024-02-13,desktop,US,19.0,301,
user_04983, treatment,0.0,28.74,02/22/2024,desktop ,US,29.0,136,
user_04943,control,1.0,113.62,2024-09-02,tablet,UK,47.0,356,
user_00430,control,1.0,,2024-06-22,mobile,US,36.0,355,
user_04768,treatment,0.0,167.71,22-11-2024,desktop,US,40.0,560,
user_06375,Control,,168.8,19-04-2024,mobile,United Kingdom,61.0,0,
user_00874,control,0.0,170.15,04/11/2024,Mobile,United States,46.0,205,
user_00843,control,1.0,84.65,01-04-2024,desktop,US,27.0,574,
user_04702,treatment ,,30.99,26-05-2024,mobile,US,42.0,89,
user_05048,control,0.0,199.07,17-10-2024,mobile,United States,,219,
user_02639,control,1.0,187.75,05-11-2024,mobile,USA,47.0,173,
user_06053,control,0.0,132.59,2024-09-25,mobile,USA,45.0,582,
user_04035,control,1.0,122.07,2024-03-23,desktop,US,60.0,533,
user_02164,control,0.0,,2024-07-31,desktop,USA,,441,
user_05227,treatment,0.0,$22.95,13-02-2024,tablet,US,34.0,0,
user_04451,control,2.0,"737,72",2024-08-13,tablet,US,39.0,0,
user_04759,TRT,0.0,-42.7,12/05/2024,tablet,US,42.0,342,
user_03107,control,1.0,151.47,01/25/2024,mobile,US,34.0,73,
user_04509,control,1.0,"957,88",2024-11-08,desktop,USA,28.0,475,
user_02551,control,1.0,164.34,2024-06-21,mobile,USA,45.0,78,
user_00957,control,1.0,198.25,03-01-2024,desktop,United Kingdom,62.0,215,
user_06493,treatment,0.0,27.93,18-04-2024,desktop,UK,45.0,441,
user_00978,control,0.0,187.43,2024-01-20,mobile,United States,43.0,-50,
user_04733,treatment,,$67.1,27-11-2024,mobile,US,31.0,547,
user_02022,control,1.0,"690,13",2024-02-17,Desktop,USA,25.0,539,
user_00984,TRT,0.0,,09/19/2024,Desktop,United States,61.0,303,
user_06468,control,1.0,198.7,10/05/2024,mobile,US,54.0,0,
user_04049,treatment,0.0,-20.42,01/20/2024,desktop,US,23.0,458,
user_03211,treatment,,154.95,19-05-2024,mobile,USA,24.0,85,
user_07526,Control,1.0,48.82,2024-08-10,mobile,United States,63.0,408,
user_03893,Control,0.0,162.19,23-07-2024,mobile,US,34.0,270,
user_00571,control,0.0,73.64,2024-11-10,Android,UK,42.0,31,
user_00556,control,0.0,$45.13,2024-04-12,Mobile,US,60.0,43,
user_03090,control,0.0,66.92,2024-02-07,desktop,US,,589,
user_05342,treatment,1.0,16.38,14-08-2024,tablet,USA,57.0,151,
user_08745,control,2.0,52.94,06/01/2024,Mobile,United Kingdom,44.0,0,
user_02545,control,1.0,196.77,17-05-2024,desktop,USA,27.0,544,
user_03761,control,1.0,124.97,07/20/2024,mobile,United Kingdom,65.0,466,
user_06311,control,0.0,92.13,04/05/2024,Desktop,USA,47.0,559,
user_06026,treatment,1.0,131.01,12/19/2024,mobile,US,41.0,74,
user_06840,treatment,0.0,45.81,24-01-2024,Desktop,USA,47.0,344,
user_04927,treatment,0.0,59.26,2024-03-07,mobile,UK,,267,
user_07965,control,0.0,66.28,08/11/2024,desktop,United Kingdom,52.0,571,
user_00750,treatment,0.0,168.06,2024-11-12,tablet,USA,58.0,348,
user_02350,treatment,,20.17,2024-11-21,mobile,USA,37.0,590,
user_00096,control,1.0,97.8,2024-10-07,mobile,United States,49.0,190,
user_00303,control,0.0,144.9,05/04/2024,desktop,US,48.0,550,
user_08354,control,0.0,14.57,2024-05-07,desktop,India,55.0,403,
user_04445,control,,196.64,2024-07-31,desktop,US,23.0,72,
user_02194,Control,1.0,$41.43,11-05-2024,iPhone,India,42.0,-11,
user_00073,control,1.0,91.78,14-06-2024,iPhone,United Kingdom,48.0,74,
user_04607,control,0.0,92.86,04/16/2024,Mobile,IN,22.0,386,
user_05745,treatment,,132.67,08/12/2024,desktop,US,65.0,0,
user_02648,control,0.0,26.05,13-09-2024,tablet,USA,65.0,148,
user_00780,control,0.0,35.31,03/20/2024,mobile,USA,29.0,0,
user_05314,control,1.0,68.22,09/03/2024,Android,US,30.0,90,
user_01171,treatment,0.0,59.38,08-01-2024,mobile,UK,118.0,-81,
user_00623,treatment,0.0,51.32,2024-04-16,mobile,USA,33.0,518,
user_05518,treatment,1.0,,27-12-2024,desktop,United States,65.0,0,
user_06510,control,0.0,131.95,2024-05-12,desktop,US,55.0,316,
user_03034,TRT,1.0,142.87,01/09/2024,mobile,UK,39.0,47,
user_06216,treatment ,1.0,83.72,2024-09-06,desktop,US,50.0,245,
user_08408,TRT,1.0,141.2,08/02/2024,Desktop,USA,,477,
user_00584,control,0.0,-59.54,2024-11-29,desktop,USA,23.0,-62,
user_00014,control,0.0,,28-04-2024,mobile,US,54.0,-84,
user_00838,control,1.0,102.71,04-11-2024,Desktop,USA,61.0,116,
user_07188,control,1.0,34.19,09-08-2024,mobile,United Kingdom,60.0,417,
user_00663,test,0.0,82.7,05/19/2024,desktop,India,19.0,579,
user_05403,control,1.0,85.04,2024-08-13,Mobile,US,32.0,397,
user_05425,treatment,0.0,31.8,11/24/2024,mobile,UK,65.0,584,
user_07793,treatment,,173.79,25-12-2024,Android,United States,25.0,589,
user_05611,control,1.0,187.21,01-12-2024,mobile,IN,36.0,149,
user_04720,control,0.0,133.12,02/02/2024,Mobile,India,39.0,54,
user_03116,treatment,,130.06,2024-08-03,mobile,US,59.0,0,
user_00701,treatment,1.0,,27-01-2024,desktop,US,39.0,0,
user_04000,control,0.0,51.4,2024-06-21,tablet,US,37.0,98,
user_02777,treatment,1.0,129.1,2024-03-18,Desktop,United States,40.0,65,
user_05468,treatment,,$198.84,22-02-2024,Android,United States,43.0,193,
user_00839,treatment,0.0,-40.08,13-10-2024,desktop,US,59.0,277,
user_08765,TRT,1.0,$76.25,2024-11-06,Desktop,US,54.0,-79,
user_02406,control,0.0,,16-03-2024,desktop,US,24.0,461,
user_05165,control,1.0,96.19,2024-01-31,mobile,USA,25.0,432,
user_05986,treatment,,-32.55,2024-08-17,mobile,USA,24.0,-55,
user_05808,TRT,2.0,91.56,07/09/2024,mobile,US,37.0,565,
user_04412,treatment,1.0,102.04,2024-06-30,mobile,United States,38.0,259,
user_02629,treatment,0.0,123.58,06/07/2024,tablet,United Kingdom,61.0,583,
user_00529,treatment,1.0,104.72,25-04-2024,tablet,UK,,572,
user_01950,control,0.0,-97.4,2024-05-27,mobile,USA,,498,
user_08879,control,0.0,"119,77",25-07-2024,desktop,US,38.0,311,
user_03245,treatment,1.0,91.42,2024-05-05,tablet,USA,37.0,159,
user_00961,treatment,,124.27,10/24/2024,tablet,USA,35.0,0,
user_05364,control,,92.0,2024-06-12,Android,United States,60.0,342,
user_08450,treatment,1.0,100.6,2024-09-17,tablet,IN,42.0,62,
user_02339,treatment,0.0,118.15,2024-03-23,Desktop,UK,38.0,595,
user_05943,control,1.0,,11/13/2024,tablet,US,19.0,449,
user_04708,control,0.0,131.21,23-04-2024,mobile,UK,31.0,220,
user_03163,treatment,,139.99,17-06-2024,mobile,UK,18.0,341,
user_08468,treatment,2.0,,2024-06-01,mobile,USA,29.0,389,
user_04990,treatment,1.0,114.8,04/30/2024,Desktop,US,40.0,225,
user_06031,control,1.0,121.38,12/22/2024,tablet,UK,46.0,0,
user_04296,control,0.0,-17.56,2024-10-27,mobile,IN,36.0,183,
user_00927,control,0.0,"235,56",2024-06-05,mobile,UK,40.0,115,
user_02917,treatment ,1.0,"864,98",11/10/2024,mobile,UK,27.0,151,
user_03853,treatment,1.0,39.94,2024-01-02,mobile,US,46.0,434,
user_04246,treatment,0.0,170.19,2024-05-31,desktop,USA,45.0,500,
user_02443,control,1.0,170.69,11/01/2024,iPhone,US,54.0,52,
user_00826,control,1.0,179.0,03/27/2024,desktop,US,28.0,94,
user_05515,treatment,1.0,22.63,11/18/2024,mobile,USA,65.0,-71,
user_00849,treatment,1.0,193.83,18-08-2024,desktop,United States,62.0,286,
user_06886,treatment,0.0,55.44,26-07-2024,tablet,United States,18.0,468,
user_02213,control,1.0,,08/22/2024,desktop,India,20.0,560,
user_00226, treatment,0.0,39.89,07/03/2024,desktop ,India,24.0,406,
user_02162,treatment,1.0,86.42,05/23/2024,desktop,US,23.0,94,
user_00003,control,0.0,137.94,11/11/2024,Desktop,US,35.0,139,
user_00628,treatment,1.0,68.37,07-04-2024,mobile,India,53.0,414,
user_02157,treatment ,,160.44,07-10-2024,Desktop,India,50.0,396,
user_04568,control,0.0,,2024-03-22,tablet,US,21.0,0,
user_04241,treatment,,38380.75,18-08-2024,tablet,US,42.0,219,
user_07760,treatment,0.0,,06-03-2024,mobile,US,39.0,381,
user_01823,control,1.0,157.64,26-06-2024,desktop,United Kingdom,34.0,259,
user_00028,treatment ,1.0,57.63,02-03-2024,mobile,USA,46.0,502,
user_05241,control,,-10.7,2024-07-09,mobile,US,46.0,-84,
user_08580,treatment,0.0,172.27,09/23/2024,desktop,USA,41.0,357,
user_07500,treatment,0.0,13.36,16-04-2024,tablet,UK,25.0,0,
user_02699,control,0.0,12.27,30-10-2024,desktop,India,54.0,392,
user_07897,treatment,0.0,$190.89,08-05-2024,desktop,IN,61.0,380,
user_08196,control,1.0,$122.96,03/20/2024,Mobile,US,21.0,41,
user_02725,treatment,0.0,79.13,2024-01-15,iPhone,US,48.0,268,
user_07356,control,1.0,,08-11-2024,mobile,IN,49.0,47,
user_03183, treatment,1.0,133.52,2024-09-04,desktop ,India,57.0,0,
user_07831,control,0.0,109.29,2024-05-19,mobile,US,34.0,-36,
user_04342,control,0.0,15390.77,14-08-2024,mobile,UK,61.0,265,
user_03342,treatment,1.0,137.93,2024-03-14,desktop,UK,55.0,328,
user_01201,treatment,0.0,68.57,2024-03-31,desktop,USA,28.0,-83,
user_05842,TRT,0.0,72.18,07/18/2024,Mobile,United States,59.0,576,
user_05311, control,0.0,86.25,02/20/2024,mobile ,USA,32.0,293,
user_06302,control,1.0,105.72,2024-04-21,desktop,United States,59.0,141,
user_00528,treatment,0.0,92.57,2024-11-05,tablet,United States,47.0,531,
user_08534,treatment,1.0,154.94,2024-06-15,Desktop,USA,35.0,449,
user_08082,control,2.0,73.42,2024-04-18,mobile,USA,53.0,527,
user_00620,control,,180.11,11/07/2024,tablet,USA,29.0,341,
user_01258,treatment,1.0,131.92,04/03/2024,mobile,US,29.0,61,
user_00619,control,,90.67,2024-06-09,tablet,India,64.0,126,
user_07200,control,0.0,124.32,24-09-2024,desktop,United Kingdom,35.0,160,
user_02373,treatment,2.0,,05-03-2024,mobile,USA,50.0,556,
user_05746,control,1.0,39.76,2024-04-15,mobile,USA,63.0,317,
user_08793,treatment,1.0,32.31,2024-01-08,tablet,USA,37.0,360,
user_06718,treatment,0.0,178.21,2024-04-15,Mobile,IN,56.0,466,
user_04387,treatment,1.0,19.45,2024-04-15,desktop,United States,28.0,474,
user_05519,control,1.0,68.86,2024-08-31,desktop,IN,54.0,306,
user_06948,control,1.0,117.99,03-12-2024,desktop,US,44.0,433,
user_00642,control,1.0,20.54,2024-07-09,mobile,IN,23.0,251,
user_07801,control,2.0,,08/24/2024,tablet,US,48.0,50,
user_03164,treatment,1.0,71.16,2024-11-24,desktop,UK,26.0,106,
user_08889,treatment,0.0,54.14,2024-08-06,mobile,United States,38.0,558,
user_07655,treatment,0.0,172.37,2024-12-24,iPhone,India,23.0,540,
user_05171,treatment,1.0,53.46,2024-01-29,desktop,USA,53.0,475,
user_00724,control,,173.5,2024-04-02,mobile,US,40.0,400,
user_07094,control,1.0,169.56,12/21/2024,tablet,UK,65.0,407,
user_01412,treatment,1.0,105.73,03/29/2024,desktop,IN,29.0,222,
user_06285,TRT,2.0,152.41,24-01-2024,mobile,UK,41.0,93,
user_01129,treatment,0.0,108.3,2024-08-03,iPhone,USA,32.0,372,
user_00361,TRT,0.0,66.85,2024-10-27,tablet,USA,31.0,303,
user_06626,treatment,2.0,176.55,21-05-2024,desktop,United Kingdom,31.0,378,
user_07269,treatment,1.0,94.62,2024-09-01,Desktop,USA,44.0,555,
user_04754,treatment,1.0,90.66,18-02-2024,desktop,USA,51.0,106,
user_00137,Control,1.0,,31-07-2024,mobile,UK,38.0,292,
user_02632,TRT,0.0,39.42,2024-12-31,desktop,United Kingdom,60.0,0,
user_06134,treatment,0.0,199.41,06-10-2024,desktop,USA,20.0,73,
user_03466,treatment,1.0,163.74,22-02-2024,mobile,UK,43.0,0,
user_08895,treatment ,1.0,85.17,2024-06-02,desktop,United States,35.0,216,
user_08305,treatment,1.0,173.15,05/26/2024,Desktop,US,26.0,150,
user_05022,treatment ,0.0,52.64,2024-09-11,tablet,USA,64.0,542,
user_06971,treatment,0.0,132.63,2024-09-10,desktop,US,20.0,263,
user_03024,control,0.0,116.26,09-12-2024,mobile,United Kingdom,55.0,107,
user_02566,control,0.0,30.42,01/28/2024,Desktop,United States,62.0,0,
user_08784,control,1.0,119.54,2024-09-23,desktop,UK,56.0,290,
user_07443,treatment,1.0,143.35,2024-03-06,Android,USA,56.0,174,
user_01186,control,1.0,,11/10/2024,mobile,India,63.0,227,
user_05554,treatment,0.0,98.94,03/20/2024,mobile,United States,62.0,201,
user_04670,treatment,1.0,101.96,2024-05-14,desktop,United States,56.0,367,
user_02303,control,0.0,136.22,07/23/2024,desktop,US,41.0,0,
user_03670,treatment,1.0,,12/17/2024,mobile,India,22.0,243,
user_00019,control,,-26.94,31-03-2024,desktop,United Kingdom,35.0,167,
user_01786,TRT,0.0,173.96,02/03/2024,iPhone,USA,21.0,252,
user_03816,test,0.0,64.7,25-03-2024,mobile,United Kingdom,36.0,355,
user_07074,test,0.0,17.5,2024-02-19,desktop,US,,81,
user_05133,treatment,0.0,115.83,26-03-2024,mobile,UK,20.0,366,
user_00150,control,0.0,93.38,28-06-2024,mobile,United States,31.0,473,
user_00954,treatment,,73.78,27-12-2024,iPhone,India,,155,
user_02983,treatment,,80.76,2024-10-14,desktop,IN,,90,
user_07496,treatment,,78.22,15-01-2024,mobile,US,54.0,0,
user_00333,control,1.0,,2024-12-09,mobile,US,35.0,555,
user_04348,treatment,0.0,199.27,12/22/2024,tablet,UK,64.0,396,
user_08563,TRT,1.0,10.42,08/24/2024,mobile,India,47.0,592,
user_00851,treatment,0.0,94.94,2024-08-02,desktop,United Kingdom,42.0,287,
user_00796,TRT,2.0,18.78,05/18/2024,mobile,India,57.0,495,
user_02544,treatment,2.0,183.62,02/15/2024,desktop,UK,24.0,226,
user_01942,control,0.0,-54.51,17-09-2024,mobile,US,59.0,-29,
user_02150,TRT,1.0,187.93,2024-05-05,Android,UK,,347,
user_01404,treatment,0.0,78.7,2024-07-20,iPhone,US,20.0,258,
user_02916,treatment,0.0,143.19,11/27/2024,Android,USA,25.0,272,
user_08681, treatment,1.0,145.09,11/30/2024,tablet ,India,27.0,-63,
user_00576,treatment,0.0,123.62,2024-02-22,Desktop,USA,,94,
user_06038,treatment,0.0,52.61,18-11-2024,mobile,United States,44.0,81,
user_04656,Control,1.0,41.82,02-09-2024,mobile,India,43.0,432,
user_06128,treatment,,"308,71",23-06-2024,tablet,United Kingdom,45.0,207,
user_01681,treatment,1.0,$146.71,06-05-2024,desktop,IN,25.0,89,
user_01880,TRT,0.0,14.6,19-08-2024,desktop,United Kingdom,9.0,187,
user_07069,treatment,1.0,67.12,2024-07-31,mobile,USA,41.0,-65,
user_07511,control,1.0,155.64,03-01-2024,Desktop,USA,25.0,-16,
user_00762,control,1.0,62.63,10-01-2024,tablet,USA,,507,
user_03997,control,0.0,197.74,23-10-2024,Desktop,US,53.0,82,
user_03138,control,0.0,,06/26/2024,mobile,IN,39.0,548,
user_01049,treatment,0.0,47.04,01-10-2024,Mobile,India,43.0,0,
user_02381,treatment,0.0,112.11,03/31/2024,tablet,United Kingdom,46.0,109,
user_00944,control,0.0,,2024-02-26,Mobile,USA,25.0,368,
user_04510,control,,162.34,2024-03-29,tablet,UK,25.0,369,
user_02763,control,,51.96,22-03-2024,mobile,USA,57.0,70,
user_00605,control,1.0,127.07,10/02/2024,tablet,USA,51.0,500,
user_08574,treatment,0.0,82.15,2024-03-30,tablet,US,55.0,86,
user_03690, treatment,0.0,192.97,2024-02-17,desktop ,United States,19.0,0,
user_04229,treatment,0.0,182.0,2024-05-31,Android,USA,31.0,515,
user_00158,control,1.0,131.07,2024-02-28,mobile,IN,50.0,459,
user_00579,control,1.0,$90.5,2024-12-18,desktop,USA,51.0,130,
user_07945,control,2.0,61.89,26-06-2024,tablet,USA,41.0,-79,
user_08404,control,,137.05,03/11/2024,desktop,United Kingdom,48.0,473,
user_00222,control,0.0,49.05,19-08-2024,mobile,US,26.0,-89,
user_05810,control,0.0,105.88,2024-05-23,mobile,US,53.0,188,
user_04765,Control,0.0,16.39,01/11/2024,desktop,India,56.0,447,
user_06559,treatment,,44.81,2024-01-26,tablet,IN,37.0,98,
user_08690,control,1.0,142.09,14-02-2024,tablet,UK,55.0,260,
user_07206,TRT,0.0,39.61,27-07-2024,desktop,United Kingdom,23.0,0,
user_04635,treatment,0.0,25562.94,29-11-2024,tablet,IN,35.0,217,
user_00202,control,0.0,96.76,09/02/2024,iPhone,IN,23.0,326,
user_06230,treatment,1.0,173.54,2024-08-01,mobile,IN,63.0,550,
user_00294,treatment,2.0,22.74,06-03-2024,iPhone,US,50.0,136,
user_07698,treatment,0.0,50.7,2024-12-12,desktop,US,64.0,175,
user_00459,control,1.0,36.74,05/23/2024,mobile,USA,63.0,350,
user_03237,control,0.0,105.81,19-07-2024,desktop,US,47.0,150,
user_01244,control,,33.0,2024-11-07,tablet,US,46.0,235,
user_00013,treatment,1.0,36.13,09/17/2024,mobile,UK,25.0,119,
user_07152,control,1.0,"456,24",2024-11-29,tablet,USA,62.0,-67,
user_00676,control,1.0,30.66,2024-01-15,Android,IN,23.0,531,
user_07281,control,0.0,32.8,2024-07-18,mobile,US,50.0,-96,
user_04706,treatment,0.0,59.21,2024-04-17,mobile,United States,45.0,234,
user_08421,control,0.0,167.13,21-12-2024,mobile,US,22.0,174,
user_07913,control,0.0,199.45,06-01-2024,Android,USA,37.0,212,
user_00437,control,,67.36,14-05-2024,desktop,US,59.0,127,
user_02973,control,1.0,112.39,03/24/2024,mobile,US,63.0,349,
user_01293,treatment,0.0,137.89,06/27/2024,desktop,USA,48.0,183,
user_00826,control,1.0,"520,75",2024-07-13,tablet,UK,38.0,126,
user_06800,treatment,1.0,66.53,2024-03-31,mobile,IN,47.0,553,
user_04237,control,1.0,82.7,07/03/2024,desktop,USA,58.0,288,
user_03251,control,0.0,86.99,2024-08-13,desktop,United States,7.0,400,
user_01697,control,0.0,29.61,08/19/2024,desktop,United States,65.0,150,
user_07567,control,1.0,71.49,03/01/2024,Android,IN,63.0,446,
user_05625,treatment,1.0,119.69,05-10-2024,desktop,USA,41.0,134,
user_03360,control,1.0,20.82,2024-07-10,desktop,USA,44.0,478,
user_08291,treatment ,2.0,132.85,24-02-2024,tablet,US,35.0,-76,
user_05831,treatment,0.0,12.12,10/20/2024,tablet,US,24.0,91,
user_02388,treatment,0.0,57.24,22-09-2024,iPhone,India,41.0,185,
user_07034,control,1.0,184.63,2024-05-29,desktop,United States,41.0,-45,
user_05612,control,0.0,116.5,24-07-2024,tablet,US,30.0,141,
user_00320,control,2.0,14.08,2024-07-08,desktop,US,21.0,38,
user_03972,control,0.0,192.98,10-06-2024,mobile,US,36.0,519,
user_06694,control,,,2024-08-05,desktop,USA,45.0,310,
user_08072,Control,0.0,54.67,04/29/2024,desktop,United States,45.0,259,
user_00766,control,0.0,153.1,12/19/2024,iPhone,US,21.0,0,
user_06139,control,0.0,$24.18,2024-05-24,tablet,India,56.0,411,
user_05466,control,1.0,58.88,16-06-2024,Mobile,United States,35.0,438,
user_07599,treatment,1.0,145.25,04/05/2024,desktop,US,23.0,571,
user_01981,treatment ,0.0,99.38,2024-11-01,Desktop,USA,25.0,530,
user_02542,control,,24.29,02/14/2024,desktop,US,9.0,237,
user_02433,TRT,0.0,135.2,12/06/2024,Desktop,USA,43.0,379,
user_00045,control,1.0,73.5,25-06-2024,mobile,US,26.0,0,
user_04518,TRT,2.0,67.66,01/02/2024,tablet,India,22.0,132,
user_01045,control,0.0,89.72,2024-08-12,mobile,USA,22.0,342,
user_07349,test,0.0,153.8,2024-12-22,Mobile,USA,31.0,248,
user_00985,test,0.0,146.5,2024-07-01,tablet,India,44.0,0,
user_07010,treatment,0.0,135.86,08/28/2024,mobile,United States,45.0,0,
user_01846,treatment,0.0,24.65,2024-09-28,mobile,USA,46.0,0,
user_06420,Control,0.0,156.82,2024-10-24,Android,USA,29.0,138,
user_08728,treatment,,11.72,2024-10-05,tablet,India,43.0,131,
user_03129,control,0.0,"889,32",2024-08-27,Mobile,India,44.0,583,
user_03522,control,1.0,93.82,2024-07-07,mobile,India,26.0,0,
user_02361,control,1.0,191.41,2024-06-28,mobile,UK,34.0,299,
user_05120,treatment,1.0,94.19,14-07-2024,desktop,IN,59.0,479,
user_02711,treatment,1.0,48015.9,12-01-2024,Android,United States,24.0,242,
user_03912,control,1.0,$173.49,14-08-2024,Desktop,IN,46.0,514,
user_04642,control,1.0,154.21,2024-04-22,mobile,United States,37.0,59,
user_07455,control,,196.14,01/24/2024,mobile,United Kingdom,53.0,293,
user_05510,TRT,1.0,146.26,10-10-2024,iPhone,US,48.0,407,
user_00662,control,0.0,162.36,2024-09-23,mobile,US,36.0,79,
user_04130,control,1.0,24.26,2024-03-23,desktop,India,55.0,434,
user_02951,treatment ,0.0,118.21,2024-05-20,mobile,United States,33.0,268,
user_00975,treatment,0.0,188.01,23-02-2024,desktop,United States,26.0,576,
user_01098,TRT,1.0,68.2,2024-05-19,tablet,United States,22.0,53,
user_03567,control,1.0,108.66,27-09-2024,Android,USA,53.0,0,
user_08890,treatment,1.0,101.22,10-09-2024,tablet,India,25.0,34,
user_04711,treatment,0.0,111.89,2024-04-27,iPhone,UK,23.0,420,
user_01878,control,0.0,17.9,2024-06-07,desktop,IN,34.0,358,
user_00585,treatment,0.0,59.55,12/09/2024,desktop,IN,,335,
user_02168,treatment,1.0,135.79,01/18/2024,mobile,USA,41.0,454,
user_07079,treatment,0.0,$36.87,29-06-2024,mobile,USA,62.0,73,
user_05036,treatment ,1.0,146.77,08-04-2024,Desktop,US,49.0,300,
user_03285,control,1.0,132.29,16-08-2024,mobile,India,,402,
user_08847,treatment,0.0,22.98,09/11/2024,desktop,US,63.0,537,
user_02575,control,1.0,170.96,2024-11-25,mobile,US,36.0,482,
user_02800,treatment,0.0,"671,22",30-03-2024,Android,US,19.0,109,
user_06595,treatment,1.0,120.3,2024-09-26,tablet,US,,436,
user_06180,control,1.0,24.4,11/21/2024,iPhone,United Kingdom,36.0,211,
user_08122,treatment,1.0,93.88,2024-11-24,mobile,USA,35.0,200,
user_01102,treatment,0.0,"941,47",20-08-2024,desktop,IN,45.0,116,
user_06959,control,2.0,96.16,2024-07-02,mobile,IN,24.0,577,
user_03135,control,0.0,66.87,2024-05-12,tablet,US,48.0,0,
user_03154,treatment,0.0,192.76,01-08-2024,tablet,US,32.0,522,
user_03498,control,0.0,109.66,03/09/2024,desktop,United States,19.0,209,
user_05629,control,0.0,24.48,2024-02-10,tablet,India,22.0,493,
user_00748,control,1.0,51.93,10/19/2024,mobile,US,65.0,65,
user_01872,treatment,0.0,,2024-04-06,tablet,USA,53.0,300,
user_08737,control,1.0,104.03,11/27/2024,Desktop,United Kingdom,18.0,577,
user_00591,control,1.0,144.6,17-05-2024,mobile,India,54.0,539,
user_06458,control,2.0,100.16,2024-07-10,desktop,US,52.0,416,
user_06145,control,,67.0,2024-03-27,desktop,US,18.0,0,
user_01249,control,1.0,119.54,2024-09-23,mobile,USA,53.0,113,
user_05170,treatment,0.0,167.9,2024-07-20,tablet,US,,407,
user_06438,control,0.0,-94.68,07/12/2024,Android,US,59.0,0,
user_01403,control,1.0,38.23,16-07-2024,Desktop,IN,47.0,194,
user_06993,control,1.0,142.58,2024-08-28,tablet,USA,31.0,229,
user_08459,control,0.0,-60.51,2024-05-23,mobile,US,28.0,106,
user_06527,control,1.0,176.96,10/09/2024,desktop,IN,65.0,317,
user_07993,treatment,1.0,41.58,2024-10-22,mobile,US,58.0,432,
user_03638,control,1.0,111.32,2024-06-02,tablet,US,40.0,522,
user_02141,control,1.0,94.96,2024-07-09,tablet,US,51.0,45,
user_07938,treatment,0.0,179.57,31-10-2024,tablet,United Kingdom,42.0,483,
user_06535,treatment,1.0,,01/03/2024,mobile,USA,39.0,527,
user_05072,treatment,1.0,75.1,01/18/2024,tablet,India,62.0,476,
user_00844,control,1.0,-55.48,2024-08-19,tablet,IN,60.0,116,
user_07338,treatment,0.0,"854,23",08-08-2024,mobile,US,38.0,213,
user_00432,control,0.0,-83.07,12/12/2024,mobile,United Kingdom,29.0,328,
user_00151,control,0.0,39.12,2024-03-18,tablet,US,63.0,0,
user_08062,test,1.0,48.01,03/12/2024,desktop,USA,56.0,574,
user_08882,Control,0.0,,30-12-2024,Desktop,US,39.0,214,
user_01012,treatment,1.0,105.62,2024-06-23,mobile,USA,56.0,575,
user_05483,control,0.0,72.7,12/09/2024,mobile,USA,42.0,374,
user_00867,test,1.0,127.57,2024-04-15,tablet,USA,59.0,207,
user_03494,control,1.0,"866,93",22-06-2024,desktop,US,21.0,-33,
user_00921,control,1.0,126.12,10/14/2024,desktop,US,33.0,-28,
user_00122,treatment ,1.0,136.76,06/03/2024,mobile,US,46.0,49,
user_00875,control,0.0,182.39,28-04-2024,tablet,US,27.0,402,
user_07346,control,1.0,167.41,2024-05-20,tablet,UK,41.0,308,
user_00622,treatment,1.0,79.9,11/08/2024,iPhone,USA,51.0,245,
user_00835,TRT,1.0,97.32,13-01-2024,iPhone,USA,41.0,165,
user_08479,control,1.0,197.02,2024-01-12,desktop,United Kingdom,49.0,528,
user_07546,treatment,0.0,13.52,2024-12-04,mobile,India,46.0,345,
user_07956,control,1.0,64.7,2024-04-05,Desktop,US,30.0,318,
user_03702,control,1.0,126.8,2024-05-07,Mobile,USA,34.0,62,
user_00615,control,0.0,27.66,09/14/2024,Android,USA,40.0,212,
user_02700,control,0.0,64.87,2024-06-25,desktop,US,47.0,343,
user_00454,treatment,1.0,131.21,09-06-2024,desktop,USA,56.0,72,
user_00487,control,0.0,$160.93,04/22/2024,mobile,IN,52.0,403,
user_05193,control,0.0,48.67,2024-08-21,mobile,United States,33.0,146,
user_03831,treatment,1.0,194.22,21-02-2024,mobile,UK,,48,
user_03436,treatment ,0.0,-95.83,12/27/2024,tablet,US,37.0,0,
user_07906,treatment,0.0,176.91,2024-10-10,mobile,USA,19.0,106,
user_03659,control,0.0,182.94,06/05/2024,desktop,United States,42.0,557,
user_02620,treatment,1.0,77.34,2024-04-22,mobile,United Kingdom,52.0,58,
user_02519,treatment,0.0,79.74,22-06-2024,tablet,IN,37.0,166,
user_00052,treatment,1.0,51.55,24-01-2024,desktop,United Kingdom,54.0,431,
user_00130,treatment,,119.96,2024-05-01,mobile,United States,19.0,516,
user_04975,control,0.0,127.56,2024-11-04,mobile,IN,61.0,220,
user_06421,control,0.0,75.53,2024-01-28,mobile,United Kingdom,50.0,443,
user_00247,control,0.0,175.18,2024-09-03,desktop,UK,11.0,131,
user_02467,control,1.0,134.61,08/17/2024,mobile,US,25.0,178,
user_06933,treatment,1.0,29.68,2024-10-14,mobile,United States,63.0,340,
user_07616,control,1.0,-96.98,2024-01-12,iPhone,UK,,303,
user_00391,control,0.0,10.92,2024-09-06,mobile,US,28.0,176,
user_03802,control,1.0,102.07,14-12-2024,tablet,UK,58.0,264,
user_04337,treatment,0.0,135.64,11/15/2024,Mobile,US,42.0,565,
user_02149,treatment,0.0,124.02,07/14/2024,Mobile,UK,57.0,72,
user_00230,control,2.0,103.08,2024-01-23,desktop,United States,54.0,369,
user_00035,treatment,1.0,34.48,15-09-2024,tablet,United States,35.0,0,
user_08634,control,,22.14,2024-03-03,desktop,US,26.0,488,
user_06802,treatment,1.0,56.71,03/06/2024,desktop,US,27.0,-71,
user_00643,control,1.0,25.09,2024-04-10,desktop,IN,50.0,501,
user_03780,treatment,,122.7,24-05-2024,mobile,US,27.0,352,
user_04570,treatment,2.0,31.01,02/27/2024,mobile,USA,57.0,486,
user_04133,control,,93.27,2024-08-07,desktop,United Kingdom,27.0,600,
user_00342,treatment,0.0,-80.51,2024-02-24,mobile,US,33.0,531,
user_06353,control,2.0,-22.44,2024-11-12,desktop,IN,42.0,207,
user_00763,control,1.0,51.92,2024-11-19,Desktop,USA,46.0,64,
user_03233,treatment,0.0,191.97,11/28/2024,tablet,India,23.0,427,
user_01746,control,1.0,,2024-08-12,desktop,UK,41.0,507,
user_02470,treatment,0.0,170.03,2024-09-30,Desktop,United States,21.0,363,
user_02826,control,1.0,172.27,03/31/2024,desktop,UK,44.0,97,
user_01612,treatment,0.0,54.46,2024-01-11,tablet,US,38.0,321,
user_02380,treatment,,185.14,2024-11-13,Mobile,USA,61.0,32,
user_01362,treatment,0.0,113.24,02/01/2024,mobile,US,62.0,279,
user_07589,treatment,1.0,64.05,08/10/2024,desktop,US,27.0,0,
user_05215,control,0.0,51.48,04/24/2024,desktop,USA,56.0,429,
user_05722,treatment,2.0,,2024-11-12,desktop,US,52.0,171,
user_04725,control,1.0,33.54,2024-01-07,tablet,United Kingdom,62.0,263,
user_07786,treatment,1.0,143.33,13-06-2024,mobile,USA,45.0,48,
user_08651,treatment,1.0,,2024-10-18,tablet,United Kingdom,21.0,239,
user_01139,treatment,1.0,123.08,2024-11-26,mobile,US,61.0,-91,
user_02510,control,0.0,192.24,17-09-2024,mobile,United Kingdom,53.0,0,
user_06127,control,0.0,"493,45",07/26/2024,mobile,UK,56.0,540,
user_00246,treatment,1.0,135.29,2024-05-29,desktop,India,62.0,439,
user_06651,treatment,0.0,$181.99,11/16/2024,tablet,United Kingdom,48.0,521,
user_01692,treatment,,120.32,12-07-2024,tablet,UK,21.0,0,
user_05158,treatment,0.0,187.79,11-09-2024,Mobile,US,47.0,171,
user_00296,control,0.0,38.38,06/12/2024,desktop,IN,44.0,0,
user_00475,control,1.0,152.85,2024-05-05,Desktop,United States,,131,
user_04718,control,1.0,94.94,12/23/2024,tablet,IN,35.0,136,
user_08316,test,1.0,40.09,08-09-2024,desktop,United Kingdom,44.0,339,
user_05597,control,0.0,-28.26,11-02-2024,tablet,USA,63.0,298,
user_04042,treatment,0.0,20.64,10-08-2024,desktop,United States,31.0,0,
user_04793,control,0.0,,10/11/2024,mobile,US,49.0,291,
user_05969,control,1.0,,05-03-2024,Android,US,28.0,144,
user_03158,control,,160.09,04/02/2024,tablet,US,50.0,483,
user_00652,treatment,1.0,125.24,09/17/2024,tablet,India,50.0,488,
user_01370,control,0.0,40.18,12-04-2024,desktop,United States,52.0,319,
user_02204,test,0.0,27972.71,2024-12-22,tablet,United Kingdom,61.0,-26,
user_03864,Control,1.0,114.36,04/20/2024,Android,United States,57.0,0,
user_02304,control,1.0,121.46,28-09-2024,Desktop,US,44.0,376,
user_02299,Control,0.0,133.51,2024-02-02,tablet,US,47.0,-17,
user_05438,treatment,1.0,136.22,01/31/2024,desktop,IN,43.0,155,
user_02787,test,0.0,76.73,08/24/2024,desktop,US,25.0,334,
user_06390,treatment,1.0,$25.85,12/05/2024,tablet,US,40.0,207,
user_06888,control,0.0,15.34,2024-01-22,mobile,US,45.0,91,
user_08277, control,0.0,-65.02,22-02-2024,tablet ,US,36.0,452,
user_02142,treatment,,-97.98,11/24/2024,mobile,US,55.0,279,
user_03071,treatment,0.0,62.99,04/02/2024,Android,US,,-54,
user_07637,control,,49.16,30-05-2024,desktop,IN,23.0,366,
user_00175,control,0.0,178.11,05-10-2024,tablet,India,50.0,-44,
user_00821,control,0.0,,19-03-2024,mobile,United States,27.0,57,
user_03696,control,0.0,25.81,05-09-2024,mobile,United Kingdom,51.0,520,
user_03736,control,0.0,70.09,11/05/2024,tablet,United States,52.0,380,
user_00832,treatment,0.0,105.09,2024-02-15,mobile,US,64.0,176,
user_05252,Control,1.0,49.06,09-11-2024,tablet,US,18.0,0,
user_00006,treatment,1.0,93.18,2024-07-20,desktop,US,23.0,0,
user_04885,control,0.0,27.25,2024-12-03,tablet,US,55.0,528,
user_08666,TRT,1.0,51.96,07/04/2024,Desktop,UK,50.0,326,
user_08002,treatment,1.0,33.6,12/28/2024,mobile,India,34.0,479,
user_06357,treatment ,1.0,110.87,04/03/2024,mobile,IN,30.0,66,
user_07350,treatment,,-42.71,07/25/2024,Mobile,USA,45.0,374,
user_04287,treatment,0.0,58.12,2024-10-22,desktop,US,27.0,154,
user_01764,treatment,1.0,58.18,2024-02-25,desktop,United Kingdom,37.0,30,
user_06295,control,0.0,,10-01-2024,Mobile,United Kingdom,53.0,140,
user_02214,control,0.0,$15.91,2024-01-17,Mobile,US,30.0,459,
user_00467,treatment,0.0,18.65,11/03/2024,desktop,USA,21.0,-37,
user_08442,treatment,,182.52,22-09-2024,Desktop,United Kingdom,36.0,599,
user_08592,treatment ,1.0,158.42,20-11-2024,tablet,US,55.0,340,
user_02906,test,1.0,98.89,01/05/2024,iPhone,IN,19.0,403,
user_03118,treatment,0.0,98.3,14-10-2024,mobile,USA,24.0,0,
user_03236,control,,$18.76,2024-03-19,mobile,USA,59.0,486,
user_02963,control,2.0,162.41,20-03-2024,mobile,US,45.0,235,
user_06044,treatment,0.0,31.29,27-10-2024,mobile,USA,23.0,43,
user_07652,control,0.0,79.77,2024-03-21,desktop,United Kingdom,61.0,36,
user_03287,treatment,1.0,140.99,2024-02-04,desktop,USA,38.0,565,
user_05759,treatment,0.0,64.23,2024-08-04,mobile,India,35.0,380,
user_08407,control,1.0,174.64,2024-11-26,mobile,USA,29.0,-81,
user_00517,control,0.0,$181.21,2024-10-24,desktop,US,109.0,492,
user_00201,treatment,0.0,14.57,04/23/2024,desktop,US,50.0,183,
user_05430,Control,2.0,29.68,09/11/2024,desktop,USA,58.0,72,
user_00237,control,1.0,171.38,2024-03-06,desktop,USA,35.0,185,
user_04384,treatment,1.0,128.59,2024-12-23,mobile,USA,55.0,-40,
user_00205,treatment,0.0,123.38,23-05-2024,tablet,US,64.0,-94,
user_07380,treatment,1.0,100.75,2024-08-01,desktop,United States,58.0,514,
user_05197,Control,1.0,87.68,2024-03-07,Desktop,USA,28.0,570,
user_06673,control,1.0,79.77,19-02-2024,mobile,USA,59.0,194,
user_06528,treatment,1.0,75.84,2024-08-09,mobile,United Kingdom,21.0,-82,
user_05168,treatment,2.0,21.62,2024-06-30,desktop,US,60.0,335,
user_04971,Control,1.0,148.3,2024-01-19,desktop,IN,50.0,273,
user_00293,control,1.0,80.84,19-09-2024,mobile,India,44.0,481,
user_05833,control,1.0,80.51,04/21/2024,desktop,United States,18.0,62,
user_01895,control,,92.69,21-02-2024,mobile,United Kingdom,62.0,294,
user_06364,TRT,,143.15,2024-12-24,desktop,United Kingdom,30.0,120,
user_00724,treatment,1.0,-93.74,20-04-2024,desktop,USA,49.0,385,
user_02776,treatment,0.0,,2024-11-03,desktop,US,65.0,356,
user_00438,treatment,1.0,162.05,21-01-2024,desktop,US,45.0,256,
user_03697,control,0.0,-81.08,2024-06-26,mobile,US,,194,
user_02747,treatment,,178.09,26-08-2024,mobile,US,32.0,319,
user_07250,treatment,1.0,149.03,2024-09-18,Android,USA,27.0,110,
user_04391,treatment,,199.18,09/21/2024,mobile,IN,25.0,0,
user_03061,control,0.0,10.91,2024-12-30,iPhone,United Kingdom,23.0,153,
user_00997, treatment,0.0,165.36,2024-04-19,desktop ,United States,41.0,446,
user_05728,treatment ,0.0,15.82,09/18/2024,mobile,United States,59.0,444,
user_00773,Control,0.0,126.7,2024-09-20,desktop,USA,31.0,270,
user_00169,treatment,0.0,72.06,03-02-2024,tablet,US,55.0,161,
user_06042,control,0.0,,2024-03-02,desktop,UK,32.0,530,
user_03337,control,1.0,191.77,2024-03-02,desktop,India,54.0,470,
user_03626,treatment ,1.0,153.32,26-11-2024,desktop,USA,51.0,72,
user_06294,control,2.0,183.46,2024-05-12,Mobile,UK,43.0,480,
user_06081,control,0.0,86.62,08/05/2024,mobile,US,63.0,440,
user_07503,control,2.0,195.3,04-01-2024,desktop,US,44.0,479,
user_06562,treatment,0.0,88.86,2024-01-27,mobile,UK,,237,
user_05582,control,0.0,14.58,11/19/2024,Desktop,US,40.0,-30,
user_05447,treatment,1.0,134.16,02/27/2024,desktop,United States,60.0,506,
user_06676,control,0.0,,01-06-2024,mobile,US,46.0,590,
user_04032,treatment,2.0,127.58,2024-12-16,tablet,USA,43.0,367,
user_01929,control,1.0,159.55,06/29/2024,mobile,United States,44.0,442,
user_02790,control,0.0,156.98,08/18/2024,mobile,USA,65.0,275,
user_00969,treatment,1.0,161.14,26-02-2024,tablet,USA,27.0,-85,
user_05367,control,1.0,129.84,04-04-2024,mobile,US,26.0,0,
user_07654, TRT,1.0,,2024-09-15,desktop ,UK,33.0,272,
user_02208,test,0.0,"159,43",08/19/2024,tablet,United Kingdom,63.0,527,
user_04512,treatment,1.0,127.67,2024-12-22,desktop,US,21.0,593,
user_00095,TRT,,110.43,2024-08-02,tablet,US,,367,
user_00979,treatment,1.0,95.75,01/13/2024,mobile,US,19.0,114,
user_08876,control,0.0,121.44,08/31/2024,tablet,USA,58.0,43,
user_05099,treatment,,73.64,03/19/2024,desktop,USA,51.0,330,
user_04154,control,0.0,-88.9,2024-05-19,desktop,IN,,406,
user_01407,control,1.0,86.43,01/16/2024,desktop,United Kingdom,41.0,477,
user_04623,control,0.0,93.86,2024-12-12,desktop,India,22.0,353,
user_01495,treatment,2.0,38.04,14-05-2024,mobile,UK,63.0,246,
user_01070,treatment,1.0,88.93,12/30/2024,Android,UK,61.0,-45,
user_08214,control,0.0,100.95,2024-04-11,Desktop,IN,41.0,475,
user_08605,treatment,1.0,94.64,10/01/2024,mobile,United States,24.0,478,
user_08235,treatment ,1.0,35.58,03/19/2024,mobile,USA,33.0,172,
user_00860,control,,41.47,2024-11-18,tablet,US,34.0,151,
user_00486,control,,21.5,10/28/2024,desktop,UK,22.0,564,
user_05003,treatment,0.0,136.34,27-05-2024,iPhone,US,62.0,302,
user_05119,treatment,0.0,143.45,2024-08-17,desktop,US,20.0,386,
user_05859,control,,,05/11/2024,iPhone,India,27.0,141,
user_07035,treatment,0.0,90.23,09/09/2024,desktop,India,48.0,259,
user_04291,control,1.0,50.31,14-09-2024,tablet,United Kingdom,21.0,0,
user_05911,control,2.0,118.71,23-02-2024,desktop,India,37.0,225,
user_04940,TRT,0.0,89.17,2024-01-31,desktop,USA,65.0,193,
user_06557,control,0.0,38.03,06/18/2024,mobile,USA,62.0,341,
user_08136,treatment,0.0,85.06,31-01-2024,desktop,India,33.0,149,
user_04689,treatment ,,$193.18,2024-01-05,Android,United Kingdom,61.0,271,
user_02335,treatment,0.0,,19-10-2024,tablet,US,,579,
user_01031,treatment,1.0,133.64,2024-02-19,mobile,USA,20.0,252,
user_06821,control,1.0,-23.74,2024-07-12,tablet,United Kingdom,57.0,-31,
user_08186,control,1.0,123.69,04-10-2024,mobile,US,63.0,481,
user_00207,control,,26.86,07-07-2024,tablet,USA,60.0,-61,
user_07021,treatment,0.0,58.96,05-06-2024,mobile,USA,42.0,597,
user_00680,control,1.0,42.43,27-10-2024,mobile,USA,62.0,371,
user_07290,treatment ,0.0,85.53,2024-05-03,mobile,US,18.0,119,
user_05395,TRT,0.0,175.99,2024-05-05,mobile,US,65.0,406,
user_07812,treatment,0.0,90.3,2024-11-11,mobile,US,57.0,346,
user_06646,treatment,0.0,,04-02-2024,desktop,India,29.0,372,
user_05529,treatment ,0.0,64.63,08-08-2024,mobile,United States,18.0,151,
user_07928,treatment,2.0,175.18,2024-06-16,mobile,IN,47.0,104,
user_04027,control,0.0,118.61,2024-03-05,desktop,United Kingdom,36.0,421,
user_05444,treatment,0.0,114.53,11/21/2024,desktop,US,40.0,246,
user_01053,control,0.0,115.63,2024-08-16,mobile,United Kingdom,45.0,141,
user_04196,treatment,0.0,,07/15/2024,tablet,USA,65.0,592,
user_01527,control,0.0,74.11,2024-05-13,mobile,USA,25.0,500,
user_08680,treatment,0.0,109.02,16-11-2024,iPhone,US,,38,
user_04023,treatment,1.0,31.85,2024-06-09,Desktop,India,49.0,110,
user_05755,control,0.0,24.76,2024-04-25,desktop,United Kingdom,23.0,188,
user_05383,treatment,,125.44,2024-12-18,Mobile,India,62.0,309,
user_08021,control,1.0,25.84,18-09-2024,iPhone,US,28.0,0,
user_03509,treatment,0.0,55.48,08/25/2024,desktop,US,64.0,219,
user_04671,control,,56.13,2024-04-04,tablet,US,11.0,168,
user_07122,treatment,0.0,19.43,04/09/2024,mobile,US,32.0,412,
user_03792,treatment,0.0,22.13,14-10-2024,desktop,US,,320,
user_03685,control,,116.93,30-12-2024,tablet,India,48.0,141,
user_06733,control,0.0,130.39,2024-08-09,desktop,USA,41.0,554,
user_00536,Control,1.0,110.98,2024-11-25,mobile,UK,43.0,487,
user_02513,TRT,1.0,12.11,2024-07-15,desktop,India,25.0,-65,
user_08962,control,,174.38,24-12-2024,desktop,US,64.0,535,
user_05570,treatment,1.0,55.24,2024-04-22,iPhone,USA,43.0,103,
user_02729,control,1.0,136.28,2024-06-29,mobile,United Kingdom,57.0,411,
user_00938,control,0.0,107.52,2024-09-13,desktop,US,23.0,263,
user_08449,treatment,0.0,115.04,06-10-2024,desktop,USA,56.0,124,
user_00989,control,1.0,61.75,2024-09-11,mobile,India,60.0,297,
user_00599,control,0.0,110.84,2024-06-19,desktop,United Kingdom,64.0,296,
user_07361,control,1.0,182.83,2024-04-03,Mobile,United Kingdom,51.0,416,
user_05467,treatment,0.0,16.43,30-04-2024,mobile,US,19.0,304,
user_05895,control,1.0,,2024-03-17,mobile,USA,40.0,487,
user_04699,treatment,0.0,65.0,2024-07-14,mobile,IN,30.0,228,
user_04908,control,1.0,59.43,01/28/2024,tablet,United States,27.0,-15,
user_04259,control,0.0,105.11,2024-11-03,desktop,US,22.0,295,
user_08957,treatment,,162.14,08-07-2024,mobile,IN,64.0,443,
user_06803,control,0.0,,2024-11-26,desktop,United States,64.0,436,
user_08265,control,1.0,156.81,2024-06-10,mobile,IN,24.0,231,
user_03038,treatment,0.0,11.39,09/13/2024,mobile,USA,60.0,547,
user_06512,treatment,2.0,197.68,2024-04-10,desktop,India,18.0,480,
user_02985,control,,43.19,09/21/2024,desktop,IN,60.0,262,
user_03767,TRT,1.0,142.4,06/28/2024,desktop,USA,,450,
user_02212,treatment,1.0,64.1,08/06/2024,mobile,US,53.0,503,
user_01729,TRT,1.0,29.64,10-03-2024,iPhone,IN,26.0,460,
user_02771,treatment,1.0,191.99,2024-05-01,desktop,IN,63.0,277,
user_07483,control,0.0,139.83,2024-04-17,tablet,United Kingdom,46.0,361,
user_00812,treatment,,$22.19,2024-03-25,Desktop,United States,37.0,197,
user_07614,control,,,10-07-2024,mobile,IN,60.0,482,
user_02876,Control,0.0,138.9,10/05/2024,mobile,IN,28.0,291,
user_03938,control,1.0,122.05,2024-12-23,tablet,IN,30.0,0,
user_07909,treatment,0.0,43.09,2024-08-22,mobile,United States,28.0,138,
user_01156,treatment,1.0,122.98,11-05-2024,Android,US,45.0,310,
user_00047,control,0.0,$193.73,07/16/2024,tablet,USA,32.0,-49,
user_05547,control,0.0,"915,73",2024-07-30,desktop,US,19.0,198,
user_03990,control,0.0,57.61,05/22/2024,Desktop,USA,25.0,597,
user_00123,control,1.0,24.58,2024-03-05,mobile,US,33.0,276,
user_05718,control,1.0,68.92,05-05-2024,tablet,India,55.0,179,
user_00682,control,0.0,25.01,09/27/2024,Mobile,US,58.0,473,
user_05653,treatment,1.0,174.55,06-11-2024,Mobile,USA,26.0,111,
user_00071,control,1.0,91.92,07/25/2024,Desktop,US,42.0,346,
user_05299,control,0.0,185.66,2024-09-20,mobile,USA,58.0,106,
user_06376,control,0.0,41.15,06/10/2024,mobile,United States,54.0,519,
user_00519,control,0.0,46.11,10-03-2024,desktop,United Kingdom,37.0,297,
user_07809,control,,97.28,20-06-2024,desktop,US,55.0,335,
user_00999,treatment,1.0,73.88,06/01/2024,desktop,USA,53.0,67,
user_00278,treatment,,112.31,10/14/2024,desktop,United Kingdom,51.0,589,
user_08187,treatment,0.0,60.36,04-05-2024,desktop,UK,61.0,372,
user_01723,control,0.0,182.63,2024-10-12,Desktop,United States,51.0,382,
user_05631,control,1.0,-69.56,14-09-2024,desktop,UK,,314,
user_07975,control,1.0,-12.42,01/15/2024,desktop,USA,42.0,514,
user_04851,treatment,0.0,65.8,03-01-2024,mobile,UK,42.0,-57,
user_00133,control,1.0,60.97,01/22/2024,tablet,USA,48.0,87,
user_08715,treatment,0.0,75.5,19-01-2024,Android,UK,53.0,327,
user_05499,treatment,0.0,63.68,11/09/2024,tablet,India,,447,
user_04625,treatment,1.0,179.33,2024-02-28,mobile,US,23.0,0,
user_01835,control,1.0,168.94,29-01-2024,tablet,USA,23.0,56,
user_02343,treatment,0.0,127.97,2024-06-18,mobile,IN,30.0,571,
user_05867, treatment,0.0,198.63,07/30/2024,mobile ,United States,55.0,414,
user_04769,treatment,0.0,104.58,16-11-2024,Desktop,US,52.0,598,
user_00511,treatment,1.0,163.11,2024-11-21,desktop,United States,32.0,390,
user_08894,treatment,1.0,58.99,09/22/2024,Mobile,USA,61.0,335,
user_01245,control,0.0,157.42,2024-06-30,mobile,India,54.0,297,
user_05246,treatment,1.0,-58.56,24-11-2024,mobile,UK,50.0,109,
user_01992,treatment ,1.0,131.44,2024-09-11,desktop,IN,39.0,416,
user_04195,TRT,1.0,185.45,14-12-2024,mobile,IN,30.0,591,
user_08937,control,0.0,47.42,2024-10-30,desktop,UK,27.0,512,
user_07264,TRT,0.0,,2024-01-13,desktop,USA,22.0,541,
user_07565,control,0.0,168.61,2024-11-13,desktop,UK,35.0,479,
user_00611,control,0.0,,2024-07-04,Desktop,USA,53.0,304,
user_02706, control,1.0,"208,76",05/18/2024,mobile ,United States,20.0,-55,
user_00500,control,0.0,129.16,04/10/2024,tablet,US,,42,
user_07289,Control,0.0,28.26,2024-08-05,desktop,USA,39.0,51,
user_04417, control,0.0,88.34,24-04-2024,mobile ,USA,65.0,-66,
user_04606,treatment,1.0,,12-02-2024,tablet,IN,57.0,81,
user_00221,treatment,0.0,137.52,23-02-2024,desktop,US,39.0,573,
user_01104,treatment,0.0,142.05,2024-08-19,mobile,United States,18.0,268,
user_04663,control,,85.18,06/08/2024,desktop,India,64.0,501,
user_03959,treatment,2.0,62.72,2024-06-22,iPhone,UK,55.0,0,
user_05949,control,0.0,-66.06,06/20/2024,desktop,United Kingdom,59.0,103,
user_06592,control,0.0,-52.19,12-06-2024,mobile,US,18.0,143,
user_08770,treatment,0.0,41.3,19-03-2024,desktop,US,28.0,419,
user_04742,control,1.0,110.82,04/10/2024,mobile,United Kingdom,24.0,446,
user_00081,control,1.0,190.77,03/23/2024,desktop,United States,,0,
user_02688,control,1.0,154.45,17-05-2024,desktop,US,56.0,545,
user_00502,control,0.0,183.94,12/31/2024,tablet,UK,58.0,528,
user_06061,Control,1.0,50.79,18-01-2024,tablet,USA,65.0,411,
user_07663,treatment,1.0,10.94,13-09-2024,tablet,US,35.0,420,
user_04636, treatment,1.0,34.22,2024-06-21,mobile ,IN,40.0,519,
user_00720,treatment,,197.91,08-03-2024,tablet,United States,57.0,205,
user_03212,control,0.0,178.62,04/01/2024,Desktop,USA,56.0,374,
user_02337,treatment,1.0,190.81,2024-07-25,tablet,US,44.0,78,
user_00554,control,0.0,89.99,05/05/2024,desktop,IN,57.0,226,
user_03349,control,,23.87,2024-12-22,desktop,IN,63.0,385,
user_04329,control,0.0,43.76,03-09-2024,mobile,India,63.0,294,
user_04913,control,0.0,140.64,17-06-2024,mobile,USA,59.0,529,
user_04389,TRT,1.0,133.29,05/02/2024,mobile,India,21.0,398,
user_01765,control,1.0,,2024-09-16,desktop,United States,29.0,534,
user_07858,treatment ,,15.08,2024-11-16,Desktop,USA,23.0,591,
user_06323,control,1.0,140.42,07/21/2024,iPhone,United Kingdom,62.0,532,
user_07482,Control,,184.05,2024-07-17,Android,United Kingdom,18.0,459,
user_03978,control,0.0,10.85,11-02-2024,Mobile,US,34.0,-33,
user_08382,control,0.0,124.97,08/06/2024,Desktop,IN,26.0,447,
user_03002,treatment ,0.0,,2024-06-10,desktop,USA,53.0,513,
user_00262,control,0.0,188.2,02/10/2024,desktop,India,20.0,358,
user_08734,control,,198.91,2024-02-08,desktop,India,25.0,191,
user_02479,TRT,0.0,183.83,21-11-2024,desktop,US,110.0,452,
user_03573,treatment,1.0,53.78,29-05-2024,tablet,India,35.0,496,
user_04495,treatment,,,2024-03-13,Android,United States,33.0,-82,
user_00242,treatment,,,06/07/2024,tablet,IN,65.0,366,
user_06057,treatment,1.0,157.16,02/12/2024,tablet,India,45.0,33,
user_05648,control,0.0,156.08,20-01-2024,mobile,United Kingdom,55.0,455,
user_01951,treatment,0.0,155.55,2024-10-15,Mobile,US,19.0,48,
user_05874,control,2.0,168.03,2024-12-04,Mobile,USA,,112,
user_08364,treatment,0.0,106.9,25-09-2024,mobile,USA,58.0,369,
user_06052,treatment,0.0,159.63,29-04-2024,mobile,USA,54.0,515,
user_08600,control,1.0,52.33,04/07/2024,desktop,UK,30.0,175,
user_06657,Control,0.0,97.47,01-01-2024,desktop,USA,,0,
user_07863,control,1.0,150.68,2024-04-11,desktop,IN,41.0,448,
user_02969,treatment,0.0,92.13,2024-04-27,tablet,United Kingdom,24.0,591,
user_02445,treatment,0.0,70.06,28-09-2024,Desktop,United Kingdom,56.0,-93,
user_06517,TRT,0.0,163.03,08/31/2024,Desktop,India,55.0,262,
user_00594,TRT,1.0,,2024-12-18,mobile,US,23.0,-69,
user_00339,control,1.0,10.09,2024-06-30,desktop,United Kingdom,42.0,594,
user_04590,treatment,1.0,36.95,21-03-2024,tablet,IN,55.0,413,
user_01559,treatment,1.0,170.46,24-07-2024,desktop,United States,64.0,445,
user_02615,control,0.0,161.96,2024-06-19,Mobile,UK,42.0,176,
user_00755,treatment,0.0,182.97,06-09-2024,mobile,USA,42.0,254,
user_04269,test,1.0,39.3,08/01/2024,tablet,US,40.0,137,
user_04236,control,,96.14,2024-02-04,mobile,US,38.0,522,
user_01755,control,1.0,122.17,04/08/2024,iPhone,IN,32.0,556,
user_05965,control,0.0,-96.51,24-01-2024,desktop,IN,25.0,318,
user_01473,control,1.0,34.56,2024-03-04,tablet,India,47.0,34,
user_02450,control,0.0,86.62,04-01-2024,desktop,USA,36.0,408,
user_02724, control,1.0,"255,83",10-07-2024,tablet ,US,59.0,588,
user_00675,control,,79.06,20-09-2024,tablet,US,44.0,466,
user_01426,treatment,0.0,,24-05-2024,tablet,US,26.0,76,
user_02742,control,,89.06,02/29/2024,mobile,USA,24.0,0,
user_03785,Control,,136.54,2024-08-09,mobile,US,18.0,0,
user_01866,control,,,2024-04-03,desktop,United Kingdom,25.0,524,
user_03892,control,1.0,179.0,2024-11-28,mobile,UK,40.0,547,
user_04367,control,,182.37,05/14/2024,desktop,US,41.0,86,
user_00164,control,1.0,177.68,02/01/2024,tablet,IN,45.0,0,
user_01429,treatment,1.0,172.35,06/05/2024,mobile,IN,38.0,315,
user_08562,control,1.0,38.23,02-05-2024,tablet,UK,48.0,587,
user_00781,control,,184.15,20-03-2024,mobile,IN,18.0,442,
user_05751,control,0.0,109.55,2024-06-26,mobile,USA,,555,
user_02051,TRT,1.0,24.74,04/08/2024,mobile,US,29.0,174,
user_00029,control,0.0,170.98,12/31/2024,desktop,United States,26.0,256,
user_02027,control,1.0,149.72,2024-09-13,desktop,India,45.0,-32,
user_02215,treatment,0.0,"917,32",12/06/2024,iPhone,US,50.0,-71,
user_08494,control,0.0,26.53,2024-08-11,iPhone,UK,23.0,105,
user_07541,TRT,0.0,67.12,2024-03-26,mobile,UK,48.0,269,
user_07100,treatment,1.0,182.87,11-05-2024,desktop,India,40.0,425,
user_02915,control,0.0,-85.87,2024-11-24,mobile,USA,47.0,189,
user_04837,control,0.0,127.35,03/17/2024,mobile,UK,50.0,201,
user_00948,treatment,2.0,57.03,08/02/2024,desktop,USA,26.0,482,
user_05432,treatment,1.0,159.06,03/13/2024,Desktop,USA,30.0,0,
user_00681,treatment,2.0,$143.56,04/18/2024,mobile,United Kingdom,23.0,521,
user_06673,control,1.0,79.77,19-02-2024,mobile,USA,59.0,194,
user_00042,treatment,1.0,164.65,2024-01-12,tablet,India,65.0,375,
user_05956,treatment,1.0,89.27,2024-04-19,Mobile,US,28.0,597,
user_07560,control,1.0,75.42,2024-10-11,tablet,United States,30.0,463,
user_07140,control,,49.49,10/11/2024,Mobile,UK,32.0,73,
user_07017,control,0.0,82.83,12-11-2024,mobile,US,54.0,-51,
user_00024,TRT,0.0,"866,21",04/26/2024,Mobile,IN,43.0,212,
user_05350,control,0.0,182.37,2024-07-28,iPhone,USA,62.0,428,
user_00782,treatment,0.0,26.21,2024-05-18,mobile,IN,23.0,511,
user_03213,treatment ,0.0,15.52,03/02/2024,mobile,IN,24.0,410,
user_00498,TRT,1.0,117.82,09/09/2024,mobile,United States,51.0,153,
user_07554,treatment ,1.0,121.53,2024-05-05,desktop,United Kingdom,48.0,-27,
user_06764,treatment,,84.81,11-06-2024,tablet,United Kingdom,21.0,455,
user_02855,control,2.0,173.45,04/16/2024,tablet,United States,28.0,468,
user_00347,control,1.0,176.34,21-04-2024,iPhone,IN,62.0,177,
user_00558,treatment,1.0,81.2,09-10-2024,tablet,India,48.0,137,
user_00712,control,1.0,22.04,22-05-2024,iPhone,USA,35.0,538,
user_02019,control,0.0,26.5,2024-07-22,Mobile,US,45.0,0,
user_00187,treatment,1.0,$30.33,05/11/2024,tablet,USA,42.0,191,
user_01216,control,0.0,-40.69,2024-10-08,mobile,India,55.0,162,
user_01815,control,1.0,156.79,24-11-2024,mobile,USA,41.0,256,
user_05273,control,1.0,188.82,2024-12-28,tablet,United Kingdom,53.0,-18,
user_05287,control,1.0,,23-03-2024,mobile,US,55.0,84,
user_02456,control,0.0,128.52,07-03-2024,mobile,US,33.0,290,
user_06305,treatment,1.0,76.3,2024-07-09,tablet,US,21.0,394,
user_08776,control,1.0,161.98,12/10/2024,desktop,India,,-70,
user_04115,treatment,1.0,142.05,05/23/2024,tablet,USA,50.0,300,
user_06299,control,1.0,188.89,2024-09-20,Android,USA,,292,
user_04491,control,0.0,$25.07,14-03-2024,desktop,United Kingdom,39.0,393,
user_01264,treatment ,1.0,154.79,08/30/2024,desktop,UK,55.0,597,
user_00933,TRT,,-45.59,07/26/2024,mobile,US,34.0,139,
user_02866,control,1.0,71.32,09/14/2024,tablet,US,20.0,227,
user_07571,treatment,1.0,156.22,08/27/2024,mobile,United Kingdom,19.0,240,
user_05928,test,0.0,82.78,2024-10-07,tablet,USA,33.0,417,
user_07398,treatment,,181.82,2024-07-28,tablet,India,65.0,446,
user_08747,control,2.0,58.1,31-07-2024,tablet,US,59.0,368,
user_00376,treatment,0.0,64.0,2024-12-15,desktop,US,48.0,284,
user_07992,control,0.0,69.35,20-04-2024,desktop,US,45.0,0,
user_05465,treatment,1.0,51.66,07/11/2024,Mobile,UK,,365,
user_06349,control,1.0,15.09,06/08/2024,desktop,IN,34.0,559,
user_00484,TRT,0.0,103.58,12-08-2024,tablet,US,33.0,-74,
user_04123,treatment,1.0,13.95,01/16/2024,mobile,US,51.0,106,
user_08222,Control,0.0,144.33,06/24/2024,mobile,India,59.0,0,
user_00063,treatment,0.0,$178.27,04-08-2024,Mobile,US,60.0,227,
user_03467,control,1.0,196.17,26-12-2024,desktop,IN,40.0,471,
user_04409,treatment,1.0,132.76,12/21/2024,mobile,United Kingdom,59.0,465,
user_00428,control,1.0,21.52,09/07/2024,tablet,United Kingdom,9.0,555,
user_06865,treatment,0.0,27899.99,02/23/2024,tablet,India,42.0,263,
user_06021,treatment,0.0,121.91,2024-07-14,desktop,United States,7.0,505,
user_02312,treatment,1.0,"300,64",09/21/2024,desktop,US,60.0,0,
user_01280,Control,0.0,140.05,09/19/2024,desktop,US,24.0,409,
user_06030,TRT,0.0,65.82,2024-12-10,desktop,IN,54.0,228,
user_00634,treatment,0.0,136.48,12-05-2024,tablet,United Kingdom,42.0,431,
user_00445,treatment,0.0,17.68,16-06-2024,mobile,United Kingdom,19.0,579,
user_07214,control,1.0,69.95,10/20/2024,desktop,IN,,476,
user_04849,control,2.0,155.81,20-05-2024,desktop,UK,41.0,201,
user_03150,treatment,0.0,,2024-11-23,desktop,US,55.0,198,
user_05046,control,0.0,90.74,05/01/2024,desktop,UK,22.0,43,
user_00788,treatment,0.0,110.12,11/16/2024,desktop,United Kingdom,40.0,228,
user_04281,control,0.0,79.59,03/17/2024,tablet,UK,62.0,466,
user_03745,control,,183.44,04/21/2024,mobile,United States,59.0,404,
user_07423,control,0.0,,2024-11-10,desktop,USA,53.0,87,
user_07657,control,1.0,138.48,2024-12-30,desktop,IN,20.0,147,
user_06439,control,,141.58,17-04-2024,Android,US,37.0,271,
user_02823,treatment,0.0,162.43,2024-08-17,mobile,India,28.0,588,
user_02746,control,1.0,191.56,11/20/2024,desktop,United Kingdom,40.0,69,
user_07767,treatment ,0.0,16.88,2024-10-06,desktop,USA,62.0,-55,
user_03705,treatment,1.0,,27-03-2024,mobile,US,60.0,129,
user_04327,treatment,0.0,72.46,2024-01-17,desktop,US,38.0,562,
user_00838,treatment ,0.0,184.5,2024-11-02,mobile,United States,31.0,482,
user_04364,control,0.0,192.04,01/04/2024,mobile,UK,26.0,101,
user_00429,control,1.0,"930,15",2024-11-13,desktop,US,51.0,401,
user_04353,control,1.0,139.85,10-10-2024,desktop,USA,51.0,-91,
user_04061,treatment,1.0,120.75,03/27/2024,desktop,IN,24.0,566,
user_00852,treatment,0.0,97.03,15-10-2024,Desktop,United States,19.0,115,
user_00395,control,0.0,197.56,06/14/2024,iPhone,UK,60.0,548,
user_05961,control,0.0,177.42,2024-07-03,tablet,US,28.0,201,
user_00830,treatment,1.0,130.67,2024-09-16,desktop,USA,56.0,0,
user_01001,control,0.0,$161.79,2024-11-27,desktop,US,49.0,32,
user_00917,TRT,0.0,60.81,21-08-2024,Desktop,IN,27.0,155,
user_03269,control,1.0,66.07,09/29/2024,tablet,US,50.0,87,
user_07612,treatment,1.0,107.96,13-08-2024,desktop,US,46.0,0,
user_03609,control,0.0,197.45,11/18/2024,mobile,United States,24.0,463,
user_00144,treatment,1.0,185.37,16-11-2024,tablet,US,25.0,68,
user_00955,control,,81.9,2024-02-22,Mobile,India,62.0,496,
user_00470,treatment,1.0,186.48,09/03/2024,Desktop,IN,54.0,234,
user_04096,test,,147.45,2024-09-22,Mobile,United States,26.0,229,
user_07317,Control,1.0,$139.92,2024-03-11,tablet,US,61.0,529,
user_07889,control,0.0,155.87,12-02-2024,desktop,USA,9.0,571,
user_00400,control,0.0,90.28,21-12-2024,mobile,UK,20.0,62,
user_02308,treatment,1.0,127.15,2024-07-30,desktop,US,44.0,406,
user_01428,treatment ,0.0,"743,60",2024-06-25,desktop,US,56.0,271,
user_08988,TRT,0.0,-62.89,2024-01-09,mobile,UK,53.0,389,
user_01497,treatment ,,$17.49,13-01-2024,desktop,India,28.0,150,
user_00413,treatment,1.0,,06-03-2024,desktop,IN,29.0,286,
user_03229,treatment,1.0,19.81,11-01-2024,desktop,USA,45.0,518,
user_06731,treatment,1.0,97.9,25-02-2024,tablet,United Kingdom,60.0,91,
user_07430,control,1.0,70.7,22-03-2024,mobile,USA,26.0,494,
user_05080,treatment,1.0,191.37,2024-08-05,Desktop,US,22.0,135,
user_04744,treatment,1.0,72.61,08/17/2024,mobile,USA,35.0,241,
user_08254,treatment,0.0,103.46,04/20/2024,mobile,US,43.0,-46,
user_07505,treatment,1.0,$141.68,2024-09-27,tablet,United States,22.0,106,
user_01451,TRT,0.0,$77.88,2024-03-08,Mobile,US,51.0,242,
user_00633,control,0.0,125.76,2024-09-01,tablet,United States,,469,
user_01529,treatment,1.0,28.72,2024-03-08,tablet,US,23.0,274,
user_00364,treatment ,2.0,176.85,23-08-2024,mobile,UK,29.0,0,
user_05329,control,1.0,$49.55,2024-04-18,desktop,US,49.0,117,
user_00137,treatment,1.0,141.06,09/17/2024,mobile,USA,27.0,256,
user_01386,treatment,0.0,181.72,12/16/2024,mobile,UK,22.0,532,
user_03691,control,1.0,30.27,03/21/2024,mobile,USA,40.0,437,
user_04007,treatment,0.0,156.8,2024-12-11,mobile,IN,28.0,60,
user_06725,treatment,1.0,72.16,23-05-2024,Desktop,United Kingdom,56.0,406,
user_03217,treatment,0.0,12.27,21-01-2024,desktop,US,65.0,311,
user_06748,treatment,0.0,77.08,24-01-2024,mobile,USA,64.0,-31,
user_05345,control,,,28-08-2024,desktop,India,55.0,542,
user_03287, control,1.0,182.98,25-03-2024,mobile ,USA,61.0,170,
user_06561,control,,17.94,2024-01-31,mobile,UK,34.0,-29,
user_04398,treatment,1.0,134.69,25-10-2024,desktop,US,64.0,598,
user_02123,control,0.0,66.24,26-06-2024,Android,UK,52.0,151,
user_01058,treatment,0.0,116.58,11-10-2024,desktop,UK,53.0,161,
user_00338,control,0.0,"496,85",07/22/2024,mobile,United States,61.0,335,
user_04474,TRT,,,2024-06-02,desktop,US,49.0,-32,
user_03037,treatment,0.0,135.68,08-01-2024,tablet,US,54.0,78,
user_00114,treatment,0.0,$179.9,09/06/2024,mobile,USA,,450,
user_03907,control,,147.16,2024-10-02,Android,US,46.0,57,
user_03793,treatment ,0.0,138.84,09/21/2024,desktop,United Kingdom,36.0,280,
user_03983,treatment ,,22.01,2024-03-25,iPhone,USA,56.0,326,
user_00467,control,0.0,157.69,2024-10-22,tablet,UK,42.0,443,
user_04252,treatment,,179.97,2024-12-09,mobile,IN,62.0,145,
user_07283,control,,69.26,27-04-2024,tablet,IN,62.0,69,
user_05945,treatment,0.0,104.05,03-04-2024,mobile,USA,23.0,143,
user_00898,control,1.0,115.34,19-04-2024,desktop,USA,27.0,565,
user_07957,treatment,0.0,154.6,2024-05-11,Mobile,USA,41.0,117,
user_05619,treatment,2.0,113.2,20-10-2024,Mobile,United Kingdom,54.0,420,
user_08174,TRT,0.0,"458,11",11/17/2024,tablet,US,34.0,567,
user_08416,treatment,1.0,143.24,11/22/2024,tablet,US,53.0,32,
user_02362,treatment,1.0,15.17,2024-01-10,Android,United Kingdom,21.0,-86,
user_07261,treatment,0.0,-40.04,2024-09-28,desktop,US,20.0,309,
user_06427,control,,$135.5,11/19/2024,mobile,United Kingdom,46.0,505,
user_00392,treatment,0.0,,05/02/2024,tablet,UK,19.0,260,
user_06744,treatment,1.0,93.34,17-11-2024,mobile,US,41.0,183,
user_08579,control,0.0,,14-07-2024,desktop,US,59.0,524,
user_04565,TRT,0.0,90.5,15-05-2024,desktop,USA,42.0,412,
user_05095,control,1.0,187.26,2024-03-10,mobile,United Kingdom,23.0,258,
user_03117,control,1.0,184.53,22-12-2024,mobile,IN,50.0,510,
user_08232,treatment,1.0,-62.99,2024-06-19,Desktop,UK,62.0,-94,
user_06171,treatment ,0.0,79.19,2024-04-12,desktop,US,39.0,598,
user_08172,control,0.0,-83.55,12/25/2024,desktop,USA,22.0,292,
user_01430,TRT,0.0,156.95,22-11-2024,iPhone,USA,30.0,97,
user_06063,treatment,0.0,97.45,2024-02-21,tablet,UK,18.0,284,
user_01197,treatment,0.0,60.61,2024-09-07,mobile,India,38.0,79,
user_02359,treatment,1.0,165.95,2024-07-19,Android,US,30.0,261,
user_00912,treatment,,$49.81,2024-05-06,Android,USA,33.0,-65,
user_05295,control,0.0,"371,38",2024-06-03,desktop,USA,34.0,154,
user_07690,control,,"194,66",08-06-2024,mobile,United Kingdom,59.0,174,
user_07267,treatment ,,,07/04/2024,mobile,United States,38.0,287,
user_05662,treatment,1.0,184.94,04-01-2024,desktop,USA,31.0,558,
user_07276,control,0.0,54.26,09/16/2024,tablet,USA,,53,
user_07107,treatment,0.0,180.82,16-11-2024,mobile,USA,22.0,166,
user_00589,control,0.0,-99.22,25-10-2024,desktop,United States,28.0,116,
user_05203,treatment ,1.0,82.26,2024-03-13,Android,United Kingdom,65.0,454,
user_01066,treatment,1.0,80.96,2024-06-28,Android,US,119.0,134,
user_08515,TRT,1.0,163.27,2024-05-09,mobile,US,50.0,69,
user_08130,control,0.0,96.36,2024-04-06,mobile,United Kingdom,63.0,107,
user_04138,treatment,1.0,79.44,29-09-2024,desktop,IN,33.0,502,
user_00644,control,0.0,186.64,03/31/2024,tablet,India,19.0,224,
user_03700,treatment,0.0,-24.91,2024-02-02,tablet,India,21.0,241,
user_02279,treatment,1.0,98.64,07/28/2024,Desktop,USA,39.0,353,
user_00749,control,,30.12,03/06/2024,tablet,USA,58.0,324,
user_08999,test,0.0,96.97,2024-12-24,tablet,United States,50.0,177,
user_03001,control,1.0,149.99,06/30/2024,tablet,India,31.0,-30,
user_05907,treatment,1.0,151.07,2024-03-09,mobile,US,56.0,180,
user_05887,treatment,0.0,22.61,04-12-2024,desktop,United States,62.0,555,
user_03555,treatment,,187.3,2024-10-16,tablet,United Kingdom,45.0,69,
user_01807,control,0.0,138.15,19-04-2024,desktop,US,62.0,0,
user_01037,control,0.0,37.45,2024-08-28,Mobile,USA,33.0,337,
user_00869,treatment,2.0,129.75,2024-01-05,mobile,USA,51.0,370,
user_00678,control,0.0,84.4,04/01/2024,desktop,US,65.0,565,
user_02539,control,0.0,18.73,27-12-2024,tablet,United Kingdom,32.0,-88,
user_06837,control,0.0,187.42,15-09-2024,desktop,USA,47.0,479,
user_04282,treatment,0.0,74.86,26-06-2024,mobile,India,21.0,325,
user_08343,treatment,1.0,152.99,2024-10-15,Android,US,55.0,276,
user_00414,treatment,0.0,126.87,11/13/2024,tablet,IN,21.0,430,
user_04081,treatment,0.0,34.62,2024-06-20,mobile,US,44.0,356,
user_08564,treatment,0.0,-43.2,04-02-2024,iPhone,USA,53.0,233,
user_06881,control,0.0,81.74,30-08-2024,desktop,United States,55.0,409,
user_00263,control,0.0,$44.07,2024-08-14,tablet,UK,34.0,568,
user_07708,treatment,1.0,-30.17,2024-02-10,tablet,United States,29.0,424,
user_05520,control,1.0,192.69,19-10-2024,mobile,India,43.0,522,
user_05955,TRT,0.0,141.59,26-02-2024,desktop,USA,63.0,-40,
user_08536,treatment,,,12/26/2024,desktop,USA,52.0,150,
user_06213,treatment ,,70.86,2024-04-20,Android,IN,41.0,138,
user_08088,treatment,1.0,157.06,29-03-2024,mobile,USA,34.0,78,
user_01170,treatment,0.0,115.87,2024-07-26,Android,US,44.0,581,
user_08312,control,1.0,160.45,05/31/2024,desktop,USA,48.0,555,
user_08833,TRT,1.0,$64.28,24-10-2024,mobile,US,52.0,583,
user_05362,treatment ,1.0,178.99,2024-06-18,Android,USA,36.0,410,
user_03878,treatment ,1.0,77.05,10/26/2024,mobile,IN,44.0,273,
user_00390,treatment,,55.63,2024-04-03,tablet,USA,18.0,96,
user_06268,treatment,1.0,175.14,09/23/2024,Desktop,United Kingdom,62.0,0,
user_00609,treatment,1.0,,2024-08-10,mobile,USA,19.0,201,
user_02043,treatment,0.0,65.21,2024-03-19,mobile,US,54.0,354,
user_01898,control,0.0,197.14,2024-06-12,tablet,US,41.0,118,
user_02209,treatment,1.0,179.91,31-10-2024,desktop,India,27.0,99,
user_00498,control,2.0,,2024-06-19,tablet,India,56.0,157,
user_01887,control,,60.97,2024-02-24,tablet,US,,282,
user_00404,control,0.0,106.14,2024-09-19,mobile,UK,26.0,403,
user_03220,treatment,1.0,151.51,2024-05-13,Desktop,USA,,0,
user_00951,treatment,1.0,,2024-11-26,tablet,UK,55.0,312,
user_00378,treatment ,0.0,152.85,2024-08-16,desktop,US,,567,
user_04188,treatment,2.0,184.32,04/21/2024,mobile,United Kingdom,31.0,-16,
user_07662,treatment,0.0,,2024-04-20,desktop,IN,58.0,247,
user_08532,test,0.0,49.75,2024-12-14,tablet,India,56.0,89,
user_01532,control,0.0,37.97,08/27/2024,mobile,US,32.0,-62,
user_07804,control,0.0,104.65,02-01-2024,tablet,United Kingdom,23.0,358,
user_03844,TRT,0.0,177.51,2024-02-29,tablet,India,44.0,146,
user_00354,control,,128.89,05/01/2024,mobile,USA,50.0,0,
user_06498,control,1.0,17.51,2024-05-30,mobile,US,41.0,446,
user_04168,treatment,0.0,128.23,09-03-2024,desktop,USA,45.0,243,
user_04905,TRT,0.0,29.46,2024-05-16,mobile,United States,45.0,-61,
user_04574,treatment,1.0,104.13,02/17/2024,mobile,USA,56.0,475,
user_00217,treatment,0.0,80.85,02/27/2024,tablet,United States,25.0,459,
user_06918,TRT,1.0,,2024-12-27,Desktop,USA,55.0,561,
user_00059,treatment,0.0,186.58,11-08-2024,Android,India,,77,
user_07800,control,1.0,175.79,23-12-2024,mobile,US,32.0,0,
user_07172,treatment ,1.0,,2024-08-09,desktop,US,22.0,413,
user_04190,treatment,0.0,199.78,06/22/2024,mobile,United Kingdom,47.0,465,
user_06250,treatment,0.0,119.8,17-11-2024,desktop,United Kingdom,46.0,43,
user_00869,control,,169.05,2024-03-13,Android,USA,25.0,-93,
user_07921,treatment ,1.0,152.26,2024-11-09,mobile,US,65.0,0,
user_08958,control,1.0,175.94,12/02/2024,mobile,United Kingdom,38.0,57,
user_00695,control,1.0,47.61,2024-10-29,mobile,USA,34.0,232,
user_05665,control,1.0,161.87,29-03-2024,desktop,US,30.0,279,
user_07603,treatment,1.0,19.22,2024-10-17,mobile,USA,54.0,400,
user_01235,treatment,1.0,102.06,08/13/2024,Desktop,IN,36.0,328,
user_07676,control,0.0,48.09,26-01-2024,mobile,IN,20.0,0,
user_04255,treatment,1.0,"970,61",2024-03-31,mobile,US,52.0,0,
user_03085,treatment,1.0,136.22,09-06-2024,Android,India,41.0,199,
user_05782,treatment,1.0,-61.52,2024-04-17,Mobile,US,28.0,240,
user_08038,control,0.0,45.6,07/05/2024,Mobile,IN,54.0,194,
user_03082,control,1.0,147.43,2024-05-14,desktop,USA,44.0,503,
user_05121, control,1.0,131.71,24-08-2024,tablet ,IN,57.0,311,
user_08396,TRT,,,04/30/2024,tablet,United Kingdom,35.0,0,
user_01120,control,,163.03,02-10-2024,mobile,US,35.0,0,
user_02030,control,0.0,84.03,04/24/2024,Android,United Kingdom,,300,
user_04926,control,0.0,101.92,06/22/2024,mobile,United States,22.0,232,
user_02186,treatment,0.0,,16-03-2024,mobile,UK,35.0,284,
user_03192,control,0.0,142.13,2024-11-11,Android,UK,65.0,119,
user_05332,control,0.0,,2024-03-26,tablet,US,52.0,396,
user_00441,treatment,1.0,33.04,03/02/2024,Desktop,US,53.0,445,
user_00077,treatment,1.0,179.03,10/17/2024,desktop,IN,24.0,42,
user_05771,control,0.0,173.58,07/13/2024,mobile,India,39.0,30,
user_05675,control,0.0,15.97,22-06-2024,tablet,United Kingdom,23.0,192,
user_05335,treatment ,1.0,179.8,29-10-2024,desktop,US,22.0,479,
user_07619,treatment ,0.0,173.35,03/22/2024,tablet,UK,8.0,572,
user_04072,control,0.0,170.6,2024-12-31,Mobile,United States,27.0,506,
user_01913,control,0.0,194.71,2024-06-09,mobile,UK,54.0,426,
user_02008, test,1.0,194.61,2024-08-20,desktop ,USA,36.0,218,
user_00158,control,1.0,109.04,2024-01-24,mobile,US,55.0,166,
user_03195,test,0.0,17.04,04/07/2024,tablet,India,21.0,302,
user_08005,Control,0.0,33.0,29-06-2024,tablet,US,,390,
user_04435,treatment,1.0,144.43,24-08-2024,Desktop,US,39.0,129,
user_04993,control,1.0,77.54,04/07/2024,tablet,USA,25.0,190,
user_01611,control,0.0,117.5,26-05-2024,tablet,IN,34.0,520,
user_05392,control,1.0,180.44,11/04/2024,Android,USA,60.0,239,
user_06397,control,1.0,147.58,2024-11-11,tablet,United Kingdom,62.0,274,
user_03174,control,0.0,66.18,01/28/2024,desktop,US,64.0,324,
user_06287,TRT,0.0,188.34,2024-02-24,tablet,United States,53.0,76,
user_01769,control,1.0,140.32,2024-08-10,desktop,US,56.0,125,
user_06907,control,1.0,,23-09-2024,mobile,USA,21.0,394,
user_08311,treatment,1.0,18.21,2024-02-19,desktop,United States,35.0,114,
user_02990,control,0.0,30.94,2024-02-29,tablet,UK,41.0,62,
user_00089,treatment,1.0,31.68,2024-03-29,mobile,USA,18.0,249,
user_02897,treatment,1.0,175.23,10-01-2024,desktop,UK,40.0,572,
user_06337,treatment,0.0,96.41,04/23/2024,Desktop,USA,53.0,232,
user_02889,control,1.0,108.03,06/09/2024,desktop,US,39.0,63,
user_03015,control,1.0,,2024-04-18,Android,UK,27.0,-73,
user_08760,treatment,0.0,48.85,2024-03-09,mobile,United States,60.0,356,
user_06011,treatment,0.0,-18.91,01/11/2024,desktop,India,40.0,0,
user_00923,treatment,0.0,188.87,12/16/2024,mobile,USA,43.0,283,
user_00176,treatment,1.0,192.42,2024-11-25,Desktop,US,46.0,184,
user_00858,treatment,2.0,-41.34,2024-04-19,tablet,USA,21.0,315,
user_02667,control,0.0,143.68,08/03/2024,tablet,USA,19.0,150,
user_08094,control,0.0,55.29,11/05/2024,mobile,USA,38.0,552,
user_01661,control,0.0,,09/27/2024,desktop,India,44.0,407,
user_02158,treatment,1.0,148.68,22-10-2024,mobile,United Kingdom,50.0,233,
user_01256,control,1.0,102.23,2024-11-21,desktop,India,31.0,-21,
user_05390,control,1.0,134.32,03/23/2024,desktop,United States,30.0,280,
user_07987,treatment,0.0,47.36,03-02-2024,tablet,US,59.0,-36,
user_08071,treatment ,1.0,47.35,2024-08-05,desktop,US,36.0,70,
user_02264,treatment,0.0,,2024-10-15,desktop,United States,30.0,242,
user_08811,control,1.0,123.74,2024-04-07,mobile,US,33.0,225,
user_06755,treatment,1.0,114.7,02/10/2024,tablet,IN,60.0,432,
user_08696,treatment,1.0,113.25,2024-07-02,desktop,USA,42.0,487,
user_03843,treatment,0.0,119.01,08/30/2024,tablet,IN,55.0,475,
user_00823,treatment,1.0,185.37,28-06-2024,iPhone,US,22.0,309,
user_01751,TRT,,34.35,01/22/2024,desktop,USA,56.0,182,
user_03870,control,,46.96,10/01/2024,desktop,US,34.0,449,
user_05980,treatment,0.0,89.43,10-01-2024,tablet,UK,45.0,135,
user_07343,control,2.0,75.89,02/11/2024,desktop,USA,64.0,586,
user_00332,control,0.0,,04-04-2024,mobile,IN,26.0,208,
user_01795,control,2.0,118.97,2024-01-28,desktop,US,37.0,173,
user_06056,control,0.0,83.14,02/23/2024,tablet,India,63.0,133,
user_07159,treatment,,37820.85,19-11-2024,mobile,United Kingdom,23.0,210,
user_06738,control,0.0,123.48,04/01/2024,desktop,IN,22.0,252,
user_05584,control,1.0,151.75,11/24/2024,desktop,US,43.0,90,
user_08799,control,0.0,77.73,01/09/2024,tablet,India,21.0,268,
user_04043,treatment ,0.0,76.55,02-11-2024,mobile,United States,24.0,566,
user_08633,treatment,0.0,,2024-08-26,Mobile,IN,40.0,477,
user_00114,treatment,0.0,119.58,2024-02-20,tablet,United States,25.0,542,
user_08682,treatment,1.0,86.47,2024-06-22,desktop,United Kingdom,23.0,445,
user_01571,treatment,1.0,12.74,10/16/2024,desktop,UK,59.0,341,
user_04842,control,0.0,,19-05-2024,Desktop,UK,60.0,0,
user_04743,control,0.0,49.81,09-10-2024,tablet,US,39.0,322,
user_01057,control,0.0,170.42,2024-12-21,iPhone,US,22.0,-15,
user_07436,control,1.0,69.93,10/17/2024,desktop,UK,49.0,498,
user_01208,treatment,1.0,99.32,07-06-2024,desktop,US,26.0,365,
user_00506,treatment,1.0,21.93,2024-01-20,desktop,US,37.0,527,
user_02857,control,1.0,-98.78,12/18/2024,tablet,US,28.0,497,
user_06905,control,0.0,86.82,2024-03-19,Mobile,US,,209,
user_07096,treatment,0.0,183.88,10/05/2024,Desktop,US,40.0,47,
user_08783,control,0.0,$80.18,2024-06-02,desktop,US,40.0,193,
user_08985,control,0.0,-34.98,2024-11-02,desktop,US,50.0,0,
user_04602,treatment,0.0,44.11,2024-10-05,tablet,IN,49.0,176,
user_02695,treatment,,55.03,2024-06-19,mobile,USA,,256,
user_03722,control,1.0,79.32,08-01-2024,desktop,UK,56.0,232,
user_00907,test,0.0,126.21,2024-02-06,desktop,UK,45.0,350,
user_00456,treatment,0.0,"428,90",21-12-2024,Android,United Kingdom,44.0,260,
user_08080,treatment,0.0,137.99,08-05-2024,tablet,US,58.0,236,
user_01569,treatment,0.0,16.62,2024-05-07,mobile,US,35.0,499,
user_01408,control,0.0,96.1,2024-03-14,tablet,US,62.0,39,
user_01167,treatment,0.0,26.94,2024-04-12,Android,India,37.0,-21,
user_02273, control,1.0,131.36,2024-10-05,tablet ,USA,35.0,352,
user_05883,treatment,1.0,80.89,29-02-2024,tablet,India,44.0,361,
user_07765,control,0.0,91.91,11/22/2024,mobile,US,26.0,0,
user_00740,treatment,1.0,89.67,11-12-2024,desktop,IN,43.0,590,
user_00377,control,0.0,139.44,01/29/2024,tablet,United Kingdom,63.0,540,
user_00223,treatment,1.0,148.37,30-05-2024,desktop,US,31.0,283,
user_05748,control,0.0,106.9,2024-11-29,desktop,United Kingdom,19.0,202,
user_00541,treatment ,0.0,196.14,12-11-2024,mobile,USA,26.0,542,
user_00171, control,1.0,106.35,2024-02-19,desktop ,USA,26.0,316,
user_07083,treatment,0.0,73.8,2024-04-11,mobile,USA,22.0,0,
user_08457,control,0.0,129.92,24-08-2024,desktop,IN,64.0,0,
user_08059,treatment,0.0,$28.56,2024-05-14,desktop,United States,27.0,122,
user_04166,treatment,2.0,123.85,2024-10-18,mobile,UK,26.0,360,
user_05409,treatment,0.0,113.79,2024-08-03,desktop,IN,59.0,124,
user_03986,control,0.0,116.2,27-04-2024,desktop,US,23.0,486,
user_03692,control,1.0,53.62,2024-11-01,mobile,United Kingdom,27.0,0,
user_00535,control,1.0,177.57,2024-06-19,mobile,United States,55.0,412,
user_03448,treatment,1.0,134.8,19-05-2024,iPhone,US,54.0,286,
user_08319,treatment,0.0,125.37,2024-02-01,desktop,USA,52.0,40,
user_00539,treatment ,0.0,,09/30/2024,desktop,USA,,200,
user_01594,control,1.0,136.73,12-04-2024,mobile,IN,64.0,388,
user_02758,control,,175.7,2024-11-01,desktop,UK,36.0,146,
user_01172,treatment,0.0,187.01,2024-07-23,Desktop,UK,60.0,439,
user_00147,treatment,0.0,30.17,2024-07-08,mobile,USA,37.0,377,
user_07715,treatment,,63.64,20-08-2024,desktop,IN,18.0,191,
user_06252,control,1.0,190.4,2024-01-31,tablet,UK,58.0,167,
user_08868,control,0.0,58.52,03/10/2024,Mobile,USA,50.0,51,
user_06280,control,,161.12,04-07-2024,desktop,United States,36.0,35,
user_02146,treatment,0.0,80.64,10/14/2024,mobile,USA,38.0,301,
user_08267,treatment,0.0,152.65,2024-03-27,desktop,UK,64.0,346,
user_05366,treatment,1.0,36.5,2024-08-18,tablet,USA,53.0,372,
user_06462,treatment,1.0,43.91,03-09-2024,Mobile,USA,59.0,380,
user_05875,treatment,1.0,51.66,2024-10-11,mobile,US,53.0,542,
user_03362,control,0.0,187.21,07-06-2024,mobile,USA,35.0,98,
user_08155,treatment,0.0,114.07,03-03-2024,mobile,United States,27.0,303,
user_05974,treatment,0.0,105.88,10/31/2024,iPhone,UK,40.0,480,
user_06789,control,,77.38,12/08/2024,desktop,UK,49.0,88,
user_01125,treatment,,,2024-04-26,desktop,US,39.0,442,
user_00653,test,1.0,32.36,23-09-2024,desktop,IN,57.0,0,
user_02148,treatment,,179.32,25-11-2024,Desktop,IN,58.0,566,
user_02780,control,1.0,39.84,2024-06-28,tablet,UK,41.0,520,
user_00841,control,1.0,188.97,2024-02-03,tablet,USA,52.0,427,
user_07417,control,0.0,164.64,05/06/2024,tablet,UK,32.0,231,
user_05113,treatment,0.0,34.62,2024-06-20,mobile,US,44.0,356,
user_05451, treatment,1.0,42.23,2024-01-23,desktop ,USA,20.0,113,
user_02819,treatment,0.0,50.11,15-02-2024,desktop,IN,22.0,500,
user_08070,control,0.0,107.1,09/28/2024,desktop,India,22.0,0,
user_03920,treatment,0.0,45.16,10/29/2024,desktop,US,50.0,0,
user_00025,treatment,0.0,,2024-06-15,mobile,US,39.0,560,
user_00553,treatment,0.0,184.06,2024-02-04,desktop,US,62.0,257,
user_00115,treatment,1.0,,2024-06-21,tablet,United States,58.0,335,
user_06289,treatment,,185.5,10/17/2024,desktop,USA,42.0,79,
user_00060,treatment,0.0,77.7,2024-07-19,Desktop,United States,30.0,62,
user_01008,control,0.0,58.29,26-09-2024,Mobile,USA,37.0,65,
user_01062,treatment ,1.0,146.57,2024-09-15,Mobile,US,58.0,262,
user_07323,control,0.0,123.48,22-11-2024,Desktop,US,35.0,365,
user_04893,treatment,,24.22,2024-05-28,desktop,UK,42.0,125,
user_08330,control,1.0,30.51,12/30/2024,tablet,US,35.0,107,
user_00362,treatment ,0.0,81.8,23-07-2024,Android,United States,32.0,131,
user_06347,control,1.0,174.15,11-06-2024,mobile,IN,48.0,406,
user_05550,control,1.0,155.88,07-02-2024,mobile,UK,20.0,214,
user_07521,treatment,1.0,187.09,02/21/2024,mobile,US,41.0,121,
user_03849,control,0.0,38.09,10/09/2024,desktop,UK,37.0,521,
user_04203,control,1.0,-87.39,04/26/2024,tablet,India,18.0,-52,
user_05032,treatment,0.0,62.76,2024-02-19,tablet,UK,,208,
user_04266,control,0.0,86.66,2024-11-16,desktop,UK,60.0,111,
user_07959,treatment,0.0,158.7,09/19/2024,Mobile,US,41.0,-63,
user_02967,TRT,1.0,153.58,2024-07-22,desktop,US,,87,
user_03818,control,1.0,125.42,10-08-2024,desktop,USA,31.0,0,
user_00180,control,,19.3,23-12-2024,tablet,USA,24.0,379,
user_05659,control,1.0,32.27,03-04-2024,desktop,US,49.0,206,
user_08197,treatment,0.0,53.32,2024-04-25,desktop,United States,30.0,477,
user_04561,treatment,0.0,113.85,2024-12-11,mobile,US,23.0,187,
user_01773,control,,,26-08-2024,Android,US,24.0,108,
user_08496,treatment,0.0,190.29,12/04/2024,mobile,UK,24.0,71,
user_03074,control,1.0,"336,13",11/05/2024,desktop,US,63.0,342,
user_01187,control,,"608,14",16-08-2024,desktop,US,31.0,376,
user_03634,treatment,0.0,-84.29,2024-09-06,desktop,United Kingdom,65.0,239,
user_00969,treatment,1.0,64.7,2024-09-21,Mobile,USA,19.0,0,
user_01822,treatment,0.0,65.03,06/06/2024,desktop,IN,34.0,516,
user_04791,treatment,1.0,144.83,19-07-2024,tablet,USA,50.0,378,
user_08388,control,0.0,,02/20/2024,mobile,United Kingdom,40.0,0,
user_00221,treatment,1.0,47.98,2024-12-15,tablet,United States,59.0,515,
user_00344,control,1.0,187.37,05/30/2024,mobile,US,43.0,93,
user_00494,control,2.0,43.15,09/17/2024,desktop,USA,25.0,85,
user_05553,control,0.0,39.24,09/02/2024,desktop,IN,26.0,335,
user_00426,test,0.0,19.97,13-06-2024,desktop,United Kingdom,24.0,326,
user_01021,treatment,1.0,11.24,2024-05-25,iPhone,India,36.0,-36,
user_04645,treatment ,0.0,102.92,04/12/2024,mobile,IN,63.0,82,
user_00822,treatment,1.0,147.94,04-02-2024,mobile,US,23.0,251,
user_08306,test,1.0,45.92,2024-03-08,mobile,US,31.0,412,
user_00635,control,0.0,184.31,03/10/2024,desktop,US,53.0,130,
user_04278,control,1.0,160.71,2024-06-20,Mobile,UK,57.0,400,
user_03574,TRT,1.0,,2024-09-11,Android,United States,47.0,122,
user_07664,treatment ,1.0,143.92,03/09/2024,desktop,United States,62.0,228,
user_02421, treatment ,1.0,108.37,2024-06-24,desktop ,US,46.0,71,
user_01576,treatment,,20.06,2024-08-07,tablet,US,50.0,566,
user_06208,treatment ,0.0,119.32,10/25/2024,desktop,United Kingdom,50.0,192,
user_02677,control,0.0,179.7,28-04-2024,Mobile,US,32.0,202,
user_06607,control,1.0,176.16,05/12/2024,mobile,US,39.0,500,
user_08749,control,0.0,29.85,2024-03-15,iPhone,United Kingdom,60.0,333,
user_03108,treatment,0.0,180.56,2024-09-15,desktop,US,65.0,591,
user_01914,treatment,2.0,21.37,05/24/2024,mobile,UK,29.0,443,
user_08573,control,,130.63,01-12-2024,desktop,United Kingdom,47.0,489,
user_02004,control,1.0,167.7,2024-06-07,tablet,India,23.0,0,
user_00846,treatment,1.0,181.77,2024-10-25,Android,United Kingdom,39.0,289,
user_06976,control,0.0,29.99,2024-07-21,desktop,USA,28.0,341,
user_03715,treatment,1.0,96.14,04-02-2024,desktop,India,25.0,288,
user_07307,TRT,0.0,74.93,30-12-2024,mobile,US,54.0,43,
user_00185,treatment,0.0,66.24,04/30/2024,desktop,United States,39.0,348,
user_08674,control,1.0,90.3,24-03-2024,mobile,United States,36.0,392,
user_00955,control,1.0,,2024-07-01,tablet,US,39.0,124,
user_00325,treatment,1.0,109.86,06/16/2024,mobile,United States,60.0,545,
user_03235,treatment,0.0,187.23,07/21/2024,tablet,United Kingdom,20.0,554,
user_00190,control,0.0,81.26,03/07/2024,desktop,US,27.0,-52,
user_03079,treatment,0.0,170.52,2024-09-22,mobile,United Kingdom,55.0,214,
user_07759,treatment ,1.0,85.84,2024-06-18,mobile,India,55.0,37,
user_02811,treatment,0.0,12.22,03/10/2024,desktop,IN,40.0,487,
user_02978,treatment,0.0,122.39,2024-07-18,Android,IN,46.0,520,
user_05766,treatment,1.0,$56.76,04/06/2024,desktop,US,42.0,171,
user_00468,treatment,1.0,63.04,23-01-2024,mobile,United States,20.0,95,
user_08247,treatment,1.0,31529.09,17-12-2024,desktop,USA,27.0,86,
user_08376,control,0.0,182.41,2024-04-13,mobile,India,34.0,311,
user_01848,treatment,0.0,"282,51",2024-03-13,mobile,India,32.0,0,
user_03914,treatment,1.0,146.05,29-09-2024,desktop,UK,18.0,490,
user_01783,control,1.0,42.99,2024-05-01,mobile,US,58.0,465,
user_07003,TRT,1.0,124.59,2024-04-05,mobile,USA,62.0,277,
user_00592,treatment,0.0,143.35,01/11/2024,Desktop,USA,57.0,367,
user_00741,treatment,1.0,,2024-08-13,desktop,IN,64.0,287,
user_04828,control,0.0,$120.11,07/29/2024,desktop,USA,58.0,313,
user_03447,control,1.0,62.41,29-05-2024,tablet,USA,44.0,320,
user_03749,treatment,,-49.86,17-10-2024,mobile,USA,55.0,353,
user_06277,treatment,0.0,92.19,2024-10-10,mobile,UK,28.0,37,
user_07062,treatment,1.0,100.58,2024-11-04,desktop,United Kingdom,51.0,228,
user_07744,control,1.0,114.53,03/04/2024,tablet,US,39.0,-18,
user_06567,treatment,0.0,118.8,24-07-2024,tablet,UK,36.0,99,
user_06701,control,1.0,,12/12/2024,desktop,US,33.0,424,
user_05493,control,1.0,,28-04-2024,tablet,US,28.0,62,
user_00344,treatment,0.0,$185.92,2024-12-23,desktop,US,41.0,97,
user_04917,control,1.0,122.68,2024-04-17,desktop,USA,47.0,337,
user_00358,control,0.0,136.16,2024-06-05,tablet,US,36.0,440,
user_04036,control,0.0,10.59,07/07/2024,iPhone,US,54.0,368,
user_01047,control,0.0,84.53,2024-12-08,mobile,US,47.0,513,
user_07949,control,0.0,131.02,01/29/2024,tablet,India,43.0,331,
user_00831,control,0.0,,07/05/2024,iPhone,US,45.0,449,
user_08655,Control,1.0,,18-01-2024,mobile,United States,57.0,304,
user_06588, treatment,0.0,57.36,02-05-2024,Desktop ,USA,44.0,440,
user_00758,Control,1.0,70.71,05-11-2024,Android,United Kingdom,61.0,374,
user_00896,control,0.0,135.34,2024-07-28,Desktop,UK,37.0,0,
user_06784,treatment,,134.87,11/10/2024,desktop,US,34.0,213,
user_04323,control,1.0,148.54,2024-03-23,Desktop,United Kingdom,60.0,279,
user_04475,control,1.0,161.02,2024-08-06,desktop,US,64.0,136,
user_06719,control,1.0,103.12,2024-12-30,mobile,India,64.0,51,
user_07251,treatment,0.0,48.19,2024-10-19,mobile,IN,33.0,40,
user_03592,control,1.0,,2024-04-01,mobile,IN,64.0,0,
user_07404,treatment,1.0,"654,60",2024-01-11,mobile,USA,35.0,328,
user_04415,treatment ,1.0,172.6,04/20/2024,Desktop,UK,18.0,-29,
user_02537,control,0.0,85.96,11/10/2024,desktop,United Kingdom,59.0,97,
user_03355,treatment ,1.0,$60.2,01-03-2024,mobile,India,60.0,292,
user_03842,TRT,0.0,$197.55,2024-12-09,mobile,US,51.0,470,
user_08691,treatment,0.0,-17.61,28-11-2024,mobile,IN,38.0,-100,
user_06195,treatment,0.0,152.39,21-09-2024,mobile,United States,26.0,545,
user_02502,treatment,1.0,62.67,27-08-2024,desktop,IN,43.0,155,
user_05997,treatment,0.0,137.26,2024-04-20,tablet,USA,30.0,89,
user_04044,treatment,0.0,"321,63",13-01-2024,tablet,US,48.0,440,
user_00504,treatment,0.0,106.27,27-04-2024,Mobile,USA,37.0,116,
user_00151,treatment,,96.37,2024-12-01,mobile,IN,50.0,581,
user_05123,control,1.0,,2024-06-22,Android,United Kingdom,44.0,0,
user_07362,control,1.0,131.35,2024-10-02,Desktop,USA,40.0,385,
user_00049,treatment,0.0,37.26,17-02-2024,mobile,IN,31.0,68,
user_05441, control,0.0,175.52,25-02-2024,tablet ,United States,53.0,45,
user_00214,control,1.0,,04/24/2024,desktop,United States,40.0,252,
user_08188,test,2.0,83.22,06/18/2024,tablet,United Kingdom,120.0,73,
user_03017,test,1.0,142.42,2024-04-06,mobile,India,34.0,87,
user_01608,control,0.0,94.15,2024-04-19,mobile,USA,35.0,332,
user_00181,treatment,1.0,118.7,2024-10-11,Desktop,US,53.0,175,
user_07825,test,,11.76,15-10-2024,mobile,US,48.0,174,
user_02313,treatment,0.0,"150,51",10/18/2024,Mobile,US,44.0,407,
user_08004,control,1.0,35.38,2024-02-15,tablet,USA,55.0,-10,
user_03829,treatment,,171.47,03/03/2024,Desktop,US,65.0,86,
user_08877,treatment,0.0,19.51,13-02-2024,desktop,United Kingdom,22.0,125,
user_01025,treatment,0.0,73.95,26-08-2024,mobile,UK,34.0,534,
user_03472,control,1.0,165.27,26-07-2024,mobile,United Kingdom,39.0,480,
user_02020,TRT,1.0,175.75,11/28/2024,desktop,United States,,448,
user_05224,treatment,1.0,77.32,02-08-2024,mobile,US,29.0,537,
user_02792,control,1.0,133.1,2024-05-07,mobile,United States,19.0,254,
user_06768,treatment,0.0,32.81,01/28/2024,desktop,USA,53.0,187,
user_05972,treatment,1.0,"705,78",2024-12-27,tablet,IN,38.0,263,
user_03995,treatment,1.0,130.31,08/21/2024,tablet,US,24.0,590,
user_06765,control,1.0,193.34,2024-10-18,mobile,IN,22.0,468,
user_06633,treatment,0.0,,09/22/2024,mobile,United States,26.0,175,
user_00319,treatment,1.0,193.24,2024-03-18,mobile,US,54.0,272,
user_04865,control,,139.58,08/10/2024,mobile,USA,31.0,387,
user_07976,control,0.0,132.39,11/30/2024,mobile,IN,18.0,369,
user_00393,control,1.0,69.15,25-05-2024,tablet,United Kingdom,39.0,40,
user_02946,control,0.0,,08/15/2024,mobile,India,37.0,260,
user_01190,treatment,,-41.56,03/04/2024,Android,United States,48.0,445,
user_08637,control,1.0,154.76,09/20/2024,iPhone,IN,34.0,0,
user_03439,treatment,0.0,82.55,2024-06-26,Android,India,50.0,111,
user_05177,treatment,0.0,141.75,08/14/2024,desktop,USA,61.0,180,
user_04005,treatment ,0.0,144.72,08/27/2024,tablet,IN,31.0,33,
user_07682,Control,0.0,$60.14,06/09/2024,mobile,UK,,514,
user_03171,control,0.0,60.79,2024-06-19,mobile,USA,31.0,0,
user_02670,treatment,1.0,146.73,13-02-2024,iPhone,India,36.0,410,
user_04399,control,,102.8,2024-08-21,tablet,USA,33.0,562,
user_04739,control,0.0,182.89,03/30/2024,mobile,US,26.0,531,
user_05102,control,0.0,129.55,22-11-2024,Android,US,35.0,388,
user_06489,treatment,0.0,134.12,2024-04-29,Desktop,US,38.0,79,
user_03731,control,0.0,138.36,2024-08-21,mobile,US,42.0,253,
user_04245,treatment,0.0,183.62,26-06-2024,mobile,USA,23.0,0,
user_00322,control,0.0,22.09,2024-10-20,mobile,India,45.0,-54,
user_02991,treatment,0.0,,2024-10-21,mobile,India,45.0,123,
user_00297,treatment,0.0,146.68,09/13/2024,Android,US,41.0,0,
user_00737,treatment,1.0,155.25,03-09-2024,mobile,United Kingdom,,571,
user_08672,control,0.0,104.54,2024-07-31,tablet,United Kingdom,49.0,192,
user_03086,control,1.0,179.87,08/30/2024,desktop,India,49.0,0,
user_02953,treatment ,1.0,199.12,20-01-2024,Mobile,United States,29.0,203,
user_00698,TRT,1.0,142.75,2024-05-18,mobile,United Kingdom,50.0,422,
user_07826,Control,1.0,110.0,2024-01-24,tablet,USA,39.0,216,
user_07582,control,1.0,138.94,09-09-2024,tablet,UK,34.0,264,
user_08710,treatment,1.0,,01/22/2024,desktop,US,51.0,122,
user_06836,control,1.0,,2024-09-06,mobile,UK,30.0,101,
user_06306,treatment,0.0,47.2,01/08/2024,mobile,USA,62.0,274,
user_00149,treatment,0.0,114.39,2024-06-07,Desktop,US,38.0,180,
user_04584,treatment,,187.22,10-04-2024,desktop,United States,62.0,152,
user_06034,treatment,1.0,173.01,2024-08-20,Mobile,UK,61.0,481,
user_06946,treatment ,1.0,,2024-01-13,tablet,UK,30.0,579,
user_02885,control,1.0,$78.47,2024-09-27,desktop,IN,55.0,332,
user_04400,control,1.0,96.26,2024-09-30,mobile,USA,37.0,-36,
user_06843,control,1.0,112.03,2024-01-08,desktop,USA,34.0,195,
user_02065,treatment ,1.0,198.34,2024-07-03,desktop,IN,65.0,287,
user_04572,control,0.0,189.48,03/12/2024,mobile,US,19.0,447,
user_00020,treatment,0.0,191.87,02/04/2024,desktop,USA,35.0,0,
user_03873,treatment,,80.67,11-07-2024,tablet,USA,48.0,0,
user_07948,control,2.0,135.29,18-01-2024,mobile,US,55.0,453,
user_07996,control,1.0,182.09,01/28/2024,tablet,US,20.0,177,
user_03999,Control,0.0,175.38,27-08-2024,tablet,IN,49.0,418,
user_01993,control,0.0,190.78,31-07-2024,Mobile,US,36.0,229,
user_07590,control,0.0,27.02,03/01/2024,Android,US,20.0,583,
user_00040,control,0.0,194.15,05/02/2024,desktop,US,61.0,145,
user_08347,TRT,0.0,,29-03-2024,mobile,USA,65.0,510,
user_04020,treatment,1.0,190.04,2024-04-13,iPhone,USA,38.0,-70,
user_08742,treatment,0.0,40.06,2024-06-08,tablet,US,58.0,210,
user_08288,control,0.0,49.71,2024-10-03,mobile,USA,45.0,584,
user_07319,treatment,2.0,$167.9,27-06-2024,desktop,US,35.0,460,
user_01519,treatment,1.0,189.49,2024-10-21,tablet,US,,-89,
user_03426,control,0.0,76.54,2024-11-14,Android,United Kingdom,48.0,-48,
user_04303,control,,18.94,09-02-2024,tablet,United States,25.0,452,
user_00803,control,0.0,115.23,11/02/2024,desktop,United States,32.0,113,
user_04921,treatment,,107.98,02/26/2024,Android,UK,36.0,142,
user_05379,treatment,0.0,49.34,11/12/2024,Android,United Kingdom,59.0,297,
user_00753,control,1.0,43.98,2024-04-23,mobile,USA,61.0,-94,
user_03336,control,0.0,42198.35,22-07-2024,mobile,US,,464,
user_00618,control,0.0,45.84,29-03-2024,Mobile,United States,22.0,558,
user_08822,control,1.0,61.38,06/20/2024,desktop,IN,55.0,199,
user_05514,control,2.0,20.54,08/23/2024,iPhone,United States,65.0,0,
user_02187,treatment,1.0,58.92,2024-03-02,desktop,US,24.0,101,
user_00770,control,0.0,64.74,01/25/2024,Android,US,62.0,368,
user_03381,control,0.0,188.44,30-05-2024,desktop,US,36.0,555,
user_03942, control,0.0,103.65,2024-09-16,desktop ,United Kingdom,54.0,36,
user_03587,treatment,,104.85,2024-07-20,tablet,India,46.0,106,
user_03768,control,0.0,130.14,2024-12-02,desktop,US,38.0,0,
user_01103,treatment,0.0,138.39,03/05/2024,desktop,United Kingdom,22.0,185,
user_06240,treatment,0.0,48.71,03-01-2024,mobile,IN,55.0,390,
user_02728,treatment,1.0,98.69,28-01-2024,desktop,India,30.0,214,
user_04001,TRT,1.0,127.51,2024-09-16,mobile,US,65.0,287,
user_07220,treatment,1.0,-41.83,06/11/2024,Desktop,US,50.0,571,
user_00216,control,,40.81,2024-03-20,iPhone,US,64.0,178,
user_01410,treatment,0.0,164.98,10/08/2024,tablet,USA,36.0,554,
user_00959,control,0.0,62.08,22-03-2024,mobile,US,,452,
user_00333,Control,1.0,14.21,2024-12-29,mobile,US,110.0,456,
user_08794,control,0.0,84.57,20-07-2024,Desktop,UK,23.0,516,
user_08178,control,0.0,72.28,01/01/2024,iPhone,USA,62.0,332,
user_08604,control,0.0,105.32,08/01/2024,mobile,United States,42.0,245,
user_06307,Control,,17.46,23-11-2024,mobile,United States,63.0,-51,
user_03601,treatment,1.0,45.77,18-02-2024,mobile,US,51.0,141,
user_05110,control,0.0,32.36,04-08-2024,desktop,India,52.0,216,
user_03730,treatment,0.0,186.04,12/08/2024,desktop,USA,34.0,476,
user_01753, control,0.0,160.01,2024-09-06,tablet ,USA,46.0,589,
user_08635,treatment,0.0,56.17,2024-10-09,mobile,USA,19.0,58,
user_00323,treatment,1.0,139.19,2024-05-25,mobile,USA,31.0,584,
user_06937,control,1.0,59.71,09/11/2024,tablet,US,62.0,96,
user_08386,TRT,2.0,76.42,15-07-2024,mobile,United Kingdom,61.0,567,
user_07457,control,1.0,89.69,2024-09-07,tablet,United Kingdom,65.0,503,
user_04788,treatment,0.0,98.34,2024-06-29,desktop,India,29.0,140,
user_08256,treatment,1.0,198.86,03-11-2024,mobile,USA,39.0,64,
user_08044,test,0.0,-79.06,11/27/2024,mobile,US,22.0,183,
user_04999,treatment,1.0,,12/07/2024,iPhone,United States,60.0,536,
user_05129,control,0.0,,07-03-2024,desktop,United Kingdom,43.0,368,
user_04594,control,0.0,-23.92,04/16/2024,tablet,US,24.0,497,
user_05175,control,0.0,,03/12/2024,tablet,India,24.0,336,
user_06521,treatment,0.0,199.93,06-04-2024,desktop,USA,48.0,302,
user_01730,control,1.0,26.77,03/07/2024,desktop,IN,60.0,246,
user_01884,control,0.0,83.58,07-10-2024,tablet,US,,44,
user_01521,control,1.0,,04/04/2024,desktop,US,58.0,-38,
user_01044,treatment,1.0,42.33,2024-12-17,iPhone,USA,31.0,305,
user_06334,treatment,1.0,133.41,12/11/2024,tablet,United States,50.0,552,
user_00341,treatment,0.0,166.39,2024-04-29,desktop,United States,,557,
user_00123,treatment,1.0,130.31,02/28/2024,tablet,India,61.0,-60,
user_00568,treatment ,1.0,65.07,30-06-2024,mobile,IN,32.0,0,
user_08798,control,1.0,40.78,07/25/2024,tablet,US,62.0,0,
user_02117,treatment,,131.39,2024-02-25,Mobile,India,18.0,468,
user_04386,treatment,1.0,,2024-11-08,mobile,United States,34.0,558,
user_00690,treatment,1.0,96.79,2024-10-03,mobile,USA,64.0,139,
user_04864,treatment,0.0,113.68,2024-09-05,tablet,US,38.0,299,
user_05927,treatment ,1.0,100.33,01/24/2024,desktop,US,53.0,581,
user_00084,treatment,0.0,98.71,2024-04-01,desktop,United Kingdom,27.0,524,
user_04232,control,1.0,165.55,03/19/2024,Desktop,US,24.0,94,
user_00734,treatment,0.0,133.08,2024-04-28,tablet,USA,61.0,535,
user_03889,treatment,0.0,"985,43",02/13/2024,mobile,UK,52.0,480,
user_06739,treatment,1.0,42.39,28-02-2024,mobile,US,20.0,449,
user_06798,control,1.0,136.21,2024-04-27,mobile,India,52.0,0,
user_06515,treatment,1.0,-48.65,2024-02-26,mobile,US,47.0,83,
user_06015,treatment,,107.17,2024-03-09,mobile,US,63.0,37,
user_00578,control,1.0,-35.73,2024-03-23,tablet,US,51.0,99,
user_07421,control,1.0,$197.75,2024-01-20,iPhone,United Kingdom,,233,
user_00524,treatment,1.0,162.85,27-04-2024,desktop,USA,40.0,148,
user_06202,control,1.0,121.06,04-12-2024,Android,USA,33.0,403,
user_06443,Control,1.0,83.99,22-05-2024,tablet,United Kingdom,40.0,167,
user_04448,treatment,,,03/01/2024,mobile,IN,49.0,-70,
user_02059,control,0.0,107.72,14-02-2024,mobile,United Kingdom,65.0,556,
user_01737,treatment,2.0,121.71,21-04-2024,desktop,USA,41.0,154,
user_04102,treatment,0.0,48.26,2024-05-08,iPhone,India,39.0,436,
user_08905,control,0.0,53.99,17-12-2024,tablet,US,,82,
user_05827, treatment,0.0,192.72,2024-08-07,tablet ,US,24.0,534,
user_02105,control,0.0,124.59,29-04-2024,tablet,US,43.0,169,
user_05654,treatment,,162.85,29-08-2024,desktop,US,19.0,419,
user_07513,control,,47.98,05/31/2024,tablet,US,45.0,271,
user_00397,Control,0.0,110.26,2024-12-22,mobile,USA,21.0,427,
user_07561,control,0.0,165.12,12/18/2024,desktop,India,39.0,59,
user_06844,treatment ,0.0,125.6,28-04-2024,Android,IN,46.0,336,
user_07507,Control,0.0,164.6,24-08-2024,mobile,United States,24.0,-34,
user_04439,control,0.0,80.04,05/14/2024,desktop,US,26.0,528,
user_05253,control,2.0,-79.51,07/20/2024,desktop,United States,24.0,235,
user_00739,control,1.0,124.08,2024-02-17,desktop,US,35.0,240,
user_07321,treatment,1.0,11.48,2024-04-07,Desktop,India,34.0,196,
user_07852,control,1.0,10.11,2024-06-09,mobile,USA,55.0,284,
user_06876,test,1.0,63.71,2024-09-25,tablet,United Kingdom,42.0,0,
user_06874,control,0.0,-72.67,08/23/2024,desktop,US,62.0,176,
user_00229,control,0.0,189.19,07/15/2024,Desktop,US,58.0,35,
user_06962,control,1.0,165.88,2024-02-06,Android,USA,25.0,126,
user_05279,treatment,0.0,62.84,07/20/2024,mobile,United States,21.0,147,
user_06721,treatment,0.0,87.32,2024-09-11,mobile,US,36.0,174,
user_02935,treatment,,,2024-11-13,iPhone,US,65.0,166,
user_08264,Control,0.0,108.8,08/29/2024,Desktop,IN,34.0,221,
user_00089,control,,31.31,11/12/2024,desktop,United Kingdom,42.0,166,
user_07907,treatment,1.0,164.68,11/24/2024,desktop,IN,43.0,383,
user_08758,TRT,0.0,,07/22/2024,iPhone,USA,20.0,183,
user_05689,control,0.0,46.64,27-12-2024,mobile,USA,22.0,301,
user_02163,control,1.0,172.16,12-04-2024,mobile,USA,,396,
user_06980,treatment ,0.0,84.13,2024-09-08,tablet,United States,48.0,203,
user_01811,treatment,0.0,14.14,28-07-2024,desktop,United Kingdom,21.0,0,
user_01392,control,1.0,87.13,2024-03-26,tablet,US,57.0,335,
user_06786,control,0.0,104.07,11/18/2024,desktop,US,45.0,484,
user_00871,treatment ,1.0,152.77,11/04/2024,desktop,US,37.0,213,
user_02265,control,1.0,$146.01,2024-10-31,mobile,India,56.0,-59,
user_02673,test,,58.31,08/20/2024,tablet,US,58.0,255,
user_00536,treatment ,,"198,11",12-10-2024,mobile,USA,26.0,410,
user_00928, treatment,0.0,"939,36",2024-07-27,desktop ,USA,48.0,-19,
user_00338,treatment,1.0,85.9,2024-01-16,Desktop,United Kingdom,29.0,164,
user_00435, control,1.0,98.59,09/02/2024,mobile ,USA,52.0,586,
user_04724,control,0.0,140.72,26-12-2024,Desktop,United Kingdom,37.0,572,
user_00001,control,0.0,92.15,20-03-2024,desktop,United Kingdom,20.0,460,
user_01432,control,0.0,68.18,06/08/2024,Mobile,US,,157,
user_01948,control,2.0,153.0,2024-11-17,mobile,United States,40.0,228,
user_03561,Control,1.0,41.63,25-03-2024,Desktop,United States,20.0,310,
user_00729,control,0.0,180.54,2024-11-13,desktop,United States,22.0,447,
user_06552,control,1.0,116.96,07/25/2024,mobile,UK,37.0,340,
user_05604,treatment,2.0,145.26,04/06/2024,mobile,USA,,447,
user_05818,control,1.0,42.22,2024-07-14,desktop,UK,52.0,240,
user_00630,control,0.0,119.52,12/10/2024,mobile,USA,23.0,62,
user_07086,control,,,25-09-2024,mobile,US,42.0,483,
user_01397,treatment,0.0,124.98,12-05-2024,iPhone,India,49.0,437,
user_00077,treatment,1.0,151.52,26-10-2024,desktop,USA,21.0,156,
user_00385,treatment,0.0,152.37,07/10/2024,mobile,USA,61.0,175,
user_05562,control,1.0,,02/13/2024,mobile,United Kingdom,63.0,294,
user_03776,treatment,0.0,58.28,20-08-2024,tablet,India,54.0,263,
user_00673,TRT,1.0,158.16,2024-05-14,desktop,United Kingdom,36.0,357,
user_05132,treatment,1.0,118.94,09/21/2024,mobile,US,40.0,186,
user_03047,control,1.0,111.49,01-09-2024,mobile,United States,48.0,389,
user_04192,control,0.0,75.55,02-07-2024,tablet,USA,,287,
user_03708,control,,152.05,07/12/2024,Android,US,46.0,375,
user_06315,control,1.0,49.5,20-11-2024,mobile,USA,40.0,106,
user_00888,control,1.0,181.7,2024-01-28,desktop,IN,19.0,343,
user_08953,control,,46.13,04/22/2024,tablet,India,21.0,227,
user_07953,control,1.0,83.46,2024-07-15,desktop,USA,34.0,-61,
user_08029,treatment,0.0,105.14,12/31/2024,tablet,US,57.0,315,
user_01683,treatment,1.0,100.46,2024-07-24,mobile,US,27.0,229,
user_01694,treatment,,82.15,2024-09-30,mobile,United States,24.0,235,
user_02577,control,1.0,148.57,04-11-2024,Android,UK,34.0,104,
user_00593,treatment,1.0,69.08,05/08/2024,mobile,IN,48.0,200,
user_06605,control,0.0,56.09,18-07-2024,mobile,India,,265,
user_04139,treatment,1.0,122.9,13-02-2024,tablet,US,41.0,-61,
user_07326,control,0.0,63.61,08/01/2024,mobile,UK,54.0,214,
user_05460,control,,146.61,2024-11-01,mobile,US,51.0,143,
user_03072,control,1.0,60.1,14-12-2024,mobile,IN,56.0,0,
user_04741,control,0.0,"804,21",2024-09-03,Mobile,US,21.0,237,
user_04627,control,1.0,31.64,19-06-2024,desktop,United States,42.0,496,
user_00021,treatment,2.0,15.8,2024-11-12,desktop,USA,54.0,289,
user_04468,control,0.0,93.69,2024-10-24,desktop,UK,47.0,85,
user_01488,TRT,1.0,95.27,2024-03-11,Mobile,India,18.0,499,
user_04936,treatment,1.0,165.62,05/23/2024,desktop,USA,21.0,576,
user_01744,control,0.0,19.26,29-08-2024,Android,United States,59.0,135,
user_05802,control,0.0,113.31,09/17/2024,desktop,US,29.0,-74,
user_06724,TRT,1.0,,10/18/2024,tablet,United States,43.0,214,
user_03599,control,0.0,20.53,10/27/2024,mobile,UK,47.0,188,
user_05509,control,0.0,132.66,25-08-2024,desktop,US,36.0,272,
user_04947,treatment ,0.0,190.28,2024-08-24,mobile,IN,64.0,100,
user_07042,control,1.0,25.61,07/19/2024,mobile,United Kingdom,54.0,406,
user_02068,control,1.0,163.63,12/30/2024,tablet,United States,50.0,0,
user_02607,treatment,1.0,112.31,2024-02-06,tablet,US,,137,
user_05819,control,0.0,22.15,2024-11-23,tablet,USA,24.0,117,
user_08629,treatment,0.0,156.86,11/10/2024,Android,United Kingdom,39.0,357,
user_03064,treatment,0.0,82.77,2024-05-23,mobile,USA,62.0,326,
user_04325,TRT,0.0,74.73,11/03/2024,desktop,India,,256,
user_07181,treatment,0.0,87.89,2024-12-28,tablet,US,58.0,49,
user_08111,control,,103.63,04/29/2024,Mobile,UK,27.0,0,
user_05495,control,2.0,177.02,12-05-2024,mobile,UK,36.0,408,
user_06453, treatment,1.0,105.38,06/30/2024,mobile ,India,48.0,532,
user_03152,control,1.0,146.78,2024-10-31,mobile,US,21.0,217,
user_08012,treatment,1.0,58.29,23-08-2024,mobile,IN,42.0,48,
user_08137,control,1.0,136.72,02/15/2024,desktop,United Kingdom,50.0,478,
user_02219,treatment,0.0,95.17,2024-02-05,desktop,USA,65.0,0,
user_00031,control,1.0,173.61,2024-06-27,mobile,USA,63.0,482,
user_01709,treatment,0.0,27.45,2024-07-28,desktop,India,59.0,539,
user_00210,control,1.0,36179.83,09/07/2024,desktop,United Kingdom,30.0,388,
user_02914,treatment,0.0,24.11,09/15/2024,Desktop,USA,32.0,514,
user_08871,treatment,1.0,$65.97,2024-10-17,mobile,India,44.0,192,
user_08018,control,1.0,194.95,01/08/2024,desktop,US,61.0,314,
user_05933,control,1.0,-26.11,10-09-2024,desktop,US,41.0,407,
user_00038,Control,1.0,179.53,2024-01-19,desktop,United States,53.0,100,
user_00789,treatment,0.0,94.41,16-06-2024,Android,India,57.0,288,
user_00896,treatment,1.0,72.39,11-02-2024,mobile,United Kingdom,31.0,365,
user_00967,treatment,0.0,157.21,2024-03-19,desktop,US,31.0,548,
user_00457,test,0.0,,08-07-2024,Mobile,US,25.0,80,
user_08996,treatment,,33.45,2024-07-18,desktop,USA,51.0,0,
user_07469,treatment,,95.87,2024-11-09,mobile,US,19.0,51,
user_00203,treatment,0.0,183.78,2024-11-08,iPhone,United Kingdom,63.0,504,
user_00289,control,0.0,"558,38",2024-02-28,desktop,US,61.0,112,
user_01787,treatment,1.0,129.15,07/14/2024,tablet,US,56.0,182,
user_06522,TRT,2.0,177.86,21-04-2024,desktop,United Kingdom,59.0,235,
user_02131,treatment,0.0,$139.27,08/12/2024,desktop,USA,47.0,514,
user_05075,treatment,0.0,"968,15",12/10/2024,Mobile,USA,63.0,0,
user_07238,treatment,0.0,111.0,11/06/2024,tablet,India,40.0,284,
user_01837,TRT,0.0,108.59,2024-01-07,tablet,IN,49.0,-45,
user_04690,control,,167.6,2024-11-05,desktop,IN,27.0,0,
user_03190,treatment,,82.45,20-02-2024,mobile,US,35.0,-80,
user_04875,TRT,0.0,156.53,2024-09-23,desktop,United Kingdom,25.0,105,
user_06589,control,0.0,134.08,04/30/2024,desktop,UK,50.0,201,
user_08886,control,,16.58,09-05-2024,tablet,US,37.0,162,
user_08315,treatment ,0.0,14.24,13-09-2024,tablet,USA,22.0,255,
user_01059,control,0.0,36.05,04/24/2024,Desktop,India,27.0,450,
user_00301,treatment,,138.7,15-04-2024,tablet,USA,30.0,81,
user_08893,treatment,2.0,70.3,2024-01-03,desktop,UK,,0,
user_08969,Control,,174.4,2024-06-07,mobile,IN,19.0,188,
user_05534,control,1.0,108.93,30-03-2024,mobile,United Kingdom,50.0,192,
user_00700,treatment ,1.0,,21-02-2024,desktop,USA,55.0,275,
user_01980,control,1.0,30.75,04/18/2024,desktop,United Kingdom,22.0,75,
user_07728,control,0.0,19.43,2024-03-18,desktop,UK,,113,
user_02013,control,0.0,161.67,07/18/2024,desktop,IN,62.0,480,
user_00188,test,0.0,114.55,31-03-2024,iPhone,USA,50.0,58,
user_05031,treatment,1.0,20.02,09/17/2024,desktop,United States,25.0,499,
user_02646,treatment,,133.14,06-10-2024,tablet,US,65.0,550,
user_02170,control,1.0,24990.72,2024-03-04,tablet,United Kingdom,52.0,496,
user_06330,treatment,1.0,65.14,2024-08-27,mobile,USA,32.0,-62,
user_01859,control,1.0,127.25,09-02-2024,Desktop,United Kingdom,54.0,367,
user_08928,treatment,0.0,198.23,10/29/2024,desktop,US,19.0,558,
user_05061,control,0.0,126.82,05/22/2024,mobile,United Kingdom,57.0,248,
user_00501,treatment,0.0,79.88,09/06/2024,tablet,UK,48.0,381,
user_08740,control,0.0,103.31,12/06/2024,mobile,USA,51.0,336,
user_06593,control,,106.64,2024-05-16,mobile,US,36.0,377,
user_05004,treatment,0.0,,2024-09-28,desktop,US,18.0,-15,
user_02193,control,0.0,40.41,12-03-2024,tablet,US,47.0,74,
user_03652,treatment,0.0,"559,70",2024-05-28,Android,USA,54.0,149,
user_06354,control,2.0,$172.46,07/31/2024,desktop,United States,46.0,0,
user_05118,control,,$15.28,22-03-2024,desktop,UK,26.0,221,
user_00699, TRT,0.0,190.14,11/04/2024,mobile ,US,,517,
user_03392,TRT,1.0,93.17,02/27/2024,mobile,UK,49.0,0,
user_05089,treatment,1.0,-74.69,08/06/2024,mobile,United States,56.0,223,
user_00597,control,0.0,108.67,2024-06-11,desktop,United States,52.0,-35,
user_00070,control,2.0,85.43,13-10-2024,tablet,United States,49.0,471,
user_08079,control,,175.87,09/11/2024,tablet,IN,27.0,95,
user_02202,control,1.0,95.1,18-03-2024,mobile,UK,61.0,240,
user_00837,treatment ,1.0,,2024-11-14,tablet,IN,46.0,96,
user_00146,treatment,1.0,18.24,10/18/2024,mobile,India,59.0,352,
user_00965,control,1.0,"974,25",2024-07-07,Desktop,United Kingdom,58.0,599,
user_02238,control,0.0,121.93,2024-10-18,iPhone,India,29.0,178,
user_02190,control,1.0,63.83,20-08-2024,desktop,India,60.0,107,
user_01243,control,,137.43,2024-08-18,tablet,India,51.0,132,
user_06444,Control,1.0,159.92,2024-05-08,Desktop,USA,29.0,391,
user_02487,control,0.0,$40.27,2024-11-05,mobile,IN,21.0,470,
user_01327,control,0.0,158.77,15-06-2024,desktop,US,58.0,414,
user_04397,treatment,2.0,87.66,2024-06-19,mobile,USA,43.0,390,
user_06406,treatment,1.0,123.32,11/26/2024,desktop,India,44.0,-84,
user_06858,treatment,0.0,13.17,22-05-2024,Mobile,IN,27.0,594,
user_02201,control,1.0,189.23,31-10-2024,mobile,IN,47.0,571,
user_00760,treatment,1.0,57.69,2024-06-26,mobile,IN,58.0,0,
user_05194,treatment,0.0,58.04,11-05-2024,tablet,United States,41.0,-51,
user_06075,treatment,0.0,43.73,2024-05-11,Desktop,USA,22.0,249,
user_01250,treatment,0.0,12.57,07/28/2024,mobile,UK,61.0,419,
user_04419,control,1.0,168.83,2024-08-06,iPhone,USA,23.0,321,
user_05714,treatment,0.0,197.53,2024-10-28,desktop,US,18.0,0,
user_00076,treatment,0.0,197.52,05/30/2024,mobile,United States,48.0,75,
user_01915,treatment,1.0,14.05,02/08/2024,Android,United Kingdom,35.0,249,
user_00740,treatment,1.0,$99.48,2024-09-07,mobile,USA,26.0,324,
user_08301,test,1.0,140.75,2024-09-23,mobile,UK,63.0,468,
user_03405,control,0.0,101.65,2024-11-16,desktop,US,45.0,89,
user_00979,treatment,1.0,20.29,02/28/2024,desktop,United States,30.0,0,
user_02297,treatment,1.0,102.43,09/25/2024,mobile,India,20.0,222,
user_07977,control,1.0,132.21,31-01-2024,tablet,US,,254,
user_01598,control,1.0,144.06,29-06-2024,desktop,India,31.0,482,
user_02643,treatment,0.0,79.81,2024-08-13,mobile,India,62.0,-25,
user_02256,control,1.0,162.42,2024-05-18,tablet,IN,,166,
user_02154,treatment,1.0,,17-02-2024,desktop,USA,55.0,496,
user_01797,control,0.0,$198.81,2024-12-15,Mobile,United States,44.0,581,
user_07038,control,1.0,133.58,18-08-2024,desktop,United Kingdom,23.0,370,
user_07480,treatment,0.0,178.11,20-09-2024,Desktop,India,46.0,275,
user_06096,treatment,2.0,85.88,11/02/2024,mobile,United Kingdom,24.0,-100,
user_03656,treatment,1.0,,2024-08-13,iPhone,UK,42.0,274,
user_06119,treatment ,1.0,149.5,2024-12-15,desktop,USA,23.0,0,
user_07696,Control,1.0,29.82,2024-03-01,mobile,IN,20.0,-82,
user_04515,treatment,1.0,92.69,03-12-2024,desktop,US,33.0,0,
user_05008,treatment,1.0,38.3,12/10/2024,iPhone,US,27.0,76,
user_03383,treatment,0.0,110.39,2024-12-17,desktop,India,50.0,0,
user_00102, control,,34.98,2024-08-12,mobile ,UK,51.0,260,
user_02481,treatment,0.0,119.14,03/08/2024,Android,US,45.0,258,
user_05245,Control,0.0,54.81,05-07-2024,desktop,US,47.0,342,
user_02743,treatment,1.0,36.11,2024-01-30,iPhone,IN,32.0,519,
user_03825,treatment ,,123.95,26-10-2024,Desktop,US,30.0,316,
user_05456,treatment,1.0,86.53,06-03-2024,tablet,US,55.0,418,
user_00092,control,1.0,150.48,09/10/2024,tablet,India,31.0,384,
user_07783,treatment,2.0,129.65,2024-08-16,iPhone,UK,43.0,495,
user_07880,control,1.0,38.19,2024-03-10,mobile,IN,41.0,248,
user_03780,control,,,03/03/2024,desktop,US,50.0,314,
user_01341,treatment,1.0,62.5,22-06-2024,mobile,US,21.0,466,
user_05365, control,1.0,,2024-03-12,mobile ,US,48.0,538,
user_00637,control,0.0,162.07,09/12/2024,desktop,US,33.0,0,
user_08217,treatment,1.0,182.67,2024-11-11,mobile,United Kingdom,64.0,323,
user_04079,treatment,1.0,,2024-06-08,desktop,USA,57.0,371,
user_01743,treatment,,173.78,2024-09-29,mobile,US,36.0,270,
user_08909,control,0.0,105.91,2024-12-20,mobile,USA,53.0,519,
user_08065,control,1.0,20.2,06/25/2024,desktop,US,32.0,196,
user_06069,TRT,0.0,17.77,2024-05-13,mobile,UK,26.0,382,
user_08282,treatment,1.0,"118,88",2024-07-07,desktop,United Kingdom,35.0,137,
user_08472,treatment,1.0,145.34,09/16/2024,mobile,US,21.0,367,
user_00369,TRT,,,24-07-2024,desktop,India,58.0,-43,
user_05331,control,,26.22,04-10-2024,iPhone,United Kingdom,39.0,0,
user_06152,treatment,,$94.06,25-10-2024,mobile,IN,33.0,36,
user_01492,Control,1.0,78.9,16-01-2024,mobile,India,57.0,446,
user_05112,treatment,,-85.79,2024-06-02,mobile,India,56.0,407,
user_00112,treatment,1.0,,2024-08-08,desktop,USA,61.0,244,
user_05715,treatment,1.0,127.43,30-10-2024,tablet,US,54.0,500,
user_04461,treatment,,19.33,01/06/2024,mobile,IN,45.0,216,
user_01434, control,0.0,73.74,22-08-2024,Desktop ,UK,18.0,543,
user_00747,control,,133.58,2024-02-08,mobile,US,,592,
user_08477,treatment ,,34919.46,2024-09-14,mobile,USA,46.0,199,
user_03051,control,0.0,61.89,2024-02-02,desktop,IN,18.0,199,
user_04767,test,0.0,,13-09-2024,tablet,US,40.0,0,
user_00156,control,1.0,41.67,06/30/2024,mobile,USA,19.0,498,
user_03545,treatment,1.0,131.07,05-02-2024,desktop,UK,24.0,141,
user_06088,treatment,1.0,117.44,02-04-2024,Android,USA,42.0,415,
user_03352,control,1.0,164.15,2024-06-03,mobile,UK,65.0,54,
user_01141,treatment,0.0,92.41,26-01-2024,desktop,US,56.0,235,
user_05892,treatment,,113.78,2024-11-19,tablet,USA,60.0,587,
user_04018,treatment,1.0,64.62,09/12/2024,mobile,IN,31.0,155,
user_00683,control,0.0,111.09,2024-05-07,iPhone,US,60.0,0,
user_00964,control,0.0,68.03,08-08-2024,tablet,India,62.0,218,
user_00500,control,1.0,174.76,04/08/2024,tablet,USA,38.0,446,
user_06135,control,1.0,140.18,16-10-2024,Android,UK,52.0,117,
user_05672,control,0.0,62.57,11/17/2024,tablet,US,51.0,440,
user_04091,Control,0.0,60.38,2024-10-05,mobile,United Kingdom,26.0,522,
user_00131,control,,146.14,09/19/2024,mobile,US,45.0,265,
user_01055,treatment,1.0,184.27,2024-09-18,tablet,IN,34.0,294,
user_02675,control,1.0,42.38,2024-12-11,tablet,US,48.0,251,
user_00965,control,0.0,21.69,01/30/2024,mobile,US,23.0,32,
user_00362,control,0.0,167.81,12-04-2024,Android,USA,49.0,359,
user_00307,TRT,0.0,$101.26,2024-08-11,desktop,US,37.0,574,
user_00466,control,0.0,183.12,08/12/2024,mobile,UK,50.0,402,
user_07820,control,,53.71,06/25/2024,desktop,India,27.0,176,
user_06669,treatment,2.0,65.4,2024-07-18,Android,USA,36.0,194,
user_05797,TRT,0.0,97.49,12/18/2024,tablet,India,45.0,232,
user_02342,control,0.0,17.32,2024-01-29,Android,UK,32.0,449,
user_06037,treatment ,0.0,123.8,23-01-2024,Android,USA,30.0,198,
user_02098,Control,0.0,154.87,12/28/2024,Desktop,India,47.0,567,
user_00039,Control,1.0,45.41,10/01/2024,desktop,IN,30.0,44,
user_03048,treatment,,157.25,2024-12-07,desktop,USA,34.0,408,
user_00046,control,2.0,138.69,09/13/2024,tablet,United States,22.0,393,
user_04482,treatment,2.0,134.75,2024-08-16,desktop,IN,62.0,551,
user_00902,treatment,1.0,123.73,06/24/2024,desktop,United States,65.0,480,
user_03867,control,0.0,145.19,2024-06-21,desktop,US,61.0,582,
user_01248,treatment,1.0,173.75,03/22/2024,iPhone,India,30.0,244,
user_08179,treatment,2.0,$94.19,02-11-2024,tablet,US,49.0,0,
user_05137,control,1.0,88.84,02-02-2024,mobile,UK,63.0,242,
user_04771,control,1.0,78.74,2024-11-03,desktop,USA,41.0,30,
user_00434,control,2.0,175.51,08/13/2024,iPhone,US,43.0,239,
user_00971,treatment,0.0,26.14,2024-10-12,tablet,UK,23.0,600,
user_00575,control,1.0,71.4,05/25/2024,mobile,India,48.0,55,
user_02886,control,1.0,72.11,2024-10-26,mobile,USA,33.0,230,
user_02572,TRT,,45.67,08/09/2024,desktop,US,24.0,-46,
user_04230,control,1.0,26.75,05/17/2024,desktop,US,61.0,274,
user_04890,control,0.0,149.54,08/31/2024,desktop,United Kingdom,,176,
user_08827,control,1.0,88.53,2024-11-24,desktop,US,29.0,247,
user_01916,treatment,1.0,115.78,17-09-2024,mobile,India,57.0,184,
user_02628,control,1.0,121.94,04/12/2024,iPhone,United Kingdom,21.0,540,
user_02288,TRT,0.0,45.63,28-12-2024,tablet,IN,48.0,214,
user_04542,control,1.0,-34.97,2024-11-23,desktop,US,18.0,479,
user_01800,treatment,1.0,13.8,06-01-2024,desktop,USA,50.0,40,
user_04157,control,1.0,21.34,2024-07-22,mobile,US,55.0,345,
user_04443,control,,121.66,29-04-2024,desktop,United States,53.0,-30,
user_03389,control,0.0,35.69,09/14/2024,mobile,United Kingdom,18.0,349,
user_02766,control,0.0,93.46,09/13/2024,mobile,United Kingdom,33.0,435,
user_08771,control,,124.79,2024-04-08,mobile,US,21.0,51,
user_07153,control,2.0,,2024-01-09,desktop,IN,18.0,474,
user_00890,test,0.0,-11.56,19-10-2024,Desktop,US,18.0,254,
user_02028,treatment,1.0,14.14,07-02-2024,desktop,United States,54.0,-12,
user_04709,treatment,1.0,91.14,15-11-2024,mobile,India,30.0,327,
user_07768,treatment,2.0,187.79,2024-09-03,desktop,USA,43.0,594,
user_06147,treatment,0.0,69.66,10-05-2024,Mobile,United Kingdom,,0,
user_00802,control,1.0,,2024-05-21,iPhone,USA,31.0,86,
user_04870,treatment,1.0,-71.84,2024-04-17,desktop,India,34.0,559,
user_00373,TRT,,50.25,27-03-2024,tablet,USA,55.0,153,
user_08246,treatment ,1.0,166.67,27-03-2024,desktop,US,39.0,456,
user_07161,control,1.0,22.8,2024-04-13,desktop,USA,62.0,44,
user_02173,control,1.0,$125.4,2024-04-15,mobile,United Kingdom,26.0,254,
user_01583,treatment,0.0,151.05,12/31/2024,Mobile,IN,48.0,459,
user_01659,control,0.0,96.25,2024-12-24,mobile,US,54.0,136,
user_04803,control,0.0,104.84,2024-09-28,mobile,UK,30.0,319,
user_00299,control,1.0,188.23,10/23/2024,Android,USA,60.0,-32,
user_01494,treatment,0.0,-58.93,10-08-2024,mobile,India,31.0,468,
user_05628,control,0.0,"818,50",24-10-2024,Mobile,USA,29.0,248,
user_08713,treatment,1.0,157.17,2024-05-10,mobile,USA,43.0,389,
user_07709,control,1.0,48.88,2024-07-02,desktop,USA,59.0,432,
user_08590,TRT,0.0,173.04,03-01-2024,mobile,IN,49.0,242,
user_05589,control,0.0,-37.18,04/29/2024,desktop,USA,7.0,482,
user_06178,treatment,1.0,158.13,2024-05-18,desktop,USA,41.0,485,
user_04299,treatment,0.0,95.38,06/20/2024,iPhone,US,52.0,0,
user_01976,treatment,0.0,$46.21,2024-02-12,tablet,US,43.0,385,
user_08239,control,1.0,119.56,2024-11-27,iPhone,India,26.0,46,
user_03648,Control,0.0,176.52,06/12/2024,mobile,United States,32.0,38,
user_06911,control,,33.98,21-03-2024,tablet,United States,61.0,492,
user_03998,control,2.0,157.12,23-03-2024,mobile,United Kingdom,,-80,
user_04148,control,,154.8,2024-10-17,desktop,US,57.0,421,
user_07731,treatment,1.0,159.85,2024-12-06,tablet,US,26.0,520,
user_04610,treatment,1.0,,11-12-2024,Mobile,IN,42.0,275,
user_01354,TRT,1.0,20.37,2024-09-01,Mobile,United Kingdom,37.0,438,
user_07027,treatment,1.0,14.4,2024-11-27,desktop,US,46.0,0,
user_06201,treatment,0.0,139.13,2024-05-26,Android,UK,51.0,534,
user_07164,treatment,1.0,78.0,03-11-2024,mobile,US,53.0,293,
user_02863,treatment,1.0,,08/31/2024,mobile,USA,18.0,163,
user_08731,treatment,1.0,25.06,2024-09-11,tablet,India,62.0,546,
user_05111,control,0.0,65.89,03/01/2024,tablet,UK,26.0,0,
user_04260,treatment,1.0,172.27,2024-01-25,desktop,USA,31.0,330,
user_00460,treatment,,$104.59,2024-05-10,desktop,United States,25.0,0,
user_05442,control,0.0,-71.5,2024-02-20,desktop,India,41.0,488,
user_07741,control,0.0,50.62,2024-10-16,iPhone,UK,31.0,0,
user_01524,treatment ,1.0,70.78,02/15/2024,mobile,IN,57.0,352,
user_07240,TRT,2.0,127.45,03/23/2024,Desktop,US,47.0,455,
user_02664,Control,1.0,177.93,15-03-2024,mobile,UK,62.0,113,
user_06704,TRT,0.0,167.8,2024-03-20,mobile,US,55.0,-89,
user_05742,treatment,,177.97,2024-10-03,desktop,US,62.0,239,
user_00945,control,,182.62,2024-04-15,tablet,USA,50.0,379,
user_03726,treatment,0.0,184.58,02/20/2024,desktop,United Kingdom,34.0,541,
user_07829,control,0.0,175.36,29-01-2024,desktop,United States,29.0,0,
user_00282,treatment,1.0,65.14,21-06-2024,iPhone,IN,62.0,517,
user_00484,treatment,1.0,101.71,07-08-2024,desktop,United Kingdom,65.0,452,
user_00842,treatment ,0.0,25.07,2024-02-04,Android,India,30.0,234,
user_00801,control,0.0,149.81,2024-02-27,Desktop,United States,55.0,573,
user_06703,treatment ,1.0,108.46,04/26/2024,desktop,US,52.0,35,
user_05731,treatment,0.0,142.95,04-12-2024,tablet,US,46.0,381,
user_00310,control,0.0,25.98,2024-10-27,desktop,IN,57.0,453,
user_05498,control,0.0,36.54,17-07-2024,desktop,IN,34.0,268,
user_07026,control,,113.96,14-12-2024,iPhone,USA,48.0,389,
user_08620,control,0.0,86.41,05/27/2024,Mobile,United Kingdom,,552,
user_00561,control,1.0,"555,58",2024-08-10,mobile,US,55.0,204,
user_00278,control,1.0,120.3,2024-11-13,mobile,United States,59.0,446,
user_08643,control,2.0,111.85,12-09-2024,desktop,US,60.0,249,
user_02448,control,1.0,44.38,06/29/2024,desktop,US,27.0,207,
user_00548,treatment,1.0,$166.72,05-02-2024,tablet,US,52.0,0,
user_06258,treatment,1.0,117.6,12/19/2024,mobile,India,36.0,402,
user_07202,treatment,0.0,149.15,2024-08-02,desktop,IN,45.0,130,
user_01971,treatment,0.0,119.13,2024-11-16,desktop,USA,43.0,210,
user_00351,control,,188.72,13-10-2024,mobile,United Kingdom,64.0,144,
user_03977,TRT,1.0,64.0,2024-12-18,desktop,US,24.0,104,
user_05890,control,1.0,77.3,12-01-2024,mobile,United Kingdom,58.0,221,
user_03430,control,1.0,26400.02,2024-08-31,desktop,USA,46.0,336,
user_06558,treatment,1.0,144.66,08/28/2024,Mobile,USA,56.0,251,
user_04841,treatment,1.0,-21.03,03/27/2024,mobile,US,62.0,141,
user_05054,treatment,1.0,38.59,16-12-2024,tablet,USA,42.0,527,
user_00684,treatment,,"331,86",05/20/2024,desktop,IN,44.0,108,
user_00496,treatment,0.0,192.54,11/26/2024,mobile,US,23.0,0,
user_02081,treatment,0.0,28.87,17-07-2024,mobile,US,63.0,221,
user_02731,treatment,0.0,101.8,2024-10-22,mobile,United States,26.0,372,
user_07105,treatment,0.0,"129,73",03-07-2024,tablet,UK,32.0,284,
user_06312,treatment,1.0,61.81,01/19/2024,mobile,United States,25.0,-56,
user_00765,treatment,0.0,166.35,04-11-2024,mobile,USA,21.0,441,
user_00987,treatment,1.0,79.35,2024-09-09,desktop,IN,51.0,507,
user_02294, control,,98.27,29-05-2024,desktop ,US,62.0,0,
user_01713,treatment,1.0,"549,20",2024-04-08,mobile,US,46.0,553,
user_02813,control,0.0,109.74,2024-03-27,desktop,United Kingdom,,260,
user_06454,control,2.0,182.95,2024-08-12,desktop,US,41.0,573,
user_06883,control,1.0,160.93,19-03-2024,mobile,US,47.0,243,
user_00511,test,1.0,106.69,07-05-2024,tablet,US,39.0,565,
user_00228,treatment,0.0,141.66,28-03-2024,desktop,US,32.0,0,
user_05930,control,1.0,172.39,2024-12-02,mobile,India,30.0,0,
user_00821, treatment,1.0,77.72,01/09/2024,Desktop ,IN,29.0,252,
user_03318,TRT,0.0,117.07,22-11-2024,desktop,UK,31.0,352,
user_02108,control,0.0,,2024-07-07,desktop,US,47.0,484,
user_00752,treatment,1.0,,11/09/2024,desktop,India,52.0,-21,
user_06891,control,0.0,38.98,2024-03-16,tablet,UK,18.0,484,
user_08327,test,0.0,163.47,2024-12-24,Android,United Kingdom,39.0,324,
user_08119, TRT,2.0,168.93,29-12-2024,desktop ,US,36.0,70,
user_07917,treatment,1.0,70.65,2024-02-10,desktop,United Kingdom,31.0,-100,
user_02333,TRT,1.0,166.37,12-11-2024,mobile,United States,65.0,229,
user_02739,control,1.0,19.72,04/26/2024,mobile,USA,58.0,242,
user_06080,treatment,1.0,49.35,2024-11-29,tablet,USA,59.0,376,
user_05556,treatment,0.0,39349.23,2024-08-10,tablet,United States,,473,
user_05337,treatment,1.0,124.3,2024-12-16,mobile,USA,36.0,-35,
user_04458,treatment,0.0,10.84,2024-10-15,desktop,United Kingdom,51.0,315,
user_02330,TRT,1.0,,01/06/2024,tablet,USA,25.0,277,
user_02793,control,0.0,179.04,10-05-2024,tablet,United States,27.0,52,
user_07277,control,0.0,25.56,2024-08-13,desktop,United States,18.0,597,
user_05370,treatment,2.0,-77.84,2024-01-11,desktop,UK,56.0,453,
user_03151,treatment,,,2024-04-12,desktop,US,48.0,242,
user_06100,control,0.0,-44.55,12/21/2024,mobile,India,23.0,139,
user_02562,control,0.0,82.77,08/13/2024,Mobile,USA,26.0,403,
user_02744,control,2.0,109.67,2024-09-17,desktop,United States,23.0,331,
user_01918,control,1.0,131.33,22-05-2024,tablet,USA,32.0,457,
user_05669,control,0.0,156.59,2024-06-06,mobile,UK,55.0,396,
user_00957,control,1.0,37.61,09/16/2024,tablet,United Kingdom,35.0,593,
user_02088,treatment ,1.0,102.91,12/04/2024,tablet,US,27.0,63,
user_03370,treatment,1.0,$117.21,2024-06-21,desktop,USA,50.0,352,
user_02259,control,0.0,78.8,2024-09-03,desktop,USA,20.0,68,
user_06324,treatment,0.0,,2024-08-21,desktop,United Kingdom,43.0,311,
user_04655,control,0.0,175.42,07/12/2024,desktop,USA,35.0,316,
user_04379,treatment,1.0,69.12,2024-07-20,desktop,India,51.0,149,
user_06644,control,0.0,27.73,23-11-2024,tablet,India,38.0,178,
user_02772,treatment,1.0,26.24,12-03-2024,desktop,United States,58.0,330,
user_00036,treatment,0.0,61.59,04-10-2024,tablet,IN,54.0,595,
user_07055,treatment,1.0,189.65,11-01-2024,mobile,United Kingdom,32.0,360,
user_04961,control,1.0,162.73,2024-11-14,Android,US,59.0,321,
user_00901,treatment,0.0,,18-01-2024,desktop,UK,56.0,-76,
user_02057,TRT,0.0,116.45,2024-01-30,tablet,USA,,218,
user_06113,control,1.0,137.43,2024-09-14,Desktop,United States,36.0,0,
user_03170,control,1.0,10.37,05/19/2024,desktop,USA,51.0,498,
user_08401,treatment,0.0,66.19,07-12-2024,Android,USA,62.0,0,
user_01969,control,0.0,147.7,05-11-2024,mobile,USA,65.0,0,
user_01834,control,1.0,-48.7,2024-05-25,tablet,United Kingdom,36.0,292,
user_00125,control,0.0,114.13,2024-04-07,mobile,United States,49.0,489,
user_06067,control,0.0,55.14,03-06-2024,desktop,UK,39.0,262,
user_05199,control,0.0,,03/11/2024,desktop,US,11.0,359,
user_00165,treatment,0.0,75.96,2024-01-12,mobile,US,,-82,
user_00729,treatment,1.0,173.49,09-06-2024,Mobile,IN,46.0,0,
user_07512,TRT,2.0,129.5,09-11-2024,tablet,US,60.0,73,
user_04523,control,1.0,164.17,2024-05-01,mobile,USA,34.0,550,
user_01814,control,0.0,,2024-02-05,tablet,United States,35.0,-26,
user_00572,control,1.0,127.21,09-11-2024,mobile,US,47.0,260,
user_03795,Control,1.0,95.28,2024-04-10,tablet,United States,26.0,492,
user_00663,treatment,1.0,,2024-06-12,tablet,UK,19.0,248,
user_07797,control,1.0,120.72,12/04/2024,mobile,US,47.0,255,
user_06978,control,1.0,157.06,30-10-2024,tablet,United States,18.0,505,
user_08645,control,1.0,116.77,24-06-2024,tablet,India,64.0,-61,
user_00356,treatment,0.0,82.3,30-11-2024,desktop,US,25.0,326,
user_07705,treatment,1.0,-32.41,01/12/2024,desktop,USA,61.0,502,
user_07371,treatment,0.0,148.66,27-02-2024,mobile,USA,29.0,46,
user_06573,treatment,1.0,55.45,2024-12-12,desktop,India,,329,
user_02873,control,0.0,114.01,2024-02-25,mobile,USA,35.0,595,
user_00902,treatment,1.0,118.4,2024-09-18,Mobile,IN,40.0,507,
user_05707,treatment,0.0,141.15,2024-02-10,tablet,US,24.0,180,
user_05903,treatment,0.0,117.9,09-01-2024,desktop,USA,,429,
user_06999,treatment,0.0,179.77,08-10-2024,mobile,United Kingdom,37.0,117,
user_00857,test,1.0,94.91,12/29/2024,Desktop,USA,24.0,-87,
user_07370,control,0.0,27.54,2024-12-15,desktop,US,35.0,446,
user_08561,treatment,,87.0,2024-07-22,tablet,IN,18.0,53,
user_08906,TRT,0.0,179.74,2024-02-29,desktop,USA,35.0,201,
user_00942,treatment ,0.0,36.51,2024-03-06,mobile,USA,47.0,267,
user_06878,control,0.0,139.83,2024-09-11,desktop,US,36.0,526,
user_07076,treatment,1.0,20.36,14-01-2024,tablet,UK,27.0,234,
user_02484,control,1.0,33.18,2024-06-13,desktop,US,48.0,38,
user_00771,control,0.0,180.21,24-09-2024,mobile,IN,22.0,242,
user_00329,Control,1.0,102.41,18-04-2024,desktop,USA,54.0,366,
user_00063,treatment,0.0,192.86,01/17/2024,tablet,US,64.0,52,
user_00058,treatment,1.0,-28.06,2024-02-02,mobile,US,28.0,422,
user_00182, control,1.0,150.45,02/08/2024,tablet ,USA,37.0,244,
user_07761,Control,,-28.7,2024-01-26,tablet,USA,19.0,403,
user_03916,control,1.0,"507,40",2024-03-05,desktop,US,31.0,467,
user_05853,treatment,0.0,37.56,20-06-2024,iPhone,US,52.0,246,
user_04109, test,0.0,26.94,2024-12-17,mobile ,USA,64.0,248,
user_08986,treatment ,0.0,60.25,06/28/2024,tablet,India,46.0,151,
user_00697,control,,30.07,2024-02-14,desktop,India,38.0,146,
user_00043,treatment,0.0,77.66,02/05/2024,desktop,United States,20.0,557,
user_00462,treatment,1.0,,2024-07-06,tablet,UK,,150,
user_03866,treatment,2.0,101.96,2024-07-27,desktop,US,58.0,307,
user_08704,control,1.0,44.69,10/10/2024,mobile,United Kingdom,34.0,315,
user_07002,control,0.0,137.33,2024-09-28,desktop,USA,41.0,297,
user_04104,treatment,1.0,67.54,02/20/2024,tablet,US,60.0,147,
user_04533,treatment,1.0,,2024-05-27,tablet,IN,,36,
user_05857,treatment,1.0,199.21,03/05/2024,desktop,USA,54.0,565,
user_03007,Control,1.0,120.71,2024-04-12,mobile,United Kingdom,21.0,524,
user_08511, treatment,1.0,22.75,21-11-2024,tablet ,IN,45.0,41,
user_00244,treatment,0.0,,2024-09-08,mobile,United States,48.0,434,
user_05315,control,1.0,$171.49,2024-11-14,mobile,US,63.0,451,
user_07999,control,1.0,19.58,2024-06-18,desktop,USA,65.0,572,
user_08040,treatment,1.0,162.5,2024-10-17,desktop,US,56.0,-69,
user_06750,control,1.0,68.64,01/05/2024,iPhone,US,54.0,438,
user_00727,control,1.0,132.62,06/20/2024,mobile,UK,25.0,-30,
user_06345,control,1.0,,2024-08-01,mobile,USA,59.0,381,
user_01149,control,1.0,174.6,08/05/2024,mobile,US,39.0,-59,
user_07770,control,0.0,61.74,2024-06-11,iPhone,UK,18.0,102,
user_01566,treatment,,19.1,11/27/2024,mobile,India,56.0,41,
user_05679,treatment,0.0,185.06,2024-05-06,desktop,UK,39.0,437,
user_04611,treatment,1.0,-15.03,01-01-2024,desktop,UK,65.0,245,
user_08947,control,0.0,112.83,13-06-2024,Mobile,US,63.0,374,
user_00474,treatment,0.0,42.91,07-10-2024,mobile,India,35.0,0,
user_03409,control,0.0,,02/10/2024,mobile,US,19.0,341,
user_01189,control,1.0,149.04,01/11/2024,mobile,United Kingdom,42.0,581,
user_02309,control,,$95.69,2024-04-20,tablet,USA,55.0,497,
user_01933,control,1.0,76.62,2024-08-07,tablet,US,34.0,-22,
user_07569,control,0.0,149.61,01/25/2024,desktop,US,43.0,123,
user_00499,control,1.0,181.41,11/02/2024,iPhone,United Kingdom,62.0,297,
user_05077,treatment,1.0,-38.72,13-09-2024,mobile,United States,55.0,351,
user_07876,treatment,0.0,127.03,2024-08-09,Android,United Kingdom,26.0,323,
user_01962,treatment,0.0,190.31,05/19/2024,tablet,US,25.0,163,
user_00762,treatment,,150.17,2024-02-26,tablet,IN,42.0,166,
user_01732,treatment,0.0,89.42,02/14/2024,iPhone,USA,31.0,545,
user_01817,treatment,1.0,75.62,2024-05-13,mobile,UK,62.0,372,
user_00193,control,0.0,73.81,2024-02-09,desktop,IN,40.0,176,
user_05905,control,,27.21,2024-04-14,tablet,USA,32.0,223,
user_04486,control,2.0,,07/21/2024,desktop,USA,48.0,230,
user_02469,treatment,1.0,,2024-01-11,tablet,US,31.0,546,
user_03156,treatment ,0.0,90.32,15-06-2024,mobile,US,54.0,585,
user_04121,control,,"358,89",2024-03-12,Mobile,US,62.0,137,
user_00299,control,1.0,160.49,2024-04-29,mobile,US,44.0,0,
user_04698,control,,68.31,12/06/2024,tablet,India,52.0,392,
user_00943,treatment,1.0,189.9,2024-11-06,Mobile,United Kingdom,61.0,50,
user_03925,control,0.0,68.15,10/29/2024,desktop,US,,-68,
user_04242,control,1.0,$100.66,2024-09-11,mobile,US,62.0,52,
user_01908,test,1.0,188.87,11-06-2024,mobile,United Kingdom,40.0,289,
user_04161,control,0.0,92.76,2024-02-09,iPhone,USA,63.0,398,
user_07778,control,0.0,132.65,10/28/2024,mobile,USA,38.0,288,
user_00949,control,1.0,59.61,2024-11-14,tablet,US,35.0,302,
user_06934,control,,36.65,08/22/2024,desktop,India,65.0,268,
user_08834,test,0.0,-95.34,05/30/2024,Android,US,38.0,136,
user_05445,treatment ,1.0,,09-11-2024,mobile,UK,33.0,42,
user_02716,control,,115.37,2024-05-20,desktop,India,,441,
user_03590,control,1.0,178.33,09-12-2024,mobile,United States,51.0,298,
user_06485,treatment,1.0,73.13,04/19/2024,mobile,United Kingdom,51.0,-86,
user_03431,treatment,1.0,22.16,16-01-2024,mobile,US,,56,
user_00767,treatment,0.0,169.44,2024-08-01,desktop,USA,,523,
user_06184,control,0.0,155.33,07-03-2024,desktop,UK,52.0,488,
user_01240,treatment,0.0,153.23,04-10-2024,mobile,United States,63.0,0,
user_01271,TRT,2.0,51.62,2024-03-10,Mobile,US,24.0,105,
user_00026,treatment,,186.52,16-01-2024,mobile,IN,63.0,53,
user_06824,TRT,0.0,76.68,06/03/2024,desktop,United Kingdom,28.0,374,
user_06188,treatment,0.0,104.36,2024-12-18,tablet,US,,598,
user_02527,control,2.0,-41.48,2024-07-01,mobile,United Kingdom,54.0,345,
user_00193,control,0.0,97.86,2024-07-16,Mobile,US,,315,
user_07180,control,0.0,189.28,23-10-2024,Desktop,USA,59.0,500,
user_08506,control,0.0,90.44,2024-03-26,mobile,USA,48.0,169,
user_01830,treatment,0.0,115.25,10-03-2024,desktop,UK,27.0,436,
user_01601,control,1.0,55.26,15-01-2024,mobile,US,,393,
user_00028,treatment,1.0,121.77,08/07/2024,desktop,USA,24.0,584,
user_01602,treatment,0.0,,30-04-2024,mobile,USA,53.0,215,
user_08360,control,0.0,125.65,05/21/2024,iPhone,US,35.0,321,
user_00074,treatment,0.0,191.45,03/19/2024,mobile,USA,31.0,550,
user_00188,control,0.0,105.6,12/11/2024,tablet,US,52.0,-49,
user_01205,treatment,0.0,51.27,2024-11-07,tablet,UK,31.0,96,
user_05668,control,0.0,157.8,06/19/2024,mobile,US,49.0,487,
user_03539,control,1.0,"747,15",01-03-2024,mobile,IN,33.0,448,
user_00142,treatment,0.0,20.36,24-11-2024,tablet,US,22.0,276,
user_08252,treatment ,1.0,179.18,14-12-2024,mobile,USA,36.0,95,
user_07154,control,2.0,166.34,26-05-2024,desktop,US,35.0,334,
user_01682,treatment,0.0,,2024-02-22,desktop,United States,39.0,269,
user_04694,treatment ,1.0,28.26,2024-04-23,Android,United Kingdom,54.0,-13,
user_02250,treatment ,0.0,142.63,2024-08-20,mobile,United Kingdom,63.0,269,
user_08982,control,0.0,14.13,2024-01-21,tablet,India,54.0,452,
user_00469,control,1.0,142.56,27-04-2024,tablet,IN,34.0,261,
user_06293, treatment,1.0,167.78,12-02-2024,desktop ,United Kingdom,47.0,560,
user_05124,treatment,0.0,$97.81,2024-10-04,Desktop,USA,57.0,343,
user_00410,control,1.0,171.59,14-08-2024,Desktop,USA,18.0,513,
user_02038,control,0.0,57.97,04-03-2024,tablet,USA,43.0,535,
user_06794,control,0.0,,2024-09-11,desktop,USA,27.0,201,
user_00926,TRT,0.0,-97.82,2024-09-01,tablet,India,33.0,391,
user_03897,treatment ,,183.87,24-10-2024,tablet,USA,60.0,181,
user_01038,treatment,,186.3,2024-01-17,mobile,IN,59.0,364,
user_07435,control,1.0,34.45,2024-01-06,Android,India,24.0,392,
user_00127,treatment,0.0,-64.09,2024-11-24,tablet,US,43.0,-67,
user_03261,treatment,1.0,111.79,03-08-2024,mobile,US,56.0,398,
user_08820,control,1.0,100.4,01-04-2024,desktop,US,39.0,243,
user_00427,treatment,0.0,102.31,2024-09-29,mobile,US,,204,
user_00180,control,0.0,94.58,2024-10-10,mobile,USA,44.0,86,
user_04328,treatment,0.0,134.3,01/29/2024,mobile,US,,587,
user_08706,treatment,,71.81,2024-06-08,desktop,IN,24.0,530,
user_00730,treatment,0.0,38.06,07/29/2024,mobile,US,54.0,487,
user_07635,control,0.0,12.52,08-01-2024,mobile,US,65.0,301,
user_05667,control,0.0,88.91,06/06/2024,iPhone,India,48.0,420,
user_02082,control,2.0,,2024-10-17,iPhone,USA,28.0,539,
user_00945,control,0.0,-70.97,16-04-2024,tablet,India,26.0,464,
user_00571,control,,128.36,10-05-2024,Desktop,India,32.0,185,
user_07962,Control,0.0,158.59,26-03-2024,desktop,IN,40.0,423,
user_00696, treatment,0.0,154.03,10/07/2024,desktop ,US,51.0,88,
user_00487,test,1.0,23.91,2024-06-20,mobile,USA,52.0,441,
user_06343,Control,0.0,37.39,07/18/2024,Desktop,India,59.0,313,
user_06090,control,1.0,,08/26/2024,tablet,IN,23.0,486,
user_08206,control,,83.67,05/24/2024,desktop,USA,25.0,562,
user_05458,treatment,0.0,50.96,2024-12-20,desktop,United States,46.0,361,
user_03478,Control,1.0,107.96,05-07-2024,Desktop,United Kingdom,31.0,109,
user_06662,control,1.0,151.65,2024-02-04,desktop,India,65.0,244,
