user_id,experiment_group,conversion,revenue,session_duration,device,country,age
user_00556,control,0,88.39,279.1,tablet,UK,67
user_03492,treatment,0,66.22,207.7,tablet,US,36
user_00528,control,1,127.64,348.2,mobile,India,25
user_03926,treatment,0,85.71,239.0,desktop,India,58
user_02990,treatment,0,117.15,211.2,desktop,US,66
user_00071,control,0,125.14,349.4,mobile,India,55
user_01757,control,0,103.31,298.8,mobile,India,19
user_00212,control,0,93.25,377.6,desktop,UK,66
user_00197,control,0,63.03,362.8,tablet,India,39
user_00804,control,1,106.15,322.7,tablet,US,51
user_03410,treatment,0,85.21,193.4,tablet,US,28
user_03837,treatment,0,127.61,237.0,desktop,India,60
user_01147,control,0,77.11,354.0,tablet,UK,38
user_01499,control,0,113.98,354.3,mobile,India,61
user_03859,treatment,0,80.39,281.8,tablet,US,26
user_03483,treatment,0,94.39,234.2,tablet,India,64
user_01186,control,0,131.87,248.2,desktop,UK,57
user_00472,control,0,104.67,323.2,desktop,UK,42
user_00595,control,0,114.08,312.5,mobile,US,36
user_00322,control,0,183.88,277.3,tablet,UK,50
user_01418,control,0,79.84,321.7,tablet,UK,60
user_01675,control,0,135.16,291.4,tablet,UK,65
user_03591,treatment,1,68.32,237.2,mobile,US,44
user_01704,control,0,106.8,268.8,tablet,UK,43
user_02541,treatment,0,100.14,250.5,mobile,UK,24
user_00206,control,0,120.37,321.3,desktop,India,65
user_03888,treatment,0,78.79,286.4,tablet,India,31
user_03249,treatment,0,122.21,243.1,tablet,UK,61
user_02132,treatment,0,153.15,231.9,mobile,India,50
user_01256,control,0,103.35,303.6,mobile,US,32
user_02300,treatment,0,54.47,203.8,mobile,UK,55
user_01227,control,0,118.11,333.0,tablet,US,60
user_03919,treatment,0,139.8,226.3,mobile,UK,66
user_02465,treatment,0,65.44,275.6,desktop,US,51
user_02384,treatment,0,77.03,259.7,desktop,US,56
user_00150,control,1,132.8,274.3,tablet,UK,20
user_00870,control,0,100.81,336.2,mobile,India,49
user_01979,control,1,88.1,298.5,tablet,UK,64
user_02457,treatment,0,88.25,241.3,tablet,India,42
user_03866,treatment,0,73.3,247.8,mobile,US,27
user_02213,treatment,0,72.9,277.3,mobile,UK,40
user_01007,control,0,126.44,306.1,mobile,India,36
user_03048,treatment,0,113.79,237.2,tablet,UK,56
user_00706,control,0,91.67,299.3,tablet,India,35
user_03144,treatment,0,63.36,189.0,desktop,India,62
user_03597,treatment,0,106.59,258.9,tablet,US,49
user_01988,control,0,65.92,247.9,desktop,UK,37
user_00180,control,0,121.75,373.4,mobile,US,66
user_00110,control,0,101.34,301.2,desktop,UK,52
user_03079,treatment,1,107.87,270.3,mobile,US,57
user_01056,control,0,76.48,330.9,desktop,US,63
user_03953,treatment,1,110.55,244.8,mobile,UK,42
user_00315,control,1,65.74,273.1,tablet,UK,36
user_01823,control,0,100.89,268.4,tablet,UK,65
user_00568,control,0,116.9,331.0,mobile,India,60
user_00880,control,0,113.87,323.4,tablet,India,42
user_02231,treatment,0,95.45,268.9,desktop,India,55
user_01412,control,0,101.23,324.2,tablet,UK,33
user_03225,treatment,0,113.2,147.0,mobile,US,40
user_03937,treatment,0,73.12,216.5,mobile,India,35
user_03250,treatment,0,56.02,232.5,mobile,India,38
user_00930,control,0,54.98,282.4,desktop,India,46
user_02579,treatment,0,93.16,297.6,tablet,US,68
user_03380,treatment,0,111.43,255.0,tablet,UK,58
user_02293,treatment,0,93.05,273.4,desktop,India,58
user_01503,control,0,71.51,303.0,tablet,India,27
user_03783,treatment,0,70.33,225.8,tablet,US,36
user_00606,control,0,110.5,321.6,mobile,India,53
user_01989,control,0,155.7,303.6,mobile,US,67
user_00015,control,0,102.29,298.6,mobile,India,65
user_01262,control,0,114.93,279.8,desktop,India,39
user_03239,treatment,0,113.64,260.5,mobile,US,28
user_03319,treatment,0,23.57,288.8,desktop,India,48
user_00009,control,0,128.37,367.3,tablet,US,28
user_00890,control,1,117.04,283.9,mobile,UK,63
user_03149,treatment,0,64.46,238.4,mobile,US,48
user_03552,treatment,0,84.02,282.1,desktop,India,66
user_01445,control,0,96.8,267.8,tablet,UK,22
user_00394,control,0,76.56,366.2,mobile,UK,43
user_01583,control,1,87.35,275.3,tablet,UK,53
user_02859,treatment,0,66.65,225.8,desktop,UK,31
user_00539,control,0,116.27,282.4,tablet,US,52
user_01488,control,0,89.25,285.2,desktop,US,51
user_00808,control,0,109.01,342.9,tablet,UK,57
user_03415,treatment,0,57.27,199.0,mobile,UK,45
user_00799,control,0,114.91,250.3,mobile,India,41
user_03540,treatment,0,59.76,211.1,tablet,UK,21
user_01816,control,0,102.74,291.5,tablet,US,41
user_02330,treatment,0,94.32,245.6,tablet,India,18
user_02648,treatment,0,108.84,244.5,desktop,US,48
user_01425,control,1,102.23,266.1,tablet,UK,53
user_02360,treatment,1,43.38,225.3,tablet,India,65
user_03322,treatment,0,73.92,193.5,tablet,UK,18
user_00788,control,0,134.59,272.5,desktop,UK,61
user_01993,control,0,101.83,304.4,desktop,India,69
user_01117,control,0,97.34,312.8,desktop,US,68
user_01321,control,0,152.9,351.9,mobile,India,60
user_03657,treatment,0,84.48,227.7,tablet,UK,34
user_01553,control,0,95.58,232.3,desktop,India,36
user_00033,control,0,92.16,282.6,tablet,US,65
user_00464,control,0,114.31,287.0,tablet,India,62
user_02516,treatment,0,131.65,238.9,tablet,India,51
user_02296,treatment,0,120.6,269.1,desktop,UK,20
user_00167,control,0,79.28,345.4,tablet,US,56
user_02863,treatment,0,38.4,238.7,desktop,UK,33
user_00415,control,0,97.93,268.5,desktop,India,33
user_00034,control,0,130.28,356.5,mobile,US,50
user_00185,control,0,143.33,238.7,mobile,India,39
user_03023,treatment,0,127.4,263.2,tablet,UK,64
user_03241,treatment,0,121.56,226.1,desktop,India,25
user_03302,treatment,0,84.68,203.0,desktop,India,51
user_01953,control,0,93.14,288.3,desktop,UK,20
user_03750,treatment,0,127.2,272.9,mobile,US,43
user_01622,control,0,115.67,251.1,tablet,US,25
user_01243,control,0,97.82,311.1,tablet,India,37
user_03550,treatment,0,40.54,255.3,desktop,UK,38
user_00722,control,0,153.6,255.5,mobile,India,48
user_01175,control,0,89.22,270.0,desktop,US,36
user_00671,control,1,114.3,286.6,desktop,UK,63
user_03332,treatment,0,93.29,203.7,desktop,US,52
user_01747,control,0,131.85,324.8,tablet,India,54
user_02425,treatment,0,83.53,249.4,desktop,UK,21
user_01557,control,0,131.24,371.9,desktop,India,24
user_02867,treatment,0,74.25,170.8,tablet,UK,67
user_03537,treatment,0,70.73,285.0,desktop,UK,41
user_02585,treatment,0,58.56,324.3,desktop,India,43
user_01745,control,0,134.79,342.9,desktop,US,54
user_03868,treatment,0,99.24,230.4,tablet,UK,41
user_00719,control,1,127.99,298.0,tablet,US,50
user_01371,control,0,94.34,307.7,desktop,UK,35
user_02980,treatment,1,94.19,252.9,desktop,India,62
user_03931,treatment,0,73.94,306.4,tablet,US,43
user_02021,treatment,0,118.49,236.8,desktop,India,47
user_02611,treatment,0,96.59,176.3,desktop,UK,67
user_01627,control,0,96.17,240.3,desktop,US,20
user_02426,treatment,0,44.66,290.0,mobile,US,25
user_03054,treatment,0,57.18,191.2,tablet,UK,32
user_03008,treatment,0,60.77,257.1,tablet,US,38
user_00600,control,1,123.62,239.4,tablet,India,49
user_01748,control,0,141.41,259.5,desktop,US,22
user_02352,treatment,0,102.17,257.3,tablet,UK,43
user_01430,control,0,103.59,284.9,mobile,India,51
user_01115,control,0,107.46,286.8,mobile,US,49
user_00643,control,0,111.89,287.7,desktop,India,39
user_00403,control,0,75.48,298.7,tablet,US,33
user_00491,control,0,101.76,278.9,desktop,India,27
user_02500,treatment,0,100.03,250.9,mobile,US,63
user_01004,control,0,129.24,312.4,desktop,India,43
user_02115,treatment,0,88.16,291.9,tablet,UK,31
user_03485,treatment,0,81.81,204.6,tablet,UK,19
user_01879,control,0,88.64,278.2,desktop,UK,21
user_02474,treatment,0,59.87,215.3,tablet,US,62
user_00271,control,0,98.37,325.5,desktop,US,57
user_02342,treatment,0,83.03,210.8,tablet,UK,67
user_03059,treatment,0,51.17,295.4,mobile,India,45
user_03199,treatment,0,103.42,233.6,mobile,UK,47
user_01045,control,1,83.53,268.2,desktop,India,30
user_03498,treatment,0,85.89,331.1,tablet,UK,23
user_02794,treatment,0,52.64,193.3,desktop,India,22
user_02393,treatment,0,99.09,179.4,desktop,UK,66
user_03471,treatment,0,132.5,194.4,tablet,India,64
user_03838,treatment,0,100.44,252.7,desktop,US,37
user_02359,treatment,0,105.55,272.2,mobile,India,31
user_02335,treatment,0,71.12,297.1,desktop,US,59
user_00018,control,0,115.5,369.2,tablet,India,26
user_03655,treatment,0,99.98,203.2,desktop,US,68
user_01211,control,0,136.02,332.4,tablet,India,30
user_02118,treatment,0,62.17,252.3,tablet,UK,35
user_00230,control,0,78.97,351.5,tablet,UK,48
user_01118,control,0,118.73,348.2,mobile,US,57
user_01293,control,0,91.53,287.1,mobile,US,43
user_00496,control,0,119.01,325.7,desktop,UK,40
user_03545,treatment,0,54.04,234.4,mobile,India,69
user_00462,control,0,89.67,298.9,tablet,India,49
user_02904,treatment,0,104.52,257.9,tablet,India,29
user_01564,control,0,119.09,314.9,desktop,UK,24
user_02554,treatment,0,47.89,221.4,tablet,UK,53
user_00319,control,0,114.81,324.7,desktop,India,26
user_02454,treatment,0,102.02,223.8,tablet,UK,62
user_03266,treatment,0,95.41,196.6,desktop,UK,26
user_02453,treatment,0,114.28,290.3,desktop,US,63
user_01492,control,0,132.87,272.2,tablet,India,57
user_03573,treatment,0,136.52,263.0,tablet,India,38
user_01290,control,1,95.49,306.7,desktop,US,57
user_03323,treatment,0,79.83,260.4,desktop,US,52
user_03519,treatment,0,41.02,367.9,tablet,US,29
user_03394,treatment,0,94.6,212.4,mobile,India,22
user_02234,treatment,0,45.86,252.6,tablet,UK,62
user_00658,control,0,128.22,317.4,desktop,US,69
user_01057,control,1,100.84,246.7,mobile,UK,31
user_02120,treatment,0,104.29,277.6,tablet,US,55
user_03195,treatment,0,103.57,224.1,tablet,UK,49
user_03895,treatment,0,52.48,273.5,tablet,US,62
user_01663,control,1,110.93,363.6,mobile,UK,52
user_01331,control,0,90.64,275.4,desktop,India,39
user_01179,control,0,179.51,349.0,desktop,India,37
user_03721,treatment,0,85.21,274.5,mobile,UK,18
user_02158,treatment,1,113.05,291.9,tablet,India,62
user_00299,control,1,144.05,377.8,tablet,UK,34
user_00094,control,0,101.4,298.6,tablet,US,65
user_02405,treatment,0,73.57,324.7,desktop,UK,63
user_03549,treatment,0,87.45,183.8,tablet,India,58
user_01576,control,0,116.45,340.5,mobile,India,19
user_03746,treatment,0,43.53,130.9,desktop,UK,39
user_02887,treatment,0,87.54,293.5,tablet,UK,24
user_01794,control,0,149.27,323.1,tablet,US,50
user_00024,control,0,128.31,286.9,tablet,UK,23
user_03351,treatment,0,116.67,180.6,desktop,UK,29
user_03624,treatment,0,79.24,242.1,desktop,India,22
user_01732,control,0,117.06,292.9,mobile,UK,39
user_01085,control,0,112.39,251.8,mobile,US,49
user_03992,treatment,0,87.63,232.0,mobile,India,33
user_02666,treatment,0,45.55,260.5,tablet,India,33
user_02379,treatment,0,119.43,250.9,desktop,UK,40
user_01273,control,0,131.94,333.4,tablet,US,55
user_00306,control,0,141.05,230.5,tablet,UK,51
user_02903,treatment,0,81.78,243.3,tablet,US,62
user_02762,treatment,0,69.05,200.7,mobile,UK,51
user_00599,control,0,113.94,289.3,mobile,US,51
user_03880,treatment,0,65.34,235.8,tablet,US,22
user_00872,control,0,108.89,336.8,desktop,US,61
user_02546,treatment,0,52.4,248.3,tablet,US,43
user_02122,treatment,0,143.47,261.1,mobile,UK,49
user_01361,control,0,149.03,320.9,desktop,India,50
user_01937,control,0,124.89,233.6,mobile,US,55
user_02759,treatment,0,126.76,286.1,desktop,India,28
user_03645,treatment,0,118.25,283.0,mobile,India,22
user_01540,control,0,124.98,301.3,desktop,India,55
user_02211,treatment,0,74.74,245.2,mobile,India,54
user_01053,control,0,150.85,350.4,tablet,US,34
user_01567,control,0,81.0,350.5,mobile,UK,31
user_03247,treatment,0,134.97,280.8,tablet,UK,53
user_01927,control,0,88.25,341.0,desktop,UK,36
user_02024,treatment,0,72.35,181.7,desktop,US,55
user_00409,control,0,109.43,328.3,mobile,UK,29
user_00100,control,0,92.47,359.3,desktop,UK,41
user_01212,control,0,119.35,350.0,desktop,India,23
user_01433,control,0,102.63,319.6,desktop,UK,18
user_00316,control,0,122.62,335.2,desktop,UK,62
user_01174,control,0,121.15,357.8,tablet,US,48
user_01236,control,0,129.01,320.3,tablet,UK,27
user_03160,treatment,0,91.82,244.1,tablet,India,46
user_02733,treatment,0,75.84,303.4,mobile,India,42
user_03973,treatment,0,111.5,246.5,tablet,UK,24
user_03641,treatment,0,115.38,190.7,mobile,India,65
user_00752,control,1,98.04,310.2,mobile,US,50
user_03116,treatment,0,76.22,178.5,mobile,UK,60
user_00157,control,0,102.98,373.3,tablet,India,58
user_02562,treatment,0,126.11,247.1,mobile,US,59
user_00121,control,1,80.73,279.6,mobile,India,31
user_01455,control,0,107.21,286.2,desktop,UK,40
user_00512,control,0,103.24,318.0,desktop,UK,61
user_01518,control,0,109.72,324.9,desktop,India,20
user_03505,treatment,0,68.95,233.7,desktop,India,58
user_02017,treatment,0,125.38,191.0,desktop,UK,43
user_03441,treatment,1,50.22,220.8,tablet,India,57
user_02847,treatment,0,84.62,236.0,mobile,US,50
user_01603,control,0,80.73,352.1,tablet,US,41
user_03779,treatment,0,79.2,210.0,desktop,India,58
user_03804,treatment,0,118.33,213.9,desktop,UK,34
user_00677,control,0,128.82,246.8,mobile,India,20
user_00241,control,1,106.75,325.0,mobile,India,64
user_01024,control,1,109.65,297.0,desktop,US,40
user_02217,treatment,0,55.7,275.0,desktop,US,61
user_01512,control,0,89.38,384.0,desktop,UK,66
user_02814,treatment,0,121.59,172.8,desktop,UK,38
user_03226,treatment,0,66.9,225.7,tablet,India,18
user_03800,treatment,0,99.4,282.2,tablet,US,67
user_03764,treatment,1,38.64,224.3,mobile,India,63
user_02883,treatment,0,88.55,199.8,mobile,India,67
user_00487,control,0,131.37,313.4,tablet,India,59
user_03362,treatment,0,63.41,276.3,tablet,US,52
user_01874,control,0,82.46,298.9,mobile,US,37
user_02462,treatment,0,82.43,237.4,tablet,India,48
user_02438,treatment,0,74.43,209.9,tablet,India,57
user_00355,control,0,121.03,264.8,tablet,UK,65
user_01018,control,0,126.13,369.2,mobile,UK,67
user_03664,treatment,0,91.51,197.7,desktop,India,61
user_01742,control,0,110.3,356.9,desktop,US,51
user_02331,treatment,0,94.04,261.9,mobile,UK,36
user_02404,treatment,0,68.83,252.9,desktop,US,47
user_01221,control,0,78.58,314.4,tablet,UK,42
user_00052,control,0,131.76,269.5,desktop,India,32
user_02723,treatment,0,105.16,294.4,tablet,UK,39
user_01721,control,0,82.84,352.7,mobile,US,32
user_00074,control,0,70.25,350.8,desktop,US,40
user_01689,control,0,117.27,342.1,tablet,US,61
user_02586,treatment,0,85.66,281.0,mobile,UK,51
user_00439,control,0,80.77,259.8,tablet,UK,45
user_01475,control,0,52.62,270.9,desktop,US,19
user_02761,treatment,0,72.58,218.0,mobile,India,41
user_00803,control,0,133.55,197.3,tablet,US,22
user_00466,control,0,130.25,220.7,mobile,UK,65
user_03085,treatment,0,74.86,236.5,tablet,India,53
user_01065,control,0,59.07,195.4,mobile,UK,46
user_03911,treatment,0,115.75,176.1,desktop,UK,26
user_00158,control,0,137.83,349.7,desktop,US,25
user_02004,treatment,0,95.16,199.3,desktop,US,26
user_01654,control,0,130.11,292.1,tablet,UK,53
user_00053,control,0,127.35,330.1,desktop,US,41
user_01345,control,0,156.02,303.3,tablet,US,33
user_00221,control,0,52.06,348.9,mobile,India,45
user_00565,control,0,106.88,331.5,desktop,UK,38
user_00027,control,0,143.57,206.5,mobile,India,53
user_01584,control,1,87.99,296.3,tablet,US,36
user_02015,treatment,0,86.34,202.5,desktop,US,67
user_00215,control,0,142.32,263.1,tablet,UK,31
user_02058,treatment,0,45.58,209.1,mobile,US,26
user_00938,control,0,67.17,297.9,tablet,UK,42
user_00552,control,0,113.2,296.7,desktop,India,36
user_03027,treatment,0,73.61,215.0,tablet,US,48
user_02587,treatment,0,92.48,275.7,tablet,UK,52
user_00326,control,0,116.16,286.5,mobile,UK,22
user_03271,treatment,1,103.06,268.0,desktop,UK,59
user_03976,treatment,0,49.97,257.8,mobile,India,67
user_01671,control,0,143.74,225.9,desktop,UK,35
user_00830,control,1,81.14,268.1,desktop,UK,25
user_03117,treatment,0,57.59,232.1,desktop,UK,35
user_00753,control,0,96.22,299.7,tablet,India,34
user_03703,treatment,0,54.19,202.6,tablet,UK,26
user_03238,treatment,0,80.98,231.7,desktop,India,29
user_02477,treatment,0,47.28,251.2,desktop,UK,51
user_00045,control,0,180.58,311.7,tablet,US,38
user_03988,treatment,0,110.64,253.0,mobile,India,57
user_01554,control,0,127.13,247.5,desktop,UK,28
user_00502,control,0,130.75,303.8,desktop,US,48
user_02399,treatment,0,126.07,253.6,tablet,UK,22
user_00977,control,1,134.33,239.6,tablet,UK,46
user_02528,treatment,0,38.08,211.9,mobile,India,46
user_01193,control,0,59.4,303.7,mobile,UK,32
user_00811,control,0,106.39,303.0,tablet,US,22
user_01000,control,0,137.57,318.0,desktop,India,40
user_00569,control,0,119.26,254.1,tablet,US,65
user_02793,treatment,0,78.19,242.7,desktop,UK,64
user_03809,treatment,0,131.98,234.5,mobile,UK,29
user_02032,treatment,0,60.84,227.1,mobile,India,55
user_00367,control,0,76.32,324.4,mobile,UK,44
user_00458,control,0,128.04,295.5,tablet,India,62
user_00257,control,0,61.42,263.6,desktop,US,22
user_02187,treatment,0,60.52,231.0,mobile,India,39
user_02271,treatment,0,59.79,305.0,desktop,UK,29
user_01477,control,0,121.24,285.9,mobile,UK,20
user_00577,control,0,107.75,317.5,tablet,India,44
user_02340,treatment,0,101.97,296.9,mobile,UK,48
user_02141,treatment,0,58.91,199.4,mobile,UK,47
user_02283,treatment,0,71.76,243.4,desktop,US,64
user_03737,treatment,0,103.61,243.7,tablet,India,40
user_01765,control,0,88.0,357.5,mobile,India,65
user_02305,treatment,0,80.25,240.5,mobile,UK,36
user_02894,treatment,0,126.76,265.5,desktop,UK,54
user_00292,control,0,107.04,380.0,mobile,UK,49
user_00730,control,0,123.78,343.3,mobile,India,68
user_01614,control,0,85.86,337.6,desktop,India,46
user_00135,control,0,92.62,292.1,mobile,India,56
user_01511,control,0,102.49,271.9,desktop,US,23
user_03222,treatment,0,80.74,250.1,tablet,India,38
user_00681,control,0,114.47,333.4,tablet,India,33
user_03474,treatment,0,124.31,208.2,tablet,US,33
user_00264,control,1,130.33,304.9,tablet,India,66
user_02429,treatment,0,122.41,246.8,mobile,UK,34
user_03350,treatment,0,107.77,222.9,tablet,India,40
user_02242,treatment,0,97.51,223.4,mobile,US,51
user_00765,control,0,143.64,328.7,desktop,India,24
user_00057,control,0,121.92,280.7,mobile,India,67
user_02785,treatment,0,91.08,251.9,tablet,US,47
user_00683,control,1,96.64,237.9,desktop,US,52
user_01294,control,0,127.4,317.1,mobile,UK,18
user_02186,treatment,0,41.59,281.2,desktop,US,55
user_01310,control,0,103.56,249.3,mobile,US,29
user_03401,treatment,1,93.25,268.5,tablet,India,42
user_00545,control,0,94.24,302.9,desktop,US,29
user_01861,control,0,87.5,286.2,desktop,UK,54
user_02709,treatment,0,102.45,264.7,mobile,UK,31
user_03932,treatment,0,106.37,188.6,desktop,UK,68
user_01729,control,0,71.26,289.4,tablet,US,47
user_02346,treatment,0,84.84,305.0,desktop,India,22
user_00839,control,1,91.34,323.5,desktop,US,27
user_00171,control,0,72.28,330.2,desktop,US,39
user_02025,treatment,0,118.26,231.3,tablet,UK,63
user_03847,treatment,0,45.47,217.1,tablet,India,55
user_03585,treatment,0,114.37,250.2,mobile,India,59
user_01551,control,0,121.78,332.0,mobile,US,67
user_01589,control,0,99.92,271.0,desktop,UK,18
user_02764,treatment,0,45.5,212.0,desktop,US,57
user_00189,control,0,143.74,258.3,mobile,US,38
user_00013,control,1,116.87,266.5,desktop,India,25
user_03839,treatment,0,71.7,272.6,tablet,US,54
user_00323,control,0,113.83,271.4,tablet,UK,34
user_00986,control,0,118.51,369.7,mobile,US,53
user_03630,treatment,0,87.07,138.8,tablet,India,67
user_00433,control,0,108.69,349.1,mobile,UK,24
user_01092,control,0,116.57,300.1,mobile,India,46
user_02895,treatment,0,72.0,284.4,tablet,US,63
user_02837,treatment,0,38.4,247.6,tablet,India,22
user_02892,treatment,0,122.47,298.5,desktop,US,63
user_02239,treatment,0,108.27,255.3,mobile,UK,48
user_03124,treatment,0,75.55,271.6,mobile,India,36
user_03685,treatment,1,75.05,239.6,mobile,India,58
user_01806,control,0,90.28,310.5,desktop,US,52
user_01316,control,0,102.79,220.3,desktop,US,43
user_02958,treatment,0,111.19,290.5,tablet,UK,23
user_01097,control,0,122.32,315.8,tablet,UK,48
user_01946,control,0,84.88,318.1,desktop,India,31
user_01033,control,0,105.31,305.3,tablet,India,61
user_01019,control,0,90.77,295.5,mobile,US,20
user_00239,control,0,117.29,330.4,desktop,US,59
user_00175,control,1,148.05,307.5,desktop,UK,27
user_02241,treatment,0,85.39,274.0,tablet,UK,47
user_02568,treatment,0,106.76,235.4,desktop,India,23
user_00819,control,0,138.57,273.8,desktop,UK,20
user_00991,control,1,98.53,363.9,mobile,US,48
user_01917,control,0,84.08,293.4,mobile,UK,19
user_01114,control,0,112.72,263.8,mobile,US,43
user_01379,control,0,81.56,286.0,mobile,UK,40
user_01427,control,0,112.81,323.4,mobile,UK,48
user_00411,control,1,133.72,265.8,mobile,India,26
user_01139,control,0,115.32,268.5,desktop,US,35
user_00818,control,0,123.18,330.3,desktop,India,68
user_02963,treatment,0,104.82,188.9,mobile,US,21
user_01733,control,0,130.31,315.9,desktop,US,54
user_02349,treatment,0,68.85,209.1,mobile,UK,50
user_01451,control,0,105.28,220.4,mobile,UK,33
user_00228,control,0,105.44,375.0,desktop,US,68
user_02701,treatment,0,63.36,237.1,mobile,UK,45
user_01581,control,0,52.98,267.1,mobile,US,60
user_01162,control,1,109.32,277.0,desktop,UK,19
user_00352,control,0,38.78,317.9,mobile,India,58
user_01394,control,0,103.58,313.6,mobile,US,63
user_01264,control,0,111.84,320.9,desktop,US,55
user_01238,control,0,141.49,283.3,tablet,India,39
user_01201,control,0,104.91,321.9,desktop,India,31
user_02179,treatment,0,115.2,249.5,tablet,India,35
user_02467,treatment,0,124.06,281.5,desktop,US,66
user_02011,treatment,0,122.0,237.5,desktop,India,19
user_01378,control,0,101.21,372.4,tablet,US,57
user_00070,control,0,81.54,322.1,desktop,UK,33
user_03598,treatment,0,90.37,212.0,tablet,India,53
user_00046,control,0,121.2,225.7,desktop,UK,18
user_01069,control,0,103.66,348.7,mobile,US,19
user_03494,treatment,0,87.27,214.4,tablet,US,25
user_00184,control,0,108.82,315.8,desktop,India,55
user_02251,treatment,0,80.5,238.6,mobile,India,40
user_01414,control,0,123.58,332.6,mobile,India,35
user_01587,control,0,118.34,281.2,mobile,India,61
user_01271,control,0,79.95,244.9,desktop,India,36
user_01415,control,1,83.89,261.2,mobile,US,45
user_00140,control,1,142.69,363.4,tablet,US,19
user_03354,treatment,0,98.85,233.8,mobile,UK,56
user_03212,treatment,1,62.94,234.7,mobile,UK,23
user_00310,control,0,125.83,289.6,desktop,US,40
user_00267,control,0,108.68,285.3,mobile,India,35
user_03151,treatment,0,117.6,239.2,desktop,UK,52
user_02169,treatment,0,127.15,192.6,mobile,US,68
user_03208,treatment,0,110.29,274.8,desktop,US,34
user_00064,control,0,115.83,271.2,desktop,US,39
user_02572,treatment,0,61.26,269.0,mobile,US,41
user_01992,control,0,92.51,272.8,tablet,UK,66
user_01579,control,0,122.41,314.4,desktop,India,40
user_02683,treatment,0,126.24,337.8,desktop,UK,26
user_00145,control,0,104.52,346.6,tablet,US,33
user_03457,treatment,1,68.44,258.9,tablet,UK,61
user_03402,treatment,1,113.29,224.3,tablet,US,27
user_03993,treatment,0,134.36,191.3,tablet,India,33
user_01406,control,0,123.81,283.6,desktop,US,60
user_03667,treatment,0,88.24,272.2,desktop,UK,65
user_02580,treatment,0,43.35,286.8,desktop,India,27
user_00777,control,0,122.53,365.5,tablet,US,33
user_02172,treatment,0,38.57,221.3,desktop,India,29
user_03025,treatment,0,98.41,264.3,mobile,India,56
user_01965,control,0,111.44,269.7,desktop,India,68
user_00970,control,0,125.14,286.5,mobile,India,69
user_02282,treatment,1,41.83,245.9,desktop,UK,30
user_00252,control,0,94.06,305.2,tablet,India,47
user_03615,treatment,0,83.48,196.5,desktop,UK,53
user_00865,control,0,118.45,349.8,desktop,India,64
user_00810,control,0,71.9,276.6,tablet,India,23
user_01599,control,0,91.7,260.4,mobile,UK,63
user_02593,treatment,0,50.9,205.9,desktop,India,36
user_03493,treatment,0,84.53,273.0,mobile,US,23
user_01299,control,0,135.69,304.0,mobile,India,56
user_03871,treatment,0,42.85,283.6,tablet,UK,67
user_00280,control,0,113.58,315.4,desktop,UK,28
user_01462,control,0,108.32,300.7,desktop,US,37
user_01423,control,0,112.06,341.9,desktop,UK,26
user_03284,treatment,0,80.34,268.8,mobile,India,20
user_01573,control,0,137.34,308.8,desktop,UK,61
user_00359,control,0,80.89,286.3,desktop,India,25
user_03928,treatment,0,138.01,224.3,tablet,India,19
user_00300,control,0,95.12,269.6,mobile,India,51
user_01076,control,0,128.01,342.6,tablet,UK,51
user_01030,control,1,76.88,326.0,mobile,UK,27
user_00535,control,0,109.41,306.8,desktop,US,36
user_03318,treatment,0,36.88,186.9,tablet,UK,38
user_03253,treatment,0,118.59,311.1,desktop,India,24
user_01771,control,0,66.16,293.8,desktop,UK,51
user_02919,treatment,0,78.87,209.9,desktop,US,20
user_00416,control,1,116.0,304.4,desktop,UK,18
user_00840,control,1,151.68,261.0,tablet,UK,36
user_02628,treatment,0,90.72,223.8,tablet,India,39
user_03805,treatment,0,95.78,180.5,tablet,India,61
user_01043,control,0,72.77,261.0,mobile,US,62
user_01498,control,0,92.51,312.0,tablet,India,40
user_01399,control,0,97.01,302.8,desktop,US,68
user_00309,control,0,59.72,233.7,tablet,US,52
user_01533,control,0,121.71,357.5,tablet,US,62
user_02488,treatment,0,75.74,264.5,mobile,India,46
user_03285,treatment,0,55.83,216.8,tablet,UK,29
user_02619,treatment,1,107.56,129.4,tablet,UK,23
user_01074,control,0,110.86,350.5,desktop,US,18
user_03300,treatment,0,85.8,319.2,desktop,UK,23
user_03053,treatment,1,83.25,131.1,tablet,US,34
user_03518,treatment,0,54.3,264.4,tablet,India,33
user_00762,control,0,152.99,345.3,desktop,India,67
user_02772,treatment,0,72.08,187.3,mobile,India,24
user_01111,control,0,58.43,267.3,mobile,US,66
user_01877,control,0,145.7,290.7,mobile,UK,66
user_02054,treatment,0,70.2,248.4,desktop,UK,42
user_00059,control,0,77.02,272.2,tablet,UK,47
user_00077,control,0,93.33,292.6,desktop,US,48
user_00369,control,0,83.29,370.7,tablet,US,67
user_02430,treatment,0,84.47,269.7,mobile,US,39
user_03201,treatment,0,96.16,244.5,desktop,India,63
user_00734,control,0,103.19,346.8,mobile,India,67
user_03830,treatment,0,71.83,214.4,mobile,India,56
user_02320,treatment,0,133.61,218.6,tablet,US,44
user_02385,treatment,0,82.91,261.2,mobile,India,25
user_02731,treatment,0,59.44,209.8,desktop,India,35
user_01840,control,0,128.73,327.9,desktop,India,58
user_02665,treatment,0,93.87,174.0,tablet,India,42
user_00125,control,0,133.09,281.8,tablet,India,49
user_03473,treatment,0,84.05,213.0,desktop,India,51
user_03732,treatment,0,86.25,302.9,mobile,India,59
user_02257,treatment,0,123.29,236.5,mobile,UK,37
user_02314,treatment,0,66.94,283.8,tablet,US,48
user_00430,control,0,140.35,310.1,desktop,UK,60
user_01974,control,0,94.77,363.0,mobile,UK,51
user_03954,treatment,0,70.22,273.9,desktop,UK,34
user_00817,control,1,130.6,338.4,tablet,India,49
user_02717,treatment,0,85.94,190.6,tablet,India,41
user_03056,treatment,0,81.67,236.8,tablet,US,27
user_01692,control,0,78.27,290.1,tablet,India,61
user_00388,control,0,65.5,264.7,desktop,US,34
user_00031,control,0,146.83,257.4,tablet,US,35
user_01176,control,0,147.36,319.3,mobile,US,60
user_00204,control,1,88.29,322.2,desktop,UK,42
user_01026,control,0,124.5,349.5,mobile,US,23
user_03858,treatment,0,131.58,228.0,desktop,US,32
user_03758,treatment,0,144.96,279.2,desktop,India,44
user_00894,control,0,98.97,285.5,desktop,India,33
user_02679,treatment,0,111.58,204.4,desktop,India,24
user_02667,treatment,0,87.54,182.5,tablet,US,66
user_00479,control,0,64.87,311.0,mobile,US,28
user_01685,control,0,140.53,273.7,mobile,India,67
user_01351,control,0,155.49,247.9,desktop,India,30
user_00444,control,0,102.36,250.0,tablet,UK,41
user_02771,treatment,0,101.56,224.8,tablet,India,61
user_01339,control,0,99.56,261.7,desktop,US,43
user_00193,control,0,100.98,303.7,desktop,India,24
user_02970,treatment,1,65.51,228.6,tablet,India,36
user_01129,control,0,72.06,200.0,tablet,US,27
user_00007,control,1,154.82,314.6,mobile,India,28
user_00440,control,1,94.73,295.5,desktop,US,31
user_00290,control,0,102.04,262.6,mobile,UK,51
user_01107,control,0,121.67,346.3,desktop,US,29
user_03694,treatment,0,47.12,194.7,tablet,UK,28
user_03417,treatment,0,90.73,216.4,mobile,US,30
user_03941,treatment,0,121.82,318.2,mobile,India,47
user_01922,control,1,96.38,289.5,desktop,US,21
user_02478,treatment,1,51.08,247.8,desktop,India,38
user_02368,treatment,1,68.97,258.7,tablet,US,58
user_01736,control,0,129.92,286.3,tablet,India,46
user_02685,treatment,0,58.16,241.4,desktop,UK,48
user_03883,treatment,1,130.17,283.2,tablet,India,24
user_00195,control,0,119.63,239.1,mobile,US,30
user_00451,control,1,71.66,304.6,mobile,India,55
user_01594,control,0,92.89,331.8,desktop,India,53
user_01106,control,0,106.88,307.0,mobile,UK,49
user_00030,control,1,135.41,313.9,mobile,India,55
user_00786,control,1,171.71,353.9,tablet,UK,54
user_03998,treatment,0,86.17,284.7,desktop,US,45
user_02623,treatment,0,129.88,222.2,mobile,US,63
user_02908,treatment,0,50.9,307.9,desktop,UK,48
user_03388,treatment,0,49.02,205.5,mobile,UK,32
user_03787,treatment,0,47.04,279.9,tablet,UK,57
user_00882,control,1,101.49,356.4,mobile,India,68
user_03700,treatment,0,76.25,240.1,desktop,US,50
user_02370,treatment,0,54.66,315.7,mobile,UK,41
user_02737,treatment,0,77.58,278.6,desktop,UK,69
user_03595,treatment,0,105.17,188.8,tablet,India,57
user_00223,control,0,110.23,308.1,tablet,US,19
user_01996,control,0,41.35,274.6,mobile,UK,28
user_01718,control,0,76.19,259.4,tablet,UK,42
user_00574,control,0,107.04,322.1,tablet,UK,61
user_03329,treatment,0,49.96,261.5,mobile,UK,20
user_03378,treatment,0,90.31,242.0,tablet,UK,52
user_01538,control,1,96.04,323.0,mobile,India,50
user_01259,control,0,56.72,350.3,tablet,UK,60
user_02755,treatment,0,109.59,199.3,mobile,US,46
user_01346,control,0,93.7,315.0,tablet,UK,33
user_00081,control,0,136.1,226.9,tablet,US,25
user_00258,control,0,96.79,344.5,tablet,India,33
user_00296,control,0,102.16,285.6,desktop,UK,54
user_02093,treatment,0,35.61,292.1,tablet,US,48
user_01035,control,1,140.32,326.3,desktop,UK,35
user_01546,control,1,94.35,317.4,desktop,US,42
user_01841,control,0,120.19,273.2,mobile,UK,41
user_01741,control,0,95.88,283.4,mobile,India,59
user_02376,treatment,0,50.46,207.0,desktop,US,30
user_00655,control,0,70.95,244.8,mobile,India,25
user_02777,treatment,0,44.43,221.4,tablet,US,63
user_02856,treatment,0,59.91,209.8,tablet,India,43
user_02326,treatment,0,117.63,213.8,mobile,UK,63
user_03183,treatment,0,52.41,226.6,mobile,India,66
user_03568,treatment,0,50.39,208.8,desktop,India,37
user_03571,treatment,1,107.03,160.6,desktop,US,23
user_02813,treatment,0,85.45,323.1,mobile,US,51
user_02531,treatment,0,124.34,267.5,desktop,UK,49
user_00656,control,0,119.81,311.6,desktop,US,41
user_01910,control,0,106.72,294.7,tablet,India,57
user_01746,control,0,118.53,309.8,mobile,India,59
user_02416,treatment,0,69.65,227.1,desktop,India,62
user_02214,treatment,0,105.39,235.5,mobile,UK,33
user_00412,control,0,91.25,320.4,mobile,US,63
user_00979,control,1,109.09,331.6,desktop,India,30
user_01172,control,0,71.01,355.7,tablet,UK,52
user_01432,control,0,111.69,292.1,tablet,India,54
user_01075,control,1,66.38,273.3,mobile,UK,63
user_01023,control,0,126.08,327.3,desktop,UK,30
user_03227,treatment,0,78.79,203.5,tablet,US,27
user_00721,control,0,52.28,338.2,desktop,India,27
user_00153,control,0,73.73,304.3,desktop,India,54
user_00949,control,0,103.64,304.0,mobile,India,26
user_02358,treatment,1,54.84,208.9,desktop,UK,58
user_01831,control,0,140.28,327.4,desktop,US,23
user_00103,control,0,130.34,343.3,tablet,UK,48
user_03456,treatment,0,96.53,290.5,desktop,UK,58
user_00732,control,0,71.78,348.2,mobile,India,50
user_00240,control,0,98.13,295.7,tablet,India,20
user_03352,treatment,0,101.27,163.3,tablet,US,61
user_02974,treatment,0,144.67,204.3,tablet,US,47
user_01728,control,0,89.05,343.8,mobile,UK,33
user_02094,treatment,1,93.95,232.1,tablet,India,27
user_02841,treatment,0,61.6,254.7,tablet,India,53
user_00858,control,0,82.91,306.2,mobile,India,52
user_01158,control,0,102.39,312.6,desktop,India,20
user_00863,control,0,146.8,284.1,mobile,US,51
user_02520,treatment,0,85.65,241.4,desktop,US,22
user_02848,treatment,0,57.48,278.4,tablet,India,64
user_02726,treatment,0,69.89,224.6,mobile,India,51
user_03793,treatment,0,49.53,161.8,mobile,India,65
user_00756,control,0,80.51,271.8,mobile,UK,65
user_00333,control,0,103.78,301.0,desktop,UK,39
user_00745,control,0,105.23,314.8,mobile,UK,35
user_03289,treatment,0,70.82,240.7,mobile,India,22
user_02644,treatment,0,74.47,281.6,desktop,UK,61
user_02275,treatment,0,68.96,251.2,desktop,US,32
user_03632,treatment,0,111.25,256.1,tablet,US,31
user_03803,treatment,0,79.01,200.6,tablet,India,58
user_03780,treatment,0,82.63,257.2,desktop,US,67
user_03129,treatment,0,47.62,256.5,tablet,UK,29
user_02084,treatment,0,106.47,226.9,desktop,US,18
user_02703,treatment,0,72.0,245.1,tablet,India,69
user_03963,treatment,0,98.87,172.5,desktop,UK,44
user_00908,control,0,116.86,276.6,desktop,US,20
user_02284,treatment,0,81.96,260.8,desktop,US,38
user_01164,control,0,163.0,254.0,tablet,India,62
user_02184,treatment,0,108.26,245.3,tablet,US,33
user_03723,treatment,0,56.87,242.6,desktop,UK,40
user_02212,treatment,0,99.09,229.8,tablet,India,22
user_02068,treatment,0,70.74,257.5,mobile,US,26
user_00555,control,0,82.93,301.8,desktop,India,30
user_03026,treatment,0,73.95,176.1,desktop,UK,45
user_03610,treatment,0,81.22,248.8,mobile,UK,50
user_00832,control,0,94.0,356.3,mobile,US,24
user_03432,treatment,0,99.59,213.8,desktop,India,28
user_03202,treatment,1,121.47,288.6,mobile,UK,37
user_02091,treatment,1,24.2,253.6,tablet,US,21
user_01755,control,0,85.23,340.3,tablet,India,63
user_00812,control,0,67.15,307.3,desktop,UK,35
user_00889,control,0,138.72,271.3,desktop,UK,67
user_02464,treatment,0,90.25,230.8,mobile,US,38
user_02989,treatment,0,54.37,244.9,tablet,India,64
user_01660,control,1,93.53,311.3,tablet,US,66
user_02510,treatment,0,102.19,222.2,mobile,India,32
user_01234,control,0,101.15,290.8,desktop,US,53
user_03874,treatment,0,96.6,225.9,mobile,India,69
user_01449,control,0,167.81,263.6,desktop,India,52
user_02874,treatment,0,104.13,246.9,desktop,UK,20
user_01966,control,0,92.47,325.9,desktop,UK,64
user_00694,control,0,72.75,268.9,mobile,US,51
user_01058,control,0,102.43,334.2,tablet,India,36
user_01799,control,0,70.63,263.1,mobile,India,19
user_01028,control,0,147.36,323.8,mobile,India,20
user_01537,control,0,114.49,321.4,desktop,UK,63
user_03433,treatment,0,88.5,290.8,mobile,UK,39
user_01703,control,0,138.96,267.9,tablet,India,35
user_02336,treatment,0,138.81,293.6,tablet,US,58
user_00347,control,0,91.25,324.9,mobile,India,45
user_00924,control,1,100.21,281.5,desktop,India,33
user_03260,treatment,0,127.83,243.0,desktop,UK,43
user_01188,control,0,98.67,268.0,mobile,US,42
user_00843,control,0,114.8,283.6,desktop,India,66
user_03279,treatment,0,89.98,216.5,desktop,India,40
user_03777,treatment,0,83.64,219.0,desktop,US,41
user_02728,treatment,0,76.51,290.9,tablet,US,50
user_02828,treatment,0,38.96,226.2,mobile,US,40
user_01421,control,0,85.45,323.4,mobile,India,33
user_01925,control,0,98.71,225.1,desktop,US,41
user_00179,control,0,121.38,281.9,desktop,US,55
user_02277,treatment,0,102.7,318.9,tablet,US,66
user_03186,treatment,0,93.81,232.7,desktop,India,56
user_00813,control,0,138.12,352.7,mobile,UK,24
user_01878,control,0,127.21,249.7,mobile,India,34
user_01337,control,0,94.73,308.3,mobile,UK,54
user_03159,treatment,0,90.82,207.0,tablet,US,23
user_03108,treatment,0,110.37,193.7,desktop,UK,25
user_01558,control,0,114.72,302.6,tablet,US,58
user_02802,treatment,0,125.49,205.6,tablet,India,41
user_02177,treatment,0,97.33,327.8,desktop,US,19
user_01813,control,0,91.64,309.1,tablet,India,37
user_00174,control,0,138.37,315.5,tablet,UK,24
user_02355,treatment,0,98.31,306.4,desktop,India,42
user_03058,treatment,0,116.08,199.1,tablet,US,54
user_00332,control,0,102.38,279.4,mobile,UK,66
user_01362,control,1,166.19,258.7,desktop,India,66
user_00431,control,0,112.39,357.7,tablet,India,28
user_03653,treatment,1,101.9,179.0,mobile,India,24
user_02010,treatment,0,92.58,198.2,tablet,India,52
user_01105,control,0,111.3,269.8,tablet,US,37
user_02563,treatment,0,90.79,246.5,mobile,UK,23
user_00480,control,0,110.06,258.8,mobile,US,23
user_01279,control,0,88.78,324.8,mobile,India,46
user_02604,treatment,0,104.53,267.6,desktop,UK,33
user_00747,control,0,124.87,298.0,mobile,India,51
user_01770,control,1,73.06,270.4,mobile,India,27
user_03555,treatment,0,81.77,287.6,desktop,UK,62
user_02338,treatment,0,65.24,226.1,mobile,India,69
user_03752,treatment,0,92.08,153.7,mobile,India,46
user_01941,control,0,79.18,332.4,mobile,India,40
user_01796,control,0,105.53,339.1,desktop,UK,27
user_00325,control,0,98.1,331.1,tablet,UK,30
user_01269,control,0,75.65,266.2,mobile,US,68
user_00469,control,0,107.7,265.0,tablet,US,57
user_00562,control,0,111.6,250.3,tablet,UK,33
user_02631,treatment,0,83.67,290.3,tablet,US,35
user_02351,treatment,0,92.28,256.0,desktop,India,41
user_02079,treatment,0,62.55,216.7,desktop,UK,29
user_03785,treatment,0,57.19,209.1,desktop,India,53
user_02971,treatment,0,123.43,268.0,mobile,UK,54
user_02347,treatment,0,105.45,273.4,desktop,UK,48
user_00062,control,0,132.99,214.5,desktop,India,42
user_02804,treatment,0,103.98,231.0,tablet,US,31
user_01898,control,0,117.48,234.1,mobile,India,22
user_02877,treatment,0,71.66,262.1,tablet,US,52
user_00255,control,0,129.77,342.0,mobile,UK,58
user_03782,treatment,0,87.65,190.6,tablet,India,44
user_01095,control,0,133.16,352.1,tablet,UK,55
user_01062,control,0,149.49,247.7,desktop,UK,29
user_00916,control,0,93.41,362.3,tablet,UK,28
user_01042,control,0,103.57,238.2,tablet,India,45
user_02567,treatment,0,70.21,264.0,mobile,UK,41
user_00068,control,0,179.76,309.3,mobile,US,44
user_01872,control,1,110.97,341.3,desktop,UK,46
user_02789,treatment,0,90.96,209.5,mobile,US,46
user_00222,control,0,88.9,299.8,mobile,UK,18
user_01963,control,0,133.82,328.3,desktop,India,48
user_02409,treatment,0,89.8,334.7,tablet,India,64
user_02878,treatment,0,54.08,297.4,mobile,UK,62
user_03174,treatment,0,118.68,237.7,tablet,US,28
user_00089,control,0,79.99,339.3,mobile,India,69
user_01808,control,0,102.53,261.3,tablet,India,69
user_01676,control,0,111.17,268.8,desktop,UK,28
user_02829,treatment,1,103.88,245.4,desktop,UK,21
user_01489,control,0,103.13,321.4,tablet,US,33
user_03033,treatment,0,108.51,214.7,mobile,India,51
user_01722,control,0,116.52,318.6,mobile,US,69
user_03807,treatment,0,86.73,241.5,tablet,US,33
user_00437,control,0,108.49,333.9,tablet,India,32
user_03580,treatment,0,63.23,252.6,tablet,UK,62
user_03601,treatment,0,82.97,249.4,tablet,US,69
user_03190,treatment,0,89.81,242.6,desktop,UK,35
user_03403,treatment,0,109.89,255.7,mobile,India,49
user_02348,treatment,0,77.28,278.5,mobile,US,44
user_03442,treatment,0,121.19,170.3,desktop,US,20
user_03570,treatment,0,54.22,231.9,desktop,UK,26
user_01514,control,0,108.04,327.1,mobile,US,33
user_02649,treatment,0,135.62,274.6,desktop,UK,45
user_03275,treatment,1,104.05,221.5,desktop,UK,38
user_01737,control,0,123.1,273.6,mobile,India,31
user_01403,control,0,126.07,332.6,desktop,India,19
user_00284,control,0,151.96,312.1,mobile,UK,28
user_00713,control,0,77.74,307.7,tablet,US,29
user_00275,control,0,135.39,313.9,desktop,India,57
user_02273,treatment,0,79.62,329.2,mobile,US,49
user_00622,control,0,126.63,263.9,tablet,US,52
user_01923,control,1,83.06,288.9,tablet,UK,24
user_00866,control,1,160.44,321.9,desktop,UK,48
user_03944,treatment,0,93.58,208.5,mobile,US,58
user_01643,control,1,131.06,315.1,mobile,India,63
user_02484,treatment,0,107.18,238.0,tablet,US,60
user_03995,treatment,0,118.49,184.7,mobile,US,42
user_00424,control,1,90.27,216.4,mobile,UK,30
user_02992,treatment,0,102.5,228.5,mobile,UK,47
user_01222,control,0,106.78,300.7,desktop,India,44
user_00507,control,0,121.52,330.8,desktop,UK,65
user_03861,treatment,0,77.72,231.0,mobile,India,54
user_03564,treatment,0,97.6,248.6,desktop,India,24
user_01124,control,0,128.47,308.0,mobile,India,33
user_02513,treatment,0,96.77,257.9,tablet,UK,41
user_00501,control,1,69.65,231.5,desktop,UK,55
user_01109,control,0,94.69,249.6,mobile,UK,26
user_01282,control,0,117.75,262.7,desktop,UK,63
user_00550,control,1,121.41,324.0,tablet,UK,28
user_00558,control,0,86.97,304.9,mobile,India,43
user_01602,control,1,91.65,279.6,mobile,India,28
user_00603,control,0,114.43,311.1,tablet,India,26
user_00443,control,0,76.84,295.3,desktop,India,37
user_01780,control,0,141.81,299.6,mobile,UK,34
user_00219,control,0,136.53,241.7,mobile,India,67
user_02108,treatment,1,46.07,258.4,desktop,UK,48
user_00898,control,0,146.28,293.9,mobile,India,43
user_00737,control,0,122.11,212.8,desktop,US,63
user_03324,treatment,0,117.41,246.3,desktop,India,27
user_02481,treatment,0,106.88,214.8,mobile,US,54
user_03817,treatment,0,78.99,265.7,tablet,UK,59
user_02060,treatment,0,119.64,264.9,mobile,US,64
user_01905,control,0,101.82,312.1,tablet,India,23
user_03383,treatment,0,77.83,181.1,desktop,US,38
user_01667,control,0,149.68,367.7,desktop,US,34
user_03959,treatment,0,84.05,225.4,mobile,India,23
user_02830,treatment,0,79.27,200.0,desktop,US,27
user_03131,treatment,0,91.63,295.4,mobile,UK,37
user_03342,treatment,0,61.98,187.9,desktop,US,63
user_02482,treatment,0,78.32,258.5,desktop,US,20
user_01205,control,1,90.39,257.7,tablet,India,60
user_01160,control,1,111.4,304.1,tablet,UK,60
user_02291,treatment,0,77.96,177.7,tablet,India,54
user_01534,control,0,117.5,324.1,desktop,UK,44
user_00806,control,0,145.09,274.0,mobile,US,18
user_02707,treatment,0,77.7,162.2,tablet,India,19
user_01875,control,0,69.8,309.5,tablet,US,35
user_03276,treatment,0,45.28,245.2,mobile,India,61
user_00579,control,0,57.46,270.6,tablet,India,62
user_02280,treatment,0,87.15,204.7,tablet,US,45
user_03419,treatment,0,91.24,285.5,mobile,UK,35
user_01363,control,0,124.28,341.1,tablet,US,23
user_00001,control,0,100.82,322.8,desktop,India,34
user_03427,treatment,0,115.71,280.2,mobile,UK,55
user_03729,treatment,0,103.2,204.9,tablet,UK,62
user_03846,treatment,0,100.66,283.3,desktop,India,28
user_00965,control,0,135.83,238.3,desktop,US,29
user_03254,treatment,0,40.21,249.5,mobile,India,51
user_01012,control,1,101.28,325.0,mobile,India,48
user_00248,control,0,137.07,355.0,tablet,US,30
user_01426,control,1,103.48,311.9,tablet,India,51
user_02112,treatment,0,83.87,275.0,mobile,India,38
user_03977,treatment,0,73.25,216.9,mobile,India,18
user_03408,treatment,0,98.61,218.6,mobile,India,19
user_03794,treatment,0,115.15,266.5,mobile,UK,48
user_01510,control,0,103.9,241.5,mobile,UK,41
user_03516,treatment,0,91.77,245.4,desktop,US,43
user_00651,control,0,67.21,306.3,tablet,UK,26
user_01968,control,0,108.27,268.4,desktop,UK,54
user_02047,treatment,0,71.6,237.1,mobile,US,64
user_01559,control,0,121.21,240.6,mobile,UK,48
user_03801,treatment,0,77.92,264.0,tablet,India,23
user_00176,control,0,147.45,338.5,desktop,US,57
user_00279,control,0,84.4,326.9,mobile,UK,52
user_01136,control,0,115.53,341.8,mobile,UK,28
user_03553,treatment,1,78.97,253.9,tablet,US,68
user_02485,treatment,0,62.5,139.1,mobile,India,62
user_02431,treatment,0,95.94,210.9,desktop,US,55
user_02530,treatment,0,65.91,205.5,mobile,UK,27
user_03520,treatment,0,44.8,366.3,desktop,UK,33
user_00692,control,0,136.96,292.3,tablet,US,55
user_03962,treatment,0,59.81,281.4,desktop,US,57
user_00417,control,0,87.45,298.0,tablet,US,26
user_02890,treatment,0,132.49,215.7,tablet,India,63
user_00218,control,0,147.82,280.6,desktop,India,67
user_02489,treatment,0,106.52,270.6,mobile,UK,20
user_01972,control,0,119.8,286.5,tablet,UK,19
user_03406,treatment,0,56.19,187.5,desktop,India,24
user_03112,treatment,0,118.8,301.0,desktop,US,24
user_00904,control,0,86.43,263.7,tablet,UK,69
user_02926,treatment,0,42.67,267.1,desktop,US,37
user_00913,control,0,92.82,242.8,tablet,UK,64
user_03470,treatment,0,106.75,296.9,tablet,UK,27
user_00728,control,0,84.28,356.2,mobile,US,62
user_03756,treatment,1,89.43,219.5,tablet,India,23
user_03080,treatment,0,101.64,259.4,mobile,US,36
user_02826,treatment,0,17.75,212.2,desktop,US,37
user_02156,treatment,0,46.92,258.6,tablet,UK,51
user_00450,control,0,118.18,317.5,mobile,US,47
user_01396,control,0,116.2,262.7,mobile,US,55
user_00377,control,0,125.16,289.5,mobile,UK,69
user_03143,treatment,0,64.44,223.2,mobile,UK,39
user_01753,control,0,107.54,290.2,tablet,US,34
user_03967,treatment,0,95.13,205.7,tablet,US,69
user_00434,control,0,85.82,264.7,desktop,UK,18
user_00953,control,0,128.43,340.0,mobile,US,55
user_00372,control,0,108.21,303.0,tablet,US,39
user_03278,treatment,0,71.19,186.9,mobile,India,65
user_02397,treatment,0,113.49,267.8,mobile,UK,32
user_01422,control,0,113.78,370.1,desktop,UK,54
user_00701,control,0,84.91,337.1,mobile,US,51
user_02868,treatment,0,33.64,224.0,desktop,UK,60
user_00645,control,0,104.06,304.6,mobile,US,63
user_01458,control,0,162.73,293.9,desktop,UK,46
user_00666,control,0,97.4,282.8,mobile,India,47
user_01504,control,1,100.61,320.0,mobile,US,21
user_01428,control,0,138.15,371.2,desktop,UK,51
user_01633,control,0,127.35,293.6,tablet,India,45
user_02421,treatment,0,92.3,168.1,tablet,India,58
user_01481,control,0,105.52,308.9,desktop,India,66
user_01165,control,1,113.01,224.6,mobile,India,19
user_00795,control,0,118.41,305.2,tablet,India,68
user_03592,treatment,0,56.94,319.4,tablet,US,43
user_00247,control,0,130.08,245.1,mobile,UK,38
user_03816,treatment,0,139.22,283.4,desktop,India,34
user_00735,control,0,108.76,290.9,mobile,UK,48
user_00506,control,0,131.28,292.8,desktop,India,46
user_02441,treatment,0,84.49,129.9,mobile,UK,37
user_01190,control,0,125.33,257.3,desktop,UK,39
user_03373,treatment,0,98.29,258.4,tablet,US,29
user_03444,treatment,0,67.57,246.2,mobile,UK,62
user_01615,control,0,129.95,290.1,tablet,US,22
user_00533,control,0,145.55,346.5,tablet,UK,32
user_00933,control,0,125.69,307.8,mobile,UK,44
user_00109,control,0,89.27,294.8,tablet,India,44
user_01868,control,1,89.36,312.9,desktop,India,32
user_00950,control,0,119.38,305.2,desktop,India,44
user_02414,treatment,0,107.15,233.1,desktop,India,48
user_02949,treatment,0,85.91,142.2,desktop,UK,53
user_03206,treatment,0,80.9,302.6,desktop,UK,19
user_02224,treatment,0,92.96,250.8,tablet,UK,35
user_02975,treatment,0,109.6,254.7,desktop,US,49
user_03958,treatment,0,66.33,311.4,mobile,UK,32
user_00544,control,0,176.68,270.9,desktop,US,33
user_01766,control,0,114.01,302.2,tablet,India,59
user_02495,treatment,0,57.0,196.6,tablet,US,29
user_02935,treatment,0,60.12,210.2,desktop,India,50
user_00260,control,1,124.04,311.2,desktop,India,59
user_01515,control,0,120.89,284.2,mobile,UK,34
user_01779,control,0,117.59,367.5,mobile,US,61
user_01863,control,1,153.55,341.2,tablet,India,64
user_01296,control,0,106.58,290.5,tablet,India,68
user_00928,control,0,100.81,289.8,mobile,UK,63
user_00613,control,0,137.84,329.3,tablet,India,61
user_02632,treatment,0,89.66,235.3,mobile,UK,26
user_01232,control,1,90.86,304.2,desktop,UK,58
user_00220,control,0,120.41,300.5,desktop,US,58
user_03130,treatment,0,88.93,228.1,desktop,UK,29
user_00486,control,0,135.98,282.8,desktop,UK,28
user_02317,treatment,0,67.54,236.1,desktop,US,53
user_02165,treatment,0,45.76,235.0,mobile,UK,48
user_03522,treatment,0,40.61,304.6,mobile,India,44
user_02993,treatment,0,59.47,281.0,desktop,US,21
user_00259,control,1,80.99,360.2,mobile,UK,63
user_03843,treatment,0,41.89,231.1,tablet,UK,35
user_00387,control,1,59.57,244.3,desktop,UK,20
user_00848,control,0,117.64,312.6,mobile,UK,61
user_02574,treatment,0,126.14,224.5,tablet,UK,57
user_03234,treatment,0,52.26,296.4,tablet,UK,29
user_03613,treatment,0,81.47,248.6,tablet,India,32
user_03102,treatment,1,63.39,281.9,tablet,US,67
user_02862,treatment,0,73.85,242.9,mobile,US,24
user_01624,control,0,129.85,285.5,tablet,UK,65
user_01002,control,0,119.27,301.0,desktop,India,22
user_00210,control,0,126.87,358.6,mobile,India,61
user_03621,treatment,0,111.15,337.2,mobile,US,28
user_02092,treatment,0,89.86,271.3,tablet,India,56
user_01949,control,1,106.7,395.6,mobile,US,67
user_00911,control,0,131.79,224.0,desktop,UK,20
user_01719,control,0,125.2,339.2,mobile,US,24
user_02553,treatment,0,45.38,239.5,mobile,US,23
user_02985,treatment,0,104.38,265.3,desktop,UK,34
user_02164,treatment,0,61.19,238.9,desktop,India,50
user_00597,control,0,169.29,314.8,tablet,UK,21
user_01951,control,0,84.28,310.2,mobile,US,18
user_03765,treatment,0,46.48,166.0,desktop,India,39
user_00297,control,0,84.96,300.6,mobile,India,49
user_03717,treatment,0,117.15,189.8,tablet,US,21
user_00508,control,0,139.11,283.8,desktop,UK,50
user_02865,treatment,0,68.56,303.2,tablet,India,62
user_00008,control,0,134.93,352.0,tablet,UK,43
user_02253,treatment,0,69.31,208.6,mobile,US,26
user_03055,treatment,0,92.4,238.3,desktop,US,44
user_02030,treatment,0,63.65,168.9,tablet,UK,21
user_02149,treatment,0,20.41,215.5,desktop,India,27
user_02087,treatment,0,60.4,230.9,desktop,India,33
user_03118,treatment,0,55.17,265.0,tablet,US,53
user_02551,treatment,0,123.51,211.9,desktop,UK,49
user_03359,treatment,0,99.38,262.0,mobile,US,41
user_00178,control,1,161.89,261.0,tablet,India,26
user_03854,treatment,0,94.74,222.6,mobile,India,58
user_02779,treatment,0,41.69,221.6,mobile,US,20
user_00791,control,0,130.25,291.3,desktop,UK,29
user_01335,control,0,134.38,309.9,desktop,UK,57
user_00679,control,0,73.96,264.6,desktop,India,56
user_03454,treatment,1,127.24,194.9,desktop,India,58
user_03013,treatment,0,88.15,207.5,desktop,India,22
user_01437,control,0,97.77,284.8,tablet,US,31
user_00097,control,0,113.25,308.2,mobile,UK,34
user_00044,control,0,173.4,329.9,desktop,US,59
user_01815,control,0,94.3,333.3,tablet,US,64
user_01491,control,0,153.11,353.3,tablet,India,62
user_01229,control,0,122.8,288.4,tablet,UK,21
user_00760,control,0,102.56,292.6,tablet,India,47
user_03627,treatment,0,104.43,221.4,mobile,UK,33
user_02019,treatment,0,104.56,226.6,mobile,US,47
user_02750,treatment,0,62.48,207.4,tablet,US,38
user_03067,treatment,0,117.85,229.9,tablet,UK,28
user_00026,control,0,94.81,352.9,tablet,India,30
user_02303,treatment,1,72.33,111.1,tablet,UK,25
user_01611,control,0,99.77,290.9,desktop,US,53
user_00680,control,0,123.95,303.7,tablet,India,24
user_01843,control,0,96.36,354.0,tablet,UK,49
user_02645,treatment,0,101.14,254.3,tablet,US,44
user_01223,control,0,73.07,403.5,mobile,India,65
user_00782,control,0,74.22,311.5,mobile,India,54
user_03668,treatment,0,135.39,223.3,mobile,UK,41
user_03814,treatment,0,94.48,197.9,desktop,India,65
user_02339,treatment,0,113.44,240.2,desktop,UK,36
user_01357,control,0,113.04,324.6,mobile,US,62
user_01616,control,0,127.82,343.7,desktop,India,32
user_03128,treatment,0,105.63,247.8,tablet,UK,49
user_02383,treatment,0,88.96,199.0,tablet,US,33
user_02148,treatment,0,76.12,244.8,tablet,US,33
user_00884,control,0,127.98,257.4,desktop,US,66
user_00383,control,1,109.39,375.7,mobile,UK,63
user_02836,treatment,0,77.32,248.8,desktop,US,34
user_01338,control,0,87.82,279.0,desktop,UK,47
user_02753,treatment,0,92.13,237.2,mobile,US,61
user_00032,control,0,85.01,251.7,tablet,US,32
user_02182,treatment,0,86.39,190.4,desktop,India,23
user_02035,treatment,0,97.25,225.1,desktop,India,27
user_03608,treatment,0,75.85,210.9,desktop,US,26
user_00611,control,0,122.02,292.1,mobile,US,42
user_00571,control,0,93.4,286.1,desktop,US,39
user_00344,control,0,62.82,355.7,mobile,US,49
user_01886,control,1,132.4,330.4,mobile,UK,63
user_01651,control,0,79.06,275.6,mobile,UK,29
user_03039,treatment,0,101.67,206.6,tablet,India,21
user_02497,treatment,1,56.8,251.5,mobile,US,33
user_01048,control,0,85.72,307.6,mobile,US,67
user_03629,treatment,0,115.25,270.5,desktop,India,43
user_01072,control,0,108.25,318.4,desktop,India,36
user_01812,control,1,95.6,292.4,tablet,US,46
user_03487,treatment,0,75.38,221.8,desktop,UK,49
user_02536,treatment,1,77.44,323.2,desktop,UK,52
user_00966,control,1,147.34,359.6,tablet,US,33
user_00529,control,0,140.41,270.2,tablet,UK,50
user_00177,control,0,138.77,296.4,tablet,India,21
user_00423,control,0,119.53,297.2,tablet,US,47
user_03369,treatment,0,84.9,310.3,tablet,US,35
user_03242,treatment,0,111.9,254.1,desktop,UK,68
user_02020,treatment,0,120.1,187.7,tablet,US,40
user_00573,control,0,71.0,270.8,mobile,US,19
user_03538,treatment,0,70.56,201.3,tablet,US,65
user_00289,control,0,115.44,271.1,mobile,US,27
user_02659,treatment,0,76.66,182.4,mobile,US,34
user_02922,treatment,0,87.4,231.3,mobile,US,27
user_02633,treatment,0,93.3,286.9,tablet,US,42
user_01591,control,1,86.7,309.3,desktop,US,60
user_03943,treatment,0,101.45,205.1,tablet,UK,25
user_02100,treatment,1,53.84,212.8,mobile,UK,64
user_01392,control,0,129.87,221.5,desktop,UK,69
user_02855,treatment,0,69.2,242.4,tablet,US,66
user_01740,control,1,110.3,257.4,mobile,UK,50
user_01730,control,0,89.18,303.9,tablet,India,58
user_01919,control,0,150.97,268.1,desktop,US,25
user_03101,treatment,0,79.18,241.3,tablet,UK,61
user_00371,control,0,67.24,332.6,tablet,UK,42
user_03293,treatment,0,71.43,304.1,tablet,UK,45
user_03713,treatment,0,65.8,220.4,mobile,UK,58
user_02635,treatment,1,94.12,272.7,tablet,UK,50
user_03412,treatment,1,124.68,206.1,tablet,US,38
user_02070,treatment,0,76.77,196.9,tablet,India,25
user_00142,control,0,114.66,307.0,desktop,UK,24
user_03356,treatment,0,35.99,253.8,tablet,India,47
user_00492,control,1,141.17,263.3,mobile,India,27
user_00199,control,0,99.62,313.2,mobile,US,35
user_01789,control,0,107.46,314.3,mobile,US,18
user_02527,treatment,0,42.21,203.9,desktop,US,69
user_03925,treatment,0,93.07,251.7,tablet,US,53
user_01457,control,1,132.67,307.4,mobile,India,38
user_00196,control,0,91.22,371.5,tablet,US,40
user_00875,control,0,89.38,293.6,desktop,US,35
user_02440,treatment,0,108.36,234.1,tablet,India,26
user_03824,treatment,0,93.78,307.0,tablet,US,63
user_00841,control,0,97.11,252.7,mobile,India,35
user_00582,control,0,64.98,345.6,mobile,India,36
user_03949,treatment,0,86.01,230.6,desktop,UK,41
user_00906,control,0,150.89,306.8,mobile,India,32
user_00632,control,0,92.58,327.1,tablet,UK,24
user_02577,treatment,0,87.78,190.9,tablet,US,27
user_00163,control,0,108.74,333.9,mobile,US,57
user_02074,treatment,0,102.02,208.6,mobile,US,23
user_02081,treatment,0,62.35,211.4,tablet,UK,54
user_01761,control,0,106.31,283.8,tablet,US,21
user_02662,treatment,0,78.18,271.7,tablet,US,47
user_00926,control,1,145.54,299.6,mobile,India,62
user_01833,control,0,104.78,256.1,tablet,US,55
user_00548,control,1,108.4,336.4,mobile,UK,50
user_02294,treatment,0,56.27,215.9,tablet,India,49
user_01189,control,0,98.79,343.8,tablet,UK,62
user_02000,control,0,124.71,284.7,tablet,India,27
user_02098,treatment,0,69.27,253.0,mobile,India,22
user_00612,control,0,108.69,342.6,mobile,India,19
user_02195,treatment,0,58.13,276.9,desktop,US,30
user_03662,treatment,0,79.07,231.9,mobile,UK,42
user_01508,control,1,113.21,298.0,mobile,India,53
user_01870,control,0,113.4,283.4,tablet,US,22
user_00743,control,0,88.83,263.5,tablet,India,21
user_00638,control,1,136.22,310.8,desktop,UK,57
user_03536,treatment,0,87.74,258.1,desktop,UK,43
user_02016,treatment,0,79.02,188.0,desktop,India,34
user_03762,treatment,0,82.23,257.7,tablet,US,31
user_01098,control,0,127.58,270.5,mobile,UK,51
user_01484,control,0,132.53,277.5,mobile,US,44
user_00049,control,0,106.18,311.9,tablet,UK,18
user_01352,control,1,108.27,314.5,tablet,US,26
user_00922,control,0,103.99,211.3,tablet,US,38
user_03563,treatment,0,82.92,266.0,mobile,India,54
user_00757,control,1,126.92,330.6,desktop,India,52
user_02125,treatment,0,71.65,252.6,desktop,UK,42
user_02367,treatment,0,70.57,242.7,desktop,US,60
user_01468,control,0,135.86,280.8,tablet,India,38
user_03643,treatment,0,75.1,284.8,tablet,UK,49
user_01695,control,0,119.85,264.3,mobile,US,68
user_01323,control,0,129.57,258.8,tablet,UK,45
user_01177,control,0,123.52,260.0,desktop,India,61
user_01948,control,0,62.23,155.2,desktop,India,61
user_01214,control,0,129.67,311.5,mobile,US,59
user_03934,treatment,0,98.23,261.6,mobile,India,28
user_02534,treatment,0,126.04,306.5,desktop,US,46
user_02288,treatment,0,82.71,206.2,tablet,UK,22
user_02782,treatment,0,55.11,230.2,tablet,UK,24
user_02678,treatment,0,69.51,307.6,desktop,India,30
user_01071,control,1,129.19,286.6,mobile,India,42
user_03730,treatment,0,65.14,224.4,desktop,US,36
user_02831,treatment,0,115.47,237.0,desktop,US,57
user_02442,treatment,0,141.14,230.8,desktop,US,39
user_03604,treatment,0,92.48,287.8,mobile,UK,54
user_01715,control,0,120.5,301.7,tablet,US,50
user_03022,treatment,0,52.43,238.5,desktop,US,37
user_02197,treatment,0,129.26,227.4,tablet,UK,65
user_01150,control,0,169.83,278.9,desktop,India,37
user_03087,treatment,0,65.46,331.3,mobile,US,45
user_02229,treatment,0,119.44,279.2,mobile,UK,39
user_02964,treatment,0,69.32,244.3,tablet,India,57
user_02610,treatment,0,65.69,260.6,tablet,India,69
user_01552,control,0,92.19,285.0,desktop,India,65
user_02555,treatment,0,58.5,220.6,mobile,India,19
user_01289,control,0,67.57,341.1,mobile,US,64
user_03862,treatment,0,90.79,245.2,mobile,US,56
user_02808,treatment,0,103.14,294.6,tablet,UK,37
user_01642,control,0,105.03,314.8,tablet,UK,30
user_00868,control,0,108.82,263.4,tablet,India,36
user_00927,control,0,111.05,285.8,tablet,US,68
user_03211,treatment,1,80.31,289.1,mobile,UK,54
user_00998,control,0,81.84,279.1,mobile,US,53
user_03021,treatment,0,111.16,235.3,mobile,India,55
user_01830,control,0,73.44,281.6,tablet,UK,27
user_01133,control,0,153.38,237.5,desktop,India,44
user_01341,control,0,87.75,255.9,tablet,US,21
user_03675,treatment,1,41.98,235.3,mobile,India,45
user_00211,control,0,87.8,300.9,desktop,US,22
user_03980,treatment,1,59.16,274.0,desktop,India,66
user_00060,control,0,117.08,293.0,mobile,UK,62
user_03671,treatment,0,52.82,205.7,desktop,UK,56
user_02620,treatment,1,71.92,236.9,mobile,India,23
user_03898,treatment,0,74.79,183.4,tablet,UK,20
user_03947,treatment,0,113.76,283.2,mobile,UK,22
user_00766,control,0,95.8,310.5,mobile,US,23
user_02103,treatment,0,53.9,259.3,desktop,India,32
user_03230,treatment,0,73.55,219.9,desktop,US,64
user_01079,control,0,90.43,299.2,desktop,UK,61
user_02660,treatment,0,84.22,163.3,desktop,UK,40
user_03743,treatment,1,55.49,181.4,mobile,US,36
user_02045,treatment,0,51.83,282.0,mobile,US,48
user_02067,treatment,0,127.56,185.5,tablet,US,57
user_00583,control,0,96.4,332.3,tablet,UK,66
user_02124,treatment,0,76.24,241.1,desktop,US,39
user_03529,treatment,0,41.92,202.7,mobile,India,41
user_03617,treatment,0,74.8,292.3,tablet,US,45
user_00941,control,1,118.98,335.0,desktop,India,60
user_01081,control,0,99.13,337.0,desktop,India,44
user_00188,control,0,79.88,263.0,desktop,US,66
user_03106,treatment,0,124.77,244.1,tablet,UK,67
user_02311,treatment,0,109.94,277.2,mobile,India,26
user_02677,treatment,0,127.79,214.6,desktop,US,50
user_03095,treatment,0,94.29,264.8,mobile,US,35
user_03820,treatment,0,79.85,201.6,mobile,India,58
user_01601,control,0,115.98,323.8,desktop,US,41
user_03857,treatment,0,56.22,240.1,mobile,India,32
user_00227,control,0,67.99,352.5,desktop,UK,36
user_01613,control,1,92.46,271.7,desktop,US,19
user_00536,control,0,120.43,362.7,tablet,UK,60
user_03849,treatment,0,94.7,219.5,desktop,US,64
user_03216,treatment,0,133.03,196.5,desktop,India,52
user_03127,treatment,0,92.09,234.8,desktop,US,57
user_00698,control,0,81.39,315.3,desktop,UK,36
user_03614,treatment,0,103.34,273.9,desktop,UK,53
user_02375,treatment,0,100.48,201.3,desktop,US,44
user_01778,control,0,71.29,308.5,desktop,US,49
user_03625,treatment,1,89.75,181.7,tablet,India,27
user_02805,treatment,0,84.89,235.8,mobile,India,56
user_01038,control,1,64.87,255.6,mobile,US,40
user_00209,control,0,80.2,298.6,desktop,India,37
user_01847,control,1,104.91,296.4,desktop,India,34
user_00566,control,0,143.4,366.8,desktop,US,22
user_00314,control,0,121.16,273.1,mobile,UK,55
user_00602,control,0,76.6,335.5,desktop,UK,61
user_00234,control,0,102.48,321.3,mobile,US,47
user_01261,control,0,153.06,332.4,desktop,US,25
user_00932,control,0,164.89,281.1,desktop,US,59
user_03221,treatment,0,99.86,276.6,mobile,India,53
user_01724,control,0,145.05,308.5,tablet,India,49
user_00112,control,0,129.5,361.3,desktop,UK,46
user_02705,treatment,0,91.14,213.9,tablet,India,68
user_01090,control,0,87.03,301.5,mobile,UK,39
user_02743,treatment,0,94.39,157.5,tablet,UK,26
user_02029,treatment,0,100.47,246.6,mobile,US,18
user_03945,treatment,0,67.77,218.4,mobile,India,43
user_01744,control,0,104.95,392.6,tablet,India,66
user_00473,control,0,76.91,279.7,desktop,UK,42
user_02097,treatment,0,51.65,296.1,desktop,India,45
user_03733,treatment,0,93.41,212.2,tablet,UK,57
user_01787,control,0,139.17,271.3,mobile,India,54
user_03277,treatment,0,121.06,228.7,tablet,US,65
user_01374,control,0,129.12,293.0,tablet,India,43
user_03704,treatment,0,92.83,225.4,mobile,India,35
user_00362,control,0,76.95,290.3,mobile,India,48
user_00136,control,0,104.57,355.0,tablet,UK,54
user_01135,control,0,118.66,329.9,tablet,India,63
user_01152,control,0,67.46,354.8,tablet,India,67
user_02469,treatment,0,119.75,226.8,tablet,US,21
user_01054,control,0,109.85,325.1,mobile,US,54
user_03317,treatment,0,86.18,241.3,mobile,US,30
user_00023,control,0,66.82,386.7,tablet,India,19
user_01973,control,1,105.0,329.2,mobile,India,65
user_02953,treatment,0,102.58,267.8,tablet,India,30
user_01653,control,0,89.41,335.0,mobile,India,35
user_00696,control,0,132.8,276.0,desktop,India,36
user_00421,control,0,100.41,346.8,mobile,UK,51
user_03950,treatment,0,47.19,310.0,tablet,India,31
user_00461,control,0,141.95,391.5,mobile,US,26
user_01068,control,0,119.61,344.6,tablet,US,66
user_00088,control,0,55.69,243.9,desktop,India,38
user_00283,control,0,84.5,327.0,tablet,UK,67
user_02999,treatment,0,110.8,256.8,tablet,UK,28
user_01314,control,0,84.13,342.7,tablet,UK,33
user_01408,control,0,111.15,243.2,mobile,UK,20
user_03795,treatment,0,86.67,254.6,desktop,US,32
user_02113,treatment,0,76.41,292.3,mobile,UK,57
user_00860,control,0,132.2,323.8,tablet,India,55
user_00534,control,0,145.5,304.8,desktop,India,54
user_03510,treatment,0,88.75,190.7,desktop,India,24
user_03784,treatment,0,95.32,229.1,desktop,UK,54
user_01420,control,0,79.3,271.3,tablet,US,18
user_03396,treatment,1,114.07,210.9,mobile,India,55
user_03169,treatment,0,111.02,247.6,tablet,US,51
user_02801,treatment,0,86.6,250.3,desktop,US,29
user_03372,treatment,0,58.68,214.3,desktop,US,49
user_03939,treatment,0,44.37,153.1,tablet,UK,68
user_02899,treatment,0,102.37,327.7,desktop,India,54
user_01645,control,0,124.14,304.4,desktop,US,65
user_01413,control,1,148.75,293.2,desktop,US,21
user_03909,treatment,0,95.91,239.2,tablet,India,30
user_02298,treatment,0,101.26,224.4,tablet,UK,52
user_00943,control,0,147.33,360.8,mobile,India,50
user_02252,treatment,0,102.79,220.0,mobile,UK,31
user_03905,treatment,0,108.1,280.8,desktop,US,63
user_01652,control,1,137.91,307.3,desktop,India,41
user_02216,treatment,0,82.53,257.4,tablet,India,54
user_02247,treatment,0,73.54,264.7,desktop,India,53
user_00122,control,0,121.55,278.5,tablet,UK,57
user_00888,control,0,134.0,272.3,mobile,India,66
user_02835,treatment,0,46.01,276.9,tablet,US,42
user_00686,control,0,159.02,355.4,desktop,UK,52
user_02959,treatment,0,59.37,251.1,desktop,US,66
user_00414,control,1,137.44,322.6,desktop,UK,27
user_00790,control,0,134.12,281.4,tablet,US,21
user_02190,treatment,0,66.49,178.1,desktop,US,18
user_01570,control,0,119.96,249.0,tablet,UK,26
user_01804,control,0,133.94,336.1,mobile,UK,36
user_03850,treatment,1,100.78,222.9,desktop,India,31
user_01393,control,0,105.62,218.7,tablet,US,38
user_02139,treatment,0,56.01,237.5,mobile,India,69
user_00273,control,0,113.51,274.0,mobile,UK,43
user_02592,treatment,0,88.38,305.0,desktop,India,58
user_00522,control,0,154.66,312.1,desktop,UK,58
user_00523,control,0,77.38,310.3,desktop,India,53
user_03237,treatment,0,40.65,257.9,desktop,India,29
user_01913,control,0,138.32,254.8,desktop,UK,55
user_00351,control,0,95.45,258.7,desktop,US,61
user_01619,control,1,87.97,215.6,desktop,US,54
user_01862,control,0,135.1,347.0,mobile,UK,62
user_03107,treatment,1,74.72,215.0,tablet,US,59
user_01962,control,0,96.59,338.6,tablet,UK,32
user_00652,control,0,98.52,252.4,mobile,US,47
user_02412,treatment,0,37.99,148.2,tablet,US,26
user_03443,treatment,0,130.93,173.5,desktop,UK,44
user_03701,treatment,0,18.3,261.9,desktop,India,45
user_01447,control,0,97.75,348.2,desktop,UK,35
user_01954,control,0,81.89,313.9,tablet,India,24
user_03735,treatment,0,72.88,215.6,desktop,UK,58
user_02329,treatment,0,118.49,149.9,tablet,UK,34
user_00169,control,0,76.72,297.2,desktop,US,28
user_03707,treatment,0,83.14,201.5,mobile,UK,44
user_00963,control,0,115.05,325.7,tablet,India,29
user_00946,control,0,90.43,279.8,desktop,US,35
user_00463,control,0,118.59,320.0,desktop,India,43
user_03428,treatment,0,33.16,268.4,mobile,UK,33
user_00329,control,0,89.86,264.1,mobile,UK,26
user_01658,control,0,80.86,257.3,tablet,UK,18
user_02259,treatment,0,129.33,258.4,tablet,UK,39
user_02692,treatment,0,105.55,299.5,desktop,India,44
user_02304,treatment,1,65.0,199.9,tablet,UK,68
user_00368,control,0,122.03,298.0,desktop,India,36
user_03452,treatment,0,50.61,239.3,mobile,India,50
user_03015,treatment,0,84.45,277.7,tablet,UK,19
user_02834,treatment,0,101.74,210.5,desktop,UK,35
user_03126,treatment,0,70.73,259.7,mobile,US,18
user_00773,control,1,87.65,319.4,desktop,India,41
user_01285,control,0,171.62,342.6,tablet,UK,63
user_02537,treatment,0,69.99,284.3,tablet,US,64
user_03579,treatment,0,36.58,208.2,mobile,UK,20
user_03139,treatment,0,89.49,211.9,tablet,US,61
user_00499,control,1,102.72,226.6,tablet,India,22
user_01235,control,0,91.81,250.3,tablet,US,51
user_01513,control,1,164.34,280.9,tablet,India,24
user_00436,control,0,119.63,265.7,mobile,US,49
user_01252,control,0,124.34,254.0,tablet,UK,31
user_00366,control,0,70.09,284.5,desktop,US,28
user_01367,control,0,133.18,438.8,desktop,India,20
user_00277,control,0,90.58,281.7,tablet,US,35
user_02640,treatment,0,93.6,214.2,mobile,US,25
user_03768,treatment,0,41.02,317.3,tablet,India,19
user_03440,treatment,0,90.41,256.5,tablet,UK,59
user_00408,control,0,128.82,252.7,desktop,US,34
user_01469,control,0,72.38,335.6,tablet,India,24
user_03364,treatment,0,102.23,342.8,desktop,UK,54
user_03678,treatment,1,112.16,346.3,mobile,US,27
user_00845,control,0,144.96,284.5,desktop,US,19
user_01911,control,0,130.9,309.7,tablet,UK,69
user_03312,treatment,0,117.26,211.8,mobile,US,48
user_00087,control,1,123.26,310.2,desktop,India,58
user_01544,control,0,58.91,291.2,desktop,US,50
user_02046,treatment,1,92.62,231.6,desktop,US,59
user_02072,treatment,0,103.92,201.0,mobile,India,42
user_02365,treatment,0,140.17,223.8,mobile,India,24
user_01850,control,0,90.13,318.1,desktop,UK,65
user_00856,control,0,109.43,326.2,desktop,UK,20
user_03957,treatment,1,102.64,277.7,mobile,UK,63
user_00079,control,0,146.2,292.8,desktop,UK,28
user_00945,control,0,130.31,325.1,mobile,India,37
user_00200,control,0,114.37,267.0,mobile,UK,24
user_02064,treatment,0,89.06,210.8,mobile,UK,21
user_01617,control,0,112.03,354.5,desktop,UK,25
user_00802,control,0,109.08,317.2,desktop,India,41
user_02406,treatment,0,42.3,229.5,desktop,US,34
user_02391,treatment,0,99.06,286.6,desktop,US,28
user_01984,control,0,150.67,342.1,mobile,UK,20
user_02913,treatment,1,87.04,322.5,tablet,India,32
user_00232,control,0,162.9,335.3,tablet,UK,22
user_01407,control,0,106.74,364.2,mobile,India,66
user_02005,treatment,0,92.96,311.0,tablet,US,57
user_03347,treatment,0,74.48,279.5,mobile,US,31
user_02651,treatment,0,71.86,246.9,tablet,India,69
user_02248,treatment,0,167.3,214.2,mobile,India,23
user_02427,treatment,0,92.3,258.9,mobile,UK,40
user_02929,treatment,0,52.22,185.0,desktop,US,54
user_01628,control,0,135.48,346.7,desktop,UK,49
user_03818,treatment,0,87.1,279.6,desktop,India,58
user_01144,control,0,132.92,314.8,mobile,UK,33
user_03560,treatment,0,89.54,286.8,mobile,US,56
user_00192,control,0,82.03,242.4,desktop,UK,63
user_00105,control,0,106.7,334.2,desktop,India,64
user_02952,treatment,0,80.51,226.3,tablet,UK,62
user_03670,treatment,0,103.33,215.2,desktop,US,51
user_02669,treatment,0,63.86,188.1,mobile,India,35
user_01860,control,0,129.57,332.1,desktop,UK,35
user_02475,treatment,0,61.6,258.8,tablet,India,63
user_02228,treatment,1,97.36,253.2,mobile,India,39
user_03429,treatment,0,74.43,238.9,mobile,US,22
user_03860,treatment,0,82.63,263.1,desktop,India,38
user_03046,treatment,0,130.33,228.8,tablet,India,47
user_02408,treatment,0,95.92,233.0,tablet,India,31
user_02006,treatment,0,66.48,246.5,desktop,UK,46
user_02760,treatment,0,80.93,266.0,tablet,India,45
user_03829,treatment,0,66.44,238.4,tablet,US,33
user_01916,control,0,121.42,311.1,desktop,US,37
user_03902,treatment,1,107.83,225.0,desktop,India,26
user_03057,treatment,0,69.9,207.5,tablet,US,33
user_01814,control,0,92.38,264.1,desktop,US,53
user_03399,treatment,0,85.72,292.4,mobile,US,20
user_00995,control,0,120.23,232.0,tablet,India,43
user_00465,control,0,144.68,321.2,tablet,US,59
user_01500,control,0,133.28,285.7,desktop,US,63
user_03790,treatment,0,89.86,271.6,tablet,US,29
user_03942,treatment,0,53.52,190.8,tablet,US,33
user_02160,treatment,0,71.44,277.0,mobile,US,24
user_01237,control,0,131.14,264.3,mobile,India,68
user_02413,treatment,0,51.93,244.5,tablet,US,52
user_03523,treatment,0,101.46,205.5,mobile,India,69
user_00213,control,0,97.5,268.9,tablet,UK,38
user_01037,control,0,111.61,318.4,tablet,India,51
user_03869,treatment,0,83.52,245.7,desktop,UK,21
user_00901,control,0,131.1,296.2,desktop,US,32
user_01838,control,0,136.04,335.3,desktop,UK,65
user_02816,treatment,0,102.19,172.8,tablet,US,63
user_00742,control,0,86.12,342.9,tablet,India,48
user_03706,treatment,0,91.89,213.5,tablet,US,41
user_03090,treatment,0,114.96,262.1,desktop,US,57
user_02668,treatment,0,49.03,196.7,desktop,India,65
user_01207,control,0,103.12,385.9,tablet,US,67
user_00510,control,0,112.87,218.5,desktop,US,49
user_00598,control,0,117.2,289.3,desktop,UK,50
user_02997,treatment,0,89.08,252.8,mobile,US,20
user_00982,control,0,118.53,250.4,desktop,UK,34
user_02795,treatment,0,103.8,296.5,mobile,US,23
user_03517,treatment,0,85.79,254.9,tablet,US,63
user_00519,control,0,109.09,258.7,tablet,UK,42
user_01507,control,0,121.92,296.2,mobile,UK,32
user_00768,control,0,114.64,342.0,tablet,UK,30
user_02637,treatment,1,79.83,237.6,mobile,US,25
user_02744,treatment,0,92.19,285.8,mobile,India,40
user_00422,control,0,115.39,272.0,desktop,UK,58
user_00124,control,0,92.63,280.1,desktop,UK,68
user_02742,treatment,0,58.34,303.3,desktop,UK,49
user_03755,treatment,0,70.18,279.9,tablet,UK,18
user_01809,control,0,112.76,230.4,mobile,India,49
user_00820,control,0,130.1,310.8,desktop,India,18
user_01404,control,0,79.88,282.9,desktop,UK,58
user_01383,control,0,104.69,240.6,desktop,US,64
user_00101,control,0,122.83,310.0,tablet,UK,66
user_03514,treatment,0,112.02,199.7,mobile,US,66
user_01284,control,0,138.44,244.0,desktop,UK,51
user_03690,treatment,0,80.12,287.7,desktop,India,59
user_03037,treatment,0,61.71,257.9,tablet,US,42
user_03491,treatment,0,101.91,283.0,mobile,US,26
user_01104,control,0,97.52,301.7,mobile,India,38
user_02921,treatment,0,77.24,178.2,desktop,India,35
user_03170,treatment,0,82.36,301.2,desktop,US,24
user_03187,treatment,0,71.96,247.3,mobile,UK,65
user_02861,treatment,0,50.35,185.5,desktop,India,66
user_01353,control,1,108.27,382.7,tablet,US,58
user_01565,control,1,138.24,218.9,desktop,India,47
user_03307,treatment,0,112.42,261.8,mobile,US,54
user_03077,treatment,0,87.47,182.1,desktop,US,24
user_00983,control,0,118.54,298.1,tablet,US,40
user_00457,control,1,156.78,352.4,desktop,US,50
user_03612,treatment,0,96.66,310.1,mobile,UK,58
user_02950,treatment,0,98.05,136.3,desktop,UK,64
user_02821,treatment,0,44.16,228.5,mobile,India,64
user_00382,control,0,130.87,234.7,desktop,UK,47
user_03724,treatment,1,97.14,230.0,mobile,US,51
user_01883,control,0,125.57,393.0,tablet,India,67
user_03340,treatment,0,76.8,257.1,mobile,UK,60
user_01011,control,0,103.33,249.6,mobile,US,64
user_01593,control,0,115.47,357.2,desktop,US,23
user_03990,treatment,0,92.59,218.8,tablet,India,36
user_00663,control,0,100.91,337.5,tablet,US,26
user_02629,treatment,0,107.85,281.1,desktop,UK,65
user_03652,treatment,0,120.48,286.2,tablet,India,55
user_03620,treatment,0,91.61,205.0,tablet,India,23
user_01790,control,0,128.02,259.8,tablet,UK,64
user_02988,treatment,1,31.04,228.0,tablet,India,68
user_03122,treatment,0,101.24,197.9,tablet,India,56
user_03028,treatment,0,61.95,227.2,tablet,UK,39
user_03576,treatment,0,88.62,249.0,desktop,India,65
user_00846,control,0,117.07,270.7,desktop,UK,47
user_00543,control,0,106.21,342.7,mobile,US,53
user_00092,control,0,127.95,338.6,tablet,UK,69
user_03547,treatment,0,45.05,284.4,desktop,US,63
user_03123,treatment,0,91.15,246.9,mobile,US,47
user_01197,control,0,72.14,306.8,desktop,US,30
user_01103,control,0,132.36,307.6,tablet,India,35
user_02671,treatment,0,98.48,345.7,mobile,US,63
user_01792,control,0,102.77,290.1,mobile,India,47
user_02250,treatment,1,48.75,239.4,mobile,UK,46
user_01827,control,0,112.45,351.7,desktop,India,18
user_02150,treatment,0,76.47,259.9,tablet,India,46
user_03578,treatment,0,104.0,277.7,tablet,UK,64
user_01776,control,1,146.7,338.5,tablet,UK,62
user_01049,control,0,147.27,315.5,mobile,India,33
user_02822,treatment,1,130.81,261.3,desktop,UK,37
user_01832,control,0,121.18,304.4,mobile,UK,57
user_00899,control,0,87.17,251.4,tablet,US,38
user_01460,control,0,82.58,272.0,tablet,US,53
user_01612,control,0,86.18,332.8,mobile,UK,23
user_00238,control,0,92.27,305.7,mobile,India,61
user_01502,control,0,149.59,314.6,tablet,UK,30
user_02341,treatment,0,68.43,148.8,mobile,US,20
user_01134,control,0,135.77,351.9,mobile,India,68
user_02882,treatment,0,110.73,308.5,mobile,US,19
user_02719,treatment,0,114.86,233.3,tablet,India,46
user_00164,control,0,150.41,287.6,mobile,UK,25
user_02289,treatment,0,98.68,159.9,mobile,India,24
user_01836,control,0,127.13,311.3,tablet,UK,65
user_00253,control,0,90.54,304.4,mobile,UK,41
user_02290,treatment,0,135.56,242.4,desktop,US,55
user_03384,treatment,0,92.81,268.2,mobile,US,65
user_02806,treatment,1,151.09,228.8,mobile,UK,19
user_01539,control,0,86.83,280.0,desktop,India,22
user_00931,control,0,162.17,248.3,mobile,India,21
user_02026,treatment,0,66.34,206.1,tablet,India,22
user_01698,control,0,117.87,326.9,tablet,India,55
user_03908,treatment,0,57.38,227.4,mobile,UK,58
user_02979,treatment,0,53.09,250.3,tablet,UK,54
user_03393,treatment,0,48.55,246.8,mobile,UK,69
user_02403,treatment,0,62.56,248.0,desktop,India,61
user_02227,treatment,0,88.57,247.6,tablet,India,44
user_02226,treatment,0,124.88,288.7,mobile,UK,23
user_01091,control,0,76.42,204.4,tablet,US,34
user_03179,treatment,0,61.68,236.2,desktop,UK,62
user_03827,treatment,0,98.52,150.6,mobile,UK,33
user_01938,control,1,122.63,344.0,desktop,US,56
user_01182,control,0,99.6,334.8,tablet,US,29
user_01453,control,0,102.0,303.6,tablet,India,66
user_00594,control,0,124.84,304.2,mobile,India,62
user_00678,control,0,97.07,301.5,tablet,US,48
user_00042,control,0,138.37,296.8,desktop,India,50
user_01834,control,0,71.4,344.3,mobile,US,37
user_02390,treatment,0,49.1,257.9,desktop,UK,39
user_02155,treatment,0,88.83,210.0,desktop,India,25
user_01942,control,0,108.78,324.5,desktop,US,52
user_00244,control,0,127.82,292.5,mobile,India,45
user_01125,control,0,105.78,256.1,desktop,India,65
user_01340,control,0,132.93,255.4,desktop,UK,23
user_01867,control,0,85.89,301.1,tablet,US,49
user_03215,treatment,1,72.52,248.1,mobile,India,64
user_03168,treatment,0,70.04,247.3,mobile,UK,45
user_01443,control,0,117.14,307.3,mobile,India,28
user_00262,control,0,117.2,352.9,mobile,UK,33
user_03722,treatment,0,122.15,231.7,desktop,India,35
user_03255,treatment,1,160.44,272.7,tablet,UK,51
user_02243,treatment,0,110.04,188.5,mobile,US,62
user_02689,treatment,0,77.0,180.1,tablet,India,53
user_02655,treatment,0,48.03,236.9,mobile,US,26
user_00835,control,0,114.99,291.2,mobile,India,53
user_03566,treatment,0,77.4,159.0,tablet,US,46
user_03666,treatment,0,91.52,296.2,desktop,UK,33
user_03001,treatment,0,115.29,182.7,desktop,US,60
user_02803,treatment,0,101.53,199.6,desktop,India,47
user_00341,control,0,104.67,319.2,mobile,UK,43
user_01873,control,0,141.56,309.7,tablet,India,37
user_00749,control,0,116.19,321.7,mobile,UK,31
user_01892,control,0,91.61,293.0,mobile,US,41
user_00481,control,0,106.2,281.8,mobile,UK,32
user_01865,control,0,85.46,275.7,mobile,US,55
user_02219,treatment,0,93.18,291.3,mobile,UK,20
user_02616,treatment,0,106.4,297.6,desktop,US,67
user_02269,treatment,0,68.62,191.8,desktop,US,24
user_00784,control,1,126.33,267.5,tablet,India,35
user_03425,treatment,0,90.76,258.8,desktop,US,34
user_03301,treatment,0,49.99,312.9,tablet,US,24
user_02607,treatment,0,52.3,179.2,desktop,UK,65
user_03196,treatment,0,58.48,304.2,mobile,UK,28
user_03637,treatment,0,83.22,266.1,tablet,US,46
user_02494,treatment,0,48.48,282.7,mobile,UK,19
user_01726,control,0,104.62,301.2,desktop,US,31
user_01845,control,0,71.47,254.9,tablet,US,22
user_02621,treatment,0,61.6,286.3,mobile,UK,39
user_02811,treatment,0,90.19,283.0,desktop,UK,40
user_01785,control,0,91.37,291.1,mobile,India,19
user_01272,control,0,96.32,311.1,tablet,UK,43
user_03229,treatment,0,76.41,280.1,desktop,US,39
user_02003,treatment,0,39.69,232.2,mobile,US,47
user_01128,control,0,103.43,311.2,desktop,US,20
user_00627,control,0,92.13,302.8,mobile,US,40
user_00348,control,0,116.09,290.7,desktop,US,37
user_03503,treatment,1,111.84,290.4,mobile,UK,48
user_02542,treatment,0,79.26,150.5,mobile,India,27
user_01566,control,0,122.62,273.2,desktop,US,56
user_02099,treatment,0,33.84,207.2,tablet,India,45
user_00980,control,0,111.43,389.7,tablet,UK,62
user_01424,control,0,128.37,316.2,tablet,US,34
user_03438,treatment,0,124.34,271.7,mobile,UK,63
user_03366,treatment,0,120.58,234.3,tablet,UK,66
user_00912,control,1,98.28,226.9,tablet,UK,45
user_02496,treatment,1,64.71,268.7,mobile,US,32
user_00633,control,0,81.2,319.5,mobile,US,40
user_01750,control,0,98.88,261.4,mobile,UK,60
user_00446,control,0,129.24,314.7,mobile,India,28
user_00618,control,0,106.44,293.9,mobile,US,59
user_02104,treatment,0,76.54,301.8,desktop,US,68
user_01897,control,0,153.81,304.3,tablet,US,55
user_02171,treatment,0,97.48,252.1,desktop,India,33
user_02595,treatment,0,57.49,230.0,desktop,US,67
user_02844,treatment,0,90.85,277.4,mobile,US,22
user_02432,treatment,0,121.81,196.8,desktop,UK,43
user_03390,treatment,0,106.02,287.1,tablet,India,21
user_03375,treatment,0,93.07,215.0,tablet,US,19
user_01466,control,0,132.5,339.8,tablet,India,69
user_01673,control,0,128.06,315.6,mobile,UK,29
user_02114,treatment,0,72.28,235.5,mobile,US,22
user_00116,control,0,93.53,339.1,desktop,US,23
user_01495,control,0,118.8,357.9,desktop,UK,49
user_00354,control,0,64.55,262.4,tablet,India,28
user_01233,control,0,92.74,271.1,tablet,US,44
user_00614,control,0,81.16,304.1,mobile,US,18
user_03507,treatment,0,61.09,242.7,tablet,India,45
user_03791,treatment,0,90.9,221.6,mobile,India,61
user_02345,treatment,0,104.65,224.0,mobile,UK,25
user_03715,treatment,0,79.63,292.5,mobile,India,51
user_02638,treatment,0,53.33,294.8,desktop,US,57
user_03759,treatment,0,34.44,278.2,tablet,India,60
user_00058,control,0,156.12,332.7,desktop,US,27
user_03098,treatment,0,96.14,184.9,desktop,UK,46
user_03991,treatment,0,69.28,173.1,desktop,UK,52
user_02906,treatment,0,76.23,195.6,desktop,US,67
user_03912,treatment,0,111.85,214.6,tablet,UK,37
user_01254,control,0,129.75,320.5,mobile,US,18
user_03330,treatment,0,105.05,253.9,mobile,UK,44
user_02504,treatment,0,113.43,138.1,mobile,US,44
user_02334,treatment,0,83.14,301.6,desktop,UK,34
user_03528,treatment,0,50.39,332.0,desktop,India,63
user_03813,treatment,0,118.18,176.8,desktop,US,68
user_01903,control,0,107.09,286.4,mobile,India,29
user_02260,treatment,0,107.69,176.0,tablet,US,24
user_01899,control,1,128.02,293.0,tablet,India,44
user_00561,control,0,84.57,376.6,desktop,US,22
user_00708,control,0,85.22,295.8,desktop,US,68
user_01648,control,0,112.63,336.4,desktop,India,26
user_00425,control,0,99.94,272.5,desktop,UK,25
user_01094,control,0,72.29,302.9,mobile,India,65
user_01377,control,0,100.16,364.0,desktop,India,45
user_00648,control,0,113.26,295.2,tablet,UK,35
user_00073,control,0,156.03,357.4,desktop,UK,21
user_02523,treatment,0,125.06,284.7,tablet,UK,67
user_01887,control,0,138.22,327.5,mobile,India,69
user_01727,control,0,100.49,259.3,tablet,India,37
user_01006,control,1,95.2,295.1,mobile,UK,23
user_00621,control,0,79.14,303.7,tablet,UK,67
user_03320,treatment,0,71.05,238.0,tablet,India,61
user_00288,control,0,96.71,344.9,desktop,US,53
user_00554,control,0,111.57,346.8,desktop,US,26
user_02382,treatment,0,60.22,268.2,desktop,India,62
user_01895,control,0,106.92,317.3,mobile,UK,28
user_02145,treatment,0,8.31,240.0,tablet,US,48
user_01555,control,0,104.95,326.3,mobile,India,34
user_03546,treatment,0,69.09,228.4,mobile,UK,60
user_02258,treatment,1,74.99,261.1,mobile,UK,60
user_02548,treatment,0,75.19,184.1,tablet,UK,65
user_00999,control,0,125.7,346.0,desktop,US,52
user_03178,treatment,0,47.78,295.4,desktop,US,60
user_01690,control,0,117.08,319.8,mobile,India,59
user_03274,treatment,0,122.69,175.8,tablet,India,23
user_01398,control,0,69.91,387.5,desktop,India,59
user_01578,control,0,135.29,362.8,tablet,India,23
user_01621,control,0,87.78,310.3,tablet,UK,26
user_03654,treatment,0,129.31,233.2,mobile,US,35
user_03726,treatment,0,108.7,277.7,desktop,US,68
user_03978,treatment,0,114.26,255.0,tablet,India,35
user_02322,treatment,0,63.2,143.9,mobile,India,36
user_03590,treatment,0,78.49,291.7,tablet,US,29
user_00441,control,0,125.33,268.5,desktop,UK,30
user_00509,control,0,107.31,343.2,tablet,UK,56
user_01101,control,0,160.29,252.1,mobile,UK,40
user_00590,control,0,88.09,221.4,tablet,India,60
user_01961,control,0,81.77,268.7,desktop,US,63
user_00650,control,0,100.44,294.8,mobile,UK,49
user_01547,control,0,131.6,334.7,mobile,India,23
user_03640,treatment,0,81.62,207.2,mobile,US,22
user_03920,treatment,0,89.33,262.2,tablet,India,36
user_02324,treatment,0,126.67,307.3,mobile,UK,49
user_03856,treatment,0,99.28,237.9,mobile,UK,24
user_02535,treatment,1,88.89,273.6,tablet,India,68
user_01456,control,0,121.88,249.7,tablet,India,57
user_02246,treatment,0,34.79,238.6,tablet,US,52
user_00661,control,0,110.24,358.7,tablet,UK,38
user_00631,control,0,84.56,362.9,mobile,India,21
user_00673,control,1,137.11,259.5,desktop,India,65
user_01250,control,0,88.7,258.0,desktop,UK,33
user_01739,control,0,119.53,371.4,desktop,UK,47
user_00483,control,0,108.43,345.4,desktop,UK,49
user_01585,control,0,79.35,344.2,tablet,UK,22
user_01980,control,1,102.49,213.7,mobile,US,46
user_03409,treatment,0,84.98,218.2,mobile,India,27
user_01939,control,0,113.43,318.9,desktop,UK,51
user_01463,control,0,135.01,265.7,desktop,UK,24
user_02765,treatment,0,107.12,335.7,mobile,India,69
user_02571,treatment,0,116.7,250.5,mobile,India,34
user_02380,treatment,0,121.63,289.6,mobile,UK,54
user_00857,control,0,108.19,306.6,desktop,UK,21
user_01226,control,1,80.23,279.5,desktop,India,68
user_01191,control,0,115.39,281.5,desktop,US,30
user_02766,treatment,1,70.07,304.8,tablet,India,27
user_03282,treatment,0,88.47,241.9,tablet,UK,44
user_00531,control,0,139.91,207.9,desktop,India,65
user_02658,treatment,0,116.23,263.8,tablet,US,62
user_00050,control,0,147.38,300.9,tablet,UK,64
user_03695,treatment,0,82.35,228.1,desktop,US,65
user_03683,treatment,0,63.74,253.3,mobile,UK,69
user_00859,control,0,63.44,286.0,desktop,UK,64
user_02923,treatment,0,99.28,225.7,desktop,US,53
user_01073,control,0,108.6,380.5,desktop,UK,23
user_00720,control,0,89.78,298.8,tablet,US,54
user_00152,control,0,145.85,308.7,tablet,UK,40
user_02167,treatment,0,134.75,254.3,desktop,US,43
user_02981,treatment,0,104.99,214.9,desktop,US,40
user_01661,control,1,151.32,294.4,mobile,India,54
user_01657,control,0,119.78,320.5,mobile,India,32
user_02178,treatment,0,79.59,265.3,desktop,India,48
user_02313,treatment,0,136.75,336.2,tablet,India,39
user_03082,treatment,0,77.75,252.7,desktop,US,50
user_02173,treatment,0,97.78,277.3,tablet,US,18
user_02956,treatment,0,113.94,245.8,mobile,US,25
user_02858,treatment,1,71.29,262.0,tablet,UK,30
user_02944,treatment,0,127.49,271.3,mobile,UK,68
user_03600,treatment,0,91.1,239.5,mobile,India,55
user_02729,treatment,1,58.27,225.3,tablet,UK,56
user_02223,treatment,0,54.98,244.8,desktop,India,69
user_01768,control,0,98.95,263.2,tablet,UK,36
user_01784,control,0,111.01,295.5,mobile,US,50
user_03012,treatment,0,82.83,208.2,desktop,India,41
user_01386,control,0,106.37,264.2,tablet,US,20
user_02514,treatment,0,37.02,230.2,tablet,India,34
user_01400,control,0,103.36,283.0,tablet,India,67
user_01196,control,0,122.37,301.0,desktop,US,65
user_03766,treatment,0,106.56,236.8,desktop,US,59
user_01476,control,0,131.27,305.0,mobile,UK,54
user_02487,treatment,0,99.25,293.0,tablet,UK,24
user_03496,treatment,0,88.91,207.4,tablet,India,18
user_02881,treatment,0,99.62,263.5,desktop,India,41
user_00298,control,0,121.66,247.0,tablet,US,49
user_02078,treatment,0,92.67,216.1,desktop,UK,48
user_01265,control,0,123.27,262.5,mobile,US,56
user_03334,treatment,1,133.56,192.5,mobile,India,51
user_00959,control,0,87.06,372.9,tablet,UK,39
user_01607,control,0,83.92,292.2,tablet,UK,40
user_02708,treatment,0,133.27,276.2,mobile,India,65
user_00909,control,0,80.05,308.9,mobile,India,44
user_01930,control,0,104.07,299.6,mobile,India,59
user_01610,control,0,132.4,269.9,mobile,India,30
user_02928,treatment,0,76.09,240.1,desktop,US,66
user_01375,control,0,89.96,294.3,mobile,UK,67
user_01287,control,0,107.01,341.7,mobile,India,46
user_03987,treatment,0,85.34,167.3,desktop,US,50
user_00350,control,0,148.78,301.2,desktop,UK,20
user_01369,control,1,106.23,322.5,mobile,India,34
user_02131,treatment,0,137.32,227.1,mobile,UK,61
user_00644,control,0,158.8,300.6,mobile,India,26
user_02866,treatment,0,66.24,246.4,desktop,US,63
user_02043,treatment,0,61.7,226.0,desktop,US,47
user_01682,control,0,124.87,270.5,tablet,US,26
user_00670,control,0,87.72,355.0,tablet,India,65
user_03623,treatment,0,82.5,212.3,desktop,UK,44
user_02128,treatment,0,102.07,240.8,mobile,India,47
user_03261,treatment,0,80.17,295.5,tablet,US,29
user_02769,treatment,1,88.3,241.5,mobile,US,58
user_01819,control,0,102.16,300.1,tablet,US,69
user_01180,control,0,98.36,329.9,desktop,US,59
user_03368,treatment,0,99.71,184.3,mobile,UK,65
user_03955,treatment,0,118.36,194.0,desktop,UK,23
user_02209,treatment,0,64.52,242.9,tablet,UK,22
user_01851,control,0,105.78,405.4,mobile,US,35
user_01588,control,0,125.77,216.3,mobile,US,36
user_03796,treatment,0,81.57,243.1,tablet,US,50
user_02255,treatment,0,147.81,216.3,mobile,India,55
user_02373,treatment,0,96.67,275.3,mobile,US,59
user_01358,control,0,121.15,328.8,mobile,US,36
user_00787,control,0,126.69,249.7,mobile,US,44
user_03587,treatment,1,116.02,231.5,mobile,US,30
user_00141,control,0,116.12,279.2,mobile,UK,39
user_00789,control,0,91.03,318.8,desktop,US,46
user_00324,control,0,124.45,302.9,tablet,US,43
user_02690,treatment,0,78.67,279.0,tablet,India,25
user_00715,control,0,106.86,301.0,desktop,India,33
user_02196,treatment,0,63.11,277.9,desktop,India,68
user_03310,treatment,0,91.55,214.7,tablet,India,31
user_03688,treatment,0,92.8,276.3,tablet,India,58
user_03180,treatment,0,63.78,265.9,tablet,India,59
user_03521,treatment,0,98.27,254.4,desktop,US,51
user_01908,control,0,146.32,283.7,tablet,US,39
user_00619,control,0,93.02,317.5,desktop,US,57
user_00407,control,0,97.06,330.1,mobile,UK,59
user_02207,treatment,0,111.94,239.7,desktop,India,26
user_02038,treatment,0,66.96,243.4,desktop,India,31
user_03083,treatment,0,82.24,225.6,mobile,US,28
user_02853,treatment,0,119.43,197.7,mobile,US,39
user_02418,treatment,0,88.23,229.1,desktop,UK,32
user_00498,control,0,100.46,289.8,desktop,India,40
user_03915,treatment,0,84.81,283.6,mobile,India,58
user_00343,control,0,127.71,338.7,mobile,US,22
user_02578,treatment,0,45.42,221.0,desktop,UK,26
user_03921,treatment,0,116.04,270.6,tablet,UK,27
user_00783,control,0,98.63,303.0,tablet,US,25
user_03005,treatment,0,123.11,287.5,mobile,India,51
user_01324,control,0,155.78,349.2,tablet,UK,28
user_03461,treatment,0,113.02,197.0,tablet,UK,25
user_03778,treatment,0,99.39,196.2,desktop,US,43
user_00304,control,0,131.0,296.9,tablet,UK,49
user_03371,treatment,0,117.94,241.7,mobile,US,31
user_02460,treatment,0,88.33,254.1,tablet,India,22
user_00665,control,0,71.08,334.6,desktop,UK,22
user_01178,control,0,97.05,368.6,tablet,US,36
user_01245,control,0,130.56,261.4,desktop,UK,19
user_02437,treatment,0,82.73,192.4,desktop,US,39
user_03358,treatment,0,58.31,190.0,desktop,UK,44
user_03132,treatment,0,61.41,250.2,desktop,India,28
user_03565,treatment,0,73.77,336.8,desktop,UK,32
user_02869,treatment,0,59.84,175.5,desktop,US,44
user_00085,control,0,118.85,350.8,desktop,US,46
user_03451,treatment,0,57.98,260.7,mobile,India,57
user_01801,control,0,103.23,337.8,mobile,India,63
user_00942,control,1,112.97,309.3,tablet,India,65
user_00962,control,1,162.15,350.5,tablet,India,24
user_00842,control,0,124.62,302.0,desktop,US,61
user_02603,treatment,1,55.32,248.1,desktop,UK,55
user_02686,treatment,0,77.42,254.3,tablet,US,24
user_03150,treatment,0,78.31,259.3,desktop,UK,44
user_00867,control,0,78.63,263.1,desktop,UK,57
user_03719,treatment,0,21.36,197.7,tablet,UK,19
user_03050,treatment,0,131.26,232.2,desktop,India,28
user_00291,control,0,141.64,278.8,tablet,US,48
user_02012,treatment,0,94.08,196.7,mobile,UK,21
user_02544,treatment,0,73.65,238.2,mobile,US,51
user_02203,treatment,0,62.8,238.5,tablet,US,21
user_03413,treatment,0,86.08,237.9,mobile,UK,29
user_03616,treatment,1,82.66,184.7,desktop,UK,18
user_00605,control,0,153.64,343.0,desktop,US,65
user_02698,treatment,0,70.21,208.7,desktop,India,37
user_00917,control,0,100.84,246.5,mobile,US,42
user_03155,treatment,0,132.85,279.9,tablet,India,23
user_02443,treatment,0,59.0,310.6,desktop,UK,51
user_01100,control,0,85.26,226.5,tablet,UK,34
user_01089,control,0,120.02,275.5,desktop,India,31
user_03884,treatment,0,62.19,270.8,desktop,UK,21
user_03152,treatment,0,115.08,227.4,mobile,India,25
user_01625,control,1,87.89,325.6,mobile,India,42
user_02515,treatment,0,62.17,246.4,desktop,UK,62
user_00822,control,0,66.12,299.1,mobile,UK,30
user_02168,treatment,1,35.06,229.9,tablet,UK,43
user_02479,treatment,0,81.95,260.9,tablet,UK,44
user_03775,treatment,0,39.24,266.2,mobile,India,41
user_03224,treatment,0,71.2,214.0,desktop,UK,60
user_03689,treatment,0,55.23,224.8,mobile,India,19
user_01303,control,0,73.62,340.5,mobile,UK,33
user_01001,control,0,134.91,275.3,mobile,UK,42
user_03286,treatment,0,97.08,277.5,tablet,US,37
user_03561,treatment,0,69.74,295.0,desktop,US,55
user_01506,control,0,113.28,316.1,mobile,UK,19
user_01478,control,0,82.54,287.1,desktop,India,65
user_00019,control,0,147.16,349.0,mobile,India,41
user_01638,control,0,122.06,348.9,mobile,UK,21
user_01668,control,0,162.55,245.5,desktop,UK,55
user_00494,control,1,117.66,270.3,mobile,India,62
user_01126,control,0,53.92,273.0,tablet,India,25
user_01405,control,0,119.93,294.5,tablet,India,21
user_03094,treatment,0,78.22,172.5,tablet,US,37
user_03864,treatment,0,72.82,237.1,mobile,India,61
user_02722,treatment,0,94.6,229.5,mobile,UK,57
user_02448,treatment,0,68.44,244.3,desktop,India,24
user_02424,treatment,0,83.71,197.5,mobile,UK,62
user_02270,treatment,0,96.26,243.4,tablet,UK,26
user_02133,treatment,0,107.13,211.3,mobile,UK,22
user_00585,control,0,120.06,328.9,tablet,UK,65
user_02624,treatment,0,114.1,222.5,desktop,India,48
user_00688,control,1,89.74,319.9,tablet,UK,48
user_03333,treatment,0,47.79,196.6,mobile,UK,61
user_02285,treatment,0,69.31,229.9,tablet,India,67
user_03134,treatment,1,108.34,285.3,mobile,US,47
user_01609,control,0,130.58,298.6,desktop,UK,53
user_02673,treatment,0,127.9,166.1,desktop,India,69
user_02233,treatment,0,71.3,268.7,tablet,US,44
user_01010,control,1,118.52,234.5,desktop,India,63
user_03200,treatment,0,56.07,205.7,desktop,India,55
user_02308,treatment,0,80.55,273.2,tablet,India,57
user_00361,control,0,119.93,198.0,desktop,India,51
user_03397,treatment,0,75.27,295.4,mobile,US,49
user_03648,treatment,0,108.36,277.4,desktop,UK,38
user_02925,treatment,0,100.32,252.3,desktop,India,20
user_01678,control,0,134.13,287.5,tablet,US,23
user_01311,control,0,140.45,262.1,tablet,UK,53
user_01171,control,0,67.53,278.0,mobile,UK,45
user_01955,control,0,111.91,366.8,mobile,UK,51
user_00801,control,1,109.92,385.0,desktop,UK,34
user_02401,treatment,0,134.19,165.3,mobile,US,50
user_00345,control,0,111.19,357.2,mobile,US,25
user_02695,treatment,0,31.63,221.7,mobile,US,62
user_00987,control,1,97.49,265.7,tablet,UK,66
user_02526,treatment,0,95.16,168.9,desktop,US,55
user_00744,control,0,87.57,374.9,tablet,India,35
user_02947,treatment,0,86.51,234.9,desktop,UK,61
user_01672,control,1,103.3,382.7,mobile,UK,53
user_02447,treatment,0,57.48,203.0,mobile,India,45
user_02023,treatment,0,138.22,234.1,mobile,US,50
user_00114,control,0,63.54,270.9,tablet,US,54
user_01438,control,0,144.09,307.3,mobile,UK,61
user_02972,treatment,0,17.81,279.9,desktop,UK,67
user_01242,control,0,76.84,261.8,desktop,UK,65
user_01143,control,0,85.72,285.8,desktop,US,41
user_02410,treatment,0,54.41,246.3,desktop,US,61
user_01217,control,0,97.14,347.4,tablet,India,50
user_01826,control,0,72.17,386.4,tablet,US,65
user_01199,control,1,156.28,369.5,mobile,India,28
user_00086,control,0,86.71,242.0,mobile,UK,62
user_01519,control,0,118.19,278.5,desktop,UK,42
user_03834,treatment,0,74.4,291.2,desktop,India,43
user_01382,control,0,74.53,256.9,desktop,US,61
user_01376,control,0,108.91,351.0,tablet,India,42
user_00669,control,0,77.7,291.6,desktop,India,25
user_02656,treatment,0,149.81,220.5,desktop,US,39
user_01015,control,0,97.46,289.9,desktop,US,29
user_00129,control,0,165.82,241.1,desktop,US,38
user_01365,control,0,108.05,267.7,mobile,UK,21
user_03145,treatment,0,81.63,239.3,mobile,UK,66
user_02371,treatment,0,99.0,244.0,desktop,US,43
user_00892,control,0,100.62,285.3,desktop,India,28
user_03499,treatment,0,107.96,212.1,desktop,US,52
user_01360,control,0,149.95,291.6,desktop,India,48
user_00308,control,0,76.39,224.0,desktop,UK,33
user_02969,treatment,0,71.88,205.4,desktop,UK,47
user_03716,treatment,0,85.36,234.0,tablet,US,29
user_00384,control,0,108.72,207.0,mobile,UK,57
user_00151,control,0,118.67,295.5,mobile,UK,65
user_02175,treatment,1,102.95,310.1,tablet,US,37
user_01318,control,0,143.28,297.4,tablet,US,46
user_01452,control,0,116.39,388.2,desktop,UK,64
user_03865,treatment,0,37.3,212.4,desktop,India,23
user_03665,treatment,0,107.83,180.5,tablet,UK,26
user_00427,control,0,155.96,319.0,tablet,US,66
user_00495,control,0,68.41,266.6,tablet,UK,69
user_01208,control,0,114.77,225.0,tablet,UK,57
user_03634,treatment,0,104.69,251.1,tablet,India,18
user_02472,treatment,0,39.94,243.8,mobile,India,39
user_01209,control,0,102.85,208.8,mobile,UK,40
user_01821,control,1,61.86,208.9,tablet,US,22
user_03034,treatment,0,112.04,238.9,desktop,India,26
user_03218,treatment,0,98.3,257.4,desktop,UK,64
user_03672,treatment,0,85.06,240.6,mobile,India,69
user_02715,treatment,0,103.86,269.7,desktop,UK,19
user_01967,control,0,104.61,288.0,mobile,US,63
user_01240,control,0,138.86,305.9,mobile,US,39
user_02776,treatment,0,137.31,243.3,mobile,US,32
user_02180,treatment,0,80.14,215.8,desktop,India,59
user_00276,control,0,123.84,231.4,tablet,UK,29
user_00490,control,0,112.33,254.3,mobile,US,54
user_03154,treatment,0,110.34,202.4,desktop,UK,25
user_01230,control,0,149.41,258.7,tablet,UK,31
user_00691,control,0,88.8,281.8,desktop,India,65
user_03304,treatment,0,93.5,254.0,tablet,UK,32
user_02652,treatment,0,66.34,235.0,mobile,UK,46
user_02820,treatment,0,81.19,270.8,desktop,India,47
user_02529,treatment,0,104.14,167.6,tablet,US,61
user_01781,control,0,97.88,324.4,desktop,US,26
user_03663,treatment,0,93.05,283.3,mobile,US,58
user_02756,treatment,0,77.22,253.4,desktop,India,51
user_01059,control,0,78.47,311.5,tablet,US,54
user_00119,control,0,110.81,234.7,tablet,UK,67
user_01025,control,0,96.78,265.1,tablet,US,30
user_03017,treatment,0,122.38,333.4,tablet,UK,60
user_00282,control,0,48.55,306.2,desktop,US,62
user_02343,treatment,0,101.72,258.4,mobile,UK,20
user_01317,control,0,97.0,325.6,desktop,US,21
user_03092,treatment,0,40.16,285.6,tablet,US,67
user_00969,control,0,142.72,186.1,desktop,India,60
user_01666,control,0,100.76,323.4,mobile,India,33
user_03986,treatment,0,76.87,321.2,tablet,India,67
user_01906,control,0,120.96,297.1,desktop,US,29
user_02565,treatment,1,124.54,239.5,mobile,US,26
user_03938,treatment,0,80.28,273.0,mobile,India,34
user_02310,treatment,0,83.23,221.7,mobile,India,47
user_00620,control,0,86.08,334.4,tablet,US,21
user_02119,treatment,1,65.73,285.7,mobile,India,34
user_01743,control,0,118.93,346.1,desktop,US,56
user_03272,treatment,0,23.39,227.2,mobile,US,23
user_00156,control,1,104.92,239.2,mobile,UK,62
user_01848,control,0,94.5,233.0,desktop,UK,41
user_03899,treatment,0,151.51,215.7,desktop,India,29
user_01656,control,0,121.38,258.8,tablet,UK,69
user_02461,treatment,0,76.39,160.7,mobile,India,46
user_00305,control,0,146.04,283.3,desktop,India,51
user_02583,treatment,0,106.23,229.9,desktop,US,26
user_03389,treatment,0,59.78,259.2,mobile,US,21
user_03014,treatment,0,36.19,271.8,mobile,UK,58
user_01957,control,0,160.09,324.7,tablet,India,49
user_03996,treatment,0,105.77,238.0,mobile,UK,49
user_02965,treatment,0,75.46,264.2,desktop,India,51
user_01308,control,0,137.1,258.2,desktop,India,68
user_02423,treatment,0,60.05,251.2,tablet,US,31
user_00576,control,0,106.71,312.0,desktop,UK,59
user_02597,treatment,0,84.72,217.2,mobile,US,58
user_03956,treatment,0,69.47,199.0,mobile,US,24
user_03489,treatment,1,46.48,194.0,tablet,UK,59
user_01707,control,0,110.34,264.8,desktop,UK,32
user_03501,treatment,0,91.64,192.5,desktop,UK,19
user_01300,control,0,103.15,319.8,tablet,UK,67
user_00133,control,0,93.75,319.7,mobile,India,31
user_02954,treatment,0,79.26,220.8,desktop,India,52
user_03193,treatment,1,128.35,282.3,tablet,UK,59
user_00862,control,0,103.73,222.5,tablet,UK,25
user_00844,control,0,120.51,268.1,desktop,US,37
user_01802,control,0,57.48,290.4,tablet,UK,60
user_01629,control,0,76.65,263.0,mobile,India,53
user_01994,control,0,98.08,270.2,desktop,US,53
user_02589,treatment,0,93.5,220.1,tablet,UK,37
user_00270,control,0,72.27,319.0,desktop,UK,58
user_00630,control,0,107.45,318.7,desktop,US,43
user_01731,control,0,113.6,236.5,desktop,India,36
user_01034,control,0,154.96,369.5,tablet,India,23
user_02315,treatment,0,72.76,285.9,mobile,India,63
user_00287,control,0,78.12,321.5,tablet,India,21
user_01327,control,0,128.09,348.4,desktop,India,38
user_02930,treatment,0,127.29,244.9,mobile,US,37
user_00301,control,0,120.57,293.1,mobile,US,52
user_03166,treatment,0,79.69,291.0,mobile,US,40
user_02888,treatment,0,56.02,206.2,desktop,US,19
user_03589,treatment,0,72.41,213.0,mobile,UK,53
user_01448,control,0,120.7,271.5,tablet,India,42
user_01473,control,0,132.52,334.7,desktop,India,32
user_02818,treatment,0,84.06,215.3,tablet,UK,60
user_02770,treatment,0,98.85,292.7,desktop,US,24
user_01187,control,0,126.68,232.5,desktop,India,42
user_00066,control,1,140.57,281.3,tablet,India,63
user_02941,treatment,0,88.95,263.8,desktop,UK,29
user_01881,control,0,118.09,262.9,desktop,India,40
user_00891,control,0,100.09,288.1,mobile,UK,23
user_03076,treatment,0,60.94,299.5,desktop,UK,19
user_03467,treatment,0,74.56,214.9,desktop,UK,59
user_01767,control,0,118.89,366.6,mobile,India,67
user_02511,treatment,0,66.89,275.1,tablet,India,52
user_02105,treatment,0,96.46,283.4,mobile,US,22
user_02009,treatment,0,110.86,261.3,mobile,UK,20
user_00231,control,0,88.23,281.2,desktop,UK,27
user_00504,control,1,146.46,361.5,mobile,UK,56
user_02096,treatment,0,88.37,208.9,mobile,UK,51
user_02749,treatment,0,97.14,209.3,tablet,India,26
user_00381,control,0,143.13,297.6,desktop,US,45
user_03036,treatment,0,89.27,237.9,tablet,India,62
user_01526,control,1,96.82,174.7,mobile,US,28
user_03044,treatment,0,105.69,264.3,mobile,US,49
user_02116,treatment,0,79.68,224.6,desktop,US,51
user_01005,control,0,107.29,275.0,desktop,UK,55
user_01958,control,0,129.05,329.2,mobile,India,26
user_00837,control,0,119.85,305.4,mobile,India,60
user_02378,treatment,0,79.0,187.2,desktop,UK,49
user_00375,control,1,107.08,254.0,mobile,UK,27
user_02751,treatment,0,133.76,235.7,desktop,UK,61
user_02799,treatment,0,75.35,252.0,tablet,UK,55
user_02937,treatment,0,62.14,239.8,desktop,UK,59
user_00940,control,0,115.8,352.7,mobile,India,18
user_01322,control,0,107.76,368.9,tablet,UK,23
user_03556,treatment,0,92.75,286.2,mobile,UK,40
user_03400,treatment,0,74.54,248.7,desktop,India,51
user_02506,treatment,0,81.97,243.6,tablet,India,55
user_00530,control,0,96.33,311.9,tablet,UK,46
user_03047,treatment,0,68.7,144.0,desktop,US,63
user_00637,control,0,131.28,322.8,mobile,US,56
user_01270,control,0,111.17,274.0,mobile,UK,31
user_00186,control,1,139.54,302.8,tablet,UK,56
user_02507,treatment,0,57.6,261.4,tablet,UK,44
user_02625,treatment,0,100.25,318.5,mobile,UK,52
user_02267,treatment,0,73.08,231.0,tablet,UK,46
user_01798,control,0,104.96,302.5,tablet,US,54
user_01442,control,0,110.61,333.1,desktop,India,52
user_01536,control,0,119.68,361.6,desktop,US,46
user_01274,control,0,135.52,279.8,tablet,India,50
user_00608,control,1,114.12,301.5,mobile,UK,20
user_01713,control,0,90.98,342.5,tablet,UK,34
user_03971,treatment,0,53.5,259.4,desktop,US,19
user_02549,treatment,0,113.89,209.9,mobile,UK,30
user_03251,treatment,0,71.49,317.2,tablet,UK,21
user_03631,treatment,1,120.12,313.6,mobile,India,45
user_03348,treatment,0,87.83,259.7,tablet,US,29
user_01978,control,1,81.42,299.9,desktop,US,18
user_00159,control,0,63.46,313.8,tablet,US,50
user_01749,control,0,100.11,296.0,mobile,US,58
user_02321,treatment,0,91.18,234.6,desktop,India,32
user_00903,control,0,81.04,360.8,desktop,US,24
user_00353,control,1,111.76,295.3,tablet,US,59
user_01231,control,0,119.64,257.7,desktop,US,34
user_03480,treatment,0,118.21,237.7,tablet,UK,41
user_00445,control,1,97.06,305.1,desktop,UK,45
user_03916,treatment,0,84.34,319.2,desktop,UK,44
user_00755,control,0,147.78,313.1,mobile,US,49
user_01738,control,1,82.47,274.6,tablet,India,28
user_03960,treatment,0,51.68,189.5,tablet,UK,49
user_00312,control,0,136.56,298.1,desktop,UK,48
user_00549,control,0,102.25,334.1,desktop,US,41
user_02647,treatment,0,88.83,205.9,tablet,UK,50
user_02885,treatment,0,53.86,199.1,desktop,UK,34
user_00307,control,0,91.26,321.8,tablet,US,25
user_00695,control,0,129.5,292.8,desktop,US,18
user_01928,control,0,44.77,301.5,tablet,US,59
user_03071,treatment,0,65.5,210.2,desktop,UK,56
user_00750,control,0,80.8,330.4,desktop,India,43
user_01267,control,0,108.3,307.5,mobile,UK,63
user_02154,treatment,1,65.7,140.8,mobile,India,51
user_02518,treatment,0,85.5,239.1,mobile,UK,37
user_00971,control,0,125.81,376.5,tablet,UK,36
user_00014,control,0,67.61,331.9,desktop,US,40
user_00874,control,0,111.7,291.7,desktop,UK,58
user_00809,control,0,131.88,351.6,desktop,UK,25
user_00515,control,0,113.4,259.0,desktop,India,64
user_03194,treatment,0,100.79,224.7,mobile,UK,52
user_00410,control,1,137.55,309.5,mobile,US,24
user_02381,treatment,0,74.35,268.7,tablet,India,57
user_03265,treatment,1,93.37,223.0,mobile,India,28
user_00208,control,0,111.3,280.6,mobile,India,65
user_02111,treatment,0,43.86,265.4,desktop,India,52
user_00459,control,1,163.28,275.0,mobile,US,18
user_03581,treatment,0,61.74,302.8,mobile,US,34
user_02407,treatment,0,96.6,221.2,desktop,India,18
user_02900,treatment,0,87.47,210.2,tablet,UK,29
user_02459,treatment,0,59.67,282.9,tablet,US,64
user_02642,treatment,0,92.51,230.3,desktop,India,67
user_01884,control,0,81.12,297.7,tablet,US,69
user_01714,control,1,116.96,329.3,tablet,India,22
user_02590,treatment,0,102.28,232.1,tablet,US,41
user_02230,treatment,0,63.52,172.9,desktop,India,55
user_00553,control,1,96.44,266.6,tablet,India,32
user_03709,treatment,0,78.0,212.6,desktop,India,21
user_03638,treatment,0,65.57,283.6,tablet,India,48
user_01926,control,0,85.43,366.6,mobile,UK,49
user_00635,control,0,73.42,342.3,mobile,US,24
user_03676,treatment,1,76.14,250.1,tablet,UK,68
user_00317,control,0,119.78,349.3,mobile,US,53
user_03506,treatment,0,97.2,256.8,desktop,UK,56
user_03524,treatment,1,57.57,236.0,mobile,UK,42
user_01329,control,0,110.5,274.9,tablet,UK,56
user_00428,control,0,78.57,317.5,mobile,India,69
user_03209,treatment,0,104.97,233.5,mobile,UK,41
user_00106,control,0,124.81,339.6,desktop,UK,51
user_00143,control,0,108.56,359.3,desktop,US,61
user_02185,treatment,0,85.9,274.8,mobile,India,22
user_03269,treatment,0,86.42,195.7,desktop,UK,38
user_02237,treatment,0,112.15,234.8,desktop,US,50
user_01950,control,0,123.9,333.9,desktop,India,25
user_03551,treatment,0,81.8,251.3,tablet,US,47
user_03725,treatment,0,76.01,231.9,desktop,UK,21
user_02758,treatment,0,58.79,235.3,tablet,UK,22
user_03930,treatment,0,110.02,252.9,tablet,US,25
user_01952,control,0,99.19,261.9,mobile,UK,45
user_02680,treatment,0,88.97,277.2,mobile,UK,36
user_02918,treatment,0,79.75,226.2,desktop,UK,59
user_02286,treatment,0,123.82,209.5,tablet,UK,64
user_01110,control,0,88.08,295.8,tablet,India,28
user_02356,treatment,0,143.0,266.0,mobile,India,49
user_00592,control,0,114.91,246.0,desktop,US,66
user_03711,treatment,0,85.4,210.8,mobile,UK,28
user_01577,control,0,111.2,287.9,desktop,India,32
user_02588,treatment,0,87.3,233.8,mobile,US,44
user_00214,control,0,105.38,240.4,desktop,US,30
user_00779,control,0,127.12,298.1,mobile,US,20
user_03032,treatment,0,102.64,181.2,desktop,India,41
user_02466,treatment,0,87.39,217.4,desktop,US,54
user_02044,treatment,0,60.05,300.3,mobile,US,43
user_03288,treatment,0,82.76,220.6,tablet,US,40
user_02299,treatment,0,94.75,183.5,mobile,UK,44
user_02502,treatment,1,5.08,361.0,desktop,US,50
user_01568,control,0,95.14,364.5,tablet,US,48
user_03024,treatment,0,83.99,232.2,mobile,UK,32
user_03544,treatment,0,44.29,222.7,tablet,US,22
user_02354,treatment,0,70.69,254.8,tablet,UK,31
user_03609,treatment,0,67.44,192.3,mobile,US,35
user_01344,control,0,118.86,245.4,mobile,India,20
user_02014,treatment,0,37.89,241.0,desktop,UK,32
user_00274,control,0,98.34,181.8,mobile,India,43
user_00072,control,0,106.81,340.6,tablet,UK,58
user_01088,control,0,137.43,343.6,desktop,US,34
user_00395,control,0,113.27,238.8,tablet,US,19
user_00584,control,0,116.23,277.9,mobile,India,44
user_03867,treatment,0,88.95,235.9,mobile,India,32
user_02718,treatment,0,107.58,262.7,tablet,US,60
user_03826,treatment,0,56.59,220.4,desktop,UK,64
user_03649,treatment,1,104.84,218.4,mobile,US,33
user_02612,treatment,0,88.99,302.8,tablet,India,38
user_02319,treatment,0,78.13,223.7,mobile,UK,69
user_01764,control,0,120.69,288.5,mobile,UK,39
user_03011,treatment,0,83.1,222.9,desktop,India,37
user_01260,control,0,122.06,311.8,desktop,UK,22
user_00527,control,0,78.43,258.7,tablet,US,45
user_00378,control,0,93.28,294.5,desktop,India,30
user_01560,control,1,94.38,290.9,mobile,UK,48
user_02508,treatment,0,117.64,125.7,desktop,UK,64
user_01964,control,0,93.55,275.3,desktop,UK,33
user_03569,treatment,0,103.63,324.7,mobile,UK,62
user_00349,control,0,137.5,381.1,desktop,US,21
user_03140,treatment,0,68.14,285.6,mobile,US,66
user_01710,control,0,108.65,302.3,desktop,US,37
user_01051,control,0,80.76,324.7,tablet,US,46
user_00591,control,0,82.07,344.7,desktop,US,61
user_00520,control,0,106.63,286.0,mobile,India,62
user_03673,treatment,0,82.59,229.2,desktop,US,24
user_02700,treatment,0,69.82,224.3,desktop,US,62
user_01084,control,0,56.18,343.7,desktop,UK,53
user_02357,treatment,0,81.0,230.8,mobile,US,56
user_03997,treatment,1,108.52,209.2,mobile,US,61
user_01810,control,0,117.99,235.8,tablet,India,33
user_03878,treatment,0,99.24,245.2,mobile,US,57
user_00793,control,0,55.2,259.7,mobile,India,31
user_03808,treatment,0,84.99,218.5,tablet,India,64
user_01981,control,0,96.97,232.1,desktop,India,18
user_02556,treatment,0,76.18,246.6,desktop,US,24
user_02222,treatment,0,60.83,196.2,tablet,UK,38
user_01531,control,0,90.48,324.3,tablet,US,26
user_01411,control,0,117.72,270.5,tablet,India,51
user_02916,treatment,0,67.78,269.1,desktop,UK,64
user_03164,treatment,0,70.48,287.1,desktop,US,44
user_00084,control,0,128.93,323.1,desktop,UK,21
user_03137,treatment,0,138.89,268.8,mobile,UK,48
user_00021,control,0,94.02,311.9,mobile,US,29
user_02245,treatment,0,68.25,187.5,desktop,UK,68
user_01563,control,1,120.76,299.9,desktop,India,32
user_00974,control,0,131.54,277.7,desktop,US,61
user_01711,control,0,93.46,300.6,mobile,UK,64
user_02600,treatment,0,122.97,228.2,desktop,UK,35
user_01099,control,0,132.4,385.5,tablet,India,44
user_02741,treatment,0,83.47,281.3,mobile,UK,31
user_00887,control,0,91.03,366.7,desktop,US,45
user_02417,treatment,0,86.37,188.3,mobile,UK,19
user_03086,treatment,0,55.1,217.2,desktop,India,29
user_03363,treatment,0,72.36,202.6,desktop,India,50
user_00738,control,0,139.17,283.1,mobile,US,46
user_01454,control,1,105.4,264.6,mobile,UK,67
user_02973,treatment,0,53.28,306.6,tablet,UK,55
user_03526,treatment,0,74.81,250.1,tablet,US,24
user_02127,treatment,0,41.47,275.1,tablet,India,33
user_00907,control,0,106.8,193.4,desktop,US,37
user_02400,treatment,0,91.31,293.2,tablet,India,46
user_02933,treatment,1,88.55,228.2,mobile,UK,39
user_00948,control,0,144.51,217.3,tablet,India,56
user_02499,treatment,0,86.1,229.5,tablet,India,44
user_02893,treatment,0,55.52,203.7,mobile,US,23
user_00716,control,0,84.78,213.2,tablet,India,21
user_02650,treatment,0,113.89,302.6,tablet,India,38
user_00687,control,0,76.54,294.1,tablet,UK,65
user_03411,treatment,0,146.15,247.4,tablet,UK,57
user_02942,treatment,0,118.0,269.8,mobile,US,30
user_03966,treatment,0,68.66,213.0,desktop,US,33
user_00886,control,0,118.03,269.7,desktop,UK,58
user_00918,control,0,115.97,349.1,tablet,UK,21
user_02463,treatment,0,62.59,252.3,mobile,India,43
user_03660,treatment,0,86.52,221.0,mobile,UK,65
user_01266,control,0,138.58,295.2,tablet,India,68
user_00484,control,0,84.85,260.4,tablet,US,65
user_02991,treatment,0,51.24,252.5,desktop,UK,58
user_03455,treatment,0,61.61,223.3,desktop,UK,27
user_00278,control,0,105.25,264.1,tablet,UK,51
user_00989,control,0,142.16,275.2,mobile,India,49
user_02085,treatment,1,83.88,308.8,mobile,UK,27
user_01246,control,0,143.5,302.4,desktop,US,40
user_00572,control,1,74.41,320.1,tablet,India,62
user_01436,control,0,97.97,313.0,desktop,UK,68
user_00994,control,0,118.03,334.5,tablet,India,33
user_03296,treatment,0,39.85,282.7,tablet,UK,33
user_02261,treatment,0,97.78,288.7,tablet,UK,35
user_00586,control,0,114.97,356.1,mobile,UK,34
user_01350,control,0,111.26,253.8,tablet,UK,38
user_01008,control,0,115.65,317.0,tablet,UK,60
user_00675,control,0,129.23,349.0,tablet,UK,54
user_00448,control,0,107.94,309.8,mobile,US,45
user_03889,treatment,0,76.85,283.1,tablet,UK,46
user_02995,treatment,0,130.65,316.2,desktop,UK,21
user_02065,treatment,0,92.6,241.2,desktop,UK,45
user_03161,treatment,0,104.72,177.1,mobile,UK,42
user_02501,treatment,0,91.99,214.3,tablet,UK,40
user_01691,control,0,90.66,380.7,mobile,UK,26
user_03298,treatment,0,103.92,205.4,mobile,India,64
user_01248,control,0,93.26,310.9,tablet,US,51
user_01986,control,0,102.35,248.8,mobile,India,27
user_00295,control,0,116.61,374.3,tablet,UK,60
user_01548,control,0,63.53,265.4,desktop,India,56
user_02013,treatment,0,85.7,221.3,mobile,India,58
user_00589,control,0,109.49,257.4,tablet,India,35
user_02130,treatment,0,81.62,197.8,desktop,UK,22
user_03062,treatment,0,50.95,214.9,mobile,US,52
user_00426,control,0,121.58,325.4,tablet,UK,28
user_01055,control,0,134.53,284.2,desktop,India,23
user_03321,treatment,0,63.94,233.6,mobile,US,45
user_00557,control,1,163.13,305.1,tablet,India,46
user_03533,treatment,0,89.55,230.6,desktop,US,18
user_02576,treatment,0,68.87,272.3,tablet,UK,44
user_03542,treatment,0,70.38,188.4,tablet,India,53
user_03539,treatment,0,97.17,261.3,mobile,US,34
user_02697,treatment,0,64.11,224.5,mobile,US,31
user_01194,control,0,100.13,276.3,mobile,UK,40
user_01717,control,0,149.24,354.4,desktop,India,61
user_03157,treatment,0,103.79,293.9,desktop,US,38
user_03605,treatment,0,98.79,214.6,mobile,India,32
user_03923,treatment,0,70.57,255.1,tablet,US,65
user_02458,treatment,0,110.49,228.5,desktop,US,50
user_01286,control,0,132.05,339.8,mobile,UK,47
user_03464,treatment,0,76.06,224.4,tablet,UK,46
user_02581,treatment,0,116.67,248.0,tablet,US,66
user_03189,treatment,0,94.18,263.9,mobile,UK,55
user_02088,treatment,0,65.81,254.5,desktop,UK,58
user_01890,control,0,102.85,317.1,mobile,UK,21
user_01592,control,0,74.19,373.3,mobile,UK,42
user_03525,treatment,1,88.99,208.1,mobile,US,36
user_02163,treatment,0,61.7,265.6,desktop,UK,54
user_03188,treatment,0,76.28,225.7,tablet,US,38
user_02272,treatment,0,76.43,257.1,tablet,US,20
user_03217,treatment,0,62.35,246.5,mobile,UK,67
user_01138,control,1,129.03,283.2,desktop,UK,29
user_03336,treatment,0,79.85,235.5,desktop,UK,25
user_03761,treatment,0,84.56,230.2,desktop,US,50
user_03781,treatment,0,86.1,288.7,mobile,India,39
user_01712,control,0,132.54,232.0,desktop,US,59
user_03619,treatment,1,78.92,249.6,desktop,UK,18
user_00454,control,0,49.15,309.8,mobile,US,18
user_00914,control,0,133.95,296.9,desktop,UK,18
user_02670,treatment,0,87.67,194.8,desktop,India,49
user_01200,control,0,101.22,300.8,desktop,US,61
user_01275,control,0,121.58,409.5,desktop,US,63
user_00038,control,0,97.96,364.0,desktop,UK,42
user_00975,control,0,104.39,284.1,tablet,UK,27
user_00984,control,0,99.88,260.3,mobile,US,60
user_02663,treatment,0,66.02,254.0,desktop,UK,32
user_01419,control,0,71.84,204.7,tablet,UK,59
user_01561,control,0,126.66,301.7,tablet,India,63
user_00040,control,0,110.29,318.9,mobile,US,35
user_01487,control,0,126.3,328.9,desktop,UK,36
user_02543,treatment,0,85.75,233.6,mobile,US,63
user_00170,control,0,65.55,280.0,mobile,UK,67
user_01356,control,0,85.0,254.9,tablet,India,45
user_02388,treatment,0,73.0,309.5,desktop,UK,26
user_03594,treatment,0,67.42,237.0,tablet,UK,68
user_02615,treatment,0,58.84,228.4,mobile,India,23
user_02754,treatment,0,103.61,178.3,tablet,India,27
user_01641,control,0,142.63,308.6,mobile,US,18
user_01291,control,0,104.23,355.3,desktop,UK,68
user_01381,control,0,122.11,311.2,mobile,India,30
user_01934,control,0,53.96,311.1,mobile,India,54
user_00580,control,0,118.55,313.0,mobile,India,61
user_02031,treatment,0,59.08,240.7,mobile,US,65
user_00893,control,0,100.12,289.5,desktop,US,36
user_00781,control,0,144.75,242.2,tablet,UK,59
user_00160,control,0,121.81,185.7,tablet,India,21
user_00003,control,0,86.28,265.3,mobile,UK,38
user_03214,treatment,0,107.5,245.4,tablet,India,40
user_03291,treatment,0,112.52,189.7,tablet,UK,36
user_00850,control,0,122.35,330.4,desktop,UK,64
user_02402,treatment,0,136.22,248.4,tablet,India,65
user_01597,control,0,95.53,320.5,mobile,UK,42
user_01777,control,0,112.25,409.8,desktop,US,39
user_01914,control,0,143.19,380.1,desktop,UK,30
user_01044,control,0,130.84,310.7,desktop,US,20
user_01545,control,0,122.09,354.7,desktop,India,47
user_03718,treatment,0,31.79,178.9,desktop,India,62
user_00054,control,0,125.16,273.5,mobile,UK,42
user_03853,treatment,1,89.82,213.4,desktop,India,50
user_01912,control,0,124.1,285.6,desktop,US,56
user_02823,treatment,0,79.89,251.3,mobile,UK,69
user_02674,treatment,0,68.53,177.1,mobile,UK,32
user_03490,treatment,0,57.71,203.3,desktop,India,47
user_00825,control,0,149.34,275.6,mobile,India,47
user_03574,treatment,0,109.57,242.0,desktop,India,24
user_01390,control,0,54.33,361.2,desktop,US,41
user_03270,treatment,0,68.8,196.6,mobile,India,25
user_03115,treatment,0,124.29,254.7,desktop,US,61
user_01608,control,1,89.33,283.1,mobile,India,22
user_01595,control,0,123.29,274.0,tablet,UK,34
user_00772,control,0,75.02,240.5,tablet,UK,18
user_02274,treatment,0,62.45,261.2,tablet,India,50
user_01869,control,0,91.04,282.1,mobile,UK,28
user_01086,control,0,165.61,307.4,mobile,UK,56
user_02712,treatment,0,31.52,179.7,tablet,UK,33
user_01326,control,0,116.55,275.1,desktop,UK,64
user_01464,control,0,104.8,314.4,tablet,US,47
user_00807,control,0,143.68,335.2,tablet,US,44
user_02452,treatment,0,44.7,291.9,desktop,UK,49
user_02476,treatment,0,111.2,269.5,mobile,US,49
user_02109,treatment,1,106.93,169.2,mobile,UK,57
user_02827,treatment,0,83.18,153.1,mobile,UK,63
user_03929,treatment,0,56.11,236.4,mobile,India,36
user_02235,treatment,1,30.32,272.1,tablet,US,63
user_00964,control,0,73.93,319.0,tablet,UK,18
user_00399,control,1,92.51,332.1,mobile,US,36
user_03747,treatment,0,104.81,215.4,tablet,US,42
user_00705,control,0,70.5,299.3,mobile,US,60
user_00432,control,0,87.42,263.0,tablet,India,65
user_00293,control,0,127.8,287.3,desktop,US,67
user_03776,treatment,0,57.94,278.7,mobile,UK,52
user_00146,control,0,92.23,350.0,tablet,India,53
user_02721,treatment,0,98.95,275.3,tablet,UK,65
user_02034,treatment,0,97.36,240.1,tablet,India,24
user_03798,treatment,0,61.15,271.8,desktop,India,49
user_01166,control,1,83.42,296.3,tablet,UK,54
user_02051,treatment,0,87.53,223.7,tablet,US,40
user_03512,treatment,0,69.78,266.5,desktop,UK,18
user_00340,control,0,107.85,338.4,desktop,US,24
user_02415,treatment,0,92.9,243.7,tablet,India,29
user_00266,control,0,95.45,333.4,mobile,US,27
user_03104,treatment,0,81.78,261.2,desktop,UK,56
user_01772,control,0,93.94,246.7,tablet,UK,33
user_00272,control,1,141.41,251.0,desktop,UK,48
user_00697,control,0,91.79,352.2,mobile,UK,31
user_03964,treatment,0,102.41,242.6,tablet,US,57
user_00245,control,0,86.22,283.9,mobile,India,68
user_03753,treatment,0,99.97,227.9,mobile,US,47
user_00477,control,0,130.76,273.2,desktop,US,61
user_02033,treatment,0,97.45,202.2,tablet,US,54
user_03392,treatment,0,64.94,289.3,tablet,US,20
user_03075,treatment,0,68.49,252.5,tablet,UK,25
user_00814,control,0,72.6,283.6,tablet,US,53
user_01915,control,0,146.63,331.4,mobile,India,23
user_03367,treatment,0,66.07,239.9,desktop,UK,33
user_03935,treatment,0,100.51,237.6,mobile,UK,20
user_01805,control,0,106.44,266.6,desktop,US,68
user_02873,treatment,0,68.62,183.6,desktop,US,54
user_00251,control,0,121.75,272.9,desktop,UK,57
user_00546,control,0,100.19,328.0,mobile,UK,45
user_00739,control,0,111.23,287.6,desktop,India,68
user_00311,control,0,96.84,348.5,desktop,India,39
user_01132,control,0,103.13,336.3,mobile,UK,64
user_01450,control,0,126.5,260.4,mobile,India,64
user_03873,treatment,0,116.43,278.0,desktop,UK,32
user_00016,control,0,96.73,347.7,tablet,UK,40
user_03502,treatment,0,87.43,284.0,mobile,UK,27
user_02790,treatment,0,69.87,296.6,mobile,US,42
user_03205,treatment,0,66.72,244.8,desktop,India,28
user_00364,control,1,154.43,326.5,mobile,US,32
user_00183,control,0,133.5,245.2,desktop,India,50
user_01195,control,0,123.05,347.5,tablet,India,45
user_02471,treatment,0,113.32,187.3,tablet,US,64
user_01122,control,0,133.0,232.8,desktop,UK,68
user_03875,treatment,0,66.34,251.5,desktop,India,54
user_01183,control,0,111.04,317.5,mobile,India,52
user_03656,treatment,0,67.25,261.9,tablet,UK,36
user_00615,control,0,58.2,333.6,mobile,India,41
user_01467,control,0,109.33,316.1,tablet,UK,18
user_00402,control,0,88.67,288.7,desktop,US,19
user_00935,control,0,178.37,359.5,desktop,India,58
user_02420,treatment,0,54.59,245.0,mobile,India,54
user_02630,treatment,0,93.68,207.8,tablet,UK,42
user_02781,treatment,0,69.05,250.5,tablet,India,43
user_00727,control,0,83.41,357.3,mobile,US,58
user_00827,control,0,159.13,327.0,desktop,US,44
user_01522,control,0,115.42,304.4,desktop,India,69
user_00137,control,0,93.46,305.1,tablet,US,58
user_00629,control,1,84.07,273.1,mobile,US,39
user_00335,control,0,115.87,306.0,desktop,US,65
user_00391,control,0,114.55,249.0,desktop,UK,22
user_03391,treatment,0,58.79,216.7,mobile,India,61
user_01818,control,0,114.0,171.1,desktop,UK,65
user_03593,treatment,0,94.75,281.3,tablet,India,64
user_00711,control,0,104.76,313.8,mobile,US,53
user_01040,control,0,92.99,330.5,tablet,India,67
user_02606,treatment,0,83.15,194.5,mobile,US,43
user_03449,treatment,0,96.41,241.5,desktop,UK,47
user_01562,control,0,112.79,284.6,tablet,US,34
user_03669,treatment,0,82.44,305.4,desktop,US,38
user_03345,treatment,0,85.84,267.7,tablet,US,44
user_01113,control,0,105.77,301.5,mobile,India,62
user_01224,control,0,139.06,240.9,tablet,US,42
user_02654,treatment,1,79.65,210.9,desktop,US,69
user_02422,treatment,0,111.97,193.0,tablet,UK,47
user_01509,control,1,126.21,319.3,desktop,US,26
user_01751,control,0,138.92,357.2,mobile,US,64
user_03577,treatment,0,110.24,286.4,desktop,India,51
user_00339,control,0,120.53,351.8,desktop,US,67
user_00216,control,1,126.3,293.6,desktop,UK,33
user_01342,control,0,106.82,275.7,mobile,UK,32
user_03339,treatment,0,66.82,326.3,mobile,UK,36
user_03739,treatment,1,76.42,235.3,tablet,US,18
user_02575,treatment,0,75.25,217.2,desktop,India,57
user_03385,treatment,0,83.4,181.9,desktop,India,21
user_02687,treatment,0,43.99,264.6,mobile,India,30
user_02323,treatment,0,60.18,202.9,desktop,UK,28
user_00102,control,1,103.16,372.1,desktop,US,23
user_02845,treatment,0,70.48,199.3,mobile,India,50
user_00172,control,0,102.9,316.7,desktop,UK,53
user_00108,control,0,122.39,311.0,mobile,US,44
user_02788,treatment,0,59.96,236.4,mobile,India,55
user_03981,treatment,0,134.42,263.5,mobile,India,25
user_02917,treatment,0,127.12,212.5,mobile,UK,61
user_02657,treatment,0,89.33,223.7,desktop,UK,25
user_02532,treatment,0,58.64,271.9,tablet,UK,42
user_02699,treatment,0,125.55,233.6,desktop,UK,59
user_02664,treatment,1,139.94,277.6,desktop,India,31
user_02986,treatment,0,105.8,244.6,desktop,UK,67
user_03099,treatment,0,139.16,227.9,tablet,India,26
user_03424,treatment,0,82.5,245.8,tablet,India,39
user_01041,control,0,114.97,259.9,desktop,India,41
user_03832,treatment,0,85.15,260.8,desktop,India,67
user_02121,treatment,0,147.38,281.3,desktop,US,66
user_01525,control,0,98.95,282.7,desktop,UK,67
user_03404,treatment,0,80.81,138.8,tablet,US,22
user_02249,treatment,0,78.83,181.6,tablet,India,62
user_00482,control,0,108.46,358.2,mobile,India,54
user_02824,treatment,0,111.36,268.1,desktop,India,37
user_03264,treatment,0,99.9,246.5,desktop,India,20
user_01763,control,1,132.88,321.5,tablet,UK,32
user_03246,treatment,0,97.25,241.8,desktop,UK,33
user_03376,treatment,0,115.56,258.6,desktop,India,43
user_02936,treatment,0,101.45,202.6,desktop,India,33
user_02938,treatment,0,97.06,336.7,mobile,UK,52
user_00406,control,0,77.32,255.6,desktop,India,27
user_00758,control,0,108.83,392.7,desktop,US,68
user_02601,treatment,0,124.12,208.5,mobile,UK,25
user_00098,control,0,97.74,324.8,mobile,India,61
user_01334,control,0,92.97,307.0,tablet,India,50
user_03165,treatment,0,111.55,216.5,mobile,US,59
user_03687,treatment,0,77.6,267.2,mobile,India,63
user_03527,treatment,0,58.48,261.0,mobile,India,29
user_02059,treatment,0,81.48,312.5,desktop,UK,41
user_02792,treatment,0,51.05,199.7,desktop,UK,21
user_00149,control,0,159.02,297.9,desktop,India,66
user_00029,control,0,105.17,271.1,tablet,US,56
user_02716,treatment,0,98.36,311.9,tablet,US,28
user_03472,treatment,0,71.41,286.9,mobile,India,64
user_00693,control,0,117.87,350.9,tablet,UK,33
user_01387,control,0,137.18,349.5,desktop,India,27
user_01846,control,1,125.61,321.6,mobile,UK,38
user_03513,treatment,0,66.68,306.7,mobile,UK,62
user_01600,control,0,109.95,335.6,tablet,UK,56
user_00702,control,0,133.09,264.0,mobile,India,19
user_01709,control,0,88.47,286.2,desktop,UK,62
user_00455,control,1,130.3,314.9,mobile,UK,37
user_02041,treatment,1,115.33,235.6,desktop,UK,55
user_03712,treatment,0,96.92,238.5,mobile,India,24
user_02316,treatment,0,68.24,184.5,tablet,US,27
user_00610,control,1,149.23,342.9,mobile,US,57
user_00168,control,0,122.65,298.5,desktop,US,45
user_00731,control,0,79.67,334.4,desktop,UK,37
user_02857,treatment,0,112.16,161.3,tablet,UK,58
user_03575,treatment,0,109.7,236.7,mobile,UK,55
user_02639,treatment,1,91.57,291.8,tablet,UK,30
user_01623,control,0,129.06,366.7,desktop,US,31
user_00588,control,0,124.86,287.8,tablet,US,40
user_01402,control,0,80.3,252.6,tablet,UK,58
user_01701,control,0,74.78,248.1,tablet,US,18
user_02898,treatment,1,100.71,192.2,desktop,UK,63
user_03136,treatment,0,63.34,201.9,mobile,US,61
user_01380,control,0,136.41,342.0,mobile,UK,25
user_02090,treatment,0,89.69,216.5,tablet,UK,30
user_02176,treatment,0,64.88,264.4,desktop,UK,67
user_02911,treatment,0,84.38,255.8,mobile,India,46
user_03918,treatment,0,77.21,198.9,desktop,UK,27
user_03228,treatment,0,64.01,237.3,desktop,India,42
user_00442,control,0,68.13,271.6,desktop,US,51
user_02052,treatment,0,114.59,271.9,desktop,US,36
user_01302,control,0,90.99,240.1,mobile,India,30
user_03374,treatment,0,22.58,239.2,desktop,India,59
user_01305,control,0,65.59,263.7,desktop,India,28
user_00237,control,0,84.72,249.1,tablet,US,62
user_00521,control,0,146.86,271.7,mobile,US,40
user_00736,control,0,97.84,281.6,tablet,India,22
user_03531,treatment,0,140.6,223.5,tablet,India,56
user_02107,treatment,0,70.6,212.3,tablet,US,38
user_00593,control,0,131.72,259.4,desktop,UK,19
user_01304,control,1,93.46,216.9,desktop,US,40
user_01388,control,0,134.1,359.5,mobile,US,66
user_02584,treatment,0,66.76,243.5,tablet,India,63
user_03497,treatment,0,108.52,247.8,mobile,India,30
user_03714,treatment,0,113.69,218.0,desktop,UK,54
user_00905,control,0,105.6,270.4,desktop,US,20
user_03379,treatment,0,127.65,152.4,tablet,US,50
user_01280,control,0,117.52,326.8,tablet,US,58
user_03181,treatment,0,53.45,130.3,mobile,UK,43
user_03836,treatment,0,119.94,225.7,tablet,India,50
user_02309,treatment,0,30.55,195.2,mobile,US,27
user_03163,treatment,0,45.87,259.0,desktop,UK,55
user_03267,treatment,0,94.52,280.0,tablet,US,43
user_03156,treatment,0,90.19,209.0,tablet,US,32
user_00707,control,0,104.79,271.6,tablet,UK,49
user_03515,treatment,0,132.05,252.0,tablet,UK,61
user_00746,control,1,103.03,333.8,mobile,US,57
user_01940,control,0,78.71,333.1,desktop,UK,66
user_02634,treatment,0,92.66,225.2,desktop,India,46
user_00514,control,0,76.86,332.0,desktop,US,40
user_00082,control,0,86.9,218.7,tablet,India,20
user_01309,control,0,91.87,245.5,tablet,UK,22
user_03306,treatment,0,55.69,268.8,mobile,US,26
user_00915,control,0,104.35,266.6,mobile,US,37
user_03674,treatment,0,83.2,193.6,mobile,US,24
user_03658,treatment,0,104.68,272.6,desktop,US,31
user_00775,control,0,142.53,269.1,mobile,India,53
user_00330,control,0,151.66,266.3,tablet,US,23
user_02055,treatment,0,82.78,263.9,desktop,UK,43
user_02002,treatment,0,67.06,196.2,tablet,India,18
user_00944,control,0,108.8,279.8,tablet,UK,36
user_00823,control,0,97.88,369.9,tablet,US,25
user_00910,control,0,136.86,290.8,tablet,US,32
user_02517,treatment,0,163.24,239.3,mobile,US,18
user_00182,control,0,82.14,341.3,tablet,UK,63
user_00165,control,0,96.66,322.3,tablet,US,37
user_01524,control,0,94.98,267.5,tablet,India,40
user_00452,control,0,170.69,314.1,tablet,India,34
user_02539,treatment,0,44.95,256.7,mobile,India,63
user_01312,control,0,132.25,339.0,desktop,US,43
user_01112,control,0,114.51,244.1,desktop,UK,47
user_03769,treatment,0,120.8,201.9,desktop,US,22
user_01288,control,0,148.32,297.9,desktop,UK,56
user_00328,control,0,132.64,350.5,tablet,US,59
user_01791,control,0,129.4,301.5,tablet,US,39
user_02491,treatment,0,124.06,232.6,tablet,US,55
user_03535,treatment,0,70.33,161.6,desktop,UK,65
user_02008,treatment,0,72.87,256.1,mobile,US,35
user_01859,control,0,88.97,265.4,mobile,UK,25
user_00313,control,0,84.13,311.9,mobile,India,46
user_00833,control,0,103.19,239.3,tablet,US,29
user_01202,control,1,96.92,263.1,desktop,UK,69
user_03065,treatment,0,81.16,223.4,tablet,India,50
user_02608,treatment,0,88.01,283.3,mobile,US,43
user_02135,treatment,1,63.54,259.0,tablet,UK,59
user_02210,treatment,0,73.28,164.3,desktop,US,39
user_03910,treatment,1,51.37,272.7,mobile,US,60
user_01482,control,0,103.29,242.7,desktop,India,60
user_00778,control,1,118.77,288.7,mobile,India,35
user_00800,control,0,117.71,339.6,tablet,US,67
user_00055,control,0,137.23,203.6,desktop,UK,51
user_01921,control,0,99.15,301.5,tablet,UK,44
user_03436,treatment,0,84.37,207.8,desktop,UK,53
user_02955,treatment,0,87.34,286.9,mobile,US,49
user_01702,control,0,109.5,281.9,desktop,India,43
user_02162,treatment,0,62.01,233.5,tablet,India,37
user_03741,treatment,0,106.07,124.8,tablet,India,27
user_00988,control,1,89.29,337.3,mobile,UK,31
user_03133,treatment,0,98.67,262.0,desktop,UK,66
user_03602,treatment,0,83.41,246.4,tablet,UK,33
user_01395,control,0,107.79,293.8,mobile,US,65
user_00769,control,0,157.51,369.3,mobile,India,57
user_03530,treatment,0,57.95,293.0,desktop,India,67
user_00286,control,0,151.47,392.3,desktop,India,69
user_03999,treatment,0,121.02,302.8,tablet,UK,26
user_00429,control,0,123.13,298.8,mobile,India,48
user_02333,treatment,1,106.79,202.5,desktop,India,35
user_02080,treatment,0,108.56,265.8,desktop,US,36
user_00723,control,0,114.22,328.8,mobile,US,31
user_00952,control,0,104.49,318.2,desktop,UK,37
user_03029,treatment,0,123.42,229.8,desktop,India,57
user_02263,treatment,0,66.61,262.8,mobile,UK,31
user_00990,control,0,93.13,238.0,desktop,UK,51
user_03720,treatment,0,94.74,193.1,desktop,US,64
user_02688,treatment,0,61.72,165.6,desktop,US,57
user_00327,control,0,85.6,200.3,mobile,India,36
user_02609,treatment,0,106.63,207.4,mobile,US,38
user_01384,control,0,104.56,287.1,desktop,India,27
user_01725,control,0,95.79,317.9,mobile,US,56
user_01087,control,0,76.6,270.8,desktop,US,62
user_03197,treatment,0,57.9,203.3,tablet,US,56
user_00342,control,0,112.29,367.7,desktop,UK,42
user_00148,control,0,107.86,260.8,desktop,India,34
user_03096,treatment,0,69.42,310.9,desktop,India,44
user_01108,control,0,136.2,302.2,mobile,US,21
user_00849,control,0,98.66,293.7,tablet,India,60
user_00967,control,0,115.33,340.1,tablet,US,31
user_03263,treatment,0,94.62,248.1,tablet,US,46
user_02204,treatment,0,120.77,147.7,desktop,India,26
user_00662,control,0,98.57,333.4,mobile,UK,65
user_01003,control,0,60.6,294.2,desktop,India,23
user_03848,treatment,0,68.96,244.3,tablet,UK,60
user_03341,treatment,0,34.9,299.0,mobile,US,65
user_03103,treatment,0,49.57,212.2,tablet,US,44
user_03890,treatment,0,133.19,272.0,desktop,India,26
user_01880,control,0,83.86,263.4,desktop,India,36
user_03757,treatment,0,82.02,244.6,mobile,US,30
user_01204,control,0,140.29,327.3,desktop,India,64
user_01991,control,0,96.49,345.5,mobile,US,44
user_00025,control,0,91.35,288.6,tablet,US,21
user_03748,treatment,0,61.8,256.7,mobile,US,28
user_02684,treatment,0,70.37,267.8,tablet,UK,21
user_02752,treatment,0,49.9,299.2,mobile,UK,49
user_03049,treatment,1,79.88,239.4,mobile,US,18
user_00876,control,0,139.92,325.5,desktop,India,42
user_03588,treatment,0,58.59,249.2,desktop,UK,55
user_00939,control,0,55.69,293.5,tablet,India,43
user_02395,treatment,0,58.59,346.6,desktop,US,40
user_03337,treatment,1,73.72,195.7,mobile,US,38
user_03961,treatment,0,86.82,192.4,desktop,India,59
user_00386,control,0,134.15,246.4,tablet,UK,32
user_03040,treatment,1,109.72,212.2,mobile,UK,68
user_03327,treatment,0,127.71,282.4,mobile,US,36
user_02910,treatment,1,33.03,187.9,desktop,UK,36
user_02292,treatment,0,60.89,262.0,mobile,UK,36
user_03233,treatment,0,72.9,203.8,mobile,US,50
user_00937,control,1,119.83,255.0,mobile,US,25
user_03430,treatment,0,47.03,204.9,mobile,UK,39
user_02361,treatment,0,57.56,235.5,tablet,India,65
user_03897,treatment,0,75.06,280.6,desktop,India,62
user_01333,control,0,93.04,280.1,tablet,India,47
user_01935,control,0,128.05,301.1,mobile,India,39
user_00936,control,1,74.9,299.5,mobile,US,63
user_02419,treatment,0,114.44,300.4,tablet,UK,51
user_00567,control,0,77.36,375.6,mobile,UK,43
user_01855,control,1,94.5,224.7,tablet,UK,59
user_03210,treatment,1,36.41,246.5,mobile,India,47
user_02468,treatment,0,111.09,217.8,tablet,US,18
user_01646,control,1,135.27,383.9,mobile,UK,30
user_03314,treatment,0,86.23,245.8,mobile,India,63
user_01793,control,0,86.03,348.2,mobile,India,44
user_01431,control,0,142.97,380.4,desktop,UK,62
user_03072,treatment,0,109.46,260.7,desktop,UK,67
user_01014,control,0,76.55,282.2,tablet,India,40
user_01929,control,0,127.65,290.5,tablet,UK,52
user_02982,treatment,0,67.67,259.3,desktop,India,29
user_00127,control,0,148.69,328.4,tablet,US,20
user_02773,treatment,0,54.13,217.6,tablet,UK,65
user_01348,control,0,109.62,278.2,desktop,US,44
user_00356,control,0,87.52,304.2,tablet,India,46
user_00828,control,0,118.83,326.7,desktop,India,56
user_01640,control,0,79.63,255.2,desktop,India,22
user_00985,control,0,100.54,315.6,desktop,UK,27
user_02189,treatment,0,46.18,211.3,desktop,US,39
user_03387,treatment,0,70.27,272.4,mobile,US,66
user_02444,treatment,0,135.16,245.7,tablet,UK,52
user_00363,control,0,123.65,301.3,desktop,UK,21
user_02350,treatment,0,111.33,217.8,desktop,India,35
user_00346,control,0,89.36,330.8,mobile,India,26
user_02727,treatment,0,90.14,243.0,desktop,UK,53
user_03377,treatment,0,81.28,300.2,desktop,UK,40
user_00712,control,0,99.9,300.5,tablet,US,43
user_02891,treatment,0,108.29,284.0,mobile,India,48
user_03786,treatment,0,92.66,263.9,desktop,UK,46
user_00011,control,0,103.05,296.7,desktop,US,39
user_03204,treatment,0,61.59,219.3,mobile,US,43
user_02117,treatment,0,113.03,221.5,tablet,US,27
user_01835,control,0,73.48,296.2,mobile,US,36
user_00794,control,0,90.49,279.2,tablet,US,31
user_03679,treatment,0,63.37,289.0,tablet,India,55
user_02675,treatment,0,79.39,243.2,desktop,India,54
user_00095,control,0,112.93,245.7,desktop,India,35
user_00130,control,0,105.41,262.0,desktop,India,47
user_02372,treatment,0,92.54,260.7,tablet,India,67
user_02966,treatment,0,21.44,173.4,mobile,India,60
user_03870,treatment,0,92.15,251.9,tablet,India,64
user_02264,treatment,0,96.25,346.1,mobile,US,43
user_01901,control,0,104.86,273.9,tablet,US,44
user_03042,treatment,0,108.91,280.7,desktop,India,30
user_03173,treatment,0,124.41,337.4,desktop,US,21
user_01933,control,0,111.16,319.4,mobile,US,35
user_03361,treatment,0,118.69,171.1,tablet,UK,47
user_01866,control,0,122.99,277.7,desktop,UK,19
user_01659,control,0,76.27,315.9,desktop,UK,25
user_00517,control,0,139.5,287.1,desktop,India,67
user_01858,control,0,97.12,296.4,desktop,US,36
user_02646,treatment,0,67.97,204.0,tablet,UK,20
user_02244,treatment,0,72.75,202.2,desktop,US,34
user_01278,control,1,150.7,330.8,desktop,India,29
user_03855,treatment,1,92.99,251.2,desktop,UK,40
user_00951,control,0,92.53,294.5,desktop,India,23
user_01121,control,1,92.84,340.5,tablet,US,64
user_02598,treatment,0,40.82,258.1,tablet,India,29
user_02205,treatment,0,131.23,267.0,desktop,UK,20
user_00420,control,0,125.68,274.3,mobile,US,33
user_00923,control,1,113.64,348.7,mobile,US,53
user_02914,treatment,1,73.27,221.0,tablet,US,26
user_00478,control,0,94.23,293.2,desktop,India,44
user_02036,treatment,0,90.53,234.8,tablet,UK,50
user_02884,treatment,0,47.27,259.1,desktop,UK,53
user_01693,control,0,133.28,328.2,mobile,UK,22
user_03841,treatment,0,99.96,219.0,tablet,US,25
user_01472,control,0,116.67,337.9,desktop,India,56
user_02602,treatment,0,57.72,233.9,desktop,India,53
user_01203,control,0,101.17,216.4,mobile,US,52
user_02439,treatment,1,64.0,234.8,desktop,India,22
user_02627,treatment,0,97.91,241.6,desktop,US,22
user_01670,control,1,70.26,230.2,desktop,UK,54
user_03696,treatment,0,91.99,230.1,mobile,US,28
user_01971,control,0,127.87,255.9,mobile,UK,46
user_02152,treatment,0,73.35,268.2,mobile,US,37
user_00821,control,1,142.71,272.4,tablet,UK,38
user_01998,control,0,127.95,247.1,desktop,US,41
user_03823,treatment,0,75.91,311.9,mobile,US,33
user_01249,control,0,138.64,247.1,desktop,UK,65
user_03407,treatment,0,41.57,269.9,tablet,US,32
user_02713,treatment,0,44.75,246.1,mobile,UK,26
user_03541,treatment,0,22.99,318.5,tablet,US,33
user_02191,treatment,1,69.64,195.2,tablet,India,53
user_03477,treatment,0,126.84,257.2,mobile,US,32
user_01047,control,0,131.32,317.1,mobile,UK,50
user_01889,control,0,107.87,383.4,mobile,US,31
user_02470,treatment,0,92.91,317.9,desktop,India,64
user_00616,control,0,120.54,268.8,desktop,India,41
user_01319,control,1,146.66,268.2,mobile,India,33
user_03845,treatment,0,73.79,229.7,tablet,India,58
user_03885,treatment,1,91.49,237.6,desktop,US,36
user_03901,treatment,0,86.68,256.5,tablet,UK,28
user_02137,treatment,0,111.33,235.8,mobile,UK,55
user_03257,treatment,0,114.45,242.3,desktop,US,53
user_01773,control,0,127.33,355.0,desktop,US,54
user_03933,treatment,0,73.65,229.1,tablet,UK,53
user_00132,control,0,89.0,276.8,desktop,UK,64
user_02851,treatment,0,127.73,239.9,desktop,India,43
user_00078,control,0,75.19,348.9,tablet,US,41
user_02053,treatment,0,68.3,262.8,desktop,India,33
user_00725,control,0,118.01,280.5,desktop,US,27
user_01315,control,0,124.67,257.7,mobile,India,19
user_01852,control,0,73.95,307.8,tablet,US,39
user_03904,treatment,0,98.96,191.3,tablet,UK,29
user_03043,treatment,0,85.63,218.1,mobile,UK,46
user_03294,treatment,0,89.8,237.5,desktop,India,54
user_01373,control,0,110.21,270.9,tablet,UK,35
user_01856,control,0,98.4,301.2,mobile,India,37
user_01320,control,0,87.83,339.8,desktop,UK,39
user_02561,treatment,0,43.93,209.7,tablet,UK,50
user_03831,treatment,1,85.12,220.0,mobile,UK,46
user_03245,treatment,0,85.17,226.6,tablet,UK,66
user_03872,treatment,0,88.9,271.1,mobile,UK,52
user_00376,control,0,106.74,296.3,tablet,US,34
user_01909,control,0,113.13,327.6,mobile,US,28
user_00334,control,0,82.05,313.3,tablet,US,56
user_02987,treatment,0,81.04,164.4,tablet,India,52
user_03734,treatment,1,57.77,277.8,desktop,US,68
user_02366,treatment,0,87.12,211.5,tablet,UK,50
user_01605,control,0,119.7,386.9,tablet,India,57
user_01119,control,0,109.2,231.2,mobile,UK,54
user_03772,treatment,0,95.68,219.3,desktop,UK,65
user_01944,control,0,140.48,265.8,mobile,UK,19
user_02998,treatment,0,72.88,240.7,mobile,US,26
user_02377,treatment,0,77.97,195.8,desktop,India,48
user_03346,treatment,0,106.67,229.9,desktop,UK,37
user_01343,control,0,100.44,323.0,tablet,US,53
user_00321,control,0,127.2,242.6,desktop,US,18
user_01620,control,1,94.61,306.6,mobile,US,43
user_03236,treatment,0,94.04,195.7,desktop,UK,56
user_02061,treatment,0,122.12,253.2,tablet,US,57
user_02220,treatment,0,86.71,219.5,mobile,US,43
user_01674,control,0,112.48,238.5,mobile,US,45
user_01943,control,0,86.47,334.8,tablet,UK,46
user_00261,control,0,161.26,260.5,desktop,India,66
user_03114,treatment,0,107.29,321.7,desktop,India,55
user_02040,treatment,0,57.63,229.4,mobile,India,64
user_00690,control,0,115.16,276.5,tablet,India,25
user_00902,control,0,87.18,362.2,desktop,India,30
user_02307,treatment,0,79.81,205.6,desktop,India,65
user_02027,treatment,0,106.5,248.1,tablet,US,52
user_00139,control,0,79.77,377.6,tablet,India,45
user_01918,control,1,104.04,356.9,mobile,US,28
user_01829,control,0,124.27,242.6,desktop,UK,19
user_01574,control,0,159.15,304.4,tablet,US,39
user_00320,control,1,161.73,313.1,mobile,India,52
user_00654,control,0,129.56,275.6,tablet,US,49
user_02138,treatment,0,68.58,193.9,tablet,UK,30
user_03191,treatment,0,99.04,265.5,desktop,US,50
user_00559,control,0,123.09,281.5,desktop,UK,40
user_02188,treatment,0,104.52,207.9,desktop,India,39
user_00113,control,0,144.92,295.1,desktop,UK,23
user_00532,control,0,110.1,317.0,mobile,UK,32
user_00225,control,0,143.14,291.6,mobile,UK,30
user_00724,control,0,119.09,380.1,desktop,India,22
user_03213,treatment,0,95.11,238.7,desktop,US,66
user_03927,treatment,0,111.49,236.0,desktop,India,26
user_01434,control,0,89.63,257.6,desktop,India,32
user_02374,treatment,1,105.02,255.9,desktop,India,48
user_03084,treatment,0,124.04,263.1,mobile,US,69
user_04000,treatment,0,14.21,225.6,desktop,India,35
user_01459,control,0,126.21,344.5,tablet,UK,63
user_03596,treatment,0,54.44,266.5,tablet,UK,22
user_02763,treatment,0,92.44,318.8,desktop,India,59
user_00847,control,0,130.44,361.9,mobile,India,68
user_00194,control,0,135.41,230.1,tablet,India,39
user_01465,control,0,105.19,296.8,tablet,US,46
user_02622,treatment,0,89.59,221.6,mobile,US,42
user_00947,control,1,142.38,281.1,tablet,India,43
user_02022,treatment,0,82.82,267.6,tablet,US,28
user_02552,treatment,0,102.25,135.1,tablet,UK,50
user_01630,control,0,109.93,331.4,mobile,India,64
user_00118,control,0,116.67,263.4,desktop,India,31
user_00646,control,1,130.03,324.5,tablet,India,46
user_01871,control,0,88.15,311.4,tablet,UK,59
user_00004,control,0,85.11,313.8,mobile,US,36
user_00075,control,0,110.89,281.1,mobile,UK,36
user_01756,control,0,122.45,306.8,desktop,US,43
user_00468,control,0,137.22,328.9,mobile,US,47
user_00006,control,0,145.16,230.7,mobile,India,44
user_01247,control,0,66.74,283.2,mobile,India,68
user_00920,control,0,118.08,400.6,mobile,India,45
user_02596,treatment,0,35.69,282.4,mobile,India,60
user_00229,control,0,113.51,415.4,mobile,US,19
user_01064,control,0,92.93,356.6,desktop,India,38
user_02591,treatment,0,34.72,279.8,desktop,UK,44
user_00243,control,0,188.7,322.4,mobile,UK,54
user_03405,treatment,0,71.64,248.7,mobile,India,46
user_01161,control,0,105.65,300.2,desktop,US,22
user_03089,treatment,0,60.98,251.2,tablet,US,40
user_03338,treatment,0,84.12,232.3,mobile,India,63
user_03240,treatment,0,74.19,186.4,mobile,UK,65
user_02564,treatment,0,71.62,217.6,desktop,UK,25
user_02672,treatment,0,21.92,261.2,desktop,UK,55
user_01527,control,0,102.91,235.4,desktop,UK,23
user_01606,control,0,127.87,352.7,desktop,US,37
user_03710,treatment,0,78.38,273.0,desktop,UK,39
user_03970,treatment,0,74.26,286.7,mobile,India,42
user_02710,treatment,0,98.26,302.3,mobile,India,66
user_03559,treatment,1,86.5,255.5,mobile,UK,59
user_03979,treatment,0,105.55,198.8,desktop,US,29
user_01990,control,1,91.9,337.0,tablet,India,53
user_03509,treatment,0,84.24,201.3,tablet,UK,30
user_02363,treatment,0,84.28,240.2,desktop,US,39
user_01976,control,0,41.81,279.6,desktop,India,48
user_01762,control,0,132.26,299.8,desktop,UK,20
user_01306,control,0,116.4,381.7,tablet,UK,41
user_02740,treatment,0,55.46,262.7,mobile,UK,26
user_01542,control,0,119.98,239.4,mobile,India,69
user_03463,treatment,0,100.06,229.2,tablet,India,31
user_02473,treatment,0,42.64,253.9,desktop,India,33
user_02643,treatment,0,75.74,228.1,mobile,US,58
user_02796,treatment,0,103.75,183.6,mobile,US,36
user_00623,control,1,130.45,352.2,desktop,UK,52
user_03064,treatment,0,89.57,137.3,desktop,UK,28
user_01494,control,1,165.26,272.4,tablet,US,39
user_00111,control,1,109.53,358.4,mobile,UK,29
user_02276,treatment,0,92.0,234.5,desktop,US,26
user_03002,treatment,0,135.51,264.3,mobile,UK,69
user_01170,control,0,123.65,278.7,mobile,US,43
user_03258,treatment,0,84.6,244.4,desktop,UK,54
user_00233,control,1,100.65,376.4,tablet,UK,40
user_00067,control,0,99.43,301.8,mobile,US,41
user_03603,treatment,0,78.25,240.1,tablet,US,27
user_02073,treatment,0,109.62,227.0,tablet,India,66
user_02193,treatment,0,75.48,280.9,mobile,UK,30
user_00537,control,0,92.44,311.4,mobile,US,68
user_02860,treatment,0,105.41,267.4,mobile,US,58
user_00126,control,0,114.31,272.9,mobile,US,43
user_02134,treatment,0,68.24,310.8,mobile,UK,57
user_01255,control,1,99.33,303.7,mobile,UK,58
user_03292,treatment,1,58.15,280.9,tablet,UK,29
user_01977,control,0,107.12,266.8,mobile,India,29
user_03259,treatment,0,64.61,256.7,mobile,India,47
user_03078,treatment,0,44.76,263.6,desktop,US,43
user_02076,treatment,0,51.36,259.9,tablet,US,59
user_00485,control,0,100.02,374.6,tablet,India,41
user_01655,control,0,132.86,285.2,tablet,India,42
user_03852,treatment,0,83.28,239.6,mobile,UK,67
user_03680,treatment,1,100.7,197.6,tablet,India,49
user_03308,treatment,1,107.58,251.3,desktop,US,34
user_03035,treatment,0,92.04,321.7,tablet,India,19
user_03618,treatment,0,105.67,277.7,tablet,India,50
user_01775,control,0,78.02,349.0,mobile,UK,66
user_02411,treatment,0,124.71,263.1,desktop,India,34
user_03584,treatment,0,97.91,194.9,mobile,India,19
user_00919,control,0,128.3,251.9,desktop,UK,36
user_01647,control,1,132.06,335.2,desktop,India,32
user_01027,control,0,110.79,302.2,tablet,UK,65
user_01031,control,0,109.6,243.0,tablet,UK,48
user_00883,control,0,70.25,267.7,desktop,India,27
user_01336,control,0,108.16,261.7,mobile,US,47
user_02747,treatment,0,94.2,174.1,mobile,India,69
user_02943,treatment,0,48.15,264.3,tablet,US,25
user_02714,treatment,0,90.34,247.4,tablet,UK,56
user_00365,control,0,151.78,291.7,tablet,UK,35
user_02126,treatment,0,75.32,351.5,desktop,US,68
user_00028,control,0,119.74,198.7,mobile,US,58
user_00474,control,0,115.08,330.6,mobile,India,30
user_00526,control,0,104.99,256.2,tablet,US,50
user_00726,control,0,119.98,329.3,desktop,India,42
user_00056,control,0,130.69,308.8,tablet,US,61
user_00639,control,0,126.77,320.2,mobile,India,36
user_00303,control,0,112.68,293.2,tablet,US,38
user_02767,treatment,0,117.61,236.4,desktop,UK,43
user_03469,treatment,0,39.06,260.6,tablet,India,45
user_01277,control,0,68.75,270.3,desktop,India,46
user_03504,treatment,0,95.62,202.7,tablet,US,25
user_00625,control,0,110.18,315.5,tablet,India,68
user_02056,treatment,0,83.17,253.6,desktop,UK,38
user_01281,control,0,93.36,342.9,desktop,UK,58
user_02852,treatment,0,76.41,231.1,mobile,India,54
user_01050,control,0,85.33,324.2,mobile,UK,28
user_00337,control,0,145.11,305.0,mobile,India,22
user_00048,control,0,101.58,265.4,tablet,US,26
user_02879,treatment,0,67.69,301.1,mobile,India,40
user_00107,control,0,115.88,328.1,mobile,India,63
user_02398,treatment,0,86.46,197.4,desktop,US,67
user_01080,control,0,109.83,288.6,desktop,UK,66
user_02287,treatment,0,91.91,207.5,desktop,US,67
user_02262,treatment,0,54.28,248.4,desktop,UK,34
user_01145,control,0,107.86,249.5,desktop,UK,53
user_03162,treatment,0,69.37,197.0,mobile,US,40
user_02297,treatment,1,117.4,300.2,desktop,UK,56
user_02842,treatment,0,118.81,211.3,mobile,India,36
user_01837,control,0,130.08,339.8,tablet,India,53
user_01754,control,0,97.82,258.0,desktop,US,36
user_01102,control,0,86.98,269.4,desktop,US,51
user_01969,control,0,121.78,313.7,tablet,India,24
user_03009,treatment,0,56.5,278.2,mobile,India,42
user_03651,treatment,0,76.35,260.1,tablet,US,32
user_00524,control,0,122.16,296.5,desktop,UK,58
user_02281,treatment,0,67.63,330.5,tablet,UK,62
user_02693,treatment,0,84.11,231.5,desktop,US,65
user_02886,treatment,0,96.85,225.1,mobile,UK,28
user_01429,control,0,62.69,264.6,desktop,India,54
user_02582,treatment,0,44.47,220.6,desktop,UK,47
user_03468,treatment,0,82.66,290.0,mobile,India,47
user_00604,control,0,135.1,357.3,mobile,US,54
user_01490,control,0,97.28,240.0,desktop,India,69
user_03110,treatment,0,132.3,181.2,desktop,US,63
user_03231,treatment,0,34.59,256.4,desktop,US,25
user_00061,control,0,96.81,313.5,mobile,US,58
user_03659,treatment,0,84.78,186.3,tablet,India,58
user_00672,control,0,122.07,319.0,tablet,UK,50
user_00093,control,0,127.22,299.9,mobile,India,68
user_00667,control,0,119.37,325.9,tablet,US,23
user_01888,control,0,79.03,321.8,desktop,US,62
user_00281,control,0,125.91,270.7,mobile,UK,47
user_01720,control,0,125.57,265.3,mobile,US,51
user_03016,treatment,0,84.84,229.9,mobile,US,26
user_00360,control,0,81.51,340.1,desktop,India,63
user_00900,control,0,91.26,239.0,mobile,India,55
user_01936,control,0,84.73,226.3,desktop,UK,50
user_01995,control,0,130.67,300.9,mobile,US,64
user_03946,treatment,0,136.02,239.2,desktop,India,22
user_02896,treatment,0,124.31,222.7,tablet,UK,46
user_00761,control,0,51.59,314.0,mobile,US,32
user_02159,treatment,0,101.78,290.0,mobile,India,53
user_03488,treatment,0,48.16,197.9,tablet,UK,64
user_00043,control,0,111.43,334.3,desktop,UK,37
user_02174,treatment,0,64.68,175.9,tablet,US,61
user_00205,control,0,113.74,329.7,mobile,UK,50
user_01474,control,0,69.3,263.8,desktop,India,51
user_02101,treatment,0,120.04,195.6,tablet,US,28
user_02594,treatment,0,53.29,148.1,tablet,UK,35
user_00069,control,0,95.34,326.9,tablet,US,43
user_01876,control,1,94.0,228.2,mobile,US,29
user_02833,treatment,0,59.25,243.6,tablet,India,49
user_03728,treatment,0,78.38,311.6,desktop,US,59
user_02232,treatment,0,96.78,292.7,mobile,UK,60
user_00138,control,0,138.11,366.7,desktop,US,65
user_02948,treatment,0,81.72,273.6,desktop,UK,68
user_00797,control,0,108.87,267.3,mobile,UK,39
user_02181,treatment,0,90.17,222.5,tablet,UK,27
user_02129,treatment,0,118.03,272.1,mobile,India,51
user_00759,control,0,76.0,344.0,mobile,US,60
user_00542,control,0,138.46,351.6,mobile,India,39
user_01020,control,0,82.66,300.6,tablet,UK,29
user_03031,treatment,0,60.84,275.8,desktop,UK,68
user_00166,control,0,111.36,296.3,mobile,India,60
user_00249,control,0,69.89,321.6,desktop,UK,57
user_01332,control,0,72.96,316.3,desktop,India,47
user_02018,treatment,0,90.34,264.6,mobile,US,48
user_00447,control,0,50.13,237.0,mobile,US,68
user_02483,treatment,0,80.43,225.2,mobile,US,69
user_02907,treatment,0,90.84,190.0,mobile,US,29
user_01359,control,0,88.8,302.2,tablet,US,46
user_02846,treatment,0,76.25,256.9,desktop,US,21
user_02146,treatment,0,68.62,240.8,tablet,US,19
user_01330,control,0,130.23,336.1,desktop,India,64
user_03974,treatment,0,120.75,279.6,mobile,US,55
user_02786,treatment,0,82.24,268.7,mobile,UK,64
user_03876,treatment,0,89.23,309.4,tablet,India,19
user_02151,treatment,0,118.0,214.0,mobile,India,47
user_00435,control,0,97.43,312.1,tablet,UK,40
user_02123,treatment,0,103.3,278.4,tablet,US,34
user_00578,control,0,77.54,330.0,mobile,US,43
user_02901,treatment,0,99.59,228.5,mobile,India,44
user_03167,treatment,0,96.74,223.5,tablet,US,36
user_02967,treatment,0,83.07,282.2,mobile,UK,57
user_03822,treatment,0,86.61,269.7,tablet,India,18
user_03650,treatment,0,62.77,239.7,mobile,India,46
user_02449,treatment,0,116.47,258.1,tablet,US,58
user_01849,control,0,95.01,328.0,desktop,UK,44
user_00763,control,0,100.8,296.1,desktop,UK,69
user_03038,treatment,0,118.29,180.6,mobile,India,29
user_00389,control,0,61.85,255.9,desktop,US,32
user_00236,control,0,101.53,354.9,mobile,UK,18
user_03466,treatment,0,94.22,281.4,mobile,UK,42
user_01985,control,0,164.85,336.5,desktop,India,31
user_00268,control,0,133.71,237.2,desktop,UK,55
user_00771,control,0,108.66,349.6,desktop,US,52
user_02166,treatment,1,82.63,289.5,tablet,US,50
user_00438,control,0,114.9,248.5,tablet,India,35
user_00674,control,0,129.52,332.1,mobile,India,32
user_00250,control,1,74.57,306.7,desktop,UK,43
user_02202,treatment,0,83.23,183.6,tablet,India,18
user_01575,control,0,68.64,271.7,desktop,US,33
user_02143,treatment,0,112.26,229.4,tablet,US,22
user_02082,treatment,0,134.21,235.0,desktop,India,65
user_03482,treatment,0,106.55,257.1,desktop,UK,37
user_03416,treatment,0,101.14,224.5,desktop,UK,46
user_03810,treatment,0,75.93,282.0,tablet,UK,64
user_00449,control,0,144.27,308.1,mobile,India,39
user_01470,control,0,121.92,311.6,mobile,UK,61
user_00717,control,0,141.23,278.4,mobile,US,45
user_03177,treatment,1,62.21,223.2,mobile,US,38
user_03478,treatment,0,69.25,273.6,mobile,India,45
user_02049,treatment,0,82.09,213.0,desktop,India,57
user_01902,control,0,104.41,252.7,tablet,India,48
user_03311,treatment,0,136.86,272.2,tablet,India,54
user_01169,control,0,125.01,267.1,desktop,UK,22
user_00083,control,0,102.03,354.6,mobile,India,36
user_03207,treatment,0,108.76,180.3,desktop,UK,56
user_02725,treatment,0,91.6,267.2,mobile,UK,65
user_03045,treatment,0,55.05,209.2,mobile,US,44
user_01461,control,0,77.98,314.5,tablet,UK,27
user_02819,treatment,1,108.7,301.1,desktop,US,68
user_01894,control,0,90.85,244.0,tablet,India,53
user_01669,control,0,129.29,316.9,tablet,India,47
user_02757,treatment,0,103.59,209.9,tablet,US,39
user_02001,treatment,0,87.24,277.0,tablet,India,30
user_00476,control,0,79.25,280.4,desktop,US,34
user_00518,control,0,89.73,293.6,mobile,UK,21
user_03586,treatment,0,100.15,232.2,desktop,US,29
user_00405,control,0,87.14,270.6,mobile,US,38
user_00385,control,0,120.63,305.8,mobile,UK,38
user_03219,treatment,0,138.61,175.5,tablet,UK,43
user_02153,treatment,0,68.13,286.2,desktop,India,59
user_01634,control,0,101.92,299.0,desktop,US,35
user_03812,treatment,0,136.53,222.5,mobile,US,29
user_00689,control,0,84.23,307.0,mobile,India,55
user_03232,treatment,0,85.83,236.5,tablet,UK,58
user_02875,treatment,0,87.15,282.0,desktop,US,44
user_01241,control,0,152.08,330.2,tablet,India,45
user_00063,control,0,69.14,278.1,tablet,US,20
user_00853,control,1,124.54,337.3,mobile,India,39
user_03661,treatment,0,135.88,320.1,mobile,US,27
user_03283,treatment,0,52.39,281.3,mobile,US,62
user_01263,control,0,106.94,280.8,desktop,UK,56
user_00224,control,0,151.39,298.9,mobile,UK,25
user_02194,treatment,0,85.8,240.2,desktop,US,29
user_00374,control,0,71.2,277.6,desktop,US,54
user_01825,control,0,108.25,248.5,desktop,US,41
user_03365,treatment,0,70.06,286.7,tablet,UK,57
user_03825,treatment,0,69.15,236.3,mobile,UK,57
user_03453,treatment,0,94.13,245.5,desktop,India,34
user_03572,treatment,0,78.29,208.2,tablet,US,37
user_02872,treatment,0,72.19,233.6,tablet,India,55
user_00010,control,1,130.32,325.1,desktop,US,60
user_02498,treatment,0,55.44,235.6,desktop,India,20
user_01945,control,0,107.46,322.7,mobile,India,67
user_01839,control,0,151.68,343.2,tablet,UK,46
user_00709,control,0,109.21,296.2,desktop,US,34
user_00256,control,0,104.03,254.8,tablet,UK,63
user_02931,treatment,0,89.18,286.8,tablet,India,27
user_01618,control,0,93.05,260.0,tablet,UK,51
user_00390,control,0,101.35,310.8,desktop,UK,50
user_01582,control,0,109.82,268.5,desktop,US,34
user_02957,treatment,0,114.67,208.8,tablet,UK,39
user_00925,control,1,103.25,337.1,mobile,US,50
user_03692,treatment,0,87.33,284.7,tablet,India,18
user_03138,treatment,0,105.01,250.1,tablet,UK,45
user_02509,treatment,1,65.14,166.7,desktop,US,48
user_02037,treatment,0,72.9,198.0,desktop,US,68
user_03182,treatment,0,47.07,245.3,desktop,India,48
user_01225,control,0,148.85,337.5,tablet,UK,22
user_03007,treatment,0,81.49,210.3,mobile,UK,51
user_02550,treatment,1,101.71,231.0,desktop,US,47
user_01947,control,0,134.96,352.9,mobile,UK,65
user_00740,control,0,139.05,227.9,desktop,India,64
user_00041,control,0,132.55,311.1,tablet,US,62
user_00869,control,0,88.7,348.4,tablet,US,54
user_02780,treatment,0,71.29,245.4,desktop,US,62
user_00540,control,0,73.34,275.7,tablet,India,43
user_02746,treatment,0,144.18,213.6,desktop,India,65
user_03331,treatment,1,45.56,306.9,desktop,UK,35
user_02724,treatment,0,93.19,230.2,desktop,India,64
user_01372,control,0,149.51,283.9,mobile,US,49
user_01146,control,0,112.08,262.0,mobile,UK,53
user_01032,control,0,121.91,284.1,tablet,India,21
user_00373,control,0,133.6,375.2,mobile,India,40
user_00668,control,0,97.18,346.5,mobile,UK,55
user_03020,treatment,0,75.16,224.2,tablet,UK,24
user_00358,control,0,88.67,245.6,mobile,India,39
user_00968,control,0,125.58,312.6,tablet,UK,47
user_02832,treatment,0,90.83,284.6,tablet,US,22
user_02784,treatment,0,113.67,290.0,desktop,UK,27
user_01354,control,0,100.53,326.4,desktop,US,60
user_01036,control,0,96.86,357.5,mobile,UK,24
user_03019,treatment,0,54.64,237.0,desktop,India,49
user_00471,control,0,117.39,320.8,desktop,UK,56
user_03554,treatment,0,80.86,179.7,desktop,US,50
user_01397,control,0,96.48,317.5,tablet,US,56
user_03975,treatment,0,90.93,171.7,mobile,India,68
user_01550,control,0,95.1,381.3,tablet,UK,53
user_01257,control,0,101.36,261.0,mobile,UK,32
user_02095,treatment,0,64.99,209.2,tablet,UK,29
user_01556,control,0,106.69,308.8,mobile,UK,19
user_03439,treatment,1,62.55,226.6,mobile,India,61
user_01251,control,1,129.96,244.3,mobile,UK,45
user_01700,control,0,119.48,244.7,mobile,India,22
user_01253,control,0,129.43,275.0,desktop,UK,69
user_03681,treatment,0,101.89,348.9,tablet,US,51
user_03705,treatment,0,120.35,279.6,desktop,UK,60
user_02934,treatment,0,147.17,324.5,mobile,UK,38
user_00080,control,0,89.01,333.4,tablet,India,27
user_01173,control,0,106.72,276.2,desktop,India,36
user_00815,control,0,99.72,337.7,tablet,India,50
user_01853,control,0,76.21,384.8,desktop,India,23
user_02221,treatment,0,72.5,166.7,tablet,India,25
user_02720,treatment,0,77.29,342.7,desktop,UK,31
user_03495,treatment,0,65.63,247.6,desktop,India,51
user_02106,treatment,0,87.01,241.5,desktop,US,65
user_00134,control,0,152.29,287.6,tablet,UK,64
user_01141,control,0,126.03,285.9,tablet,UK,51
user_00934,control,0,84.12,342.3,mobile,India,25
user_00929,control,0,93.15,253.1,mobile,India,30
user_00824,control,1,121.28,283.1,tablet,US,61
user_01532,control,0,87.8,317.5,mobile,India,25
user_01215,control,0,91.27,300.7,desktop,UK,32
user_00505,control,0,75.8,244.7,tablet,UK,37
user_03952,treatment,0,81.87,242.3,tablet,US,53
user_02396,treatment,0,86.39,244.0,mobile,India,19
user_01997,control,0,105.31,277.6,mobile,UK,20
user_02435,treatment,1,88.05,200.6,tablet,US,57
user_03073,treatment,0,137.42,254.2,mobile,US,40
user_01959,control,0,103.27,308.0,mobile,India,52
user_01385,control,0,119.97,294.3,mobile,US,58
user_00895,control,1,101.15,237.8,mobile,India,49
user_00829,control,0,92.21,314.4,mobile,US,40
user_03940,treatment,0,96.34,200.3,mobile,UK,26
user_02524,treatment,0,90.24,230.6,desktop,India,50
user_01684,control,1,44.7,274.0,tablet,UK,50
user_03423,treatment,0,56.39,204.8,desktop,UK,56
user_03686,treatment,0,60.42,239.0,desktop,India,64
user_03335,treatment,0,94.6,260.7,tablet,US,47
user_00653,control,0,74.47,322.0,mobile,India,54
user_00173,control,0,104.15,253.7,tablet,US,23
user_03198,treatment,0,67.57,223.2,desktop,India,48
user_00039,control,0,84.88,292.5,desktop,UK,21
user_03815,treatment,0,47.26,230.0,desktop,India,56
user_00714,control,0,109.43,280.1,tablet,India,52
user_00091,control,1,105.76,298.8,mobile,US,26
user_03936,treatment,0,67.59,245.0,mobile,India,47
user_01206,control,1,116.06,322.6,mobile,UK,52
user_02924,treatment,0,54.37,158.3,tablet,India,45
user_03280,treatment,0,117.26,262.2,mobile,US,53
user_03435,treatment,0,49.8,240.8,tablet,India,61
user_03142,treatment,0,99.33,217.9,mobile,India,58
user_01828,control,1,98.69,304.5,mobile,US,52
user_01156,control,0,125.63,304.1,mobile,US,53
user_01325,control,0,105.93,315.6,desktop,UK,59
user_00217,control,0,82.5,355.6,tablet,UK,62
user_00511,control,0,88.06,306.1,desktop,India,42
user_01681,control,0,68.35,272.6,tablet,US,55
user_00500,control,0,54.54,339.5,mobile,India,65
user_03287,treatment,0,48.74,285.0,desktop,India,36
user_01857,control,1,58.78,297.4,desktop,UK,33
user_01389,control,0,165.17,292.5,mobile,India,32
user_01520,control,1,88.19,218.7,mobile,India,46
user_02387,treatment,0,91.72,253.5,tablet,US,44
user_03622,treatment,0,82.8,273.2,tablet,UK,65
user_02077,treatment,0,151.51,194.7,tablet,India,19
user_01541,control,0,103.6,254.4,tablet,UK,26
user_01218,control,0,115.37,274.2,mobile,US,57
user_02682,treatment,0,68.17,336.1,mobile,UK,54
user_03819,treatment,0,110.8,266.5,mobile,India,23
user_02994,treatment,0,56.95,250.8,mobile,US,58
user_01417,control,0,135.04,302.9,mobile,US,23
user_02218,treatment,0,51.41,236.3,desktop,UK,56
user_03892,treatment,0,74.54,241.7,desktop,US,23
user_01677,control,0,178.22,282.9,tablet,US,60
user_01198,control,0,130.93,399.0,mobile,UK,49
user_01543,control,0,109.89,231.3,tablet,UK,30
user_02961,treatment,0,96.54,270.6,mobile,UK,24
user_02540,treatment,0,101.02,208.9,tablet,US,53
user_00954,control,1,122.12,299.3,desktop,UK,18
user_03146,treatment,0,100.96,213.5,tablet,India,46
user_03081,treatment,0,81.16,192.0,mobile,UK,23
user_02636,treatment,0,60.33,261.6,mobile,UK,60
user_00751,control,1,116.04,293.1,desktop,UK,40
user_02706,treatment,0,131.34,218.6,desktop,India,30
user_00235,control,0,180.66,286.2,tablet,India,49
user_00733,control,0,93.94,327.6,mobile,India,26
user_03989,treatment,0,133.08,257.2,desktop,India,42
user_03607,treatment,0,119.71,173.3,desktop,India,69
user_01157,control,0,164.19,306.3,mobile,UK,33
user_03450,treatment,0,116.68,251.4,desktop,India,35
user_02446,treatment,0,85.46,217.3,mobile,UK,36
user_02983,treatment,0,39.58,248.3,desktop,US,26
user_01210,control,0,130.52,263.3,desktop,US,57
user_01066,control,0,100.7,309.3,desktop,India,45
user_02157,treatment,0,56.66,243.7,tablet,US,51
user_01063,control,1,115.46,323.0,tablet,India,36
user_02617,treatment,0,59.26,220.2,tablet,UK,19
user_01168,control,0,128.14,234.5,mobile,UK,41
user_03223,treatment,0,100.29,186.2,desktop,India,59
user_01493,control,0,129.0,246.1,tablet,US,68
user_02939,treatment,0,68.52,250.1,desktop,UK,53
user_02996,treatment,0,131.57,182.3,tablet,UK,41
user_03097,treatment,0,115.77,209.5,mobile,US,50
user_03281,treatment,0,69.55,303.3,mobile,US,35
user_03543,treatment,1,121.3,263.2,tablet,UK,22
user_03141,treatment,0,65.68,198.8,mobile,UK,46
user_00885,control,0,123.24,320.0,mobile,US,55
user_00144,control,0,141.27,331.9,desktop,US,49
user_03922,treatment,0,43.63,192.8,desktop,US,67
user_00851,control,0,93.73,292.4,tablet,US,60
user_02783,treatment,0,126.58,206.3,tablet,India,19
user_00718,control,0,117.87,282.0,tablet,UK,55
user_03788,treatment,0,55.15,338.1,mobile,US,56
user_02503,treatment,0,58.96,186.9,mobile,India,65
user_00265,control,0,143.7,361.8,mobile,India,65
user_00076,control,0,130.45,289.6,tablet,US,32
user_02493,treatment,0,74.02,260.8,tablet,India,69
user_00396,control,0,116.37,268.7,tablet,US,54
user_03382,treatment,0,71.39,185.2,tablet,UK,21
user_02225,treatment,1,66.77,246.2,tablet,India,22
user_03091,treatment,0,79.96,228.3,desktop,US,23
user_03727,treatment,0,30.37,280.6,tablet,UK,69
user_00397,control,0,105.01,280.7,desktop,UK,53
user_01366,control,0,111.7,296.6,mobile,India,33
user_03316,treatment,0,119.69,316.9,mobile,US,36
user_01904,control,0,56.51,324.8,desktop,US,64
user_00596,control,0,125.83,358.9,mobile,US,68
user_02110,treatment,0,72.3,208.5,desktop,UK,24
user_01297,control,0,145.23,298.0,desktop,UK,25
user_01822,control,0,87.42,301.3,mobile,India,36
user_00873,control,0,83.17,306.7,tablet,UK,45
user_03448,treatment,0,113.66,252.0,mobile,India,68
user_03877,treatment,0,119.12,236.1,mobile,UK,64
user_02327,treatment,0,86.74,237.4,tablet,US,32
user_01549,control,0,157.48,312.1,tablet,India,27
user_00037,control,0,154.57,306.2,desktop,India,53
user_03476,treatment,0,97.59,206.1,mobile,India,46
user_02711,treatment,0,35.29,255.2,mobile,US,20
user_03353,treatment,0,62.99,213.1,tablet,UK,61
user_02144,treatment,0,70.68,168.8,mobile,India,55
user_03532,treatment,0,117.6,217.7,tablet,US,22
user_00978,control,0,86.13,342.3,desktop,UK,45
user_01572,control,0,85.19,381.1,tablet,India,19
user_01123,control,0,130.6,293.2,mobile,UK,58
user_02787,treatment,0,107.31,210.3,tablet,UK,20
user_02240,treatment,0,65.2,199.8,desktop,India,45
user_02968,treatment,0,75.77,212.5,tablet,US,39
user_02505,treatment,1,51.41,251.7,tablet,UK,41
user_01893,control,0,124.18,258.1,desktop,US,40
user_00676,control,1,61.96,299.0,tablet,UK,26
user_02809,treatment,1,112.47,252.1,mobile,India,53
user_03069,treatment,0,72.86,233.2,mobile,US,69
user_00729,control,0,84.35,288.3,tablet,UK,34
user_00413,control,0,113.37,271.4,mobile,India,67
user_03147,treatment,0,129.1,249.1,mobile,UK,18
user_01517,control,0,149.8,213.1,desktop,India,25
user_01650,control,0,74.79,287.5,tablet,US,19
user_00826,control,0,97.37,292.6,tablet,US,25
user_03268,treatment,0,115.83,279.8,tablet,India,25
user_00617,control,0,136.85,241.0,desktop,India,67
user_00115,control,0,102.01,352.9,tablet,India,24
user_00418,control,0,104.36,275.2,mobile,US,30
user_03070,treatment,0,94.96,194.9,tablet,US,36
user_01626,control,0,95.06,270.7,desktop,US,51
user_03018,treatment,0,105.69,230.5,tablet,US,25
user_02653,treatment,0,100.75,231.0,tablet,India,46
user_03917,treatment,0,109.2,165.4,tablet,US,21
user_00090,control,0,153.64,304.7,mobile,US,62
user_02897,treatment,0,93.96,262.7,desktop,US,21
user_03481,treatment,0,57.72,287.2,tablet,UK,59
user_02083,treatment,0,74.81,230.6,tablet,India,54
user_00754,control,0,93.84,274.0,desktop,India,59
user_02547,treatment,0,70.79,222.3,tablet,US,65
user_03325,treatment,0,120.62,243.2,desktop,UK,25
user_01631,control,0,88.13,266.9,mobile,US,22
user_00012,control,0,89.97,339.1,desktop,US,36
user_02445,treatment,0,92.31,230.2,tablet,India,53
user_00285,control,1,101.61,165.0,tablet,UK,63
user_01067,control,0,99.01,335.4,tablet,US,34
user_01192,control,0,89.95,302.3,desktop,India,59
user_01441,control,1,114.23,270.0,tablet,UK,18
user_03982,treatment,0,57.94,211.8,desktop,India,37
user_03731,treatment,0,83.64,247.8,mobile,US,57
user_02739,treatment,0,45.46,160.4,tablet,UK,53
user_03606,treatment,0,73.69,315.8,desktop,UK,28
user_01569,control,0,115.66,248.9,desktop,US,26
user_02428,treatment,0,93.8,200.7,mobile,UK,24
user_02738,treatment,0,109.93,231.2,mobile,India,66
user_03484,treatment,0,113.38,234.9,mobile,US,46
user_01688,control,0,85.8,282.2,desktop,India,63
user_00852,control,0,80.91,289.6,mobile,India,28
user_02208,treatment,0,73.54,299.4,tablet,US,35
user_00896,control,1,118.08,320.2,mobile,US,19
user_00497,control,0,93.5,284.5,desktop,UK,35
user_02306,treatment,0,99.43,196.9,tablet,US,47
user_01783,control,0,146.06,227.5,mobile,India,50
user_00336,control,0,96.66,290.0,tablet,UK,68
user_02840,treatment,0,88.15,249.7,mobile,UK,38
user_03088,treatment,0,109.73,210.3,tablet,UK,26
user_00516,control,0,133.55,364.9,tablet,UK,19
user_01349,control,0,98.35,306.5,desktop,India,23
user_01016,control,0,55.15,289.9,mobile,UK,30
user_02817,treatment,0,107.76,237.4,mobile,US,25
user_03745,treatment,0,85.92,235.6,desktop,US,49
user_03738,treatment,0,89.31,198.3,tablet,US,30
user_02810,treatment,0,83.72,249.8,mobile,US,69
user_03295,treatment,0,101.06,218.6,desktop,UK,51
user_03252,treatment,0,85.42,285.3,mobile,UK,67
user_03771,treatment,0,92.53,211.6,desktop,India,67
user_03984,treatment,0,97.58,217.6,desktop,US,59
user_01782,control,0,134.43,332.9,desktop,UK,69
user_02570,treatment,0,105.96,208.5,mobile,India,33
user_01786,control,0,139.26,299.0,tablet,UK,31
user_02071,treatment,0,76.89,269.1,tablet,India,39
user_00357,control,0,118.56,306.6,desktop,UK,60
user_03802,treatment,0,83.44,257.2,desktop,India,47
user_03326,treatment,0,140.82,277.5,desktop,UK,30
user_01313,control,0,113.41,321.9,mobile,UK,45
user_01636,control,0,128.69,328.8,desktop,US,28
user_00551,control,0,85.03,332.9,mobile,UK,32
user_02389,treatment,0,68.53,245.0,tablet,India,45
user_02480,treatment,0,88.42,209.9,desktop,India,59
user_02522,treatment,0,74.44,222.4,mobile,US,23
user_02266,treatment,0,94.31,262.9,desktop,US,49
user_02960,treatment,0,95.66,188.1,mobile,India,28
user_01228,control,0,102.6,330.0,mobile,UK,57
user_03567,treatment,0,93.56,214.1,tablet,US,27
user_03060,treatment,0,132.79,279.6,mobile,India,19
user_00958,control,0,115.49,321.3,desktop,India,20
user_01774,control,0,131.51,355.0,desktop,UK,53
user_02142,treatment,0,74.55,270.4,desktop,UK,67
user_01009,control,0,135.22,308.8,tablet,India,36
user_03119,treatment,0,63.65,252.4,mobile,UK,48
user_01093,control,1,119.02,292.9,desktop,India,65
user_03558,treatment,0,47.57,252.1,mobile,US,46
user_03357,treatment,0,116.03,272.9,desktop,India,65
user_02745,treatment,0,83.81,247.5,tablet,India,62
user_03789,treatment,0,67.06,319.0,mobile,India,60
user_00997,control,0,100.29,234.3,tablet,US,39
user_01680,control,0,68.04,318.0,desktop,US,33
user_00154,control,0,124.03,276.6,tablet,UK,56
user_03148,treatment,0,91.01,309.1,tablet,US,38
user_03708,treatment,0,72.0,178.5,desktop,India,52
user_02909,treatment,0,111.15,286.3,desktop,US,26
user_02838,treatment,0,93.75,222.8,tablet,India,52
user_00581,control,0,93.48,297.6,mobile,India,42
user_01471,control,0,65.59,279.2,tablet,India,21
user_00704,control,0,139.58,292.4,mobile,UK,40
user_01213,control,0,104.61,332.3,tablet,India,46
user_03344,treatment,0,98.02,260.5,tablet,US,47
user_00897,control,0,132.41,282.6,tablet,US,56
user_03309,treatment,1,101.36,223.0,mobile,UK,55
user_00488,control,0,101.16,301.7,mobile,US,46
user_00560,control,0,96.58,321.8,tablet,US,34
user_01142,control,0,126.47,267.7,tablet,India,43
user_01120,control,0,85.97,291.8,mobile,US,59
user_02850,treatment,0,116.48,242.5,desktop,India,59
user_00513,control,0,97.72,254.2,tablet,UK,44
user_00634,control,0,110.41,220.5,tablet,UK,48
user_03434,treatment,0,126.49,275.9,desktop,UK,61
user_01665,control,0,86.63,240.5,tablet,UK,62
user_01013,control,0,125.28,289.8,mobile,India,54
user_01932,control,0,144.68,349.4,tablet,India,20
user_01151,control,0,166.71,245.8,mobile,US,59
user_02839,treatment,0,91.18,189.6,desktop,India,59
user_03740,treatment,0,87.35,264.6,tablet,UK,29
user_00117,control,0,90.67,310.4,desktop,UK,36
user_00741,control,0,123.75,301.8,mobile,India,21
user_03677,treatment,0,63.29,273.2,desktop,UK,52
user_01975,control,0,87.14,311.7,tablet,US,52
user_01082,control,0,110.69,283.6,desktop,India,40
user_01811,control,0,89.59,288.1,desktop,US,34
user_00831,control,0,128.39,290.1,mobile,US,32
user_00120,control,0,81.95,332.1,tablet,India,38
user_00657,control,0,138.44,313.5,mobile,US,21
user_03635,treatment,0,38.59,246.1,desktop,US,52
user_03693,treatment,1,132.12,213.7,tablet,US,39
user_03906,treatment,0,118.16,289.2,mobile,India,58
user_00636,control,0,90.99,337.0,mobile,India,39
user_00370,control,0,125.47,324.9,mobile,US,26
user_00269,control,0,86.46,287.4,mobile,India,34
user_02704,treatment,0,99.93,216.3,tablet,US,22
user_02984,treatment,0,101.62,185.9,tablet,UK,54
user_02871,treatment,0,92.45,249.9,tablet,India,39
user_02915,treatment,0,112.49,280.9,tablet,UK,30
user_00047,control,0,108.45,255.4,mobile,UK,51
user_03422,treatment,1,47.18,228.8,desktop,US,52
user_03698,treatment,0,94.2,224.8,desktop,India,31
user_00992,control,1,140.66,309.3,tablet,UK,56
user_00877,control,0,129.11,309.5,tablet,US,27
user_00774,control,0,97.51,212.7,desktop,India,67
user_01220,control,0,139.59,253.8,mobile,UK,50
user_01127,control,0,68.4,252.4,mobile,UK,20
user_00005,control,0,129.17,323.8,desktop,US,40
user_03052,treatment,0,132.12,237.4,mobile,UK,66
user_01596,control,0,93.56,311.3,mobile,India,29
user_03125,treatment,0,62.83,225.0,desktop,UK,21
user_02312,treatment,0,83.29,225.1,mobile,UK,65
user_03041,treatment,0,37.93,218.7,tablet,US,57
user_03828,treatment,0,116.29,246.6,desktop,US,63
user_02492,treatment,0,77.13,204.4,desktop,US,58
user_03051,treatment,0,92.44,318.6,mobile,India,40
user_01078,control,0,111.48,264.8,desktop,India,38
user_00838,control,0,94.88,240.0,desktop,UK,47
user_00682,control,0,132.12,318.9,tablet,India,45
user_01716,control,0,125.82,278.8,mobile,US,68
user_02353,treatment,0,115.61,314.0,desktop,UK,48
user_03414,treatment,0,90.22,226.9,mobile,India,21
user_02618,treatment,0,70.05,242.0,mobile,India,25
user_02362,treatment,0,85.16,207.0,tablet,India,44
user_02198,treatment,0,119.91,283.5,tablet,UK,28
user_01149,control,0,73.63,357.9,mobile,India,66
user_03262,treatment,1,66.88,263.0,desktop,UK,28
user_00575,control,1,130.17,329.4,mobile,India,29
user_00051,control,0,118.4,272.5,tablet,UK,44
user_00854,control,0,121.6,272.2,tablet,UK,59
user_01983,control,0,105.83,300.6,mobile,UK,32
user_02775,treatment,0,114.17,258.8,desktop,India,65
user_01824,control,0,133.94,361.6,tablet,India,68
user_00834,control,0,114.05,310.3,desktop,UK,67
user_03426,treatment,0,127.03,133.5,desktop,India,45
user_01116,control,0,128.97,316.9,desktop,India,45
user_01167,control,0,102.74,266.3,tablet,India,36
user_02519,treatment,0,62.71,284.2,tablet,US,23
user_01907,control,0,91.58,266.5,tablet,India,31
user_00972,control,0,71.64,319.1,tablet,India,36
user_02702,treatment,1,84.91,276.1,desktop,US,25
user_00400,control,0,106.58,312.7,desktop,India,44
user_02560,treatment,0,54.79,207.1,mobile,UK,42
user_02369,treatment,1,73.6,239.6,mobile,US,50
user_00020,control,0,130.56,315.2,mobile,India,29
user_00685,control,0,64.98,308.2,desktop,India,24
user_00036,control,0,63.47,346.3,desktop,India,47
user_02951,treatment,0,96.54,216.1,desktop,US,42
user_03994,treatment,1,105.3,262.3,desktop,US,65
user_02876,treatment,0,56.95,263.7,desktop,UK,24
user_00525,control,0,123.28,306.8,tablet,UK,40
user_02456,treatment,0,73.21,182.6,mobile,US,62
user_00921,control,0,116.79,326.5,mobile,US,27
user_01842,control,0,169.71,298.3,desktop,US,26
user_01891,control,0,89.08,228.8,desktop,India,21
user_00538,control,0,69.41,272.6,mobile,US,38
user_02807,treatment,0,87.91,224.5,tablet,India,51
user_01706,control,0,134.21,245.7,desktop,India,19
user_03903,treatment,1,61.7,327.2,tablet,US,23
user_03111,treatment,0,45.85,175.6,desktop,US,30
user_03248,treatment,0,97.52,348.3,mobile,India,35
user_00246,control,0,105.64,295.4,mobile,US,68
user_03465,treatment,0,106.18,247.4,tablet,India,24
user_03176,treatment,0,70.13,253.3,tablet,UK,38
user_00785,control,0,97.97,355.2,desktop,UK,46
user_01410,control,0,95.45,334.8,desktop,UK,64
user_02538,treatment,0,71.55,315.7,desktop,UK,49
user_00155,control,0,112.55,249.5,mobile,US,45
user_03010,treatment,1,113.83,252.7,tablet,US,38
user_01687,control,0,150.43,301.2,mobile,UK,26
user_02902,treatment,0,59.53,234.7,desktop,India,42
user_03360,treatment,1,85.71,238.9,tablet,UK,20
user_00626,control,0,81.1,320.2,desktop,India,66
user_02734,treatment,0,70.94,211.4,tablet,US,54
user_03833,treatment,0,35.7,164.6,tablet,US,66
user_01347,control,0,117.93,340.0,desktop,UK,57
user_00570,control,0,85.09,314.2,tablet,UK,47
user_03907,treatment,0,101.49,259.9,desktop,India,25
user_01759,control,0,133.13,357.0,tablet,UK,69
user_01817,control,0,94.8,312.4,mobile,UK,60
user_02066,treatment,0,60.66,242.7,desktop,India,58
user_00128,control,0,107.33,262.4,tablet,US,32
user_03395,treatment,0,109.0,273.0,mobile,US,36
user_03328,treatment,0,100.74,252.8,mobile,UK,20
user_03969,treatment,0,80.75,271.1,desktop,India,56
user_02007,treatment,0,104.0,277.9,desktop,India,48
user_02976,treatment,0,92.65,267.3,mobile,India,36
user_00981,control,0,127.25,321.3,tablet,US,32
user_03965,treatment,1,84.72,233.0,tablet,US,22
user_00191,control,1,113.03,224.0,tablet,US,24
user_01140,control,0,106.61,323.2,mobile,UK,42
user_00993,control,0,92.75,319.7,desktop,UK,49
user_00700,control,0,126.47,193.4,tablet,India,21
user_03636,treatment,0,115.06,206.6,desktop,UK,32
user_00607,control,0,98.64,298.7,mobile,India,69
user_00181,control,0,155.68,291.5,tablet,India,36
user_00302,control,0,104.62,166.3,mobile,US,56
user_02545,treatment,0,54.59,278.6,mobile,UK,50
user_03684,treatment,0,77.94,212.8,desktop,India,67
user_03699,treatment,0,48.52,218.3,desktop,India,44
user_01061,control,0,103.96,379.9,desktop,UK,60
user_03760,treatment,0,80.99,234.9,tablet,US,52
user_03835,treatment,0,129.88,275.0,desktop,India,47
user_02566,treatment,0,116.13,255.2,desktop,US,28
user_03985,treatment,0,83.01,242.3,desktop,India,33
user_01070,control,0,125.8,337.0,tablet,India,23
user_02525,treatment,0,49.44,231.0,desktop,UK,62
user_02206,treatment,0,70.68,188.2,tablet,UK,25
user_01244,control,0,107.3,317.2,tablet,India,66
user_03244,treatment,0,84.4,250.4,tablet,India,54
user_00017,control,0,124.58,281.5,tablet,US,57
user_03121,treatment,0,79.31,275.5,tablet,India,30
user_03972,treatment,0,90.45,240.3,mobile,US,45
user_00547,control,0,99.89,253.3,desktop,US,24
user_00659,control,0,97.92,318.0,mobile,UK,63
user_03599,treatment,0,90.38,194.1,mobile,UK,62
user_03068,treatment,0,98.48,244.6,desktop,UK,37
user_03642,treatment,0,91.07,311.4,desktop,India,63
user_01505,control,0,120.09,333.3,desktop,UK,24
user_00960,control,0,74.65,310.6,desktop,US,26
user_02927,treatment,0,84.68,182.0,desktop,US,35
user_02332,treatment,0,74.87,263.5,mobile,US,22
user_00798,control,0,71.8,254.0,tablet,US,26
user_03349,treatment,0,34.17,243.5,mobile,US,66
user_00226,control,1,85.86,396.0,tablet,US,55
user_02075,treatment,0,62.92,264.1,tablet,US,43
user_03355,treatment,0,89.39,213.0,mobile,US,59
user_01800,control,0,134.97,308.1,mobile,UK,47
user_02486,treatment,0,88.07,266.8,tablet,US,51
user_03948,treatment,0,115.96,259.1,mobile,UK,63
user_03437,treatment,0,71.48,259.8,mobile,UK,58
user_02278,treatment,0,91.27,221.4,desktop,US,61
user_02086,treatment,1,46.9,212.9,tablet,US,51
user_01694,control,0,115.73,358.3,tablet,India,40
user_02798,treatment,0,53.94,223.3,desktop,UK,69
user_01046,control,0,97.02,350.2,tablet,UK,56
user_03447,treatment,0,64.56,207.8,desktop,UK,30
user_00470,control,1,127.34,322.2,tablet,US,40
user_00955,control,0,66.77,324.1,desktop,US,55
user_03968,treatment,0,108.76,267.8,tablet,US,28
user_02736,treatment,0,125.96,221.3,desktop,UK,49
user_03842,treatment,0,76.77,294.6,tablet,UK,49
user_00640,control,0,145.39,349.1,tablet,US,47
user_03702,treatment,0,78.93,236.7,mobile,India,40
user_01219,control,0,86.01,301.7,tablet,US,19
user_01159,control,0,92.57,300.8,tablet,India,39
user_01416,control,0,155.45,310.8,desktop,US,59
user_03611,treatment,0,65.86,256.0,mobile,US,26
user_01528,control,1,126.76,325.6,tablet,UK,44
user_03893,treatment,0,108.23,265.1,tablet,US,59
user_01301,control,0,103.69,333.5,mobile,US,36
user_03882,treatment,0,83.28,222.3,mobile,US,26
user_02849,treatment,0,106.33,283.1,desktop,India,52
user_01604,control,0,122.47,224.1,mobile,India,20
user_00161,control,0,74.24,267.2,mobile,India,24
user_01705,control,0,98.18,226.7,desktop,US,32
user_00957,control,0,95.3,343.1,desktop,US,21
user_03235,treatment,0,67.89,273.1,tablet,US,65
user_02870,treatment,0,118.62,296.6,desktop,India,51
user_03881,treatment,0,75.94,291.5,desktop,UK,40
user_00878,control,0,118.6,221.4,tablet,UK,22
user_01920,control,0,116.48,326.8,tablet,UK,47
user_02962,treatment,0,129.19,270.6,desktop,India,32
user_01885,control,0,107.9,348.2,desktop,UK,59
user_02201,treatment,1,91.39,243.4,desktop,India,39
user_00099,control,0,162.29,249.2,mobile,US,60
user_03770,treatment,0,134.08,235.3,mobile,US,32
user_02558,treatment,0,102.3,283.1,mobile,India,63
user_03184,treatment,0,83.72,242.9,desktop,India,21
user_03299,treatment,0,126.6,245.6,mobile,UK,59
user_00254,control,1,114.68,282.6,tablet,UK,55
user_00104,control,1,76.09,205.4,desktop,US,44
user_01446,control,0,118.6,258.8,tablet,US,34
user_01444,control,0,110.52,273.4,tablet,US,34
user_01649,control,0,101.51,303.5,tablet,US,20
user_00587,control,1,92.61,317.0,mobile,US,23
user_00628,control,0,124.97,222.3,mobile,UK,66
user_01697,control,0,109.01,349.1,desktop,US,51
user_03192,treatment,0,60.94,279.1,tablet,US,68
user_02102,treatment,0,120.7,236.8,desktop,US,51
user_02200,treatment,0,100.23,222.8,tablet,UK,35
user_00404,control,0,122.55,293.1,desktop,UK,19
user_01155,control,0,137.68,343.7,desktop,US,31
user_02256,treatment,0,94.3,182.4,desktop,UK,42
user_02864,treatment,0,63.98,231.6,mobile,US,37
user_01683,control,0,134.06,316.2,tablet,US,35
user_03171,treatment,0,82.0,275.4,desktop,US,68
user_03742,treatment,0,90.04,276.4,tablet,US,44
user_02057,treatment,0,47.93,239.5,mobile,US,35
user_03063,treatment,0,94.75,268.0,tablet,UK,32
user_03792,treatment,0,63.73,268.3,tablet,UK,33
user_03109,treatment,0,82.33,178.6,mobile,UK,31
user_00453,control,0,96.33,313.9,desktop,India,39
user_02302,treatment,0,118.08,259.1,tablet,UK,65
user_01328,control,0,149.51,264.6,desktop,US,43
user_02945,treatment,0,37.04,277.4,desktop,India,48
user_02050,treatment,0,92.22,245.8,mobile,UK,30
user_00881,control,0,127.67,313.0,desktop,UK,37
user_03644,treatment,0,80.25,225.6,desktop,US,27
user_03887,treatment,0,103.54,238.7,mobile,UK,48
user_00624,control,0,132.95,285.7,tablet,India,29
user_02394,treatment,0,84.58,200.3,desktop,India,31
user_03691,treatment,0,71.87,218.2,desktop,India,21
user_01788,control,0,78.54,306.6,mobile,US,50
user_00263,control,0,121.03,308.5,mobile,UK,69
user_01635,control,0,91.17,274.3,desktop,India,62
user_03370,treatment,0,68.57,206.0,desktop,India,35
user_01439,control,0,83.83,310.2,mobile,India,51
user_02199,treatment,0,97.68,233.5,mobile,India,67
user_01970,control,0,114.14,327.1,mobile,India,52
user_02521,treatment,0,52.15,280.7,tablet,US,46
user_01803,control,0,85.38,363.2,desktop,India,36
user_00641,control,0,77.01,297.9,tablet,UK,43
user_03983,treatment,1,75.27,221.3,desktop,UK,52
user_02386,treatment,0,115.39,307.0,mobile,US,35
user_02599,treatment,0,95.13,195.0,tablet,UK,57
user_03886,treatment,0,101.83,223.6,tablet,UK,25
user_01960,control,0,137.87,259.4,desktop,US,36
user_02977,treatment,0,84.88,259.4,desktop,UK,69
user_00489,control,0,124.63,336.7,mobile,US,25
user_01844,control,1,107.48,246.0,desktop,US,57
user_01735,control,0,120.02,297.4,mobile,UK,25
user_02912,treatment,0,104.01,272.5,tablet,US,42
user_03220,treatment,0,107.95,274.6,tablet,India,42
user_00147,control,0,123.01,352.1,mobile,UK,19
user_01535,control,0,131.58,301.5,desktop,India,49
user_01987,control,0,88.83,263.3,desktop,US,20
user_01370,control,1,123.97,333.4,desktop,US,39
user_02451,treatment,0,40.12,210.3,tablet,UK,20
user_03913,treatment,0,90.62,218.5,mobile,US,57
user_03003,treatment,0,99.52,253.5,tablet,US,57
user_02812,treatment,0,70.75,185.6,desktop,India,52
user_00660,control,1,129.1,316.9,desktop,India,34
user_01795,control,0,112.23,269.2,tablet,US,33
user_03421,treatment,0,136.69,247.7,mobile,US,20
user_02512,treatment,1,24.35,167.3,desktop,India,53
user_03398,treatment,0,83.39,193.9,desktop,India,26
user_00187,control,0,105.89,270.4,desktop,India,18
user_01148,control,0,77.87,263.7,mobile,India,47
user_03273,treatment,0,100.05,200.4,tablet,UK,35
user_00609,control,0,93.9,240.9,mobile,US,35
user_02192,treatment,0,79.05,261.4,desktop,UK,66
user_02800,treatment,0,67.55,207.9,desktop,US,53
user_03583,treatment,0,78.58,217.1,desktop,India,60
user_01931,control,0,79.28,319.4,tablet,US,68
user_03030,treatment,0,99.79,166.7,desktop,US,66
user_00198,control,0,127.2,266.7,tablet,India,43
user_03682,treatment,0,70.11,242.0,mobile,UK,41
user_02932,treatment,0,68.68,219.7,tablet,India,51
user_02328,treatment,0,85.4,241.3,desktop,India,21
user_00294,control,0,82.7,297.5,desktop,India,45
user_00767,control,1,110.73,307.6,tablet,US,26
user_00401,control,0,67.08,262.9,tablet,UK,41
user_00123,control,0,82.71,318.9,desktop,US,31
user_03256,treatment,0,84.99,241.9,desktop,UK,62
user_00203,control,1,125.5,361.1,tablet,US,31
user_03511,treatment,1,84.0,281.0,mobile,UK,68
user_00836,control,0,157.81,318.7,tablet,UK,55
user_02295,treatment,1,61.17,253.5,desktop,UK,60
user_01440,control,0,150.78,302.8,mobile,US,69
user_01734,control,0,136.25,369.0,mobile,US,27
user_01696,control,0,144.07,285.7,mobile,US,59
user_03900,treatment,1,79.13,226.7,tablet,India,53
user_01708,control,0,94.26,304.7,mobile,UK,28
user_03879,treatment,0,99.92,245.7,tablet,US,45
user_01154,control,0,97.19,276.8,tablet,UK,28
user_01662,control,0,144.37,348.2,tablet,US,24
user_03475,treatment,0,40.14,237.6,mobile,India,27
user_02433,treatment,1,68.96,236.4,tablet,India,25
user_03751,treatment,0,72.22,276.2,mobile,US,33
user_01760,control,0,76.89,262.8,desktop,India,45
user_00855,control,1,119.03,259.1,mobile,India,36
user_01590,control,0,144.6,306.1,tablet,India,44
user_02268,treatment,0,95.54,239.8,desktop,UK,57
user_00642,control,0,107.72,315.1,mobile,UK,58
user_00002,control,0,156.48,319.1,desktop,UK,53
user_02161,treatment,0,97.16,172.5,desktop,US,31
user_00699,control,0,119.97,354.8,desktop,India,40
user_03914,treatment,0,89.6,261.8,desktop,India,27
user_03000,treatment,0,45.51,292.3,mobile,UK,49
user_03697,treatment,0,72.25,200.6,mobile,India,62
user_01637,control,0,113.25,337.7,tablet,US,27
user_03185,treatment,0,96.02,193.7,tablet,India,20
user_03459,treatment,1,62.9,205.1,desktop,US,59
user_03458,treatment,0,111.47,251.2,mobile,India,41
user_03582,treatment,0,65.56,249.4,desktop,US,68
user_01292,control,0,103.07,287.6,tablet,US,19
user_03806,treatment,1,98.56,273.6,desktop,US,19
user_02490,treatment,0,63.58,277.0,mobile,US,62
user_01521,control,0,154.01,243.8,desktop,India,38
user_01854,control,0,82.32,339.3,mobile,India,45
user_01137,control,0,91.1,282.9,desktop,India,23
user_03305,treatment,0,131.02,268.5,tablet,UK,30
user_03863,treatment,0,48.94,207.4,desktop,UK,45
user_01632,control,0,105.21,291.2,tablet,US,32
user_03744,treatment,0,56.9,231.3,mobile,UK,57
user_03446,treatment,0,91.6,201.3,mobile,US,30
user_01999,control,0,92.74,179.8,mobile,UK,56
user_00664,control,0,121.07,322.9,tablet,US,22
user_00684,control,0,109.86,287.0,mobile,UK,32
user_01258,control,0,115.63,299.1,tablet,US,42
user_03767,treatment,0,84.58,189.5,desktop,India,38
user_03749,treatment,0,56.1,314.5,tablet,India,28
user_00318,control,0,82.51,344.4,desktop,India,66
user_00649,control,1,98.27,313.3,desktop,India,48
user_01435,control,0,132.56,286.3,mobile,US,48
user_01480,control,0,96.46,306.9,desktop,US,64
user_00710,control,0,101.33,233.9,tablet,UK,48
user_03431,treatment,0,52.37,259.6,mobile,India,34
user_01283,control,1,110.45,314.9,desktop,UK,37
user_01769,control,0,119.41,321.1,tablet,India,51
user_00973,control,0,41.77,251.6,mobile,US,30
user_02676,treatment,0,123.34,246.7,desktop,India,66
user_02681,treatment,1,151.36,272.5,desktop,US,38
user_01307,control,0,102.13,306.2,desktop,India,27
user_01401,control,0,124.25,272.0,desktop,UK,45
user_01409,control,0,127.44,327.4,tablet,India,49
user_03297,treatment,0,80.54,287.0,desktop,UK,21
user_02238,treatment,0,64.68,188.1,tablet,US,59
user_03303,treatment,1,72.96,184.3,desktop,UK,21
user_01497,control,0,74.0,371.6,desktop,UK,34
user_03420,treatment,0,111.06,187.2,tablet,India,44
user_02039,treatment,0,59.12,163.4,tablet,UK,53
user_01530,control,0,108.79,322.4,desktop,US,30
user_01664,control,0,142.36,215.7,desktop,UK,55
user_01355,control,1,120.38,251.4,desktop,India,25
user_03896,treatment,0,109.49,246.1,tablet,UK,27
user_03924,treatment,0,107.91,137.6,mobile,US,40
user_03628,treatment,0,97.28,335.5,desktop,UK,60
user_01644,control,0,101.25,361.3,desktop,US,39
user_01052,control,0,111.16,267.3,desktop,US,42
user_00796,control,0,119.16,307.9,mobile,US,27
user_02694,treatment,0,41.57,253.1,tablet,India,43
user_03061,treatment,0,80.37,285.0,tablet,UK,56
user_01598,control,0,93.5,352.7,desktop,India,27
user_02605,treatment,0,86.42,223.2,desktop,UK,30
user_02730,treatment,0,92.5,118.6,tablet,India,60
user_02626,treatment,0,109.85,249.1,tablet,UK,67
user_01820,control,0,92.34,331.5,desktop,US,21
user_03158,treatment,0,64.84,225.3,mobile,UK,54
user_03315,treatment,0,57.87,251.4,tablet,UK,36
user_01723,control,0,99.51,335.8,mobile,US,30
user_01184,control,1,83.13,245.8,mobile,India,43
user_02573,treatment,0,85.65,246.0,tablet,India,24
user_01060,control,0,70.22,214.2,mobile,UK,67
user_00541,control,1,162.33,339.0,tablet,India,45
user_03243,treatment,0,94.1,196.5,tablet,UK,25
user_01679,control,0,78.55,308.4,mobile,UK,43
user_02797,treatment,0,67.56,230.5,tablet,UK,35
user_03851,treatment,0,103.71,294.0,mobile,UK,57
user_03479,treatment,0,71.45,259.8,desktop,US,68
user_02533,treatment,0,115.69,172.6,tablet,UK,45
user_01758,control,0,86.81,252.7,desktop,India,31
user_01924,control,0,132.98,352.2,mobile,UK,64
user_00096,control,1,80.68,357.6,mobile,US,36
user_01021,control,0,133.83,303.2,tablet,US,54
user_00564,control,0,122.95,349.4,tablet,US,47
user_03313,treatment,0,70.4,173.3,desktop,UK,19
user_02791,treatment,0,143.59,196.7,desktop,US,63
user_00864,control,0,122.5,325.2,desktop,UK,68
user_03647,treatment,0,83.96,252.2,desktop,India,56
user_03763,treatment,0,48.88,279.0,tablet,India,60
user_01485,control,0,83.52,311.1,mobile,UK,21
user_02940,treatment,0,80.91,213.7,mobile,US,18
user_03626,treatment,0,105.17,244.9,mobile,India,45
user_01882,control,0,112.44,260.6,tablet,US,44
user_01039,control,1,136.29,255.8,desktop,India,25
user_00207,control,0,143.69,292.0,desktop,India,56
user_00393,control,0,37.23,353.3,desktop,India,26
user_02843,treatment,0,107.72,246.2,tablet,US,40
user_00871,control,0,108.32,322.0,desktop,US,61
user_00398,control,0,81.87,277.4,mobile,US,29
user_02815,treatment,0,114.1,289.3,tablet,UK,55
user_03840,treatment,0,91.41,321.2,mobile,US,30
user_03290,treatment,0,67.11,217.4,desktop,US,68
user_01029,control,0,91.62,256.6,mobile,US,24
user_02691,treatment,0,107.91,294.7,tablet,UK,43
user_01486,control,1,112.32,322.9,tablet,US,53
user_02661,treatment,0,88.79,201.9,desktop,India,56
user_03811,treatment,0,90.48,194.4,desktop,UK,62
user_00961,control,1,44.27,262.5,tablet,US,25
user_01571,control,0,76.88,330.5,desktop,US,66
user_02774,treatment,1,73.58,255.6,mobile,UK,68
user_01896,control,0,122.17,217.0,desktop,US,50
user_02732,treatment,0,83.92,299.3,desktop,US,39
user_02147,treatment,0,76.67,270.2,mobile,US,24
user_00805,control,0,78.75,347.4,tablet,US,59
user_01752,control,0,90.76,241.3,desktop,US,22
user_03646,treatment,0,102.47,185.3,desktop,India,44
user_02455,treatment,1,59.67,210.8,tablet,US,48
user_00503,control,0,112.61,353.1,mobile,UK,59
user_03120,treatment,0,24.27,222.5,desktop,UK,21
user_03105,treatment,1,82.75,270.8,desktop,UK,28
user_02978,treatment,0,70.37,200.8,tablet,India,42
user_00780,control,0,92.88,291.2,tablet,UK,63
user_01864,control,0,139.17,290.4,mobile,UK,48
user_00201,control,0,106.58,268.7,desktop,UK,19
user_02183,treatment,0,106.83,319.1,desktop,India,19
user_03100,treatment,0,102.76,238.7,mobile,US,62
user_02089,treatment,0,67.88,223.0,tablet,India,24
user_03066,treatment,0,69.25,217.9,desktop,UK,33
user_02279,treatment,0,97.67,210.9,mobile,UK,34
user_03562,treatment,0,127.65,261.9,mobile,US,24
user_01797,control,0,95.29,297.9,tablet,India,44
user_00379,control,0,74.3,379.1,mobile,UK,21
user_02337,treatment,0,77.51,271.5,tablet,UK,21
user_00419,control,0,103.55,287.4,tablet,US,65
user_01699,control,0,118.81,299.1,desktop,India,39
user_00392,control,0,135.31,341.6,tablet,UK,25
user_02641,treatment,0,117.95,211.3,desktop,US,65
user_01523,control,0,154.92,272.5,desktop,India,23
user_01163,control,0,112.67,271.7,tablet,US,29
user_03135,treatment,0,70.75,263.5,desktop,India,66
user_01496,control,1,101.6,325.4,tablet,US,19
user_02696,treatment,0,71.75,313.6,tablet,US,59
user_02028,treatment,0,60.9,223.2,mobile,India,68
user_01153,control,0,72.14,369.8,tablet,UK,36
user_01368,control,0,110.43,288.3,tablet,UK,42
user_02569,treatment,0,113.81,208.5,mobile,US,57
user_00065,control,0,122.06,282.9,mobile,US,57
user_02063,treatment,1,74.24,335.6,mobile,US,47
user_01181,control,0,100.76,379.1,desktop,UK,34
user_03113,treatment,0,72.52,232.8,mobile,US,32
user_00493,control,0,87.63,257.7,mobile,UK,18
user_00380,control,0,46.89,268.4,tablet,UK,49
user_02236,treatment,0,61.57,154.2,mobile,UK,66
user_00764,control,0,137.89,322.3,mobile,India,68
user_02265,treatment,1,76.32,270.4,desktop,US,57
user_00792,control,0,149.11,259.3,mobile,UK,30
user_01077,control,1,152.43,354.3,mobile,US,38
user_00879,control,0,98.1,335.3,desktop,India,32
user_00338,control,0,89.7,393.0,tablet,UK,39
user_03821,treatment,0,90.32,307.8,desktop,India,43
user_02768,treatment,0,53.94,191.2,mobile,US,60
user_03797,treatment,0,94.1,208.7,tablet,US,32
user_02344,treatment,0,90.28,230.9,tablet,India,46
user_03774,treatment,0,69.32,282.1,tablet,UK,43
user_01017,control,0,120.53,229.3,tablet,US,39
user_01276,control,0,140.36,269.7,desktop,US,29
user_03799,treatment,0,111.77,200.4,desktop,India,39
user_03534,treatment,0,75.84,319.2,tablet,US,24
user_00456,control,0,89.79,361.6,desktop,India,22
user_03343,treatment,1,55.94,251.7,tablet,US,57
user_00816,control,0,115.39,310.9,tablet,US,51
user_02318,treatment,0,98.42,228.6,mobile,India,27
user_00996,control,0,107.74,289.4,mobile,US,34
user_01982,control,0,123.69,208.6,tablet,US,18
user_00202,control,0,99.37,174.6,desktop,UK,36
user_00162,control,0,103.88,320.1,tablet,UK,28
user_01580,control,0,130.73,310.4,mobile,US,45
user_02778,treatment,0,66.55,235.1,mobile,India,62
user_02450,treatment,0,18.36,309.6,desktop,US,55
user_00703,control,0,95.66,276.4,tablet,US,29
user_01501,control,0,93.65,247.7,tablet,UK,29
user_03894,treatment,0,88.21,230.5,desktop,UK,45
user_03844,treatment,0,107.64,224.1,desktop,India,62
user_01130,control,0,138.62,269.4,desktop,US,29
user_02614,treatment,0,83.72,253.2,tablet,US,50
user_03462,treatment,0,51.39,166.6,desktop,UK,53
user_01022,control,0,92.15,338.5,mobile,India,48
user_03074,treatment,0,112.68,303.7,desktop,US,27
user_03460,treatment,0,91.88,207.8,tablet,UK,46
user_01586,control,0,115.71,332.9,tablet,US,40
user_01956,control,0,131.28,361.0,tablet,India,65
user_03153,treatment,0,116.18,269.2,tablet,India,57
user_02254,treatment,0,57.11,291.2,tablet,UK,32
user_00035,control,0,117.66,286.3,desktop,US,59
user_00776,control,0,157.33,258.6,tablet,US,67
user_02557,treatment,0,65.59,221.8,desktop,US,47
user_03500,treatment,0,75.57,228.3,mobile,India,46
user_01479,control,0,116.11,268.2,desktop,UK,21
user_03004,treatment,0,55.93,203.6,desktop,UK,46
user_01391,control,0,144.18,317.0,tablet,India,27
user_02140,treatment,0,42.23,223.1,mobile,India,25
user_01364,control,0,120.39,314.1,desktop,India,61
user_02946,treatment,0,93.19,234.9,mobile,UK,22
user_02613,treatment,0,68.68,351.3,tablet,UK,25
user_03418,treatment,0,62.93,278.8,mobile,UK,67
user_02825,treatment,0,75.93,232.1,desktop,US,40
user_02042,treatment,0,58.53,304.1,desktop,US,69
user_00242,control,1,108.93,326.1,desktop,India,47
user_02062,treatment,0,57.07,207.8,tablet,US,34
user_02364,treatment,0,89.71,263.7,tablet,India,55
user_00601,control,0,128.76,357.6,desktop,UK,35
user_02436,treatment,0,80.07,222.5,tablet,US,62
user_01298,control,0,98.84,246.5,tablet,India,48
user_02215,treatment,0,65.76,284.6,tablet,US,22
user_02889,treatment,0,76.44,283.6,mobile,UK,32
user_02069,treatment,0,94.22,253.3,mobile,US,53
user_00647,control,0,152.34,280.1,desktop,US,49
user_03891,treatment,0,78.3,236.5,desktop,India,54
user_03557,treatment,0,94.34,261.4,desktop,US,59
user_03203,treatment,0,67.32,163.5,tablet,UK,57
user_01529,control,0,58.79,320.6,desktop,UK,44
user_02880,treatment,0,102.13,244.3,desktop,US,19
user_01268,control,0,105.83,284.4,tablet,India,60
user_03639,treatment,0,41.31,169.9,desktop,US,29
user_01900,control,0,116.57,331.1,mobile,US,54
user_00563,control,1,88.28,251.2,mobile,India,56
user_03951,treatment,0,89.28,223.3,tablet,US,22
user_02735,treatment,1,120.13,176.3,tablet,UK,22
user_03006,treatment,0,92.82,242.4,desktop,India,65
user_00190,control,0,98.17,291.4,mobile,UK,66
user_01807,control,0,113.31,244.9,tablet,UK,28
user_00976,control,0,98.63,345.2,desktop,India,64
user_02748,treatment,0,99.4,165.8,tablet,UK,62
user_03548,treatment,0,122.59,247.8,mobile,US,34
user_02048,treatment,0,80.91,193.3,desktop,India,36
user_03754,treatment,0,121.29,312.8,tablet,UK,28
user_02559,treatment,0,114.46,210.5,desktop,UK,43
user_01083,control,0,102.2,274.8,mobile,US,53
user_00475,control,0,93.12,373.9,tablet,India,42
user_03633,treatment,0,68.66,301.6,desktop,UK,30
user_02905,treatment,0,87.72,257.3,mobile,UK,34
user_00748,control,0,106.08,264.4,mobile,UK,65
user_02301,treatment,0,64.78,173.5,desktop,India,68
user_00022,control,0,126.81,368.7,tablet,India,49
user_03386,treatment,0,71.91,279.5,tablet,UK,48
user_00460,control,0,83.67,350.8,mobile,India,61
user_01185,control,0,128.43,205.8,desktop,UK,25
user_02325,treatment,0,90.52,218.6,tablet,India,37
user_00956,control,0,81.57,314.9,mobile,US,33
user_01216,control,0,120.74,304.9,tablet,India,22
user_02434,treatment,0,55.48,302.0,tablet,UK,39
user_02854,treatment,0,120.97,255.8,tablet,UK,28
user_03486,treatment,0,123.39,201.4,mobile,India,63
user_01516,control,0,104.72,291.8,mobile,India,47
user_02392,treatment,0,92.05,250.0,desktop,US,39
user_00770,control,0,105.22,296.4,desktop,UK,35
user_03381,treatment,1,29.35,180.9,desktop,UK,42
user_01686,control,0,118.76,304.2,tablet,India,36
user_00131,control,0,139.95,357.6,mobile,India,65
user_03736,treatment,0,97.37,278.9,desktop,UK,26
user_02920,treatment,0,103.2,254.4,mobile,India,27
user_03172,treatment,0,118.19,231.9,tablet,UK,30
user_03445,treatment,0,64.57,300.9,mobile,UK,65
user_02136,treatment,0,104.35,263.4,mobile,India,20
user_01483,control,0,76.73,284.5,mobile,India,53
user_00331,control,0,76.35,325.8,mobile,US,38
user_01239,control,0,99.38,352.6,mobile,US,58
user_00467,control,0,98.38,279.0,desktop,India,23
user_02170,treatment,0,17.12,308.8,tablet,UK,55
user_01639,control,0,116.62,282.1,mobile,India,37
user_03093,treatment,0,103.72,274.5,desktop,India,36
user_03773,treatment,0,87.22,273.4,mobile,India,37
user_01096,control,0,97.64,323.9,tablet,US,43
user_01131,control,0,89.77,271.2,desktop,US,32
user_01295,control,1,109.95,249.5,desktop,India,45
user_00861,control,1,131.86,245.2,mobile,US,26
user_03508,treatment,0,95.1,203.0,mobile,UK,48
user_03175,treatment,0,76.8,240.6,tablet,US,67
