user_id,experiment_group,conversion,revenue,session_duration,device,country,age
user_01802,control,1,69.19,142.0,mobile,US,58
user_01191,control,0,63.33,233.2,mobile,UK,33
user_01818,control,0,100.29,212.4,mobile,UK,42
user_00252,control,0,58.85,309.5,mobile,US,19
user_02405,treatment,0,97.24,182.4,desktop,UK,57
user_01118,control,0,113.57,260.5,mobile,UK,36
user_01412,control,0,94.53,213.7,mobile,US,57
user_02114,control,0,97.7,259.1,mobile,US,53
user_00409,control,0,102.02,225.2,desktop,US,34
user_02479,treatment,0,103.98,250.8,desktop,UK,66
user_02154,treatment,0,160.71,238.6,mobile,UK,35
user_00053,control,0,137.11,188.5,mobile,UK,50
user_00645,control,0,134.18,268.6,desktop,UK,56
user_01764,control,1,99.76,234.0,desktop,US,28
user_02676,treatment,0,161.84,274.8,mobile,US,37
user_00901,control,0,43.83,221.8,mobile,US,23
user_01074,control,0,94.48,284.9,desktop,UK,50
user_00473,control,0,58.59,190.7,desktop,US,54
user_02638,treatment,0,136.84,238.8,desktop,UK,22
user_02446,treatment,1,86.54,234.4,mobile,US,64
user_00045,control,0,16.38,232.0,desktop,US,60
user_00290,control,0,67.15,258.3,mobile,UK,66
user_00913,control,1,73.19,249.6,desktop,US,20
user_02084,control,0,76.82,287.6,desktop,UK,51
user_01361,control,0,128.01,260.9,desktop,US,61
user_02795,treatment,0,84.1,298.1,mobile,US,62
user_02503,treatment,1,120.57,253.4,mobile,UK,25
user_01227,control,0,74.37,316.5,mobile,US,25
user_00297,control,0,75.64,303.4,mobile,UK,64
user_01242,control,0,118.12,214.9,mobile,UK,49
user_01006,control,0,72.42,263.1,mobile,US,30
user_01666,control,0,47.03,229.5,mobile,US,33
user_00747,control,0,116.56,262.0,mobile,US,64
user_02751,treatment,0,65.13,254.7,desktop,UK,33
user_00292,control,0,97.15,189.2,mobile,UK,68
user_00782,control,0,109.65,299.9,desktop,US,52
user_02145,control,1,52.5,149.6,desktop,US,59
user_00323,control,0,119.86,223.0,mobile,US,54
user_00299,control,0,81.45,212.8,mobile,US,28
user_01299,control,0,80.77,179.7,mobile,US,68
user_00195,control,0,61.86,260.0,desktop,US,28
user_00064,control,0,81.67,212.4,mobile,US,42
user_00394,control,0,98.76,170.9,mobile,US,44
user_00728,control,0,113.5,172.6,desktop,UK,35
user_01584,control,0,107.56,226.9,mobile,UK,64
user_01548,control,1,161.57,261.7,desktop,US,31
user_02325,treatment,0,115.06,324.8,mobile,UK,45
user_00015,control,0,149.13,259.1,mobile,UK,57
user_02467,treatment,0,85.96,244.4,desktop,US,27
user_01601,control,0,95.09,270.6,desktop,US,62
user_01091,control,0,98.98,219.6,desktop,US,59
user_02112,control,0,29.82,237.7,mobile,US,44
user_00204,control,0,99.32,186.6,mobile,US,29
user_02318,treatment,0,137.76,308.7,mobile,US,61
user_00153,control,0,111.65,233.4,mobile,US,69
user_02801,treatment,0,95.91,339.3,mobile,UK,26
user_01360,control,0,102.13,234.7,desktop,US,23
user_00773,control,0,65.62,291.9,mobile,UK,37
user_02578,treatment,0,111.09,304.9,mobile,UK,35
user_01002,control,0,95.98,225.5,mobile,US,26
user_00719,control,0,60.18,163.5,desktop,UK,18
user_00613,control,0,134.92,283.7,mobile,UK,38
user_00843,control,0,130.08,256.6,mobile,UK,46
user_00267,control,0,109.2,278.7,mobile,UK,67
user_00052,control,0,65.0,309.1,desktop,UK,50
user_01196,control,0,57.22,196.4,desktop,US,45
user_01271,control,0,67.69,226.6,desktop,US,23
user_01492,control,0,80.09,166.2,mobile,UK,33
user_01583,control,0,134.85,230.2,mobile,US,52
user_00522,control,0,88.87,248.9,mobile,US,18
user_01695,control,0,107.32,224.6,mobile,UK,44
user_02563,treatment,1,89.08,320.5,mobile,UK,35
user_02648,treatment,0,83.29,287.5,mobile,UK,59
user_01922,control,0,75.98,222.8,desktop,US,28
user_00103,control,0,71.71,198.2,mobile,US,63
user_00696,control,0,100.37,233.4,mobile,UK,31
user_02232,treatment,0,68.41,323.4,mobile,UK,32
user_02624,treatment,0,120.82,225.9,mobile,US,52
user_02172,treatment,0,67.7,264.8,mobile,UK,39
user_02382,treatment,0,147.73,272.6,mobile,UK,43
user_01843,control,0,81.52,264.6,desktop,UK,19
user_01831,control,0,137.84,230.5,desktop,UK,55
user_00795,control,0,82.96,213.4,desktop,UK,53
user_01821,control,0,64.83,176.4,desktop,UK,55
user_02002,control,0,109.51,239.8,desktop,US,48
user_00145,control,0,76.7,270.0,desktop,UK,19
user_02425,treatment,0,77.4,222.4,desktop,US,43
user_01331,control,1,136.94,284.5,desktop,US,25
user_02377,treatment,0,85.3,318.3,mobile,US,44
user_02781,treatment,0,129.89,238.1,desktop,UK,63
user_00322,control,1,89.46,242.0,desktop,US,45
user_01262,control,0,115.97,278.0,desktop,US,19
user_02314,treatment,0,100.35,310.9,mobile,US,53
user_01270,control,0,128.53,172.1,desktop,UK,63
user_01761,control,0,131.82,229.5,desktop,UK,24
user_00417,control,0,97.56,227.6,desktop,US,54
user_02531,treatment,0,100.81,247.0,mobile,US,32
user_02191,treatment,0,114.14,283.7,mobile,UK,37
user_00175,control,0,76.19,171.7,mobile,US,44
user_01726,control,0,69.85,158.0,mobile,UK,23
user_02176,control,0,103.52,282.6,desktop,US,59
user_00046,control,0,94.03,275.6,desktop,US,35
user_00686,control,1,87.55,294.1,mobile,UK,49
user_01608,control,0,120.61,216.6,mobile,US,24
user_01232,control,0,53.47,199.6,desktop,US,67
user_00863,control,0,88.13,269.2,mobile,UK,25
user_01966,control,0,88.28,223.7,mobile,UK,66
user_00332,control,1,85.64,263.1,desktop,UK,38
user_00094,control,0,137.88,237.9,desktop,UK,33
user_01642,control,0,92.61,290.6,desktop,UK,31
user_02886,treatment,0,145.21,269.4,mobile,US,25
user_00507,control,0,79.07,168.0,mobile,US,61
user_02809,treatment,0,97.9,246.3,desktop,US,61
user_02046,control,1,104.23,222.0,desktop,US,23
user_00496,control,0,81.34,258.4,mobile,US,43
user_02133,control,0,72.2,225.6,mobile,US,50
user_00001,control,0,130.71,282.3,desktop,US,24
user_00315,control,0,134.57,294.6,mobile,US,46
user_01273,control,0,119.51,335.1,desktop,UK,27
user_01942,control,0,75.59,233.7,mobile,UK,53
user_02867,treatment,0,56.03,255.8,desktop,UK,62
user_01317,control,0,51.84,224.9,mobile,US,66
user_00756,control,0,102.44,243.1,desktop,UK,27
user_01771,control,1,27.39,233.3,mobile,US,35
user_01201,control,0,83.33,224.5,mobile,US,65
user_02175,control,1,68.62,224.8,mobile,US,46
user_01992,control,0,81.91,267.7,mobile,US,37
user_00880,control,0,98.19,221.0,mobile,US,66
user_00766,control,0,171.46,265.4,desktop,US,35
user_00928,control,0,133.07,197.8,mobile,UK,66
user_02277,treatment,0,116.42,305.4,mobile,US,33
user_01375,control,1,25.1,254.8,mobile,UK,55
user_01815,control,0,118.13,174.2,desktop,US,39
user_01799,control,0,139.76,181.0,mobile,US,32
user_00930,control,1,92.76,269.9,mobile,US,45
user_00437,control,1,152.25,211.5,desktop,US,56
user_00197,control,0,96.67,242.3,desktop,UK,41
user_01763,control,0,54.06,273.6,desktop,UK,69
user_01065,control,0,147.88,306.7,mobile,UK,45
user_02242,treatment,0,104.79,237.8,mobile,UK,61
user_02428,treatment,0,111.64,270.8,mobile,US,43
user_01269,control,0,129.11,258.4,desktop,UK,63
user_02223,treatment,0,106.22,309.3,desktop,UK,23
user_02679,treatment,0,128.14,340.3,mobile,US,42
user_02125,treatment,0,117.42,181.8,mobile,UK,21
user_00451,control,0,100.62,257.2,desktop,US,67
user_02165,control,0,142.08,270.2,desktop,US,49
user_02272,treatment,0,160.49,307.5,desktop,UK,46
user_02013,control,0,68.21,198.3,mobile,UK,24
user_00271,control,0,138.94,172.3,desktop,UK,65
user_01841,control,0,78.59,219.0,mobile,UK,36
user_02834,treatment,1,108.46,205.5,mobile,US,23
user_00979,control,0,133.14,243.9,mobile,UK,53
user_02167,control,0,119.54,247.1,desktop,US,37
user_00355,control,0,70.39,220.2,mobile,UK,61
user_01877,control,0,100.59,322.0,desktop,UK,29
user_00185,control,1,155.63,233.3,desktop,US,41
user_02644,treatment,0,123.32,209.7,desktop,UK,41
user_01615,control,0,106.86,241.0,desktop,UK,35
user_02659,treatment,0,94.12,262.2,mobile,US,35
user_01707,control,0,120.88,189.8,desktop,US,22
user_01862,control,0,89.2,229.1,mobile,US,61
user_00247,control,1,101.24,244.9,mobile,US,38
user_00556,control,0,129.16,214.0,mobile,US,23
user_01753,control,0,85.98,271.3,desktop,US,69
user_01365,control,0,94.73,266.3,mobile,UK,32
user_00068,control,0,99.29,219.8,mobile,US,69
user_02518,treatment,0,76.98,205.6,mobile,US,26
user_02184,treatment,1,66.5,265.8,mobile,US,53
user_00533,control,0,111.82,191.7,mobile,UK,52
user_02773,treatment,1,82.89,256.9,mobile,US,42
user_02605,treatment,0,138.97,202.4,mobile,UK,32
user_01503,control,0,127.46,277.5,desktop,UK,60
user_00762,control,1,72.63,249.8,mobile,US,38
user_02652,treatment,0,105.35,259.6,desktop,US,22
user_01212,control,0,132.88,243.6,desktop,UK,63
user_02143,treatment,0,110.21,308.8,desktop,US,35
user_01794,control,0,139.43,302.7,desktop,UK,66
user_00536,control,0,120.9,187.0,mobile,UK,49
user_01747,control,0,99.91,244.6,mobile,US,29
user_00464,control,0,103.49,292.7,mobile,US,38
user_02577,treatment,0,186.82,225.5,desktop,UK,20
user_01840,control,0,67.54,188.4,desktop,UK,66
user_02762,treatment,0,119.69,178.7,mobile,UK,62
user_00125,control,0,97.33,236.9,mobile,US,21
user_00179,control,0,68.38,233.6,desktop,US,68
user_00193,control,0,78.73,250.7,mobile,US,27
user_02207,treatment,0,110.02,214.5,desktop,US,57
user_01430,control,0,68.06,285.7,mobile,US,54
user_01692,control,0,54.41,221.2,mobile,UK,44
user_00742,control,0,101.97,211.6,desktop,UK,29
user_01035,control,0,119.68,247.2,mobile,UK,30
user_01967,control,1,79.53,288.0,mobile,UK,20
user_00479,control,0,86.83,238.4,mobile,UK,52
user_01028,control,0,85.29,234.6,desktop,US,25
user_02501,treatment,1,107.57,153.6,mobile,UK,39
user_00369,control,1,89.4,205.5,mobile,US,31
user_02423,treatment,0,62.85,303.5,desktop,US,49
user_00846,control,0,95.51,284.5,mobile,UK,29
user_00257,control,1,98.47,167.4,mobile,UK,31
user_01223,control,0,174.0,214.0,desktop,UK,60
user_01993,control,0,119.17,226.1,mobile,US,33
user_00212,control,0,115.25,267.4,desktop,UK,61
user_02589,treatment,0,83.59,210.8,mobile,UK,27
user_01950,control,0,100.47,229.9,mobile,UK,44
user_01363,control,0,77.34,242.5,desktop,US,65
user_02152,control,0,68.87,275.9,mobile,UK,37
user_02154,control,1,83.76,227.0,desktop,UK,61
user_00568,control,0,153.88,211.6,desktop,US,22
user_02106,treatment,1,113.9,276.0,mobile,UK,61
user_02094,control,0,69.38,283.9,desktop,UK,52
user_01711,control,0,74.63,168.3,desktop,UK,64
user_01264,control,0,146.86,304.8,mobile,UK,20
user_02124,control,0,86.18,207.1,mobile,US,64
user_00799,control,0,114.25,288.9,desktop,US,24
user_00081,control,0,165.94,299.2,mobile,UK,50
user_00033,control,0,53.76,256.8,desktop,US,57
user_00415,control,0,97.69,163.0,mobile,UK,29
user_01805,control,0,115.4,180.0,mobile,UK,19
user_02113,treatment,0,99.61,238.8,mobile,US,18
user_01322,control,0,109.31,317.1,mobile,US,69
user_01568,control,0,91.65,301.7,desktop,UK,57
user_00784,control,0,125.44,245.0,mobile,US,49
user_02891,treatment,0,132.57,252.5,mobile,US,32
user_01413,control,0,106.04,235.1,desktop,UK,46
user_00458,control,0,151.72,315.1,mobile,UK,37
user_00140,control,0,189.96,222.6,desktop,US,18
user_02130,treatment,0,108.21,267.9,desktop,UK,55
user_01026,control,0,112.52,182.6,desktop,US,28
user_00089,control,0,100.2,260.2,desktop,UK,21
user_01443,control,0,48.22,276.4,mobile,US,37
user_01832,control,0,173.18,234.8,mobile,UK,25
user_02476,treatment,0,74.48,284.0,mobile,UK,35
user_00255,control,0,76.65,247.6,desktop,US,26
user_00606,control,0,93.94,233.0,desktop,US,37
user_01045,control,0,66.1,235.8,mobile,UK,39
user_00569,control,0,60.09,184.4,mobile,US,24
user_01733,control,0,100.39,233.2,desktop,US,53
user_02442,treatment,0,165.93,319.6,desktop,UK,30
user_00858,control,0,50.43,283.1,desktop,US,43
user_02372,treatment,1,106.96,266.5,mobile,UK,22
user_00818,control,0,70.16,236.4,mobile,UK,42
user_02031,control,1,83.5,216.6,mobile,UK,19
user_01878,control,0,135.07,201.3,desktop,US,36
user_00142,control,1,71.52,248.1,mobile,UK,34
user_00444,control,0,103.5,241.7,mobile,US,47
user_01175,control,0,105.47,231.6,mobile,UK,47
user_00487,control,0,46.61,204.2,desktop,UK,48
user_00882,control,0,104.55,188.2,desktop,US,64
user_02464,treatment,1,129.69,311.4,desktop,UK,53
user_01085,control,0,144.66,253.1,mobile,UK,61
user_01300,control,0,53.85,229.9,desktop,US,62
user_00176,control,0,109.52,182.2,desktop,US,68
user_01095,control,0,116.53,246.1,mobile,US,37
user_02600,treatment,1,69.05,237.1,mobile,UK,52
user_02746,treatment,0,175.18,237.2,mobile,US,26
user_01964,control,0,67.69,233.4,mobile,UK,53
user_02581,treatment,0,127.39,224.3,mobile,UK,68
user_02098,control,0,65.99,281.5,mobile,UK,47
user_02156,control,0,73.44,236.1,mobile,UK,51
user_01557,control,0,152.57,284.3,mobile,UK,45
user_01671,control,1,52.09,286.6,mobile,US,31
user_00178,control,0,123.68,216.2,desktop,UK,55
user_01079,control,0,145.41,256.9,desktop,US,43
user_00599,control,0,133.16,266.2,mobile,US,41
user_02191,control,0,116.92,214.5,desktop,UK,61
user_02431,treatment,0,88.71,255.5,desktop,US,29
user_02567,treatment,0,84.73,225.1,mobile,US,63
user_02686,treatment,0,163.03,229.3,desktop,US,46
user_00480,control,0,64.67,198.0,mobile,US,38
user_01968,control,1,55.43,248.0,mobile,US,43
user_01058,control,0,123.72,276.9,mobile,UK,68
user_02168,treatment,0,153.39,279.0,mobile,US,63
user_00534,control,0,101.35,285.5,mobile,UK,24
user_01104,control,0,109.05,224.7,mobile,UK,55
user_01107,control,0,126.03,288.3,desktop,US,52
user_02827,treatment,1,121.14,263.6,mobile,US,41
user_01124,control,1,108.14,279.7,mobile,UK,45
user_00943,control,1,133.43,230.4,mobile,UK,22
user_00163,control,0,159.14,198.4,desktop,US,31
user_01552,control,0,117.88,201.5,mobile,UK,32
user_00966,control,0,137.13,317.1,mobile,UK,36
user_00472,control,0,86.85,221.2,desktop,US,38
user_00845,control,0,92.2,284.5,desktop,UK,47
user_00999,control,0,75.6,156.7,desktop,UK,66
user_01905,control,0,55.54,269.6,mobile,UK,21
user_00031,control,0,117.35,226.8,desktop,US,25
user_02790,treatment,1,104.11,252.4,desktop,US,19
user_00424,control,0,88.24,263.7,desktop,UK,62
user_00512,control,0,51.46,225.3,mobile,US,31
user_02658,treatment,0,104.81,196.8,desktop,US,42
user_02637,treatment,0,129.17,286.7,desktop,UK,26
user_01394,control,0,88.24,285.4,desktop,US,57
user_01587,control,0,102.57,320.3,desktop,US,62
user_01930,control,0,119.92,237.8,mobile,US,47
user_02397,treatment,0,133.18,209.7,mobile,US,30
user_00788,control,0,112.85,207.9,desktop,US,66
user_02536,treatment,0,110.8,246.1,mobile,UK,62
user_02438,treatment,0,78.24,240.0,mobile,UK,44
user_00403,control,0,96.66,246.7,desktop,UK,48
user_00434,control,0,133.45,341.4,mobile,UK,38
user_01152,control,0,80.6,333.0,mobile,US,39
user_00074,control,0,32.21,231.3,mobile,UK,35
user_01537,control,1,97.09,224.7,desktop,US,39
user_02609,treatment,0,149.46,253.2,desktop,UK,20
user_00622,control,0,60.08,189.4,desktop,UK,31
user_01438,control,0,104.82,193.8,desktop,UK,43
user_01560,control,0,144.25,249.0,mobile,UK,20
user_01567,control,0,98.23,183.8,mobile,UK,25
user_00325,control,0,108.65,230.5,mobile,US,30
user_00333,control,0,124.3,307.7,desktop,UK,22
user_01393,control,1,89.89,324.9,desktop,US,58
user_00651,control,0,154.63,219.9,mobile,UK,46
user_02136,treatment,0,104.77,316.1,mobile,UK,33
user_01534,control,0,114.52,260.3,desktop,US,67
user_02164,control,0,56.39,204.3,mobile,US,68
user_00544,control,0,133.21,202.8,desktop,UK,32
user_02858,treatment,0,91.17,234.4,mobile,UK,30
user_01819,control,1,107.02,122.3,mobile,US,48
user_01625,control,0,75.64,213.2,desktop,UK,26
user_01178,control,0,52.34,246.9,desktop,US,31
user_00680,control,0,104.87,240.7,mobile,US,69
user_02097,control,0,128.68,227.5,mobile,UK,34
user_02030,control,0,127.34,295.6,desktop,UK,68
user_01660,control,0,103.9,266.8,desktop,UK,18
user_01638,control,0,102.1,234.9,mobile,UK,62
user_00240,control,1,132.41,293.2,mobile,UK,36
user_02125,control,0,89.72,226.1,mobile,US,27
user_02519,treatment,0,83.96,322.8,mobile,UK,62
user_02190,treatment,0,85.46,272.1,desktop,US,55
user_00765,control,0,57.29,240.1,mobile,US,18
user_01129,control,0,51.0,228.2,desktop,UK,65
user_01886,control,0,143.66,269.8,mobile,US,57
user_01117,control,1,92.6,177.3,mobile,UK,49
user_01103,control,1,136.62,248.1,mobile,US,50
user_02747,treatment,1,134.88,214.5,desktop,US,68
user_02230,treatment,0,115.63,213.5,mobile,US,28
user_01362,control,0,119.39,271.5,desktop,UK,41
user_02216,treatment,0,100.35,227.1,mobile,UK,49
user_01408,control,0,89.15,222.2,desktop,UK,42
user_02429,treatment,0,132.55,274.2,mobile,US,38
user_00344,control,0,97.23,230.1,desktop,US,44
user_01106,control,0,96.3,246.2,desktop,UK,69
user_02492,treatment,0,155.1,270.7,mobile,US,67
user_00558,control,0,125.21,272.5,mobile,UK,51
user_01476,control,0,106.08,249.0,desktop,UK,49
user_02603,treatment,0,71.98,225.2,mobile,US,44
user_00595,control,0,98.73,270.1,desktop,UK,64
user_01558,control,0,101.76,230.4,mobile,US,47
user_00412,control,0,88.74,271.3,desktop,US,53
user_01056,control,0,117.63,272.8,desktop,US,47
user_02373,treatment,0,88.69,205.8,mobile,US,26
user_00109,control,0,120.03,176.5,mobile,UK,27
user_02026,control,0,114.24,303.2,mobile,UK,44
user_02606,treatment,0,84.46,275.9,desktop,US,32
user_00319,control,0,43.04,244.1,mobile,UK,26
user_02618,treatment,0,61.11,221.9,desktop,UK,38
user_00841,control,0,108.76,266.0,mobile,UK,69
user_02857,treatment,0,63.75,244.6,desktop,UK,21
user_01352,control,0,145.12,277.6,desktop,US,18
user_02725,treatment,0,133.97,234.7,desktop,US,31
user_02266,treatment,0,81.11,190.8,desktop,UK,45
user_01883,control,0,141.8,246.1,desktop,UK,58
user_00681,control,0,87.41,246.0,desktop,UK,49
user_00730,control,0,111.27,235.7,desktop,UK,46
user_00790,control,0,69.69,257.1,mobile,US,20
user_01814,control,0,103.99,188.5,mobile,UK,26
user_01346,control,0,72.38,247.8,desktop,UK,45
user_01869,control,0,86.49,160.8,desktop,UK,50
user_02070,control,0,102.54,261.4,mobile,US,66
user_00433,control,0,135.86,215.7,desktop,UK,59
user_00565,control,0,74.79,198.1,mobile,US,38
user_01749,control,0,105.32,244.8,desktop,UK,44
user_01777,control,0,69.5,276.2,desktop,UK,21
user_00071,control,0,57.74,235.7,mobile,UK,30
user_01789,control,0,77.39,230.4,mobile,US,43
user_01230,control,0,82.14,252.3,desktop,US,36
user_01513,control,0,147.13,280.1,mobile,UK,18
user_00057,control,0,112.32,243.7,desktop,US,33
user_01602,control,0,107.21,267.6,mobile,US,40
user_00652,control,0,78.33,257.4,mobile,US,21
user_02177,control,0,139.68,316.2,mobile,US,31
user_00898,control,1,96.66,166.6,desktop,UK,52
user_00786,control,0,123.65,343.5,mobile,US,40
user_00310,control,0,64.41,228.0,mobile,UK,20
user_02304,treatment,0,109.17,186.0,mobile,UK,37
user_01742,control,0,118.6,213.3,mobile,UK,20
user_00908,control,0,65.03,245.9,desktop,US,30
user_00603,control,0,117.0,219.6,desktop,US,68
user_01179,control,1,102.54,214.7,desktop,US,35
user_02197,treatment,1,158.04,242.2,mobile,US,45
user_01746,control,0,99.87,269.5,desktop,UK,22
user_01162,control,1,75.61,320.6,desktop,US,40
user_01510,control,0,107.08,276.5,desktop,UK,19
user_02096,control,0,101.2,313.2,desktop,UK,46
user_01578,control,1,111.01,286.0,mobile,UK,51
user_00573,control,0,50.38,216.6,mobile,US,23
user_00555,control,0,155.4,215.3,desktop,UK,39
user_00946,control,0,134.94,165.6,mobile,US,56
user_02896,treatment,0,114.54,346.4,desktop,UK,62
user_00875,control,1,100.92,214.0,mobile,UK,39
user_02894,treatment,0,96.57,188.0,desktop,UK,47
user_01570,control,0,142.36,150.8,mobile,UK,48
user_02568,treatment,0,119.57,188.7,mobile,US,19
user_02527,treatment,0,93.41,272.9,mobile,US,47
user_01554,control,0,129.62,232.0,desktop,UK,35
user_00121,control,0,137.9,223.8,desktop,US,22
user_02559,treatment,0,85.91,241.3,desktop,UK,49
user_00810,control,0,101.74,214.2,desktop,US,27
user_02187,control,1,93.49,238.8,desktop,US,23
user_01619,control,0,114.59,253.2,desktop,US,65
user_00314,control,0,35.95,232.2,mobile,US,44
user_01563,control,0,123.08,204.7,mobile,UK,43
user_00234,control,0,97.42,227.0,mobile,US,52
user_00508,control,0,99.79,271.6,mobile,UK,41
user_01337,control,0,88.76,283.5,desktop,US,65
user_01386,control,0,120.94,205.9,mobile,US,22
user_00112,control,0,80.49,236.1,mobile,US,48
user_01579,control,0,118.4,261.5,desktop,UK,26
user_00411,control,0,73.55,223.8,mobile,US,52
user_00219,control,0,47.03,212.5,mobile,US,66
user_02115,control,0,84.03,267.9,desktop,US,21
user_01308,control,1,81.04,205.4,desktop,UK,53
user_01081,control,0,123.88,233.9,desktop,UK,49
user_00760,control,0,98.07,262.1,desktop,US,53
user_00912,control,1,99.72,203.3,desktop,UK,51
user_00808,control,0,139.36,227.4,desktop,US,24
user_00440,control,0,117.49,239.4,desktop,UK,26
user_00545,control,0,102.96,184.4,desktop,UK,40
user_00486,control,0,75.72,284.7,desktop,US,27
user_02375,treatment,0,95.34,191.1,mobile,UK,56
user_00388,control,0,124.78,213.4,mobile,UK,48
user_02816,treatment,0,83.09,202.2,mobile,UK,60
user_01193,control,0,145.32,220.4,desktop,US,51
user_01231,control,0,98.59,286.8,mobile,US,48
user_01211,control,0,72.44,185.1,mobile,UK,55
user_01274,control,0,66.59,252.7,mobile,UK,41
user_01940,control,0,162.3,317.3,desktop,UK,30
user_02203,treatment,0,91.39,237.2,desktop,UK,64
user_00931,control,0,119.35,203.9,desktop,UK,68
user_00136,control,1,63.09,202.3,desktop,UK,64
user_01781,control,0,58.17,250.7,desktop,UK,19
user_02168,control,0,52.15,222.7,mobile,US,33
user_01498,control,0,105.96,258.7,mobile,US,41
user_02156,treatment,0,45.84,230.8,mobile,US,31
user_00367,control,0,102.98,234.6,mobile,UK,59
user_02025,control,0,79.22,217.1,desktop,US,38
user_02797,treatment,0,81.0,281.8,mobile,UK,22
user_00030,control,0,100.08,286.0,desktop,US,62
user_02401,treatment,0,156.7,222.8,desktop,US,43
user_02868,treatment,0,108.46,262.2,mobile,US,34
user_01048,control,0,143.81,269.0,desktop,UK,36
user_02787,treatment,1,133.6,327.1,mobile,US,41
user_01422,control,0,96.44,205.6,mobile,US,27
user_01489,control,0,41.76,285.6,desktop,UK,36
user_00184,control,0,134.04,222.8,desktop,UK,38
user_01135,control,0,108.55,283.4,desktop,US,29
user_00189,control,0,128.04,119.2,mobile,US,42
user_00421,control,0,128.88,274.3,mobile,US,65
user_00171,control,0,131.85,210.0,mobile,US,43
user_01378,control,1,115.27,203.1,mobile,UK,20
user_00461,control,1,94.99,201.6,desktop,UK,40
user_00044,control,0,98.95,309.1,mobile,UK,47
user_00088,control,0,33.24,258.6,mobile,US,24
user_01323,control,0,116.04,279.2,mobile,UK,38
user_01741,control,0,128.61,259.9,mobile,US,25
user_00706,control,0,82.61,227.6,mobile,UK,27
user_00904,control,0,34.24,243.3,desktop,US,49
user_00283,control,0,103.07,274.7,desktop,US,58
user_02358,treatment,0,154.99,256.1,desktop,UK,35
user_00694,control,0,146.32,209.4,mobile,UK,41
user_02090,control,0,98.53,240.2,desktop,UK,22
user_02067,control,0,84.06,251.4,mobile,UK,67
user_00258,control,0,156.98,323.3,mobile,US,37
user_02544,treatment,0,107.5,258.7,mobile,US,56
user_02494,treatment,0,130.03,300.2,desktop,UK,69
user_02342,treatment,0,110.19,232.6,mobile,UK,32
user_02783,treatment,0,76.48,276.3,mobile,UK,54
user_01217,control,0,53.63,252.0,desktop,US,48
user_01042,control,0,97.67,261.2,mobile,US,63
user_02353,treatment,0,66.59,285.7,mobile,UK,38
user_00150,control,0,72.37,208.0,mobile,US,46
user_01737,control,0,66.88,228.4,desktop,UK,51
user_02258,treatment,0,177.01,263.4,mobile,UK,38
user_02292,treatment,1,155.92,258.6,mobile,US,45
user_02341,treatment,0,104.54,197.3,desktop,US,59
user_02113,control,0,139.81,275.6,mobile,UK,42
user_02317,treatment,0,88.17,249.4,desktop,UK,66
user_00135,control,0,119.68,264.5,desktop,US,28
user_02830,treatment,0,73.56,312.0,desktop,US,58
user_00832,control,0,157.31,157.2,mobile,UK,38
user_01801,control,0,83.89,240.5,desktop,UK,55
user_02829,treatment,0,164.19,277.4,desktop,UK,65
user_02888,treatment,0,153.45,275.4,desktop,UK,35
user_01899,control,0,152.9,228.2,mobile,UK,19
user_00865,control,0,79.07,221.7,mobile,US,46
user_00529,control,0,78.41,338.6,desktop,UK,48
user_02119,treatment,0,116.89,310.9,mobile,UK,62
user_00431,control,0,97.92,262.9,desktop,UK,43
user_02643,treatment,1,97.16,235.0,mobile,US,28
user_01745,control,0,90.66,198.5,mobile,US,69
user_00611,control,0,94.86,297.9,desktop,UK,57
user_00950,control,0,116.15,145.4,desktop,UK,56
user_02711,treatment,0,126.94,319.7,desktop,US,65
user_00222,control,1,60.32,225.6,mobile,US,38
user_01916,control,0,88.92,264.8,mobile,UK,21
user_02311,treatment,0,53.52,344.2,desktop,US,46
user_01037,control,0,97.87,248.8,mobile,UK,63
user_02545,treatment,0,90.14,261.1,desktop,UK,57
user_00933,control,0,69.02,259.9,mobile,US,67
user_02455,treatment,0,105.44,266.6,desktop,US,48
user_00174,control,0,82.0,197.2,desktop,US,18
user_00566,control,0,82.82,304.5,desktop,UK,56
user_01961,control,0,83.05,255.4,mobile,US,23
user_00813,control,0,96.39,197.4,mobile,US,44
user_02587,treatment,0,74.25,311.0,mobile,US,41
user_00959,control,0,120.29,214.3,mobile,UK,47
user_00528,control,0,91.5,117.8,desktop,US,43
user_01414,control,0,104.91,222.1,desktop,US,26
user_01612,control,0,96.17,263.7,desktop,UK,47
user_00273,control,0,122.91,201.8,desktop,UK,19
user_00927,control,0,102.33,308.8,mobile,UK,22
user_01740,control,1,102.92,198.4,mobile,UK,55
user_00848,control,0,88.22,249.2,mobile,US,44
user_00953,control,1,142.76,178.7,mobile,US,23
user_01621,control,0,75.39,226.8,mobile,US,67
user_02899,treatment,0,101.84,263.0,desktop,UK,66
user_02215,treatment,0,164.08,258.9,desktop,US,49
user_01913,control,0,56.7,197.2,mobile,UK,61
user_02493,treatment,0,74.01,276.1,mobile,US,27
user_02032,control,0,114.58,205.7,desktop,US,63
user_01101,control,1,99.38,269.2,mobile,US,60
user_01293,control,1,86.66,281.4,desktop,US,66
user_02775,treatment,0,75.86,287.8,mobile,UK,32
user_00169,control,0,107.24,290.6,desktop,UK,35
user_02276,treatment,1,136.29,331.3,desktop,US,42
user_01468,control,0,53.62,253.6,mobile,UK,27
user_02666,treatment,0,77.71,229.9,mobile,UK,18
user_01399,control,1,134.99,207.1,mobile,UK,28
user_01229,control,0,58.21,294.8,desktop,US,38
user_02134,treatment,0,158.38,288.1,mobile,US,61
user_01739,control,0,107.95,233.3,desktop,UK,47
user_00368,control,0,136.51,248.5,mobile,UK,19
user_02175,treatment,1,75.26,304.0,mobile,UK,69
user_00868,control,0,137.3,163.0,mobile,US,42
user_01303,control,0,56.24,180.1,mobile,UK,21
user_00352,control,0,80.59,253.2,mobile,UK,62
user_02294,treatment,0,121.05,299.4,desktop,UK,40
user_02403,treatment,0,99.4,279.2,mobile,US,52
user_00980,control,0,114.84,205.1,mobile,US,25
user_01848,control,0,128.16,245.5,mobile,US,39
user_02270,treatment,0,107.07,299.2,desktop,UK,63
user_00499,control,0,111.31,274.5,mobile,UK,53
user_01629,control,0,93.94,267.6,desktop,US,69
user_00211,control,0,157.86,299.5,desktop,UK,46
user_02370,treatment,0,74.2,251.9,desktop,UK,55
user_00602,control,0,133.18,192.1,mobile,UK,62
user_00228,control,0,110.02,184.2,mobile,UK,38
user_00366,control,1,57.31,226.2,desktop,US,61
user_00582,control,0,93.7,300.5,mobile,US,45
user_02755,treatment,0,159.2,247.5,desktop,US,40
user_02179,control,0,82.99,267.7,desktop,UK,28
user_02019,control,0,77.76,254.2,desktop,US,42
user_00860,control,0,88.81,289.6,desktop,US,37
user_00408,control,0,108.44,323.6,mobile,US,51
user_01921,control,0,84.35,270.2,mobile,US,25
user_01614,control,0,62.39,205.8,mobile,US,21
user_00679,control,0,88.93,289.7,mobile,US,50
user_01265,control,0,115.61,281.7,mobile,US,57
user_02307,treatment,1,140.01,191.0,desktop,US,37
user_00692,control,0,70.35,237.3,desktop,US,24
user_00008,control,0,64.23,253.2,desktop,US,32
user_02767,treatment,0,116.07,253.9,mobile,UK,49
user_01205,control,0,101.25,229.5,desktop,US,19
user_02133,treatment,0,134.3,338.5,mobile,US,60
user_00416,control,0,71.75,249.7,desktop,UK,38
user_00671,control,0,124.08,252.9,mobile,UK,55
user_00811,control,0,63.62,199.4,desktop,US,24
user_01090,control,0,96.15,188.9,mobile,UK,43
user_00200,control,1,69.79,246.5,mobile,US,57
user_00284,control,0,115.82,243.9,mobile,US,46
user_00232,control,0,92.74,237.9,mobile,US,38
user_02630,treatment,0,118.17,282.4,desktop,US,64
user_02761,treatment,1,123.46,249.0,mobile,US,59
user_00097,control,0,101.67,218.3,desktop,UK,27
user_01588,control,0,59.53,241.1,desktop,UK,65
user_02469,treatment,0,76.74,207.9,desktop,UK,27
user_01607,control,0,96.6,283.3,mobile,US,37
user_00677,control,0,78.84,206.2,desktop,US,23
user_01861,control,0,123.65,243.0,mobile,US,26
user_02681,treatment,0,125.89,292.2,mobile,US,44
user_02763,treatment,0,141.17,198.1,mobile,UK,50
user_02487,treatment,0,165.75,163.4,mobile,US,19
user_01400,control,0,127.27,291.7,mobile,UK,34
user_01371,control,1,131.13,285.6,desktop,UK,44
user_00105,control,0,85.27,236.7,desktop,US,60
user_02088,control,0,99.01,210.5,mobile,US,50
user_00600,control,1,84.08,257.8,desktop,UK,45
user_01757,control,0,100.32,259.5,desktop,UK,67
user_01324,control,0,99.76,295.7,mobile,UK,44
user_00643,control,0,127.84,163.7,desktop,US,65
user_00701,control,0,125.93,195.2,desktop,UK,32
user_00227,control,0,88.4,290.7,mobile,US,23
user_01698,control,1,70.37,250.2,desktop,US,52
user_01011,control,0,177.62,243.8,desktop,UK,23
user_01573,control,0,135.82,204.6,desktop,US,26
user_00777,control,0,133.06,266.0,mobile,UK,24
user_01731,control,1,105.57,300.2,mobile,US,20
user_02726,treatment,0,160.29,239.9,mobile,US,45
user_02128,treatment,0,156.92,277.1,mobile,US,33
user_02694,treatment,0,126.41,213.1,mobile,US,52
user_00465,control,0,95.8,238.8,desktop,US,39
user_02551,treatment,0,102.13,257.2,desktop,UK,56
user_01094,control,0,135.05,249.2,desktop,US,43
user_01272,control,0,121.69,247.6,mobile,US,57
user_02823,treatment,0,97.51,245.9,mobile,US,60
user_01581,control,0,60.94,195.4,mobile,UK,55
user_01208,control,0,152.89,273.2,mobile,US,46
user_00213,control,0,113.9,227.0,desktop,UK,45
user_00013,control,0,46.96,305.8,desktop,US,29
user_02872,treatment,0,115.44,243.5,mobile,US,61
user_00423,control,0,65.41,285.9,desktop,US,62
user_01689,control,0,79.68,245.5,mobile,UK,33
user_01780,control,0,99.96,237.9,desktop,US,28
user_02539,treatment,0,98.33,260.3,desktop,UK,40
user_02219,treatment,0,110.09,221.4,mobile,US,38
user_00638,control,0,121.93,218.2,mobile,US,36
user_01279,control,0,107.73,244.1,mobile,UK,62
user_01641,control,0,88.26,237.8,desktop,UK,25
user_00510,control,0,88.24,251.2,desktop,UK,24
user_00598,control,0,86.38,258.0,mobile,US,31
user_02612,treatment,0,80.19,283.5,desktop,US,64
user_02534,treatment,0,156.68,174.9,desktop,UK,40
user_02264,treatment,0,108.16,295.1,mobile,US,69
user_02543,treatment,0,35.6,302.4,desktop,UK,62
user_00519,control,0,74.39,298.3,desktop,UK,64
user_02693,treatment,1,109.51,234.7,desktop,UK,67
user_00574,control,0,115.72,297.9,desktop,US,51
user_02625,treatment,0,162.09,228.1,mobile,UK,47
user_01098,control,0,82.57,241.3,mobile,US,18
user_01948,control,0,129.03,283.2,mobile,US,19
user_01449,control,0,68.3,262.6,mobile,UK,65
user_01585,control,0,83.55,200.7,desktop,UK,43
user_02496,treatment,0,143.52,269.0,mobile,UK,21
user_00965,control,0,109.45,304.1,desktop,UK,48
user_01019,control,0,79.5,276.3,mobile,US,64
user_02808,treatment,0,90.83,285.1,mobile,US,58
user_00359,control,0,93.41,195.8,mobile,UK,37
user_00737,control,0,70.8,315.5,mobile,US,40
user_01785,control,0,118.18,196.9,desktop,UK,54
user_01609,control,0,126.02,217.2,mobile,UK,21
user_00260,control,0,48.05,215.3,mobile,US,21
user_02671,treatment,0,153.6,239.0,mobile,US,49
user_02542,treatment,0,164.06,190.6,desktop,UK,24
user_02642,treatment,0,103.6,271.3,desktop,US,60
user_02283,treatment,0,108.61,258.4,desktop,US,20
user_01030,control,0,145.4,234.7,mobile,UK,59
user_02308,treatment,0,124.2,234.1,mobile,UK,23
user_00970,control,0,91.46,220.7,desktop,UK,30
user_02890,treatment,1,124.12,222.0,desktop,US,50
user_00820,control,1,99.17,185.2,desktop,US,53
user_02616,treatment,0,86.7,220.2,mobile,US,57
user_02225,treatment,0,84.12,267.4,desktop,US,45
user_00457,control,0,91.66,188.2,desktop,US,45
user_00463,control,0,102.61,215.6,desktop,UK,22
user_02244,treatment,0,153.11,225.3,mobile,UK,68
user_02588,treatment,0,102.28,283.0,desktop,UK,52
user_00382,control,0,128.11,235.9,desktop,UK,55
user_01892,control,0,117.06,194.1,mobile,UK,65
user_01833,control,0,150.75,260.0,mobile,UK,63
user_02208,treatment,0,125.95,285.4,desktop,US,69
user_01507,control,0,99.0,227.8,mobile,UK,55
user_00806,control,0,152.84,244.9,desktop,US,30
user_02338,treatment,0,115.57,223.0,mobile,UK,39
user_00757,control,0,83.52,204.8,mobile,UK,69
user_02415,treatment,0,53.28,212.3,desktop,US,51
user_01254,control,0,109.28,244.0,desktop,US,64
user_00870,control,0,80.75,292.1,mobile,UK,20
user_02065,control,0,131.15,181.5,mobile,UK,27
user_01411,control,0,125.69,308.7,desktop,UK,43
user_02260,treatment,0,133.48,273.1,mobile,UK,36
user_02187,treatment,0,89.04,250.5,mobile,UK,68
user_02758,treatment,0,100.52,271.2,mobile,UK,53
user_01174,control,0,115.42,178.6,desktop,US,18
user_00543,control,0,82.18,244.5,mobile,US,69
user_02105,control,0,71.89,200.4,mobile,US,22
user_01256,control,0,77.18,251.2,desktop,US,25
user_01767,control,0,99.23,270.8,mobile,UK,58
user_01766,control,0,127.55,224.6,mobile,US,61
user_01290,control,0,53.07,263.8,mobile,US,20
user_02321,treatment,0,107.91,218.5,mobile,US,49
user_02427,treatment,0,56.53,260.0,mobile,UK,46
user_01344,control,0,74.28,210.9,mobile,UK,40
user_01526,control,0,92.07,234.1,desktop,US,18
user_02794,treatment,0,121.46,322.9,desktop,US,34
user_02586,treatment,0,72.28,234.2,desktop,US,68
user_02195,control,0,103.39,167.0,mobile,US,62
user_02320,treatment,0,144.5,255.0,desktop,UK,56
user_01678,control,0,91.97,207.6,mobile,UK,46
user_01287,control,0,110.83,261.6,mobile,UK,34
user_00436,control,0,124.58,233.5,mobile,UK,32
user_01728,control,0,114.47,322.8,desktop,UK,27
user_00238,control,0,103.29,337.5,mobile,UK,58
user_02247,treatment,0,130.75,305.2,mobile,US,21
user_00110,control,1,91.86,165.2,mobile,UK,53
user_02174,treatment,0,97.61,247.3,mobile,US,37
user_00164,control,0,150.0,258.0,mobile,US,58
user_00289,control,0,67.99,249.9,mobile,UK,62
user_00253,control,0,140.97,264.8,desktop,US,57
user_02483,treatment,1,169.13,209.7,desktop,UK,24
user_01965,control,0,113.12,243.2,desktop,US,63
user_01289,control,0,81.28,217.5,mobile,US,54
user_00745,control,0,87.93,209.9,desktop,UK,31
user_01207,control,0,99.53,232.6,mobile,UK,29
user_02319,treatment,0,80.57,248.9,desktop,UK,23
user_01392,control,0,62.72,247.4,mobile,US,50
user_02233,treatment,0,110.57,210.1,desktop,UK,35
user_00991,control,0,127.59,290.4,mobile,UK,22
user_00840,control,0,58.8,303.1,mobile,UK,49
user_01150,control,0,76.55,234.6,desktop,UK,51
user_01222,control,0,90.08,231.0,desktop,UK,34
user_01744,control,0,95.0,189.2,mobile,UK,42
user_02300,treatment,0,108.2,255.2,mobile,UK,62
user_00462,control,0,148.93,205.8,mobile,UK,56
user_01310,control,0,134.22,230.6,desktop,UK,61
user_01436,control,0,106.87,204.7,mobile,US,48
user_00158,control,0,188.28,283.5,desktop,US,56
user_01912,control,1,89.1,213.4,mobile,US,44
user_02259,treatment,1,145.93,194.5,desktop,US,37
user_00678,control,0,102.96,296.8,desktop,US,63
user_02748,treatment,0,54.69,260.8,desktop,UK,41
user_01873,control,0,122.74,239.8,mobile,US,19
user_00239,control,1,108.91,318.4,mobile,UK,64
user_02817,treatment,1,79.05,278.5,desktop,US,21
user_01092,control,0,123.33,248.2,mobile,US,42
user_02770,treatment,0,108.56,238.1,mobile,UK,63
user_00101,control,0,54.62,246.0,mobile,US,59
user_00316,control,0,90.35,307.4,desktop,UK,19
user_01024,control,1,66.64,207.5,mobile,US,54
user_02646,treatment,0,72.26,262.8,mobile,UK,64
user_00768,control,0,149.52,300.5,desktop,US,57
user_01345,control,0,112.78,262.0,desktop,US,50
user_00262,control,1,123.68,262.0,desktop,UK,31
user_01452,control,0,105.0,244.5,mobile,UK,27
user_02734,treatment,0,115.28,269.1,mobile,UK,56
user_00196,control,0,96.34,274.1,mobile,US,41
user_01776,control,0,135.73,234.8,desktop,US,21
user_02741,treatment,0,112.42,235.9,mobile,US,24
user_01736,control,0,101.81,173.0,desktop,US,43
user_00180,control,0,38.24,270.5,desktop,UK,31
user_02822,treatment,0,84.61,311.8,desktop,UK,43
user_00341,control,1,147.66,241.6,desktop,US,27
user_01100,control,1,82.77,237.4,mobile,US,67
user_01544,control,0,95.94,236.4,desktop,UK,30
user_00749,control,0,52.36,175.9,desktop,UK,58
user_02655,treatment,0,78.82,357.2,mobile,UK,36
user_00663,control,0,74.78,279.7,mobile,US,42
user_00481,control,1,59.84,251.7,mobile,UK,23
user_02139,control,0,121.1,292.9,desktop,UK,20
user_00872,control,0,114.83,314.2,desktop,US,59
user_01454,control,0,77.31,291.3,desktop,UK,44
user_02852,treatment,0,67.58,237.6,mobile,UK,66
user_00550,control,0,90.94,194.5,desktop,US,27
user_02021,control,0,124.45,202.9,desktop,UK,18
user_02608,treatment,0,105.45,279.1,mobile,UK,52
user_00743,control,0,69.32,246.0,desktop,UK,47
user_02315,treatment,0,105.58,252.7,desktop,UK,44
user_02537,treatment,0,128.52,317.3,desktop,US,33
user_02466,treatment,0,119.37,279.0,desktop,US,45
user_02192,treatment,0,77.58,280.8,desktop,US,48
user_01910,control,0,141.56,226.2,mobile,US,27
user_00791,control,0,83.49,247.6,mobile,US,60
user_02121,control,1,108.82,213.2,mobile,UK,56
user_01447,control,0,116.54,205.8,desktop,US,27
user_00248,control,0,110.96,252.0,mobile,US,41
user_00830,control,0,66.78,267.3,mobile,US,63
user_01125,control,0,96.04,208.5,desktop,US,64
user_02620,treatment,0,159.86,304.9,mobile,US,31
user_00627,control,0,77.63,247.3,mobile,UK,57
user_00348,control,0,114.53,275.3,mobile,US,41
user_00279,control,0,158.92,211.0,mobile,US,61
user_01784,control,0,133.25,267.7,desktop,UK,57
user_02180,treatment,0,141.55,278.7,mobile,US,63
user_00656,control,0,79.01,182.1,mobile,UK,31
user_01214,control,1,55.01,229.0,desktop,US,37
user_00839,control,0,81.69,230.9,mobile,UK,25
user_02524,treatment,0,148.21,351.7,mobile,UK,44
user_02488,treatment,0,76.43,283.7,mobile,UK,65
user_02250,treatment,0,144.48,273.1,desktop,US,24
user_01710,control,0,67.93,309.6,mobile,US,36
user_02024,control,0,92.93,331.2,desktop,US,54
user_00977,control,0,105.04,275.1,desktop,US,39
user_00446,control,0,77.5,251.8,mobile,US,42
user_00618,control,0,77.18,267.0,desktop,US,45
user_01475,control,0,59.55,282.6,desktop,US,40
user_01779,control,0,129.84,236.5,mobile,UK,45
user_02417,treatment,0,152.51,285.8,mobile,UK,19
user_01245,control,0,59.27,282.2,mobile,UK,18
user_02895,treatment,0,35.82,204.0,desktop,US,23
user_02452,treatment,0,77.67,205.6,mobile,US,55
user_00548,control,0,94.69,224.7,desktop,UK,28
user_02110,treatment,0,88.47,302.3,mobile,US,30
user_01624,control,0,84.53,208.0,desktop,UK,55
user_00264,control,0,60.1,311.0,desktop,UK,65
user_01398,control,0,94.85,259.2,desktop,US,48
user_02253,treatment,0,137.06,279.2,desktop,UK,49
user_01816,control,1,60.59,186.8,desktop,US,63
user_00354,control,0,112.94,284.0,desktop,UK,21
user_01076,control,0,92.49,238.1,mobile,UK,21
user_00209,control,0,76.69,232.8,mobile,US,55
user_00614,control,0,92.29,218.0,desktop,UK,34
user_02091,control,0,73.51,246.3,mobile,UK,49
user_02100,control,1,82.29,193.0,mobile,UK,18
user_01499,control,0,78.94,212.0,desktop,US,50
user_01136,control,0,73.31,160.5,mobile,UK,27
user_02780,treatment,1,73.2,257.5,desktop,UK,39
user_02079,control,0,79.56,264.8,desktop,UK,64
user_00058,control,0,64.38,220.5,desktop,US,19
user_02383,treatment,0,109.73,228.2,mobile,UK,35
user_00812,control,1,127.03,231.7,desktop,UK,68
user_02196,control,0,72.04,308.6,desktop,US,45
user_00562,control,0,68.43,225.6,mobile,US,58
user_02843,treatment,0,79.37,263.1,mobile,UK,35
user_00230,control,0,96.11,239.6,desktop,UK,46
user_02409,treatment,0,67.16,224.2,desktop,UK,30
user_01722,control,0,101.56,259.5,mobile,US,45
user_02180,control,0,44.02,149.5,desktop,UK,28
user_01451,control,0,101.7,281.8,desktop,UK,19
user_01235,control,0,56.45,251.8,desktop,UK,41
user_01072,control,0,65.33,311.4,desktop,UK,68
user_02749,treatment,0,97.78,246.8,mobile,US,69
user_01038,control,1,75.86,240.0,mobile,US,30
user_00890,control,0,51.91,213.9,desktop,US,50
user_01054,control,0,117.42,262.7,mobile,UK,46
user_00708,control,0,123.18,257.3,mobile,US,34
user_00425,control,0,84.14,194.3,desktop,UK,28
user_00070,control,0,108.47,241.9,mobile,US,30
user_02149,treatment,1,120.62,248.8,mobile,US,22
user_02435,treatment,0,111.67,221.7,mobile,US,49
user_02739,treatment,0,81.85,171.7,desktop,US,67
user_02306,treatment,0,85.26,280.4,mobile,US,64
user_02863,treatment,0,135.59,268.4,mobile,US,40
user_02481,treatment,1,157.89,222.9,mobile,US,54
user_02093,control,0,149.02,191.4,desktop,US,18
user_00941,control,1,155.53,250.5,mobile,UK,39
user_00621,control,0,83.83,258.6,desktop,UK,56
user_02419,treatment,0,85.85,290.7,desktop,US,42
user_01197,control,0,56.8,222.9,desktop,US,44
user_02068,control,0,115.15,182.0,desktop,UK,21
user_01033,control,0,35.28,257.5,desktop,US,69
user_01506,control,0,103.86,177.5,mobile,UK,24
user_01577,control,0,112.88,257.9,mobile,UK,61
user_02131,control,0,103.15,253.4,desktop,UK,22
user_02045,control,0,85.14,209.5,desktop,US,52
user_01396,control,0,125.56,202.5,mobile,US,21
user_00280,control,0,133.36,247.2,desktop,UK,52
user_01466,control,0,96.77,309.9,desktop,UK,30
user_01504,control,0,98.45,196.3,desktop,UK,67
user_02182,treatment,0,81.04,257.2,mobile,UK,20
user_02738,treatment,0,124.54,253.7,desktop,UK,29
user_02623,treatment,0,71.59,295.9,desktop,UK,28
user_00554,control,0,106.26,261.8,mobile,UK,18
user_00835,control,0,78.93,191.1,desktop,UK,38
user_00963,control,0,107.57,237.3,mobile,UK,37
user_00597,control,1,94.42,300.4,mobile,UK,22
user_02351,treatment,0,109.61,294.5,mobile,US,21
user_00803,control,1,113.9,217.0,mobile,UK,40
user_02137,control,0,72.15,226.6,mobile,UK,61
user_02885,treatment,0,155.65,218.0,desktop,US,45
user_02619,treatment,0,114.49,248.3,mobile,UK,19
user_00441,control,0,98.88,255.3,mobile,UK,59
user_00509,control,0,93.23,191.2,mobile,US,69
user_00077,control,0,120.09,203.8,desktop,UK,31
user_02381,treatment,0,75.64,267.3,mobile,US,59
user_00650,control,0,118.05,334.7,mobile,US,26
user_00523,control,0,78.29,204.9,mobile,UK,49
user_01488,control,0,109.16,297.9,mobile,US,40
user_02108,treatment,0,81.01,263.8,mobile,US,19
user_01495,control,0,88.43,254.4,desktop,UK,40
user_00655,control,0,120.06,203.0,mobile,UK,43
user_02716,treatment,0,55.86,318.7,desktop,UK,32
user_01539,control,0,76.37,220.2,mobile,US,28
user_01424,control,0,145.0,282.3,mobile,UK,25
user_01652,control,0,60.86,210.9,mobile,UK,58
user_00631,control,0,145.51,253.5,desktop,UK,59
user_02441,treatment,0,147.78,230.8,mobile,UK,41
user_01508,control,0,110.49,242.2,mobile,UK,61
user_02841,treatment,1,127.8,303.7,desktop,US,49
user_00483,control,0,111.0,233.5,desktop,US,25
user_01928,control,1,119.52,202.9,mobile,UK,53
user_01114,control,0,129.14,254.1,desktop,US,28
user_02463,treatment,0,79.99,391.7,desktop,UK,26
user_01089,control,0,119.29,259.0,mobile,UK,59
user_00439,control,0,78.11,247.9,desktop,UK,28
user_01718,control,0,99.61,192.0,mobile,UK,25
user_02343,treatment,0,128.25,200.8,desktop,UK,49
user_00857,control,0,59.86,202.3,desktop,US,53
user_01984,control,0,90.83,266.2,mobile,US,63
user_00167,control,0,120.33,272.6,mobile,US,18
user_00060,control,0,133.08,184.5,desktop,US,19
user_00612,control,0,92.77,193.5,desktop,UK,59
user_00531,control,1,161.66,216.9,mobile,US,46
user_02687,treatment,0,126.3,274.3,desktop,US,38
user_00050,control,0,85.69,289.5,desktop,UK,41
user_01884,control,0,104.13,134.6,desktop,UK,64
user_01012,control,0,64.72,251.5,mobile,US,46
user_00859,control,0,136.55,208.4,mobile,US,61
user_01018,control,0,34.24,178.3,mobile,US,67
user_00049,control,0,110.09,241.6,desktop,UK,28
user_00720,control,0,64.69,292.9,desktop,UK,34
user_02290,treatment,0,96.33,230.2,mobile,US,67
user_02552,treatment,0,125.86,222.6,desktop,UK,35
user_02146,treatment,0,75.24,232.7,mobile,UK,38
user_01160,control,0,92.13,311.4,desktop,UK,39
user_00633,control,0,55.34,243.8,desktop,UK,65
user_01339,control,0,125.44,254.7,desktop,US,53
user_02128,control,0,63.73,248.1,mobile,UK,57
user_02502,treatment,1,115.49,321.0,desktop,US,18
user_01437,control,0,106.93,218.9,desktop,US,61
user_00026,control,0,112.42,219.3,desktop,UK,28
user_02865,treatment,0,76.02,272.2,desktop,UK,66
user_00220,control,0,123.39,197.9,desktop,US,51
user_02718,treatment,0,92.08,216.8,desktop,US,23
user_00277,control,0,57.25,294.7,desktop,US,26
user_02158,control,0,75.75,205.9,mobile,UK,21
user_01481,control,0,104.38,250.6,mobile,US,22
user_01236,control,0,67.59,234.1,mobile,UK,63
user_01594,control,0,81.8,179.4,mobile,US,60
user_01000,control,0,88.3,262.1,desktop,UK,63
user_02141,control,0,67.89,271.5,mobile,UK,41
user_00362,control,0,84.11,199.8,mobile,UK,56
user_01458,control,0,67.28,155.5,mobile,UK,58
user_01994,control,0,89.45,244.7,desktop,UK,48
user_01672,control,0,94.42,192.2,mobile,US,34
user_02234,treatment,0,132.57,277.7,mobile,UK,66
user_01651,control,0,118.01,266.7,desktop,UK,54
user_01836,control,0,99.32,267.7,desktop,UK,60
user_01115,control,0,69.77,219.3,desktop,UK,40
user_01847,control,0,105.75,328.0,mobile,US,27
user_01318,control,0,118.21,194.0,mobile,US,25
user_02529,treatment,0,134.97,239.6,mobile,UK,37
user_00298,control,0,80.26,241.8,desktop,US,44
user_01314,control,0,126.52,191.7,mobile,UK,41
user_00938,control,0,84.59,170.3,desktop,UK,67
user_00241,control,0,154.59,264.9,desktop,US,33
user_01433,control,0,96.1,241.6,desktop,US,36
user_00583,control,0,120.16,248.4,desktop,UK,58
user_02806,treatment,0,80.47,265.6,desktop,US,57
user_01955,control,0,114.73,271.0,mobile,US,32
user_01335,control,0,122.94,261.0,mobile,US,59
user_01730,control,0,109.53,204.1,desktop,UK,26
user_01673,control,0,139.36,209.4,mobile,UK,61
user_00351,control,0,110.13,276.1,mobile,UK,53
user_02645,treatment,0,104.2,264.6,desktop,US,25
user_01221,control,0,96.73,252.7,desktop,UK,49
user_00350,control,0,60.9,274.4,mobile,UK,20
user_01519,control,0,46.51,190.3,mobile,UK,64
user_02447,treatment,0,112.54,292.1,mobile,US,32
user_00644,control,0,95.46,245.6,mobile,UK,33
user_02735,treatment,0,167.44,288.0,mobile,UK,32
user_00945,control,0,109.34,267.0,mobile,US,32
user_01463,control,0,108.56,236.6,desktop,UK,22
user_00658,control,0,84.16,215.7,desktop,US,66
user_02602,treatment,0,137.43,240.8,desktop,US,27
user_02793,treatment,0,157.31,243.7,mobile,US,69
user_01237,control,1,165.28,139.9,desktop,UK,25
user_02367,treatment,0,81.19,319.5,mobile,UK,51
user_00648,control,0,129.34,245.4,mobile,UK,23
user_01126,control,0,104.87,261.3,mobile,UK,25
user_01111,control,1,105.45,226.6,mobile,US,65
user_02550,treatment,0,109.21,190.2,desktop,UK,57
user_01941,control,1,89.96,246.4,mobile,UK,68
user_00539,control,0,86.97,276.8,desktop,US,38
user_01049,control,0,100.26,221.7,mobile,US,28
user_02883,treatment,0,102.43,229.8,mobile,UK,44
user_02275,treatment,0,68.83,269.3,desktop,UK,26
user_02109,treatment,0,79.59,304.6,desktop,US,36
user_02238,treatment,0,109.99,268.4,mobile,UK,30
user_02163,control,0,91.92,252.7,mobile,US,63
user_00802,control,0,94.89,340.8,mobile,US,57
user_00787,control,0,128.33,193.2,mobile,UK,53
user_02594,treatment,0,113.95,258.1,desktop,UK,41
user_02041,control,0,69.05,247.3,desktop,US,69
user_00789,control,0,115.05,347.4,desktop,US,46
user_02184,control,0,108.52,321.6,desktop,US,39
user_02368,treatment,1,140.64,317.1,desktop,UK,67
user_02014,control,0,92.84,194.5,desktop,US,37
user_00715,control,0,65.71,274.6,mobile,US,34
user_00804,control,0,123.41,206.6,mobile,US,28
user_02009,control,0,123.99,295.7,mobile,US,44
user_02661,treatment,1,75.28,238.1,mobile,UK,32
user_00124,control,0,49.47,242.2,mobile,US,35
user_01809,control,1,128.87,287.9,desktop,UK,55
user_02186,treatment,0,70.78,183.1,desktop,UK,33
user_02148,control,0,97.5,161.5,desktop,UK,31
user_00619,control,0,120.06,255.7,mobile,US,19
user_00407,control,0,106.93,232.8,mobile,UK,41
user_01158,control,0,107.8,256.8,desktop,US,21
user_01069,control,0,125.3,226.0,mobile,US,38
user_01134,control,0,142.29,168.1,desktop,UK,54
user_02805,treatment,0,71.78,249.0,desktop,US,49
user_00498,control,0,70.02,232.9,mobile,UK,44
user_01062,control,0,93.79,191.1,desktop,UK,58
user_00326,control,0,122.77,318.0,desktop,UK,22
user_00343,control,0,82.66,282.8,mobile,US,69
user_02256,treatment,0,80.89,251.6,mobile,US,44
user_02166,treatment,0,81.53,303.5,mobile,US,18
user_00783,control,0,95.73,267.8,desktop,UK,41
user_02267,treatment,0,103.75,265.6,mobile,US,39
user_00300,control,0,93.71,260.5,desktop,US,47
user_01462,control,0,64.94,286.4,desktop,US,53
user_02273,treatment,0,116.01,228.3,desktop,US,27
user_00304,control,0,122.13,258.1,mobile,US,51
user_01238,control,0,40.66,222.6,desktop,US,30
user_02471,treatment,0,95.04,209.3,desktop,UK,43
user_01657,control,0,57.94,299.3,desktop,UK,36
user_00665,control,0,38.33,217.1,desktop,US,32
user_01691,control,0,95.16,259.2,desktop,US,48
user_00221,control,0,89.31,243.5,mobile,US,54
user_01627,control,0,81.48,246.4,desktop,US,38
user_01189,control,0,41.57,227.3,mobile,UK,32
user_01456,control,0,139.96,210.9,desktop,US,36
user_00450,control,0,102.81,243.9,desktop,UK,43
user_02003,control,0,98.8,274.8,mobile,UK,37
user_02516,treatment,0,182.54,292.1,mobile,UK,60
user_00085,control,0,93.04,257.9,desktop,US,67
user_00942,control,0,115.73,183.1,mobile,US,28
user_00962,control,0,109.9,204.3,mobile,US,66
user_00842,control,0,98.33,229.5,desktop,US,47
user_01327,control,1,102.93,194.2,desktop,UK,43
user_02278,treatment,0,107.08,224.0,mobile,US,32
user_02330,treatment,0,115.26,316.0,desktop,US,60
user_01374,control,0,119.68,205.3,mobile,UK,30
user_00291,control,0,111.81,203.0,desktop,UK,26
user_01868,control,0,30.42,280.3,mobile,UK,41
user_01555,control,0,97.08,267.9,desktop,US,56
user_00605,control,0,100.81,184.8,mobile,US,29
user_02033,control,0,66.16,236.8,mobile,US,42
user_00917,control,0,74.5,245.7,mobile,US,18
user_02532,treatment,0,110.15,310.6,desktop,UK,29
user_02237,treatment,0,117.18,224.7,mobile,UK,47
user_02099,control,0,106.81,140.1,desktop,UK,52
user_02337,treatment,0,130.34,250.5,desktop,UK,40
user_00822,control,0,155.89,226.8,desktop,US,54
user_02369,treatment,0,90.94,203.6,desktop,US,47
user_01001,control,1,143.74,204.7,mobile,US,34
user_01704,control,1,101.63,169.7,mobile,US,19
user_00019,control,0,98.45,266.7,desktop,UK,62
user_01778,control,0,91.06,277.6,desktop,US,30
user_01209,control,0,118.14,317.3,desktop,US,63
user_02460,treatment,0,95.82,143.0,desktop,UK,46
user_01937,control,0,153.13,234.9,mobile,UK,56
user_01719,control,1,90.17,235.9,mobile,US,28
user_01428,control,0,55.4,237.1,mobile,US,46
user_02141,treatment,1,135.6,277.8,desktop,US,54
user_02210,treatment,0,137.69,199.7,mobile,US,34
user_01358,control,0,136.74,259.1,mobile,UK,54
user_02058,control,0,64.13,193.3,mobile,UK,35
user_00361,control,0,121.95,201.5,desktop,UK,46
user_02170,treatment,0,96.46,316.7,mobile,UK,24
user_02085,control,0,139.14,252.7,desktop,UK,21
user_01565,control,0,112.42,218.2,mobile,US,33
user_00345,control,0,77.44,294.7,desktop,US,52
user_00987,control,1,64.5,264.2,desktop,US,56
user_01261,control,0,94.18,248.5,mobile,UK,57
user_01714,control,0,126.06,229.0,desktop,US,35
user_01721,control,0,135.54,200.8,mobile,UK,25
user_02546,treatment,0,126.68,276.7,desktop,UK,67
user_02786,treatment,0,90.87,285.5,desktop,US,21
user_01576,control,0,116.91,193.9,mobile,UK,39
user_00086,control,0,102.1,249.3,mobile,UK,44
user_02064,control,0,47.0,247.2,desktop,UK,51
user_00669,control,0,114.5,181.5,desktop,UK,24
user_01015,control,0,114.78,222.6,desktop,US,53
user_00129,control,0,91.72,278.2,mobile,US,49
user_01874,control,1,62.55,240.7,desktop,US,57
user_01147,control,0,104.43,242.0,desktop,US,66
user_00892,control,0,131.26,307.9,desktop,UK,20
user_02371,treatment,0,30.42,224.6,mobile,UK,39
user_00308,control,0,127.77,266.7,desktop,US,47
user_00384,control,0,53.24,258.3,desktop,US,39
user_01834,control,1,64.09,299.7,mobile,UK,52
user_01128,control,1,191.15,221.2,desktop,US,40
user_00427,control,0,104.8,202.9,desktop,UK,39
user_00495,control,0,58.96,202.6,mobile,US,49
user_01566,control,0,60.93,198.3,mobile,US,45
user_02691,treatment,0,100.72,225.7,desktop,US,54
user_02511,treatment,0,81.7,318.8,desktop,UK,30
user_01252,control,0,100.12,236.9,mobile,UK,43
user_01296,control,0,112.92,177.2,desktop,UK,28
user_00276,control,0,126.47,252.3,mobile,UK,31
user_00490,control,0,149.89,241.1,mobile,UK,38
user_01958,control,0,74.9,280.1,desktop,UK,59
user_00691,control,0,49.78,233.0,mobile,US,28
user_02052,control,0,92.32,291.3,mobile,UK,35
user_02138,treatment,1,139.77,210.5,desktop,UK,33
user_01243,control,0,116.64,345.7,desktop,US,52
user_02573,treatment,0,113.36,269.3,desktop,UK,57
user_02080,control,1,131.62,241.8,mobile,US,36
user_01059,control,0,87.6,275.8,desktop,UK,33
user_00119,control,0,119.0,215.7,mobile,US,60
user_01996,control,0,91.93,191.9,mobile,US,35
user_02185,treatment,0,95.53,294.4,desktop,UK,26
user_00282,control,0,88.89,284.1,mobile,US,22
user_02707,treatment,0,61.04,279.0,desktop,UK,30
user_02235,treatment,0,113.04,233.1,mobile,US,31
user_02662,treatment,0,70.05,290.7,mobile,US,46
user_02845,treatment,0,91.47,261.3,desktop,UK,24
user_01180,control,0,63.12,223.9,desktop,US,29
user_01603,control,0,75.21,330.0,mobile,UK,68
user_02117,control,0,87.87,245.8,mobile,US,26
user_00305,control,0,147.01,277.3,mobile,UK,68
user_01845,control,0,131.04,273.9,mobile,UK,25
user_01357,control,0,122.91,266.1,mobile,UK,35
user_02336,treatment,0,86.21,277.0,mobile,UK,55
user_00576,control,0,109.42,192.8,mobile,US,64
user_01872,control,0,45.19,261.0,mobile,US,60
user_02745,treatment,0,121.09,301.1,desktop,US,43
user_02523,treatment,0,154.53,316.4,mobile,UK,24
user_01418,control,0,142.55,278.2,desktop,UK,38
user_01796,control,0,94.35,137.5,mobile,US,51
user_00844,control,1,86.36,212.6,desktop,US,22
user_02712,treatment,0,121.1,206.0,mobile,US,68
user_00270,control,0,58.49,196.2,desktop,US,45
user_00630,control,0,92.77,292.3,mobile,UK,18
user_01034,control,0,107.18,265.5,desktop,UK,61
user_00287,control,0,73.12,181.2,mobile,UK,51
user_02111,treatment,0,95.76,218.4,desktop,UK,59
user_00301,control,0,153.17,247.8,mobile,US,68
user_01511,control,0,114.36,221.4,desktop,UK,62
user_01812,control,0,108.21,223.4,desktop,US,28
user_00066,control,0,95.48,191.2,mobile,UK,59
user_02297,treatment,0,122.91,267.4,mobile,UK,54
user_00891,control,0,58.53,186.7,desktop,UK,59
user_01768,control,1,61.66,175.6,mobile,US,23
user_01732,control,0,98.82,315.6,desktop,UK,19
user_01377,control,0,46.11,216.9,mobile,UK,55
user_00231,control,0,32.65,241.4,mobile,US,57
user_00504,control,0,101.74,260.1,mobile,UK,23
user_02359,treatment,0,167.1,267.0,desktop,US,55
user_01351,control,0,74.39,241.3,mobile,US,19
user_01445,control,0,37.61,146.3,desktop,US,63
user_02451,treatment,0,87.99,244.6,mobile,US,27
user_01005,control,0,115.16,217.0,mobile,UK,20
user_00837,control,0,100.46,270.5,mobile,US,37
user_01589,control,0,55.33,265.7,desktop,US,62
user_00375,control,0,109.86,178.1,desktop,US,60
user_01353,control,0,148.69,200.3,desktop,UK,21
user_02111,control,0,22.87,240.9,mobile,US,39
user_01787,control,0,104.26,231.1,desktop,UK,69
user_01804,control,0,124.21,193.4,desktop,UK,61
user_02072,control,0,102.99,207.3,desktop,US,45
user_00752,control,0,54.03,192.7,desktop,US,47
user_00100,control,0,141.33,201.2,mobile,UK,24
user_01724,control,0,75.92,255.0,mobile,US,55
user_00867,control,0,83.52,233.6,desktop,US,19
user_00911,control,0,107.61,196.6,desktop,UK,63
user_02010,control,0,99.06,225.8,mobile,US,33
user_00530,control,0,112.05,217.2,desktop,UK,29
user_00637,control,1,149.97,326.1,desktop,UK,33
user_00186,control,0,54.01,249.7,mobile,US,36
user_01188,control,1,63.56,232.3,mobile,UK,52
user_01972,control,0,71.61,277.2,mobile,US,34
user_00932,control,0,80.87,280.4,desktop,UK,44
user_01382,control,0,66.47,268.3,mobile,US,51
user_02195,treatment,0,141.51,233.4,mobile,UK,20
user_02282,treatment,0,123.22,249.8,mobile,US,59
user_02301,treatment,0,109.54,233.7,desktop,US,52
user_02000,control,0,95.89,270.9,desktop,UK,35
user_00608,control,0,104.28,271.7,mobile,US,49
user_02796,treatment,1,87.09,224.3,desktop,UK,34
user_00152,control,0,96.19,218.7,desktop,UK,52
user_01284,control,0,112.89,221.7,mobile,UK,55
user_02162,treatment,0,92.86,320.5,mobile,US,48
user_00732,control,0,111.81,288.9,desktop,US,64
user_01338,control,0,133.74,173.8,desktop,UK,35
user_01599,control,0,90.13,207.7,desktop,US,59
user_02740,treatment,0,96.25,323.9,desktop,UK,56
user_00024,control,0,107.61,261.5,mobile,UK,51
user_02757,treatment,0,105.66,242.9,desktop,US,36
user_00159,control,0,89.22,281.8,desktop,UK,31
user_00862,control,0,32.22,160.1,mobile,US,54
user_00903,control,0,110.07,253.3,mobile,UK,23
user_02555,treatment,0,98.19,341.4,mobile,UK,19
user_02837,treatment,0,95.39,281.7,desktop,UK,36
user_00445,control,0,134.69,214.1,desktop,US,45
user_02838,treatment,0,156.27,315.5,mobile,US,48
user_00755,control,1,115.35,260.8,desktop,UK,41
user_00924,control,0,116.59,252.9,desktop,UK,39
user_02870,treatment,0,124.21,225.3,desktop,US,19
user_02103,control,0,123.15,264.0,desktop,UK,62
user_00312,control,1,49.06,209.1,desktop,UK,59
user_00549,control,0,106.22,231.5,desktop,US,38
user_01946,control,0,81.83,208.2,mobile,UK,41
user_01457,control,0,84.05,263.4,mobile,UK,68
user_00307,control,0,142.94,237.2,desktop,UK,33
user_00288,control,0,106.42,233.7,mobile,US,21
user_00695,control,0,67.81,257.7,mobile,US,41
user_00309,control,0,60.63,233.1,mobile,US,41
user_02220,treatment,0,125.69,258.6,mobile,UK,42
user_00750,control,0,99.8,227.9,mobile,UK,56
user_02715,treatment,0,104.25,267.7,desktop,UK,43
user_01240,control,0,77.45,259.7,desktop,UK,51
user_00909,control,1,120.72,245.8,mobile,UK,30
user_01881,control,0,98.32,275.9,desktop,UK,60
user_02280,treatment,0,120.21,227.2,mobile,US,35
user_01407,control,0,82.72,283.5,desktop,UK,49
user_02394,treatment,0,110.38,266.9,mobile,UK,55
user_00971,control,1,120.31,287.0,desktop,US,69
user_00014,control,0,68.35,159.3,mobile,US,54
user_00874,control,0,80.55,302.7,desktop,UK,22
user_00809,control,1,80.61,250.2,desktop,US,61
user_02478,treatment,0,108.51,285.5,mobile,US,34
user_00515,control,1,94.09,270.2,mobile,US,60
user_02313,treatment,0,133.12,219.2,mobile,UK,30
user_00410,control,0,81.71,246.8,mobile,UK,51
user_02733,treatment,0,126.91,221.6,mobile,UK,64
user_02159,treatment,0,109.37,202.8,desktop,US,30
user_02723,treatment,0,106.46,178.0,desktop,UK,26
user_01226,control,0,100.46,203.9,mobile,US,40
user_01656,control,0,88.2,240.1,mobile,UK,44
user_01611,control,0,88.7,205.7,desktop,US,48
user_00383,control,1,116.14,204.7,mobile,US,58
user_02107,control,0,41.86,272.3,desktop,UK,68
user_02188,control,0,148.67,199.9,desktop,UK,31
user_01622,control,0,116.17,254.0,mobile,UK,40
user_02731,treatment,0,94.6,264.7,mobile,US,50
user_00553,control,0,125.29,271.7,desktop,US,65
user_00223,control,0,71.39,299.2,mobile,US,40
user_01097,control,1,86.61,233.4,desktop,UK,49
user_02654,treatment,0,111.8,293.9,desktop,UK,35
user_00009,control,0,87.64,273.7,desktop,UK,37
user_01477,control,0,113.55,270.3,desktop,UK,66
user_00317,control,0,103.8,232.7,mobile,US,46
user_00428,control,0,122.69,229.3,desktop,UK,63
user_01986,control,0,57.83,199.4,mobile,US,44
user_00106,control,0,65.12,177.3,desktop,US,34
user_02016,control,0,67.41,312.3,mobile,UK,39
user_00143,control,1,122.39,332.0,mobile,US,67
user_00122,control,0,124.22,230.4,mobile,US,45
user_02271,treatment,0,104.81,358.6,mobile,UK,47
user_02765,treatment,0,133.36,267.3,desktop,US,27
user_01190,control,0,156.45,244.4,desktop,UK,55
user_02861,treatment,0,110.58,218.1,mobile,US,24
user_02500,treatment,0,96.95,296.4,mobile,UK,31
user_01658,control,0,88.28,241.3,mobile,UK,33
user_00116,control,0,123.82,256.4,mobile,US,59
user_01406,control,0,94.55,168.0,mobile,US,22
user_01512,control,0,88.95,202.2,desktop,US,69
user_02392,treatment,1,112.92,294.8,desktop,US,28
user_02697,treatment,0,103.42,238.4,mobile,US,67
user_02848,treatment,0,136.52,262.6,mobile,US,41
user_01597,control,0,75.52,277.5,mobile,UK,56
user_02789,treatment,0,79.79,273.4,mobile,UK,18
user_00673,control,0,112.14,209.9,mobile,US,48
user_01432,control,0,89.25,193.4,mobile,UK,68
user_02173,control,0,143.62,275.7,mobile,UK,41
user_00592,control,0,135.68,180.2,desktop,UK,66
user_01403,control,0,123.53,217.5,mobile,UK,38
user_00889,control,0,89.04,241.9,mobile,US,60
user_01755,control,0,51.57,245.8,desktop,UK,20
user_01367,control,0,70.27,183.8,mobile,UK,29
user_02296,treatment,0,109.71,300.4,mobile,US,58
user_00214,control,0,110.99,323.9,desktop,UK,29
user_02008,control,0,86.2,139.8,desktop,UK,56
user_02149,control,0,60.96,192.2,mobile,US,62
user_00801,control,1,39.05,270.7,desktop,UK,29
user_02380,treatment,0,104.1,265.0,mobile,UK,50
user_02339,treatment,0,123.09,316.8,desktop,US,19
user_02183,treatment,0,42.63,278.6,mobile,US,20
user_02562,treatment,0,107.04,274.5,mobile,UK,63
user_02611,treatment,0,149.48,271.3,mobile,US,21
user_00274,control,0,128.8,277.1,desktop,UK,45
user_00072,control,1,78.5,166.2,desktop,US,26
user_01790,control,0,146.6,290.1,desktop,US,21
user_01088,control,0,126.12,172.0,desktop,UK,27
user_00395,control,1,163.81,246.0,desktop,US,25
user_00584,control,0,97.13,212.5,desktop,UK,59
user_02081,control,0,159.24,277.5,desktop,US,58
user_01981,control,0,52.76,259.6,desktop,US,42
user_00501,control,0,86.24,250.8,mobile,US,44
user_02015,control,0,69.33,300.4,mobile,US,48
user_02123,treatment,0,136.37,299.5,desktop,US,33
user_02879,treatment,0,90.6,220.6,desktop,UK,34
user_02640,treatment,0,71.11,202.3,desktop,UK,61
user_02218,treatment,0,91.85,288.7,desktop,UK,40
user_01260,control,0,60.44,352.3,desktop,UK,53
user_01743,control,0,73.89,237.3,desktop,UK,28
user_00206,control,0,122.74,250.6,desktop,US,49
user_00734,control,0,124.42,302.3,desktop,UK,25
user_02402,treatment,0,146.61,202.1,mobile,UK,55
user_00527,control,0,86.22,216.6,desktop,US,52
user_01376,control,0,100.31,263.5,mobile,UK,63
user_00899,control,0,123.55,195.4,mobile,UK,58
user_00378,control,0,102.62,256.9,desktop,US,23
user_01727,control,0,113.65,292.2,desktop,UK,19
user_02582,treatment,1,85.84,313.7,mobile,US,47
user_02622,treatment,1,85.03,273.8,mobile,UK,24
user_00387,control,0,107.51,225.0,desktop,UK,60
user_00199,control,0,111.55,177.5,mobile,US,24
user_01051,control,0,92.85,264.1,mobile,US,43
user_00591,control,0,108.28,162.6,desktop,US,45
user_00520,control,0,145.72,283.5,mobile,US,40
user_02850,treatment,0,79.25,234.8,mobile,US,42
user_00430,control,1,141.16,270.3,desktop,US,54
user_01084,control,0,102.54,218.0,desktop,UK,27
user_00208,control,0,71.39,216.6,desktop,US,24
user_00492,control,0,94.86,192.7,desktop,US,44
user_01610,control,0,148.37,266.9,mobile,UK,66
user_02812,treatment,0,87.06,293.8,mobile,UK,59
user_00793,control,0,142.71,288.3,desktop,US,51
user_02020,control,0,148.54,183.4,mobile,US,63
user_01187,control,0,106.36,270.2,desktop,UK,56
user_01186,control,0,118.63,195.5,mobile,UK,20
user_02182,control,0,99.42,243.6,mobile,UK,57
user_01341,control,0,101.05,160.4,mobile,UK,61
user_02132,treatment,0,124.43,253.9,mobile,UK,23
user_00084,control,0,128.61,289.9,desktop,UK,30
user_02269,treatment,0,100.32,170.2,desktop,US,41
user_02126,treatment,0,119.49,294.5,mobile,US,25
user_00021,control,1,115.81,231.3,desktop,US,18
user_01379,control,0,37.21,345.1,desktop,UK,33
user_01559,control,0,69.5,161.8,desktop,US,30
user_01939,control,0,76.34,283.8,desktop,UK,39
user_02737,treatment,1,86.01,231.5,mobile,US,62
user_01938,control,0,105.22,234.6,desktop,US,51
user_00974,control,0,118.79,244.6,mobile,US,62
user_02689,treatment,0,135.73,282.5,desktop,US,48
user_00884,control,1,92.36,231.2,mobile,US,21
user_01099,control,1,123.42,247.8,desktop,US,41
user_00157,control,0,142.07,241.9,desktop,US,34
user_02176,treatment,0,126.12,295.7,desktop,US,54
user_00887,control,0,57.58,251.7,desktop,UK,35
user_02898,treatment,0,155.16,251.5,mobile,UK,36
user_01592,control,0,110.36,237.5,mobile,US,34
user_02378,treatment,0,87.56,232.7,desktop,UK,49
user_02617,treatment,0,124.42,231.0,mobile,UK,59
user_02434,treatment,0,167.62,186.6,mobile,UK,43
user_02118,control,0,108.05,227.7,mobile,UK,19
user_01473,control,0,107.51,221.8,mobile,UK,46
user_02548,treatment,0,75.52,302.2,desktop,US,65
user_00459,control,0,91.93,251.5,mobile,US,65
user_02398,treatment,0,107.24,280.1,desktop,UK,25
user_00079,control,0,87.85,169.1,desktop,UK,39
user_02814,treatment,0,82.36,169.7,mobile,US,19
user_01057,control,0,89.28,220.8,mobile,US,61
user_00907,control,1,120.16,189.5,mobile,US,56
user_01564,control,0,127.32,199.7,mobile,US,21
user_02326,treatment,0,67.59,286.4,mobile,UK,62
user_02596,treatment,0,107.81,270.0,desktop,UK,37
user_00381,control,0,135.7,293.8,desktop,UK,22
user_00948,control,0,106.3,230.1,desktop,US,48
user_01713,control,0,102.2,181.7,mobile,US,52
user_02656,treatment,0,148.26,295.6,desktop,UK,24
user_00716,control,0,105.34,256.0,mobile,UK,18
user_01914,control,0,95.71,264.4,mobile,UK,38
user_00687,control,0,40.57,241.9,mobile,UK,31
user_02570,treatment,0,27.89,262.2,mobile,UK,66
user_01294,control,1,108.75,254.1,desktop,US,43
user_00306,control,0,194.1,227.1,mobile,UK,41
user_00210,control,0,79.3,230.3,mobile,UK,48
user_02012,control,0,91.51,253.1,desktop,UK,51
user_02121,treatment,0,142.29,251.0,mobile,UK,61
user_02875,treatment,1,153.53,204.2,desktop,UK,69
user_01538,control,0,103.43,270.0,desktop,UK,47
user_00886,control,0,75.54,204.4,desktop,UK,35
user_01860,control,0,37.7,208.7,desktop,UK,54
user_00918,control,0,116.94,201.9,mobile,UK,26
user_01887,control,0,140.72,266.2,desktop,US,53
user_01661,control,0,53.41,288.8,mobile,US,20
user_00192,control,0,142.44,248.0,mobile,US,46
user_01748,control,0,118.35,209.0,mobile,UK,47
user_02132,control,0,121.01,292.1,desktop,UK,31
user_01266,control,1,108.31,298.9,mobile,US,61
user_00484,control,0,123.14,232.7,mobile,US,22
user_00916,control,0,117.16,230.2,mobile,UK,57
user_02499,treatment,0,111.45,262.1,mobile,US,47
user_00278,control,0,58.9,180.6,mobile,US,40
user_00989,control,0,100.22,311.1,desktop,US,66
user_01988,control,0,78.9,279.6,desktop,US,64
user_01895,control,0,107.66,259.5,desktop,UK,30
user_01870,control,0,104.61,212.0,mobile,UK,47
user_00572,control,0,110.44,317.0,mobile,UK,29
user_00994,control,0,94.04,230.6,desktop,UK,18
user_02695,treatment,0,114.93,224.0,desktop,US,31
user_02846,treatment,0,113.24,194.3,mobile,UK,40
user_00586,control,0,96.22,206.6,desktop,UK,18
user_02228,treatment,0,90.71,336.7,desktop,US,43
user_02893,treatment,0,98.73,265.5,mobile,UK,55
user_01350,control,0,102.42,239.2,desktop,US,64
user_02800,treatment,0,102.93,312.5,desktop,US,61
user_00675,control,0,139.85,262.3,mobile,UK,54
user_02490,treatment,0,124.25,272.4,desktop,US,26
user_00856,control,0,99.14,287.6,mobile,UK,62
user_00448,control,1,105.06,219.0,desktop,US,42
user_01420,control,0,100.55,339.3,desktop,US,20
user_02129,treatment,1,142.27,183.6,mobile,US,61
user_01617,control,0,136.97,243.3,mobile,US,57
user_02158,treatment,1,150.96,309.2,desktop,UK,69
user_02721,treatment,0,117.3,230.2,desktop,UK,47
user_02653,treatment,0,107.64,300.0,mobile,UK,34
user_01717,control,0,100.96,314.2,mobile,UK,49
user_02571,treatment,0,88.43,321.8,desktop,UK,55
user_01248,control,0,91.45,209.2,desktop,UK,60
user_00295,control,0,82.56,207.2,desktop,US,22
user_00589,control,0,88.06,247.6,mobile,UK,40
user_01282,control,0,111.37,220.7,mobile,UK,46
user_01423,control,0,112.53,301.4,mobile,US,49
user_02249,treatment,0,103.04,304.1,desktop,UK,29
user_01427,control,1,133.8,309.8,desktop,UK,21
user_02152,treatment,0,130.33,257.6,desktop,UK,50
user_00426,control,0,117.61,313.7,desktop,US,33
user_00535,control,0,120.06,216.5,desktop,UK,33
user_01055,control,0,105.83,241.0,mobile,US,49
user_01865,control,0,108.08,225.6,mobile,UK,20
user_02404,treatment,0,96.18,266.7,mobile,UK,32
user_01426,control,0,119.79,195.5,mobile,US,67
user_00133,control,0,54.42,266.9,mobile,UK,50
user_01838,control,0,102.09,253.2,desktop,UK,26
user_01826,control,0,95.97,225.1,desktop,UK,54
user_00422,control,0,146.22,297.2,mobile,US,23
user_02558,treatment,0,38.68,264.5,desktop,UK,67
user_02029,control,0,130.64,295.8,desktop,US,69
user_02889,treatment,0,61.85,277.3,mobile,UK,30
user_01369,control,0,82.94,230.1,mobile,UK,66
user_00557,control,0,78.06,271.8,desktop,US,47
user_02044,control,0,101.65,274.9,mobile,US,27
user_01487,control,0,97.27,203.3,mobile,US,46
user_02579,treatment,0,88.31,265.8,desktop,US,27
user_00571,control,0,85.67,225.1,desktop,UK,30
user_00353,control,0,112.9,261.7,mobile,US,31
user_00092,control,0,121.81,233.4,desktop,US,52
user_02462,treatment,0,151.17,306.4,desktop,UK,46
user_02433,treatment,0,81.48,250.7,mobile,US,59
user_01171,control,0,42.86,222.1,desktop,US,64
user_02148,treatment,0,56.87,189.4,mobile,UK,40
user_01286,control,1,127.88,251.6,desktop,UK,42
user_01703,control,0,103.67,263.9,desktop,UK,24
user_01469,control,1,141.12,250.2,mobile,US,53
user_01908,control,1,61.04,210.5,desktop,UK,36
user_01478,control,1,101.2,257.8,mobile,US,28
user_00698,control,0,144.52,180.4,mobile,UK,28
user_02406,treatment,0,133.43,256.0,desktop,US,47
user_00349,control,0,145.19,189.1,desktop,US,40
user_01645,control,0,56.54,267.7,mobile,UK,42
user_02246,treatment,0,110.78,239.5,desktop,UK,42
user_02331,treatment,0,104.45,214.3,mobile,UK,48
user_02169,control,0,82.14,223.7,mobile,US,68
user_01138,control,1,103.54,272.5,mobile,UK,34
user_01798,control,0,128.69,251.9,mobile,UK,30
user_01545,control,0,88.68,247.1,mobile,UK,20
user_02736,treatment,0,100.71,278.1,mobile,UK,24
user_02720,treatment,1,130.35,258.2,mobile,US,21
user_01340,control,0,105.28,249.1,mobile,UK,56
user_02390,treatment,0,139.99,242.5,mobile,US,21
user_00454,control,0,89.55,222.0,mobile,US,58
user_00914,control,0,93.51,202.2,desktop,US,49
user_01200,control,1,88.14,196.3,desktop,UK,64
user_01275,control,0,116.21,245.6,desktop,UK,35
user_01867,control,1,118.75,280.6,desktop,UK,40
user_00038,control,0,92.92,277.1,desktop,UK,62
user_00975,control,1,71.9,212.9,desktop,US,24
user_02670,treatment,0,127.12,254.5,mobile,US,68
user_00984,control,1,35.21,235.0,desktop,UK,50
user_01806,control,0,98.0,207.9,desktop,UK,19
user_01962,control,1,138.62,203.8,desktop,UK,47
user_01419,control,0,122.82,244.0,mobile,US,33
user_01285,control,0,86.76,198.0,mobile,UK,56
user_00040,control,0,70.23,189.6,desktop,US,18
user_02440,treatment,0,80.53,303.0,mobile,US,25
user_00170,control,0,53.25,176.7,mobile,UK,51
user_01356,control,0,104.55,218.2,mobile,UK,46
user_00738,control,0,132.07,243.2,desktop,US,46
user_01591,control,0,77.09,241.9,desktop,UK,29
user_02599,treatment,0,94.36,304.4,mobile,UK,57
user_01898,control,0,92.45,210.4,desktop,UK,57
user_00635,control,0,81.08,259.5,desktop,US,40
user_02547,treatment,0,141.56,296.2,desktop,UK,66
user_01919,control,0,93.71,231.2,desktop,UK,24
user_01291,control,0,84.96,232.4,desktop,UK,41
user_01381,control,0,116.43,212.7,desktop,UK,31
user_00580,control,0,116.49,204.6,mobile,US,39
user_00329,control,0,115.57,260.3,mobile,UK,32
user_01643,control,0,43.08,159.5,mobile,US,32
user_00893,control,0,106.73,265.2,desktop,US,55
user_01850,control,0,85.11,228.7,mobile,UK,59
user_00781,control,0,106.65,224.4,mobile,US,38
user_00160,control,0,48.33,201.3,desktop,US,49
user_01546,control,0,99.37,252.8,desktop,UK,27
user_01934,control,0,80.04,175.3,mobile,US,42
user_02878,treatment,0,51.14,248.9,desktop,US,26
user_00062,control,0,159.41,259.9,mobile,UK,37
user_00850,control,0,44.49,185.9,mobile,UK,64
user_02130,control,0,97.29,220.3,desktop,UK,54
user_02792,treatment,0,104.45,231.2,desktop,US,44
user_01044,control,0,55.29,264.5,mobile,UK,45
user_02396,treatment,0,146.99,188.3,desktop,US,19
user_02160,treatment,0,92.21,294.2,desktop,UK,33
user_02122,control,0,123.2,274.1,mobile,UK,63
user_01071,control,0,91.78,327.5,desktop,UK,61
user_00054,control,0,146.5,271.3,desktop,US,35
user_00259,control,0,74.41,218.7,mobile,UK,19
user_00506,control,1,83.48,181.1,desktop,UK,43
user_00753,control,0,100.48,235.2,mobile,US,69
user_01979,control,0,98.7,168.9,mobile,UK,66
user_02847,treatment,0,132.91,239.1,mobile,UK,53
user_02310,treatment,0,85.96,259.9,mobile,US,60
user_01518,control,0,81.81,259.5,desktop,US,35
user_02897,treatment,0,110.97,289.0,mobile,UK,51
user_02173,treatment,0,138.49,294.5,desktop,UK,24
user_01390,control,0,99.62,244.4,desktop,US,61
user_01267,control,0,86.61,242.2,desktop,UK,51
user_02366,treatment,0,112.3,305.4,mobile,UK,33
user_01712,control,0,122.56,201.8,desktop,UK,18
user_00772,control,1,140.1,279.4,mobile,UK,36
user_02702,treatment,0,99.6,258.1,desktop,UK,51
user_01808,control,1,104.27,258.8,mobile,UK,25
user_02585,treatment,0,126.46,296.7,desktop,US,60
user_01086,control,0,105.39,212.0,mobile,US,51
user_02157,treatment,0,109.13,222.3,desktop,UK,37
user_01533,control,0,157.78,234.0,mobile,US,65
user_01326,control,0,116.05,270.5,mobile,UK,49
user_02120,control,0,85.87,247.0,mobile,UK,67
user_01813,control,1,49.93,195.7,desktop,UK,23
user_01715,control,0,130.08,222.6,desktop,UK,66
user_02035,control,0,104.45,249.6,desktop,UK,62
user_02323,treatment,0,90.72,229.8,desktop,US,60
user_02334,treatment,0,181.43,244.3,mobile,UK,46
user_01682,control,0,94.3,255.4,mobile,UK,55
user_02127,treatment,1,104.02,309.7,mobile,UK,56
user_01164,control,0,47.21,230.2,desktop,UK,63
user_00964,control,0,74.25,191.0,mobile,US,23
user_02802,treatment,0,127.45,184.3,mobile,UK,35
user_01663,control,0,137.59,195.3,desktop,US,61
user_00399,control,0,109.72,253.3,mobile,US,42
user_00585,control,0,115.86,248.9,mobile,UK,29
user_00949,control,0,106.17,232.6,desktop,UK,46
user_00705,control,0,71.3,272.3,mobile,US,62
user_00432,control,0,120.84,224.0,desktop,US,43
user_00293,control,0,128.12,230.6,mobile,US,31
user_00146,control,0,67.9,138.6,mobile,US,66
user_00324,control,0,88.27,315.7,mobile,UK,40
user_02109,control,0,110.12,189.1,mobile,US,40
user_01166,control,0,90.29,252.0,mobile,US,31
user_01453,control,1,118.77,245.0,mobile,UK,54
user_00003,control,0,116.43,211.1,mobile,UK,66
user_00577,control,0,107.72,221.1,desktop,UK,35
user_02557,treatment,0,109.36,260.4,mobile,US,43
user_00340,control,0,99.56,252.5,desktop,UK,67
user_02439,treatment,0,161.89,310.7,desktop,UK,54
user_02835,treatment,0,143.77,232.6,desktop,US,58
user_00926,control,0,134.85,183.9,desktop,US,25
user_00266,control,0,56.09,207.6,mobile,US,56
user_00377,control,0,154.44,260.9,desktop,UK,53
user_02023,control,0,112.83,182.9,mobile,US,33
user_01464,control,0,54.13,235.7,mobile,US,35
user_00272,control,1,94.51,238.7,desktop,UK,60
user_00697,control,0,117.4,253.1,desktop,UK,41
user_02873,treatment,0,88.46,233.6,desktop,US,30
user_00245,control,0,94.96,219.0,mobile,US,40
user_02713,treatment,0,89.9,206.1,desktop,UK,43
user_00477,control,0,140.77,247.6,mobile,UK,47
user_02685,treatment,1,165.5,211.1,desktop,UK,32
user_02743,treatment,0,108.19,207.4,desktop,US,58
user_02198,treatment,0,96.8,323.0,mobile,UK,45
user_02348,treatment,1,120.35,235.1,desktop,US,38
user_02683,treatment,0,102.15,255.4,mobile,US,45
user_02853,treatment,0,110.12,249.8,mobile,US,21
user_02882,treatment,0,158.25,244.7,desktop,UK,57
user_02160,control,0,108.92,215.0,mobile,UK,34
user_00251,control,0,130.16,245.3,desktop,UK,59
user_00414,control,0,140.7,228.8,desktop,UK,42
user_00546,control,0,126.78,256.4,mobile,US,25
user_01194,control,0,104.43,275.8,mobile,UK,27
user_00739,control,0,95.36,199.5,mobile,US,27
user_00311,control,0,110.81,209.8,mobile,US,46
user_01980,control,0,84.45,241.0,desktop,US,65
user_00894,control,0,86.44,280.2,desktop,UK,34
user_01132,control,0,131.44,196.5,desktop,US,45
user_01450,control,0,122.36,271.6,mobile,UK,49
user_02807,treatment,0,85.77,243.8,desktop,US,56
user_00016,control,0,107.4,264.7,desktop,US,64
user_01951,control,0,105.13,284.4,desktop,UK,23
user_00722,control,0,103.63,195.2,desktop,US,62
user_01421,control,0,86.59,211.6,mobile,US,49
user_02533,treatment,0,93.04,257.3,mobile,US,34
user_00982,control,1,84.23,281.8,desktop,UK,57
user_01875,control,0,97.97,202.5,mobile,US,39
user_01540,control,0,91.23,279.0,mobile,UK,46
user_02430,treatment,0,79.49,249.4,mobile,UK,29
user_01551,control,0,89.64,184.9,mobile,US,18
user_02322,treatment,1,124.65,329.1,mobile,US,66
user_00364,control,0,62.14,243.1,desktop,UK,21
user_02668,treatment,0,111.82,302.0,desktop,US,26
user_00183,control,1,78.34,261.4,desktop,UK,39
user_00986,control,0,104.74,194.7,mobile,UK,59
user_01991,control,0,112.01,198.1,desktop,US,69
user_01195,control,1,81.99,179.7,mobile,UK,28
user_01770,control,0,99.37,282.8,desktop,UK,55
user_01676,control,0,95.61,189.5,desktop,UK,37
user_01122,control,0,130.95,209.5,desktop,US,27
user_00188,control,0,73.52,208.3,desktop,UK,43
user_00620,control,0,60.06,271.3,desktop,UK,34
user_01613,control,0,69.02,246.3,desktop,US,48
user_01176,control,0,116.81,279.2,mobile,UK,68
user_01183,control,0,105.67,270.6,desktop,US,53
user_02284,treatment,0,114.46,266.8,desktop,UK,24
user_02615,treatment,0,100.8,263.3,desktop,US,38
user_00615,control,0,62.97,246.6,desktop,UK,18
user_01514,control,0,119.21,218.7,mobile,US,40
user_01467,control,0,158.1,220.6,desktop,US,58
user_00402,control,0,174.25,257.1,desktop,UK,53
user_00995,control,0,121.79,250.5,mobile,US,57
user_00935,control,0,59.12,247.7,desktop,US,47
user_00372,control,0,145.29,218.0,mobile,US,55
user_01923,control,0,151.12,269.9,mobile,US,50
user_02206,treatment,1,84.63,246.1,desktop,UK,55
user_00594,control,0,109.54,300.1,desktop,UK,53
user_01911,control,0,98.61,227.5,mobile,UK,31
user_00727,control,0,86.73,285.3,mobile,UK,19
user_00827,control,0,118.17,184.2,desktop,US,47
user_01675,control,0,95.54,240.4,mobile,UK,34
user_00688,control,0,89.08,278.7,desktop,UK,36
user_02115,treatment,0,118.82,245.9,desktop,UK,57
user_00137,control,1,137.37,259.2,desktop,UK,50
user_02664,treatment,0,141.89,241.4,desktop,US,59
user_00629,control,0,49.37,282.2,mobile,UK,60
user_00335,control,0,133.17,226.4,mobile,US,53
user_00391,control,0,134.14,235.4,mobile,UK,50
user_02209,treatment,0,63.19,215.2,mobile,US,54
user_01110,control,0,136.47,272.6,mobile,UK,60
user_01738,control,0,95.43,308.6,desktop,UK,65
user_02598,treatment,0,114.37,234.1,desktop,US,66
user_00711,control,0,61.55,224.6,mobile,UK,23
user_01040,control,0,150.35,254.5,desktop,UK,31
user_02614,treatment,0,104.65,185.3,mobile,US,22
user_01851,control,0,116.07,221.2,mobile,UK,41
user_02495,treatment,0,104.43,277.7,desktop,US,38
user_01562,control,0,0.0,181.9,desktop,UK,62
user_02657,treatment,1,119.31,206.1,mobile,UK,43
user_01595,control,0,48.85,255.4,mobile,UK,39
user_02650,treatment,1,89.14,287.0,mobile,UK,39
user_01113,control,0,114.37,225.2,mobile,US,50
user_00466,control,0,105.9,182.1,desktop,US,66
user_01561,control,0,55.12,153.2,mobile,UK,20
user_01224,control,0,64.52,252.6,mobile,UK,41
user_01954,control,0,99.92,162.6,mobile,US,41
user_02866,treatment,0,103.86,220.3,mobile,UK,24
user_02248,treatment,0,126.29,160.2,desktop,US,59
user_01509,control,0,136.41,317.0,mobile,US,42
user_01105,control,0,91.12,197.9,desktop,US,65
user_01989,control,0,126.64,245.7,desktop,US,68
user_00339,control,0,120.23,297.9,desktop,US,33
user_00216,control,0,158.15,201.2,mobile,UK,21
user_01616,control,0,76.72,292.2,mobile,UK,37
user_01917,control,0,161.93,195.5,desktop,US,36
user_02414,treatment,0,155.84,312.0,mobile,US,57
user_02704,treatment,1,104.94,317.4,mobile,UK,22
user_01593,control,0,95.22,195.2,desktop,US,38
user_02140,treatment,0,80.52,268.3,desktop,UK,29
user_01685,control,0,123.51,342.1,desktop,US,45
user_02422,treatment,0,96.14,280.4,desktop,UK,53
user_00817,control,0,111.92,260.8,mobile,US,40
user_01068,control,0,92.85,240.4,mobile,UK,34
user_02004,control,1,113.23,165.8,desktop,UK,23
user_00275,control,1,65.28,228.8,desktop,US,51
user_02144,treatment,0,157.0,263.5,desktop,US,26
user_00866,control,0,68.4,225.1,desktop,UK,48
user_00102,control,1,76.26,220.2,desktop,US,61
user_01502,control,0,82.97,328.4,mobile,US,41
user_02150,control,0,93.47,240.7,desktop,US,52
user_00172,control,0,103.23,229.9,mobile,UK,53
user_00108,control,0,119.84,217.2,mobile,UK,57
user_01863,control,0,93.3,233.9,mobile,US,60
user_01522,control,0,147.74,269.6,desktop,UK,60
user_02887,treatment,0,67.77,276.5,mobile,US,67
user_02102,treatment,0,99.76,226.4,mobile,US,63
user_02055,control,0,15.39,156.9,mobile,US,54
user_01765,control,0,81.43,212.0,desktop,UK,19
user_02034,control,0,113.51,188.0,desktop,US,36
user_01963,control,0,121.78,307.3,desktop,US,40
user_02150,treatment,0,79.26,269.0,mobile,UK,36
user_02240,treatment,1,111.13,257.6,mobile,US,19
user_02475,treatment,0,108.82,227.7,desktop,US,31
user_01925,control,0,89.38,235.7,mobile,UK,50
user_00296,control,0,112.71,287.0,desktop,US,67
user_00713,control,0,82.97,197.4,mobile,US,37
user_00073,control,0,96.43,274.6,mobile,US,22
user_01953,control,0,87.07,207.2,mobile,UK,44
user_02169,treatment,0,97.22,269.0,desktop,US,30
user_02461,treatment,0,161.92,210.4,mobile,US,24
user_02785,treatment,1,79.83,253.5,mobile,US,31
user_00482,control,0,81.17,291.2,mobile,US,38
user_02118,treatment,0,120.29,309.8,mobile,UK,20
user_01531,control,0,124.31,279.4,mobile,US,61
user_02116,control,1,128.35,184.4,desktop,US,49
user_01515,control,0,102.33,248.7,desktop,US,64
user_02860,treatment,0,117.02,297.4,desktop,US,51
user_01491,control,1,127.28,272.2,desktop,UK,48
user_01172,control,0,67.77,220.4,mobile,UK,38
user_02352,treatment,0,99.21,254.4,mobile,UK,61
user_02329,treatment,0,87.39,284.2,desktop,UK,68
user_02074,control,0,84.03,217.4,desktop,US,29
user_02116,treatment,0,138.57,211.9,desktop,UK,23
user_02171,treatment,0,115.6,259.0,desktop,US,62
user_00406,control,0,102.57,237.3,mobile,UK,18
user_00758,control,0,127.77,320.5,mobile,UK,62
user_01957,control,0,112.59,240.6,mobile,UK,50
user_02185,control,0,104.59,263.9,mobile,UK,66
user_01952,control,0,100.37,197.2,desktop,US,67
user_00098,control,0,131.04,241.2,mobile,US,62
user_01334,control,0,24.49,189.3,desktop,US,65
user_02289,treatment,0,110.14,268.8,mobile,UK,52
user_00744,control,0,73.73,227.5,mobile,UK,27
user_00807,control,0,100.87,185.0,mobile,UK,29
user_02669,treatment,0,74.79,211.1,mobile,US,53
user_01897,control,0,95.24,162.0,desktop,US,67
user_02399,treatment,0,149.63,262.4,mobile,US,61
user_01536,control,0,77.17,206.0,desktop,UK,64
user_02051,control,0,108.54,270.4,mobile,UK,20
user_02011,control,0,109.01,207.7,desktop,UK,31
user_00149,control,1,96.94,273.5,desktop,US,24
user_02454,treatment,0,69.95,296.8,mobile,US,22
user_02054,control,0,132.11,274.5,desktop,US,52
user_01903,control,0,131.69,218.3,mobile,US,40
user_01316,control,1,125.37,240.7,desktop,UK,55
user_00693,control,0,89.13,210.3,desktop,US,62
user_00819,control,0,71.9,283.7,desktop,UK,61
user_01729,control,0,87.62,232.9,desktop,US,59
user_01387,control,0,89.22,303.1,mobile,UK,29
user_02181,treatment,0,97.68,292.4,desktop,US,20
user_02633,treatment,0,128.81,253.0,desktop,UK,30
user_01600,control,0,65.58,285.3,mobile,US,59
user_02510,treatment,0,89.58,280.1,desktop,UK,56
user_02357,treatment,0,118.86,282.5,desktop,UK,33
user_00702,control,0,63.73,240.7,mobile,US,59
user_01879,control,0,98.4,247.1,desktop,US,37
user_02556,treatment,0,150.0,205.5,mobile,UK,65
user_00922,control,0,78.89,293.6,mobile,US,44
user_01425,control,0,58.81,255.4,desktop,UK,49
user_01709,control,0,68.54,190.7,desktop,US,36
user_00906,control,1,109.34,339.0,desktop,US,60
user_00455,control,1,132.18,185.6,desktop,US,49
user_02186,control,0,105.05,278.6,mobile,UK,38
user_02204,treatment,0,126.13,277.5,mobile,US,38
user_01772,control,0,84.46,250.9,mobile,UK,62
user_00168,control,0,107.95,237.2,mobile,UK,57
user_00731,control,0,93.57,189.4,mobile,US,40
user_02189,control,0,95.99,219.2,mobile,US,26
user_01311,control,0,73.98,258.9,mobile,US,67
user_00027,control,0,57.72,199.6,desktop,UK,50
user_02060,control,0,117.95,260.8,mobile,UK,47
user_01653,control,0,130.93,202.8,desktop,US,37
user_01623,control,0,79.72,198.0,desktop,US,68
user_00588,control,0,117.24,358.3,desktop,UK,47
user_02017,control,0,136.17,216.3,mobile,UK,37
user_00998,control,0,114.61,231.6,desktop,US,50
user_01177,control,0,67.62,190.2,desktop,UK,21
user_01701,control,0,129.1,257.9,mobile,UK,18
user_01041,control,1,33.49,204.8,desktop,US,30
user_00034,control,0,129.26,236.9,desktop,UK,44
user_01810,control,0,128.58,225.4,desktop,UK,35
user_02526,treatment,0,86.14,252.2,mobile,UK,48
user_01380,control,0,94.59,236.3,desktop,US,29
user_00042,control,0,128.31,227.9,mobile,UK,69
user_01792,control,0,127.9,220.4,mobile,US,61
user_02190,control,0,148.58,250.2,mobile,US,52
user_02506,treatment,0,130.39,277.6,mobile,UK,22
user_01973,control,0,123.28,253.8,desktop,US,62
user_02189,treatment,0,146.93,321.6,desktop,US,29
user_01926,control,0,109.18,201.9,desktop,US,53
user_00610,control,0,86.24,199.6,mobile,US,55
user_01133,control,0,128.72,200.4,mobile,UK,30
user_00029,control,1,64.16,233.9,desktop,UK,25
user_00442,control,0,29.56,310.5,desktop,UK,40
user_02255,treatment,0,69.93,270.3,mobile,US,23
user_02698,treatment,0,97.44,271.5,desktop,US,30
user_00494,control,0,55.16,257.2,desktop,UK,52
user_01259,control,0,96.43,234.3,mobile,UK,29
user_01302,control,0,146.09,252.8,mobile,UK,38
user_02265,treatment,0,101.97,189.5,mobile,UK,66
user_01383,control,1,128.85,238.0,desktop,UK,67
user_01305,control,0,123.93,172.6,mobile,UK,35
user_00237,control,0,44.85,220.8,mobile,UK,32
user_00552,control,0,71.41,270.4,mobile,UK,26
user_00521,control,0,76.01,318.1,desktop,US,45
user_02346,treatment,0,106.94,284.8,mobile,US,31
user_01233,control,0,115.19,213.3,mobile,UK,24
user_01139,control,0,92.98,228.3,desktop,US,18
user_00721,control,0,93.81,188.1,mobile,UK,63
user_00736,control,0,46.9,289.4,desktop,US,33
user_02553,treatment,0,105.64,267.2,desktop,US,53
user_01751,control,0,107.23,208.6,mobile,UK,22
user_00059,control,0,85.22,232.7,mobile,US,26
user_00632,control,0,94.6,260.7,mobile,US,35
user_01182,control,0,127.97,174.0,desktop,US,59
user_02103,treatment,0,122.08,241.8,desktop,US,29
user_00593,control,1,108.97,306.2,desktop,US,22
user_01304,control,0,103.58,247.0,desktop,UK,49
user_01388,control,0,104.56,259.8,desktop,US,43
user_02515,treatment,1,85.99,248.0,desktop,UK,50
user_02530,treatment,0,107.39,335.6,mobile,UK,32
user_01846,control,0,114.59,226.4,mobile,UK,42
user_00940,control,0,108.98,229.0,desktop,US,30
user_02688,treatment,0,95.15,311.4,desktop,UK,61
user_01250,control,0,86.63,278.6,desktop,UK,20
user_00905,control,1,158.32,295.7,mobile,US,28
user_02443,treatment,0,106.88,252.2,desktop,US,46
user_01280,control,0,96.55,201.3,desktop,UK,65
user_02302,treatment,0,78.53,283.7,desktop,US,53
user_02859,treatment,0,131.7,257.2,desktop,US,18
user_02127,control,0,108.49,289.1,desktop,US,42
user_02287,treatment,0,98.91,278.4,desktop,UK,28
user_02043,control,0,117.27,283.8,mobile,UK,41
user_01143,control,0,64.14,280.1,desktop,UK,37
user_02281,treatment,0,178.23,301.5,mobile,US,40
user_00707,control,0,75.9,312.9,desktop,US,49
user_02541,treatment,0,174.29,275.2,desktop,UK,62
user_01023,control,0,54.65,265.6,desktop,UK,42
user_00746,control,0,113.35,230.2,mobile,US,21
user_01547,control,0,131.06,237.6,mobile,US,21
user_02257,treatment,0,123.32,368.0,desktop,UK,52
user_02047,control,0,108.01,195.5,mobile,US,65
user_00514,control,0,87.94,247.2,desktop,UK,43
user_00082,control,0,103.49,265.6,mobile,US,41
user_02561,treatment,1,121.09,345.7,mobile,UK,57
user_01309,control,0,65.0,273.4,mobile,US,54
user_02395,treatment,0,112.55,270.9,mobile,US,65
user_00915,control,0,84.64,246.4,desktop,US,21
user_01405,control,0,91.72,207.8,mobile,US,67
user_01648,control,0,85.92,222.5,desktop,UK,20
user_02660,treatment,0,93.54,266.0,mobile,US,61
user_01109,control,0,83.25,207.3,mobile,UK,65
user_00151,control,0,77.56,281.6,desktop,UK,26
user_02626,treatment,0,116.4,260.0,desktop,US,61
user_00775,control,0,125.41,292.7,mobile,US,66
user_00330,control,0,100.84,262.5,desktop,UK,41
user_00007,control,0,132.4,149.3,mobile,UK,29
user_00944,control,0,112.06,263.1,mobile,US,39
user_00823,control,1,109.09,268.5,desktop,US,59
user_00735,control,0,75.44,281.4,mobile,US,67
user_00910,control,0,132.69,239.4,mobile,US,56
user_00469,control,1,100.84,216.4,desktop,UK,45
user_00182,control,0,74.26,248.2,desktop,US,44
user_00165,control,0,125.96,199.1,desktop,US,33
user_01524,control,0,101.31,247.2,mobile,US,46
user_00452,control,0,67.94,314.4,desktop,US,46
user_00491,control,0,112.29,288.5,mobile,US,53
user_02005,control,0,106.25,237.4,desktop,UK,62
user_01144,control,0,118.66,134.9,desktop,US,27
user_01312,control,1,88.88,260.3,desktop,US,43
user_02142,treatment,0,155.49,232.7,mobile,UK,26
user_01112,control,0,82.68,268.6,desktop,US,61
user_02754,treatment,0,85.74,197.0,desktop,US,50
user_01978,control,0,100.39,305.6,desktop,UK,21
user_01442,control,0,62.96,190.7,mobile,US,34
user_01890,control,0,107.46,245.1,desktop,US,64
user_01007,control,0,98.19,217.9,desktop,US,69
user_01628,control,1,101.55,234.6,desktop,US,26
user_01633,control,0,111.82,207.2,mobile,UK,64
user_01075,control,0,140.47,273.3,desktop,UK,46
user_00579,control,0,77.95,205.8,mobile,UK,20
user_02627,treatment,0,99.94,187.9,desktop,UK,63
user_02245,treatment,0,139.83,187.6,mobile,US,29
user_02163,treatment,0,75.74,283.0,desktop,US,56
user_02202,treatment,0,140.15,213.3,desktop,UK,26
user_00328,control,0,140.23,316.5,mobile,UK,45
user_01791,control,0,101.61,217.2,desktop,UK,58
user_00443,control,0,113.86,216.2,mobile,US,21
user_01859,control,0,124.22,247.4,mobile,US,29
user_02171,control,1,42.07,190.7,mobile,UK,62
user_02732,treatment,0,106.64,249.5,mobile,US,32
user_00833,control,0,70.33,225.0,mobile,US,51
user_02274,treatment,0,162.94,285.7,desktop,US,49
user_02104,control,0,95.25,252.5,desktop,US,49
user_01415,control,0,101.64,190.7,desktop,US,35
user_01202,control,0,120.92,238.1,mobile,UK,47
user_02214,treatment,0,30.54,278.9,desktop,UK,50
user_01500,control,0,105.81,206.4,desktop,US,31
user_02777,treatment,0,123.83,313.5,mobile,UK,58
user_00087,control,0,116.74,249.0,mobile,UK,18
user_01404,control,0,68.11,269.8,desktop,UK,50
user_02826,treatment,1,105.83,196.9,desktop,US,41
user_01482,control,0,124.17,243.4,desktop,UK,48
user_00778,control,0,115.45,295.3,desktop,UK,26
user_00800,control,0,147.44,304.8,desktop,UK,27
user_01667,control,0,81.25,235.1,mobile,UK,46
user_00055,control,0,72.61,183.8,desktop,US,22
user_02262,treatment,0,118.68,245.9,mobile,US,21
user_01288,control,0,109.46,244.9,mobile,US,68
user_01668,control,1,44.46,264.7,mobile,US,54
user_02486,treatment,0,123.76,180.6,mobile,US,38
user_02155,control,0,114.87,227.2,mobile,US,40
user_01702,control,0,72.97,206.2,desktop,US,23
user_01246,control,0,118.66,328.1,desktop,US,19
user_00114,control,0,134.33,232.5,desktop,US,35
user_02706,treatment,0,91.09,359.6,mobile,US,28
user_00988,control,0,108.12,217.7,desktop,UK,31
user_00502,control,0,158.05,234.7,desktop,US,64
user_02791,treatment,0,123.63,226.2,mobile,US,30
user_01010,control,0,108.68,171.0,mobile,US,31
user_01199,control,0,143.53,238.9,desktop,UK,35
user_01395,control,0,77.9,259.5,desktop,UK,63
user_00590,control,0,62.98,216.4,desktop,UK,54
user_00769,control,0,94.83,263.7,desktop,US,65
user_00018,control,0,91.52,220.4,desktop,UK,68
user_01043,control,0,70.89,249.9,desktop,US,29
user_01448,control,0,136.23,310.3,desktop,US,23
user_02363,treatment,0,114.73,178.8,desktop,US,28
user_00286,control,0,77.62,253.2,desktop,UK,67
user_02538,treatment,0,130.25,268.1,desktop,US,44
user_00429,control,1,84.79,268.3,mobile,UK,28
user_01329,control,1,52.92,309.7,desktop,US,50
user_01949,control,0,118.71,256.9,desktop,UK,37
user_00670,control,0,81.67,237.2,mobile,UK,67
user_00032,control,1,145.08,214.0,desktop,US,51
user_01342,control,0,101.53,204.6,desktop,US,40
user_00723,control,0,108.09,244.6,mobile,UK,60
user_00952,control,1,78.59,247.1,mobile,US,58
user_01915,control,0,47.88,226.5,desktop,UK,37
user_02193,treatment,0,156.86,285.2,mobile,US,47
user_00215,control,0,60.38,259.7,mobile,UK,44
user_00990,control,0,64.26,242.5,desktop,UK,68
user_01165,control,0,97.58,295.4,desktop,UK,41
user_02692,treatment,0,89.71,279.4,mobile,US,20
user_02006,control,0,90.52,191.4,mobile,UK,18
user_00327,control,0,116.65,220.9,mobile,US,49
user_00561,control,0,85.41,286.7,mobile,UK,23
user_01384,control,0,115.2,196.6,desktop,UK,48
user_01725,control,0,120.26,235.7,mobile,US,55
user_01087,control,1,117.63,303.9,desktop,US,50
user_02583,treatment,0,110.58,333.9,mobile,UK,47
user_00342,control,0,62.11,257.0,mobile,US,46
user_01654,control,0,126.28,247.8,desktop,US,36
user_00148,control,0,82.06,265.2,mobile,US,49
user_02239,treatment,0,114.56,311.7,mobile,US,37
user_02312,treatment,0,106.78,221.6,desktop,US,46
user_01108,control,0,98.91,257.8,desktop,UK,34
user_00849,control,0,83.36,200.0,mobile,UK,30
user_00967,control,0,89.98,221.9,mobile,US,23
user_01073,control,1,72.94,285.5,mobile,US,51
user_02364,treatment,0,138.99,313.5,desktop,UK,49
user_01906,control,0,57.75,183.2,mobile,UK,25
user_00156,control,0,77.62,302.8,mobile,US,38
user_00666,control,0,104.35,274.0,desktop,US,33
user_00662,control,0,108.38,211.3,desktop,US,57
user_01003,control,0,100.05,302.1,mobile,UK,48
user_02241,treatment,0,49.44,276.8,desktop,US,42
user_02416,treatment,0,103.72,273.4,desktop,UK,30
user_00177,control,0,47.53,276.2,desktop,UK,28
user_02554,treatment,0,143.99,252.1,desktop,UK,39
user_01880,control,0,112.82,233.6,mobile,UK,26
user_01525,control,0,115.59,242.5,desktop,UK,30
user_02717,treatment,0,123.35,220.1,desktop,UK,67
user_01204,control,0,108.23,289.8,desktop,US,33
user_00025,control,0,26.24,245.3,desktop,US,36
user_02710,treatment,0,70.77,268.9,desktop,UK,66
user_02709,treatment,0,106.39,264.0,mobile,US,38
user_02078,control,0,146.06,281.8,desktop,UK,50
user_02199,treatment,0,57.03,213.3,desktop,UK,22
user_00876,control,0,83.87,175.7,mobile,US,33
user_02799,treatment,0,110.65,234.9,mobile,UK,25
user_00939,control,0,121.32,227.3,desktop,US,47
user_02597,treatment,0,145.39,246.0,mobile,US,56
user_01553,control,0,114.5,269.3,mobile,UK,19
user_00347,control,0,109.59,143.7,desktop,UK,62
user_02407,treatment,0,150.29,331.2,mobile,UK,19
user_02871,treatment,0,133.15,322.9,desktop,UK,55
user_02038,control,0,162.52,217.2,desktop,UK,49
user_01927,control,0,71.91,270.3,mobile,US,43
user_00386,control,0,124.58,202.0,desktop,UK,28
user_01830,control,0,127.92,312.5,desktop,UK,32
user_02162,control,0,87.49,257.2,mobile,US,31
user_02408,treatment,0,141.75,284.0,desktop,US,33
user_02197,control,0,71.04,231.5,desktop,UK,67
user_00244,control,1,120.29,206.7,desktop,US,60
user_02087,control,0,143.48,223.3,desktop,US,25
user_01827,control,0,83.22,181.8,mobile,US,29
user_00937,control,0,117.74,219.4,desktop,US,24
user_01690,control,0,130.33,266.1,desktop,US,65
user_02480,treatment,0,112.84,238.2,desktop,US,39
user_00313,control,1,118.46,346.8,mobile,UK,29
user_01460,control,0,105.47,293.6,desktop,US,68
user_02825,treatment,1,127.23,322.8,desktop,US,32
user_02108,control,0,83.23,155.9,desktop,UK,43
user_01333,control,0,79.71,283.0,mobile,UK,34
user_00969,control,0,106.2,253.5,mobile,US,45
user_01455,control,0,177.62,244.5,desktop,UK,58
user_00661,control,0,102.35,243.8,mobile,UK,25
user_01935,control,0,140.47,296.2,mobile,UK,49
user_00936,control,0,71.87,235.7,mobile,UK,54
user_00371,control,1,159.94,284.6,mobile,UK,59
user_00567,control,1,125.7,244.8,desktop,UK,40
user_01974,control,0,89.97,201.6,desktop,US,68
user_01855,control,0,104.59,262.3,desktop,UK,19
user_01025,control,0,84.05,190.0,mobile,UK,40
user_00825,control,0,51.61,325.7,mobile,UK,69
user_00983,control,0,108.37,223.6,desktop,US,65
user_02572,treatment,0,131.99,255.3,mobile,US,48
user_02856,treatment,0,148.84,247.7,desktop,UK,36
user_01646,control,0,103.55,244.1,mobile,UK,28
user_02482,treatment,0,131.29,319.5,desktop,US,33
user_02145,treatment,0,132.99,293.2,mobile,US,65
user_02119,control,1,100.77,298.5,desktop,UK,59
user_00814,control,0,110.73,265.4,mobile,US,24
user_01793,control,0,106.96,259.3,desktop,US,21
user_01431,control,0,112.92,239.1,desktop,US,53
user_00779,control,0,154.25,269.9,desktop,US,24
user_01750,control,0,136.92,215.7,mobile,UK,60
user_01321,control,0,106.15,260.7,mobile,US,52
user_02299,treatment,1,82.57,249.6,mobile,US,26
user_02771,treatment,0,142.36,248.8,mobile,US,25
user_01053,control,0,63.8,328.2,mobile,UK,47
user_02221,treatment,0,96.23,326.7,desktop,UK,50
user_01014,control,1,135.5,283.5,desktop,US,26
user_01929,control,0,90.8,239.1,desktop,UK,28
user_01402,control,0,82.28,214.5,desktop,UK,25
user_01823,control,0,50.43,238.1,mobile,US,36
user_02147,treatment,0,122.68,252.7,desktop,UK,18
user_02393,treatment,0,130.69,228.6,desktop,US,53
user_02491,treatment,1,96.76,225.0,mobile,US,37
user_00127,control,0,107.57,277.7,desktop,UK,66
user_02092,control,0,133.73,268.8,mobile,UK,57
user_02135,control,0,108.03,185.5,desktop,US,22
user_00888,control,0,66.34,245.5,mobile,UK,59
user_02356,treatment,0,118.32,296.2,desktop,US,68
user_01348,control,0,115.96,198.4,desktop,US,40
user_01008,control,0,101.08,228.5,mobile,UK,54
user_00356,control,0,72.97,271.7,desktop,US,65
user_01004,control,0,115.29,310.9,mobile,UK,52
user_01484,control,0,67.06,234.0,desktop,UK,39
user_00683,control,0,105.98,292.9,desktop,US,55
user_00828,control,0,98.51,311.6,mobile,US,48
user_02750,treatment,0,125.96,289.8,desktop,US,47
user_02104,treatment,0,181.62,218.8,desktop,US,27
user_02591,treatment,0,79.15,277.9,mobile,UK,47
user_00985,control,0,102.55,296.6,desktop,UK,41
user_01234,control,0,71.09,270.6,desktop,UK,65
user_02453,treatment,0,163.04,280.3,desktop,UK,22
user_01640,control,0,112.73,277.2,desktop,UK,65
user_00141,control,0,137.29,327.3,desktop,UK,59
user_00218,control,0,121.69,261.4,mobile,UK,26
user_02365,treatment,0,110.11,283.7,mobile,US,45
user_00363,control,0,74.44,254.4,desktop,UK,49
user_02564,treatment,1,163.43,241.2,mobile,US,36
user_00346,control,0,100.18,254.6,desktop,UK,59
user_02059,control,0,172.14,243.7,desktop,US,57
user_00023,control,0,64.86,310.2,mobile,US,62
user_00712,control,0,97.98,210.7,desktop,US,44
user_02849,treatment,0,151.66,262.4,desktop,US,45
user_00011,control,0,98.84,181.4,desktop,US,38
user_02316,treatment,0,169.26,306.9,mobile,US,64
user_01835,control,0,87.75,220.5,desktop,UK,55
user_00794,control,0,41.79,344.4,desktop,UK,31
user_02665,treatment,0,87.0,168.7,mobile,US,66
user_00095,control,0,113.49,314.5,desktop,UK,44
user_00130,control,0,113.77,206.1,mobile,US,49
user_01901,control,0,82.8,226.0,mobile,US,59
user_02309,treatment,0,140.99,256.1,mobile,US,26
user_01933,control,0,151.32,207.1,desktop,UK,46
user_02569,treatment,0,105.43,217.4,mobile,US,47
user_01866,control,0,78.63,162.6,mobile,UK,61
user_01659,control,0,133.31,240.0,mobile,UK,19
user_00517,control,0,84.32,230.7,mobile,US,19
user_01858,control,0,88.04,209.0,mobile,UK,41
user_01278,control,0,95.2,243.4,mobile,UK,24
user_00951,control,0,79.86,299.7,desktop,UK,34
user_01121,control,0,55.22,251.0,desktop,UK,19
user_00420,control,0,116.52,297.3,desktop,US,18
user_00923,control,1,119.52,250.4,desktop,US,20
user_02628,treatment,0,87.11,340.4,mobile,UK,18
user_00478,control,0,67.16,234.1,desktop,US,59
user_02036,control,0,111.37,207.2,desktop,UK,30
user_02178,control,1,92.39,227.4,mobile,US,69
user_01693,control,0,93.41,292.7,desktop,US,46
user_02112,treatment,0,152.65,313.3,desktop,UK,50
user_01472,control,0,49.69,240.2,desktop,US,53
user_01203,control,0,79.42,266.0,desktop,UK,30
user_01670,control,0,173.55,246.8,mobile,UK,21
user_02674,treatment,0,124.04,249.9,mobile,UK,35
user_01971,control,0,98.44,231.2,mobile,US,35
user_00821,control,0,119.79,212.0,mobile,US,50
user_01998,control,0,153.7,219.1,mobile,US,44
user_02768,treatment,0,98.01,234.1,desktop,UK,32
user_01249,control,0,113.26,204.5,desktop,US,43
user_02772,treatment,0,117.07,264.9,mobile,US,68
user_02549,treatment,0,136.04,286.6,mobile,UK,66
user_01047,control,0,112.15,237.5,mobile,US,64
user_01889,control,0,131.09,176.9,desktop,US,30
user_00616,control,0,52.8,249.0,mobile,UK,68
user_01319,control,0,49.82,264.3,desktop,US,19
user_02784,treatment,0,80.2,264.3,desktop,US,54
user_02360,treatment,0,104.73,306.3,mobile,US,58
user_01773,control,0,106.93,283.5,mobile,UK,26
user_02851,treatment,1,117.24,191.0,desktop,UK,56
user_00132,control,0,103.65,266.1,mobile,UK,46
user_00078,control,0,61.22,300.0,mobile,US,51
user_02053,control,0,97.0,271.0,desktop,US,38
user_00725,control,0,77.24,237.1,mobile,UK,55
user_01315,control,0,134.75,276.8,mobile,US,27
user_01852,control,0,37.92,271.8,mobile,UK,43
user_02196,treatment,0,86.4,234.0,mobile,UK,38
user_02386,treatment,0,83.06,299.3,mobile,US,22
user_01373,control,0,118.98,241.5,desktop,UK,54
user_01856,control,0,51.08,200.0,desktop,US,56
user_01320,control,1,101.74,203.1,mobile,US,61
user_02774,treatment,0,63.6,246.9,desktop,US,35
user_02172,control,1,126.7,238.4,mobile,UK,56
user_00376,control,0,106.11,261.2,desktop,UK,19
user_01909,control,0,64.57,242.2,mobile,US,29
user_00334,control,0,54.95,234.2,desktop,UK,54
user_02151,treatment,0,115.77,237.6,mobile,UK,52
user_02636,treatment,0,115.18,171.9,mobile,UK,34
user_01605,control,0,59.16,267.6,mobile,US,34
user_01119,control,0,118.96,254.8,desktop,US,29
user_02728,treatment,0,117.44,277.2,mobile,US,20
user_01944,control,1,70.55,182.3,desktop,US,34
user_02161,treatment,1,60.54,205.4,desktop,US,58
user_02449,treatment,0,127.64,253.7,mobile,US,60
user_01343,control,0,120.4,166.8,desktop,UK,29
user_00321,control,1,140.07,177.9,mobile,UK,61
user_01620,control,0,69.83,258.4,desktop,UK,64
user_02347,treatment,0,72.21,293.8,mobile,UK,41
user_02061,control,0,128.55,257.7,desktop,US,59
user_01674,control,0,122.47,286.5,desktop,UK,62
user_01943,control,0,94.31,195.1,mobile,UK,23
user_00261,control,0,91.59,249.8,desktop,US,52
user_02254,treatment,0,82.5,315.9,desktop,UK,60
user_02040,control,1,129.15,296.0,mobile,US,26
user_00690,control,0,112.47,250.7,desktop,US,56
user_00902,control,0,102.86,204.8,mobile,UK,52
user_02027,control,0,90.27,227.8,mobile,UK,52
user_00139,control,0,91.95,184.6,desktop,UK,57
user_01918,control,0,119.91,213.4,desktop,US,46
user_01829,control,0,89.01,280.8,mobile,UK,19
user_01574,control,0,111.44,268.4,mobile,UK,44
user_00320,control,0,137.04,175.5,mobile,US,69
user_00654,control,0,147.09,149.0,desktop,US,55
user_02138,control,1,117.86,197.6,desktop,US,32
user_02222,treatment,0,63.04,248.1,desktop,US,20
user_00559,control,0,90.85,233.1,desktop,UK,30
user_00113,control,0,150.24,229.4,desktop,US,22
user_00532,control,0,73.75,306.9,mobile,US,22
user_00225,control,0,61.55,214.4,desktop,US,27
user_00724,control,0,109.23,248.2,mobile,UK,61
user_02328,treatment,0,118.02,231.5,desktop,US,67
user_02470,treatment,0,93.33,280.8,mobile,US,56
user_01434,control,0,87.67,208.7,mobile,US,54
user_02229,treatment,0,73.42,257.8,desktop,UK,22
user_01459,control,0,97.36,292.8,desktop,UK,33
user_02601,treatment,0,121.74,253.6,mobile,UK,56
user_00847,control,0,102.67,244.8,desktop,US,56
user_00194,control,0,110.08,217.4,desktop,US,68
user_01465,control,0,113.09,190.8,mobile,UK,25
user_00947,control,0,120.06,268.3,desktop,US,54
user_02022,control,0,88.85,302.0,mobile,US,34
user_01630,control,0,106.64,255.2,desktop,UK,42
user_00118,control,0,62.67,209.7,desktop,US,45
user_00646,control,0,86.58,250.1,mobile,US,65
user_01871,control,0,89.65,257.4,mobile,US,55
user_00004,control,0,97.58,296.4,desktop,US,24
user_00075,control,1,123.07,244.6,mobile,US,57
user_01756,control,0,59.62,239.7,desktop,UK,58
user_00468,control,0,125.38,194.4,desktop,UK,47
user_00006,control,0,96.92,280.7,desktop,UK,20
user_01247,control,0,116.57,272.1,desktop,UK,59
user_00920,control,0,92.13,204.8,mobile,UK,67
user_00229,control,0,150.28,199.1,mobile,UK,54
user_01064,control,0,99.46,228.7,mobile,US,56
user_00243,control,0,113.21,228.4,mobile,US,64
user_02179,treatment,0,112.18,283.9,mobile,UK,23
user_01161,control,0,74.89,249.8,desktop,US,20
user_02413,treatment,0,119.24,215.0,mobile,US,18
user_01527,control,0,115.49,246.8,mobile,US,46
user_01606,control,0,66.63,262.6,mobile,US,44
user_02684,treatment,0,67.62,247.6,mobile,US,63
user_02566,treatment,0,73.79,227.6,mobile,UK,21
user_02565,treatment,0,152.12,290.9,mobile,US,41
user_01990,control,0,83.29,176.9,desktop,UK,52
user_02509,treatment,0,140.14,242.4,mobile,US,27
user_01976,control,1,96.98,246.0,mobile,UK,38
user_01762,control,0,102.17,220.5,mobile,UK,41
user_01306,control,0,169.0,243.9,desktop,US,61
user_01542,control,0,101.68,285.7,desktop,UK,20
user_00623,control,1,113.04,250.8,mobile,UK,31
user_02213,treatment,0,104.29,244.3,mobile,US,48
user_01494,control,0,104.99,212.1,desktop,US,20
user_00111,control,0,107.64,285.2,desktop,UK,48
user_02387,treatment,0,141.35,230.8,mobile,UK,31
user_01170,control,0,110.29,220.3,desktop,UK,20
user_02361,treatment,1,88.33,259.7,desktop,UK,68
user_00233,control,0,135.8,227.6,mobile,US,39
user_00067,control,0,95.9,225.5,desktop,US,25
user_02607,treatment,0,84.19,254.8,desktop,US,54
user_02073,control,0,128.82,217.4,desktop,US,39
user_02193,control,0,96.6,268.5,desktop,US,42
user_00537,control,0,106.16,308.2,mobile,UK,69
user_00126,control,0,83.26,249.2,mobile,US,57
user_02134,control,0,111.08,244.6,mobile,US,44
user_01255,control,0,115.27,274.2,desktop,US,54
user_02384,treatment,0,63.94,235.9,desktop,US,29
user_01977,control,1,109.08,276.3,desktop,US,41
user_02362,treatment,0,123.09,144.3,desktop,US,61
user_02388,treatment,0,91.6,252.1,mobile,US,64
user_02076,control,0,73.82,200.9,desktop,US,30
user_00485,control,0,71.55,243.3,desktop,UK,57
user_01655,control,0,114.05,270.8,desktop,US,30
user_02576,treatment,1,103.3,221.0,desktop,US,67
user_02450,treatment,0,125.26,259.9,desktop,US,40
user_02305,treatment,0,170.7,302.3,mobile,US,38
user_01775,control,0,129.82,222.4,mobile,UK,36
user_00919,control,0,74.83,246.3,desktop,US,66
user_01647,control,0,127.14,204.3,desktop,US,46
user_01027,control,0,93.34,284.1,mobile,UK,63
user_01031,control,1,87.57,283.2,mobile,US,56
user_00883,control,0,113.23,198.4,desktop,US,59
user_01336,control,0,111.0,233.7,desktop,US,64
user_02122,treatment,0,106.37,332.0,mobile,US,69
user_00365,control,0,101.0,285.8,desktop,UK,41
user_02126,control,1,31.06,226.7,mobile,US,54
user_00028,control,1,97.12,284.4,desktop,US,50
user_00474,control,0,87.55,201.3,mobile,US,53
user_00526,control,0,96.93,270.7,desktop,US,67
user_00726,control,0,131.75,195.6,desktop,US,60
user_00056,control,0,72.59,227.4,desktop,UK,48
user_00639,control,0,89.71,298.2,desktop,US,54
user_00303,control,0,138.87,213.6,desktop,UK,56
user_02508,treatment,0,88.28,215.0,desktop,UK,66
user_01277,control,0,27.12,186.3,desktop,UK,56
user_02535,treatment,0,89.1,299.7,mobile,US,23
user_00625,control,1,110.16,195.6,mobile,UK,65
user_02056,control,0,82.06,227.7,mobile,US,36
user_01281,control,0,186.01,192.5,mobile,US,61
user_01050,control,1,47.25,224.5,mobile,US,47
user_00337,control,1,75.44,304.8,desktop,UK,49
user_00048,control,0,93.02,250.6,desktop,US,23
user_00107,control,1,113.36,157.0,desktop,UK,26
user_01080,control,1,117.07,181.9,mobile,UK,35
user_01145,control,0,88.83,203.3,mobile,US,59
user_02340,treatment,0,13.79,262.1,mobile,UK,22
user_01837,control,0,97.43,207.1,mobile,US,47
user_01754,control,0,118.11,239.1,desktop,US,38
user_01102,control,1,141.37,243.7,desktop,UK,61
user_01969,control,0,129.16,270.4,mobile,UK,51
user_00524,control,1,77.78,222.4,mobile,UK,29
user_01429,control,0,94.57,222.8,desktop,UK,29
user_02507,treatment,0,176.56,270.6,desktop,UK,62
user_00604,control,0,62.52,265.7,desktop,UK,57
user_01490,control,0,51.71,191.5,desktop,US,33
user_02251,treatment,0,90.6,254.5,mobile,UK,55
user_00061,control,0,122.13,200.5,mobile,US,54
user_02649,treatment,0,120.72,306.6,mobile,US,48
user_00672,control,0,104.76,293.3,desktop,UK,41
user_00093,control,0,51.19,190.5,desktop,UK,56
user_00667,control,0,135.26,240.3,desktop,UK,28
user_01888,control,0,88.44,201.9,mobile,UK,44
user_00281,control,1,162.21,252.5,desktop,UK,39
user_01720,control,0,83.95,253.5,desktop,UK,37
user_00360,control,0,119.74,256.3,mobile,US,34
user_00900,control,0,103.27,208.1,mobile,US,67
user_01936,control,0,135.25,220.3,mobile,US,21
user_01995,control,0,63.04,282.6,mobile,UK,24
user_02212,treatment,0,100.86,247.8,desktop,UK,45
user_00761,control,1,47.1,280.2,mobile,US,34
user_02159,control,0,82.01,279.6,mobile,US,57
user_02522,treatment,0,107.55,232.6,mobile,US,46
user_00043,control,0,144.56,205.4,desktop,UK,27
user_02174,control,1,161.86,275.1,desktop,US,31
user_00205,control,0,115.11,214.7,mobile,UK,32
user_01474,control,0,64.79,236.4,mobile,US,62
user_02101,control,0,121.02,228.3,desktop,UK,21
user_00069,control,0,72.05,264.6,desktop,US,28
user_01876,control,0,104.59,144.0,desktop,UK,28
user_02279,treatment,0,70.23,283.5,mobile,UK,65
user_02131,treatment,0,115.13,347.0,desktop,UK,40
user_00138,control,0,129.23,238.9,mobile,US,58
user_00797,control,1,73.62,226.0,desktop,US,63
user_02181,control,0,133.98,189.7,mobile,US,64
user_02129,control,0,118.89,269.1,desktop,US,46
user_00759,control,0,33.36,273.2,desktop,UK,55
user_00542,control,1,61.46,190.7,mobile,US,64
user_01020,control,0,135.15,223.9,mobile,US,67
user_02188,treatment,0,167.84,344.9,desktop,US,33
user_00166,control,0,82.4,304.3,mobile,UK,68
user_00249,control,0,63.89,248.0,mobile,UK,59
user_01332,control,0,121.18,280.6,desktop,UK,59
user_02018,control,0,87.4,282.7,mobile,UK,32
user_00447,control,0,54.83,217.3,mobile,UK,39
user_01359,control,0,99.83,236.0,desktop,US,48
user_02146,control,0,83.09,232.2,desktop,UK,37
user_01330,control,0,146.2,215.7,mobile,US,34
user_02810,treatment,0,120.69,282.4,mobile,UK,63
user_02151,control,0,90.69,211.0,mobile,UK,36
user_00435,control,0,110.82,238.4,desktop,UK,43
user_02123,control,0,94.45,262.5,desktop,US,42
user_00578,control,0,105.73,188.8,mobile,US,66
user_02884,treatment,0,106.8,288.2,desktop,UK,28
user_02641,treatment,0,177.74,263.9,desktop,US,66
user_01849,control,0,73.21,117.8,desktop,US,52
user_00763,control,0,115.74,291.5,desktop,US,63
user_00389,control,0,156.61,203.5,mobile,UK,59
user_00236,control,0,113.59,285.4,mobile,US,22
user_02505,treatment,0,110.5,240.3,desktop,US,18
user_01985,control,0,80.08,200.6,mobile,US,69
user_00268,control,1,89.78,224.6,mobile,US,37
user_00771,control,0,117.0,267.8,desktop,UK,49
user_02166,control,0,120.62,261.5,desktop,US,53
user_00438,control,1,115.41,249.8,desktop,UK,52
user_00674,control,0,101.94,331.1,mobile,UK,21
user_00250,control,0,139.8,239.5,mobile,US,43
user_02101,treatment,0,71.52,239.5,mobile,US,26
user_01575,control,0,137.23,222.1,desktop,US,62
user_02143,control,0,98.19,241.2,mobile,UK,62
user_02082,control,0,105.13,229.0,desktop,UK,34
user_02517,treatment,0,109.15,230.2,mobile,UK,45
user_02803,treatment,0,120.29,261.2,mobile,US,33
user_02639,treatment,0,102.35,215.8,mobile,UK,40
user_00449,control,0,111.41,181.6,desktop,US,69
user_01470,control,0,48.89,186.4,mobile,US,36
user_00717,control,0,86.83,206.9,desktop,UK,54
user_02298,treatment,1,121.6,238.1,mobile,UK,35
user_02514,treatment,0,109.24,274.1,desktop,US,62
user_02049,control,0,73.83,263.1,mobile,UK,55
user_01902,control,0,91.68,292.0,mobile,UK,56
user_01169,control,0,100.37,266.4,mobile,US,68
user_00083,control,0,40.52,227.0,desktop,US,46
user_02324,treatment,0,112.83,208.9,mobile,UK,61
user_01461,control,0,131.97,287.9,mobile,US,37
user_01894,control,0,113.02,297.8,mobile,UK,40
user_01669,control,0,95.32,279.1,mobile,UK,61
user_02001,control,0,109.12,180.8,desktop,US,18
user_00476,control,0,117.92,240.3,desktop,UK,41
user_00518,control,0,93.63,239.2,desktop,UK,63
user_00405,control,0,81.88,234.5,mobile,UK,66
user_00385,control,1,85.36,210.3,mobile,UK,65
user_02881,treatment,0,120.25,298.9,desktop,UK,57
user_02153,control,0,96.46,231.4,desktop,US,59
user_01634,control,0,74.11,181.3,mobile,UK,60
user_02759,treatment,0,123.52,268.9,mobile,US,36
user_00689,control,0,51.21,313.9,desktop,US,41
user_01241,control,1,89.5,232.4,desktop,UK,30
user_00063,control,0,105.12,241.2,desktop,UK,34
user_00853,control,0,125.51,282.5,mobile,US,48
user_02651,treatment,0,138.07,194.7,mobile,US,31
user_02376,treatment,0,99.04,246.1,mobile,UK,40
user_01263,control,0,122.88,215.6,mobile,US,37
user_00224,control,0,62.05,269.6,desktop,UK,41
user_02194,control,0,129.22,240.2,desktop,UK,32
user_00374,control,0,104.17,264.3,mobile,UK,63
user_01825,control,1,86.76,238.4,desktop,UK,63
user_02436,treatment,0,97.41,281.5,mobile,UK,19
user_02769,treatment,0,108.04,234.2,mobile,US,56
user_02497,treatment,0,120.05,329.6,desktop,US,47
user_02584,treatment,0,104.25,266.9,desktop,US,42
user_00010,control,0,77.45,308.0,desktop,UK,58
user_01945,control,0,115.78,169.0,desktop,UK,43
user_01839,control,0,172.23,278.8,desktop,UK,47
user_00709,control,0,97.92,261.2,desktop,US,27
user_00256,control,0,132.38,175.4,mobile,US,19
user_01618,control,0,56.13,243.5,mobile,US,57
user_00390,control,0,64.69,272.3,mobile,UK,46
user_01582,control,0,128.62,241.9,mobile,US,51
user_00925,control,0,91.87,272.7,mobile,UK,33
user_02037,control,0,91.08,283.3,mobile,US,46
user_02303,treatment,0,111.77,235.5,mobile,US,35
user_01225,control,0,126.19,308.3,mobile,UK,52
user_01947,control,0,91.38,156.4,mobile,US,26
user_00740,control,0,102.76,235.9,mobile,UK,29
user_00041,control,0,81.01,199.9,desktop,US,26
user_00869,control,0,58.21,145.4,desktop,US,55
user_00540,control,0,77.05,254.7,mobile,US,44
user_02410,treatment,0,88.56,266.7,desktop,UK,18
user_01372,control,0,115.26,239.7,mobile,US,69
user_01146,control,0,55.98,262.5,mobile,US,43
user_01032,control,0,48.71,271.1,desktop,UK,18
user_00373,control,0,77.06,287.3,desktop,US,51
user_00668,control,0,57.26,240.9,mobile,US,45
user_00358,control,0,100.7,310.4,mobile,UK,49
user_00968,control,1,104.58,184.5,mobile,UK,51
user_01354,control,0,120.89,249.1,mobile,US,25
user_01036,control,1,101.89,252.1,desktop,UK,33
user_00471,control,0,126.19,256.6,mobile,US,34
user_01397,control,0,64.83,234.1,mobile,US,49
user_02520,treatment,0,173.65,241.1,desktop,UK,28
user_01550,control,0,62.97,248.2,desktop,US,34
user_01257,control,0,147.46,277.5,desktop,UK,35
user_02095,control,0,68.82,215.7,mobile,US,39
user_01556,control,0,89.09,231.2,mobile,UK,39
user_02489,treatment,0,152.0,201.8,mobile,US,42
user_01251,control,0,75.19,157.6,desktop,US,41
user_01700,control,0,74.33,234.8,mobile,US,63
user_01253,control,0,115.57,153.2,mobile,UK,25
user_02680,treatment,1,115.16,263.1,mobile,US,30
user_00080,control,1,115.57,197.8,desktop,US,65
user_01173,control,0,97.25,257.6,desktop,UK,43
user_00815,control,0,90.6,162.2,mobile,UK,67
user_01853,control,0,142.5,222.0,mobile,UK,48
user_02120,treatment,0,107.01,287.2,mobile,US,42
user_02528,treatment,0,100.19,185.5,mobile,UK,45
user_02106,control,0,101.91,239.4,desktop,UK,31
user_00134,control,0,75.03,212.9,desktop,US,19
user_01141,control,0,130.19,249.3,mobile,US,32
user_00934,control,0,94.14,315.6,desktop,US,39
user_00929,control,0,153.8,275.2,desktop,US,47
user_00824,control,0,130.23,248.7,mobile,US,56
user_01532,control,0,93.84,287.6,mobile,US,22
user_01215,control,0,116.19,319.4,desktop,UK,52
user_00505,control,0,93.44,231.7,desktop,UK,35
user_02864,treatment,0,170.3,307.0,mobile,UK,47
user_02295,treatment,0,122.08,296.9,desktop,UK,34
user_01997,control,0,155.02,223.4,desktop,UK,25
user_01959,control,0,81.88,294.8,desktop,UK,27
user_01385,control,1,111.42,259.3,desktop,US,56
user_00895,control,0,168.15,236.7,mobile,UK,29
user_00829,control,0,95.06,182.8,mobile,US,62
user_02820,treatment,0,82.46,262.7,mobile,UK,66
user_01684,control,0,106.76,289.0,mobile,US,29
user_02474,treatment,0,67.72,157.6,desktop,UK,57
user_02869,treatment,0,159.24,288.6,desktop,US,50
user_02412,treatment,0,146.87,325.9,desktop,UK,45
user_00653,control,0,95.7,214.1,desktop,US,43
user_00173,control,1,96.97,329.4,desktop,UK,38
user_00039,control,0,121.53,273.7,desktop,UK,54
user_02760,treatment,0,115.94,295.2,mobile,UK,39
user_00714,control,0,107.3,266.6,mobile,US,18
user_00091,control,0,136.66,232.2,desktop,UK,57
user_02854,treatment,1,63.38,267.6,mobile,UK,62
user_01206,control,0,87.72,315.5,mobile,US,37
user_02485,treatment,0,88.35,283.7,desktop,US,68
user_01828,control,0,54.77,237.0,mobile,UK,36
user_01156,control,0,111.27,261.5,desktop,UK,48
user_01325,control,0,41.13,211.2,mobile,UK,40
user_00217,control,0,114.38,250.3,mobile,UK,38
user_00511,control,0,61.04,242.2,desktop,UK,61
user_01681,control,0,81.39,226.8,mobile,UK,59
user_00500,control,0,115.43,217.1,desktop,US,54
user_02448,treatment,0,137.2,223.9,mobile,US,41
user_01857,control,0,61.4,234.4,desktop,UK,50
user_01389,control,0,100.3,228.9,desktop,UK,34
user_01520,control,0,102.17,281.3,mobile,UK,25
user_02286,treatment,0,156.88,264.3,mobile,UK,69
user_02621,treatment,0,112.36,244.9,mobile,US,22
user_02077,control,0,100.2,285.1,desktop,UK,58
user_01541,control,0,95.03,292.2,desktop,UK,59
user_01218,control,0,103.89,204.9,desktop,UK,33
user_01417,control,0,90.84,188.0,mobile,US,59
user_02117,treatment,0,52.94,228.8,desktop,UK,69
user_02521,treatment,1,103.57,223.8,mobile,US,57
user_01677,control,1,65.32,187.1,mobile,US,64
user_01198,control,0,111.3,211.0,mobile,US,55
user_01543,control,0,47.12,319.2,mobile,UK,62
user_00954,control,0,155.93,255.0,desktop,US,58
user_00751,control,0,94.1,234.3,desktop,UK,24
user_00235,control,1,145.88,255.4,desktop,US,63
user_00733,control,0,99.78,192.9,mobile,US,26
user_02892,treatment,0,115.62,249.9,desktop,UK,39
user_01157,control,0,117.81,273.1,desktop,UK,36
user_02473,treatment,0,119.34,243.6,mobile,US,51
user_02345,treatment,0,110.39,274.1,mobile,US,23
user_01210,control,0,132.78,245.6,mobile,US,25
user_01066,control,0,107.36,327.8,mobile,US,36
user_02157,control,1,102.7,223.3,desktop,UK,18
user_01063,control,0,106.36,215.6,desktop,US,65
user_01168,control,0,57.25,192.0,mobile,US,58
user_01493,control,0,81.51,279.4,desktop,US,43
user_02374,treatment,0,102.99,261.7,desktop,US,30
user_00885,control,0,85.55,254.3,mobile,US,66
user_00144,control,0,101.98,182.2,mobile,UK,33
user_02842,treatment,0,98.19,283.6,desktop,UK,19
user_00851,control,0,83.04,224.9,mobile,US,27
user_00718,control,0,62.52,253.2,mobile,UK,32
user_02764,treatment,0,110.98,278.5,desktop,US,62
user_00265,control,0,106.87,300.0,desktop,US,32
user_00076,control,0,38.41,210.1,mobile,UK,69
user_00396,control,0,103.9,314.2,mobile,UK,65
user_02445,treatment,0,101.45,258.6,mobile,UK,40
user_02124,treatment,0,115.1,255.3,mobile,UK,60
user_02699,treatment,0,121.62,244.9,mobile,UK,19
user_00397,control,1,80.78,261.2,desktop,UK,23
user_01366,control,0,37.09,168.5,mobile,UK,57
user_02400,treatment,0,140.04,263.8,desktop,UK,38
user_01904,control,0,77.91,226.4,desktop,UK,24
user_00596,control,0,122.17,195.4,desktop,UK,27
user_02110,control,0,46.85,226.6,desktop,US,63
user_01297,control,1,70.7,210.2,mobile,UK,58
user_01822,control,0,98.38,242.4,mobile,UK,69
user_00873,control,0,105.37,294.8,desktop,US,60
user_02811,treatment,0,76.28,299.4,mobile,US,49
user_02226,treatment,1,91.1,309.8,desktop,UK,19
user_01549,control,0,120.35,171.6,desktop,US,40
user_00037,control,0,122.8,214.9,desktop,US,51
user_02426,treatment,0,174.27,201.5,mobile,UK,32
user_02144,control,0,120.65,299.4,desktop,US,31
user_02840,treatment,0,158.76,296.8,mobile,UK,60
user_00978,control,0,78.31,243.5,mobile,US,31
user_01572,control,0,109.48,195.0,mobile,US,19
user_01123,control,0,66.4,278.6,mobile,US,36
user_02139,treatment,0,118.67,211.4,mobile,US,53
user_01893,control,0,108.27,310.4,mobile,UK,60
user_00676,control,0,110.42,179.2,desktop,UK,52
user_00729,control,0,95.08,180.7,mobile,UK,29
user_00413,control,0,134.25,247.1,desktop,US,30
user_01517,control,0,129.34,262.8,mobile,UK,57
user_01650,control,1,77.59,265.3,mobile,US,39
user_00826,control,0,160.39,207.8,desktop,UK,24
user_00617,control,1,110.88,247.9,desktop,US,61
user_00115,control,0,132.49,194.5,mobile,UK,23
user_00418,control,0,162.75,237.6,desktop,US,63
user_01626,control,0,153.55,258.8,desktop,UK,33
user_02839,treatment,1,87.67,303.3,desktop,UK,55
user_00090,control,0,87.71,327.8,mobile,US,27
user_02083,control,0,84.19,211.0,mobile,US,64
user_00754,control,0,92.49,245.9,desktop,UK,58
user_01631,control,0,81.56,228.4,desktop,UK,66
user_00012,control,0,79.46,288.2,mobile,US,49
user_02344,treatment,0,120.67,234.9,mobile,US,63
user_00285,control,0,99.63,252.1,desktop,UK,52
user_01067,control,1,99.95,253.8,mobile,US,28
user_01192,control,1,115.83,160.0,mobile,US,34
user_01441,control,0,151.02,259.1,mobile,UK,46
user_02701,treatment,0,154.52,247.6,desktop,US,44
user_02700,treatment,0,112.59,271.1,mobile,UK,29
user_02610,treatment,0,137.56,279.7,mobile,UK,46
user_01569,control,0,83.88,212.9,mobile,US,33
user_02327,treatment,0,95.2,323.4,mobile,UK,18
user_02477,treatment,0,56.32,305.3,desktop,UK,18
user_01688,control,0,104.41,255.9,mobile,US,51
user_00852,control,0,121.46,236.5,desktop,UK,53
user_02107,treatment,0,82.58,201.8,desktop,UK,61
user_00896,control,0,50.55,233.4,desktop,US,28
user_00497,control,0,79.03,251.3,desktop,UK,21
user_02205,treatment,0,89.53,208.3,mobile,UK,37
user_01783,control,0,74.41,282.7,mobile,UK,29
user_00336,control,0,91.57,230.1,desktop,UK,45
user_00516,control,1,96.74,251.4,mobile,UK,60
user_01349,control,0,79.35,284.8,desktop,US,24
user_01016,control,0,80.49,214.5,desktop,US,40
user_02708,treatment,0,75.39,197.5,desktop,UK,45
user_02703,treatment,0,94.93,220.8,desktop,UK,57
user_01782,control,0,95.7,294.7,mobile,US,23
user_01786,control,0,90.59,229.0,desktop,US,41
user_02071,control,0,59.11,184.8,desktop,UK,66
user_00357,control,0,115.35,286.5,desktop,US,59
user_02752,treatment,0,37.35,251.9,mobile,UK,65
user_01313,control,0,44.53,290.8,mobile,US,66
user_01636,control,1,135.56,205.5,desktop,UK,34
user_00551,control,0,75.62,240.3,desktop,US,67
user_02288,treatment,0,115.55,248.8,desktop,US,41
user_02379,treatment,0,81.53,232.3,desktop,US,48
user_02421,treatment,0,114.12,260.0,mobile,UK,30
user_02165,treatment,0,119.85,297.8,desktop,US,37
user_01228,control,0,98.55,288.0,desktop,US,40
user_02722,treatment,0,137.34,288.2,mobile,US,30
user_00958,control,0,116.01,240.5,mobile,US,69
user_01774,control,1,68.29,275.7,desktop,UK,45
user_02142,control,1,84.18,247.5,mobile,US,29
user_01009,control,0,108.16,215.8,desktop,US,55
user_01093,control,0,123.28,250.2,desktop,UK,19
user_02574,treatment,0,82.07,305.8,desktop,US,33
user_00997,control,0,42.07,270.3,desktop,UK,54
user_01680,control,0,133.15,258.7,desktop,UK,43
user_00154,control,0,22.35,222.7,mobile,US,22
user_02682,treatment,0,176.26,229.6,mobile,US,30
user_00581,control,0,111.73,163.8,desktop,UK,52
user_01471,control,0,60.18,170.2,mobile,US,48
user_00704,control,1,125.46,187.8,mobile,US,41
user_01213,control,0,119.17,215.5,mobile,UK,64
user_00897,control,0,129.27,259.6,mobile,UK,34
user_00488,control,0,106.43,298.0,mobile,US,47
user_00560,control,0,136.51,223.0,desktop,UK,39
user_01142,control,0,148.1,240.1,mobile,UK,33
user_01120,control,0,83.46,257.1,desktop,UK,45
user_00513,control,0,91.34,318.3,desktop,UK,30
user_00634,control,0,81.78,270.7,mobile,UK,51
user_02484,treatment,0,100.79,265.0,desktop,US,32
user_01665,control,0,62.98,366.4,mobile,US,19
user_01013,control,0,129.4,213.2,mobile,US,66
user_01932,control,0,92.71,224.4,mobile,US,27
user_01151,control,0,69.17,227.9,desktop,US,58
user_02705,treatment,0,97.61,194.8,desktop,US,42
user_00117,control,0,115.59,234.8,desktop,UK,67
user_00741,control,0,68.39,217.3,mobile,UK,69
user_02663,treatment,1,70.06,159.4,mobile,US,63
user_01975,control,0,95.97,200.4,mobile,UK,59
user_01082,control,0,128.85,207.0,desktop,UK,44
user_01811,control,0,68.02,216.2,desktop,US,46
user_00831,control,0,75.36,200.9,desktop,UK,54
user_00120,control,0,103.43,190.9,desktop,UK,41
user_00657,control,0,71.35,283.7,desktop,US,52
user_02632,treatment,0,137.46,285.4,mobile,UK,39
user_02592,treatment,0,182.22,267.3,mobile,UK,43
user_02832,treatment,0,143.69,239.8,desktop,UK,43
user_00636,control,0,164.21,237.8,mobile,US,66
user_00370,control,0,83.91,211.1,mobile,UK,57
user_00269,control,0,114.83,234.5,desktop,UK,23
user_00047,control,1,100.97,260.5,desktop,US,34
user_00992,control,0,125.14,209.5,mobile,UK,36
user_00877,control,0,74.22,196.5,mobile,US,26
user_00774,control,0,84.69,230.5,mobile,UK,59
user_01220,control,0,104.55,269.8,desktop,UK,51
user_01127,control,1,149.54,275.0,desktop,US,60
user_00005,control,0,83.18,261.9,mobile,UK,53
user_01596,control,0,74.41,247.5,mobile,US,43
user_02211,treatment,0,138.11,318.6,mobile,US,59
user_02391,treatment,1,219.21,268.1,desktop,US,33
user_01078,control,0,47.18,239.2,desktop,US,28
user_00838,control,0,132.67,189.1,desktop,UK,51
user_00682,control,0,79.7,193.4,mobile,US,63
user_01716,control,0,78.22,220.8,mobile,US,49
user_02252,treatment,0,106.77,239.0,mobile,US,57
user_02261,treatment,0,156.98,236.5,desktop,UK,50
user_02198,control,0,112.67,348.4,mobile,UK,31
user_01149,control,0,52.67,250.5,desktop,US,34
user_00575,control,0,39.84,234.8,mobile,UK,32
user_00051,control,1,125.17,207.0,desktop,UK,53
user_00854,control,0,85.87,276.9,mobile,US,33
user_01983,control,0,121.55,280.4,desktop,UK,41
user_01824,control,1,93.02,242.2,desktop,UK,27
user_00834,control,1,69.75,276.0,mobile,UK,63
user_01116,control,0,93.99,220.3,desktop,US,55
user_01167,control,0,117.97,245.3,desktop,US,66
user_02418,treatment,0,120.17,306.2,desktop,US,21
user_01907,control,0,48.13,206.4,mobile,US,49
user_00972,control,0,79.6,208.5,mobile,US,27
user_00400,control,0,134.14,249.4,desktop,US,51
user_02459,treatment,0,118.23,250.1,desktop,US,66
user_02268,treatment,0,63.2,298.9,desktop,US,68
user_00020,control,0,87.11,215.4,mobile,US,48
user_00685,control,0,131.92,273.8,desktop,UK,34
user_00036,control,0,86.48,312.7,mobile,UK,31
user_02729,treatment,0,127.21,214.9,mobile,UK,58
user_00525,control,0,100.74,192.5,desktop,US,63
user_02355,treatment,0,166.16,174.0,desktop,UK,46
user_00921,control,0,118.48,246.4,desktop,UK,24
user_01842,control,0,149.31,278.2,mobile,UK,46
user_01891,control,0,133.52,123.7,desktop,US,25
user_00538,control,0,98.81,276.9,mobile,UK,34
user_01706,control,0,132.68,313.0,desktop,US,64
user_02831,treatment,0,116.25,262.4,mobile,US,42
user_00246,control,0,56.11,199.9,mobile,US,21
user_00785,control,0,107.11,284.0,desktop,UK,29
user_01410,control,0,70.53,209.8,mobile,US,44
user_02437,treatment,1,158.66,242.2,mobile,US,25
user_00155,control,0,100.51,194.5,mobile,UK,67
user_01687,control,0,64.89,259.2,desktop,UK,49
user_00626,control,1,67.42,228.4,desktop,US,35
user_02776,treatment,1,89.33,294.8,desktop,US,43
user_01347,control,0,140.1,246.8,mobile,UK,61
user_00570,control,0,137.91,188.4,desktop,UK,20
user_02833,treatment,0,117.89,271.4,desktop,UK,40
user_01759,control,0,139.21,274.5,mobile,UK,21
user_01817,control,0,87.51,305.3,desktop,US,68
user_02066,control,0,75.4,260.3,desktop,UK,39
user_00128,control,0,87.53,263.7,mobile,UK,59
user_02877,treatment,0,104.56,278.6,mobile,US,39
user_02007,control,0,64.14,214.3,mobile,US,36
user_00981,control,0,46.84,285.8,mobile,US,29
user_02874,treatment,0,63.95,271.5,mobile,UK,69
user_00191,control,0,67.59,277.1,desktop,US,61
user_01140,control,0,85.71,213.3,desktop,US,39
user_00993,control,0,91.31,190.1,desktop,US,20
user_00700,control,0,132.82,281.2,desktop,US,61
user_00607,control,0,85.12,232.9,mobile,UK,68
user_00181,control,0,154.66,233.7,mobile,UK,45
user_00302,control,0,58.7,205.6,mobile,US,54
user_02444,treatment,0,106.78,292.0,mobile,US,30
user_02675,treatment,0,145.84,233.9,mobile,US,32
user_01061,control,0,110.34,222.4,desktop,US,35
user_02719,treatment,0,80.76,334.8,mobile,UK,21
user_02778,treatment,0,91.43,252.5,desktop,UK,61
user_02465,treatment,0,106.52,218.3,mobile,UK,24
user_01070,control,0,121.24,273.0,desktop,UK,54
user_02424,treatment,0,130.89,214.8,mobile,US,38
user_02105,treatment,0,100.33,284.5,desktop,US,63
user_01244,control,0,79.58,281.5,desktop,US,38
user_00017,control,0,106.37,226.9,desktop,US,24
user_02880,treatment,0,113.96,252.4,mobile,UK,35
user_00547,control,0,144.09,286.3,mobile,UK,42
user_00659,control,0,77.85,219.4,desktop,UK,60
user_02604,treatment,0,98.57,321.7,mobile,UK,68
user_02635,treatment,0,129.43,311.9,mobile,US,32
user_01505,control,0,122.03,310.5,desktop,US,69
user_00960,control,1,126.9,263.9,desktop,US,30
user_02231,treatment,0,129.57,300.2,desktop,UK,27
user_00798,control,0,75.32,269.3,desktop,US,49
user_00226,control,0,101.82,257.0,mobile,US,55
user_02075,control,0,139.45,251.7,desktop,US,66
user_01800,control,0,99.8,205.4,mobile,UK,57
user_02385,treatment,0,116.59,262.7,desktop,US,20
user_02862,treatment,0,117.55,181.5,desktop,US,42
user_02177,treatment,0,95.37,373.8,mobile,UK,53
user_02086,control,0,138.3,212.6,mobile,US,56
user_01694,control,1,113.75,248.1,mobile,UK,18
user_01046,control,0,111.39,272.5,desktop,US,37
user_00470,control,0,151.04,292.4,desktop,US,53
user_00955,control,0,72.13,253.8,mobile,US,34
user_02876,treatment,0,96.58,342.3,desktop,US,49
user_00640,control,0,136.02,185.8,mobile,UK,23
user_02678,treatment,0,110.67,261.7,mobile,US,19
user_01219,control,0,116.17,227.7,mobile,UK,40
user_01159,control,1,92.94,209.9,mobile,UK,67
user_01416,control,0,102.78,210.3,mobile,US,24
user_02613,treatment,0,90.21,329.7,mobile,UK,33
user_01528,control,0,97.44,290.3,mobile,US,67
user_02821,treatment,0,140.66,318.2,desktop,US,54
user_01301,control,0,95.05,239.3,desktop,UK,55
user_02766,treatment,0,120.71,251.0,desktop,US,64
user_01604,control,0,112.76,321.8,mobile,UK,47
user_00161,control,0,103.51,288.6,mobile,UK,32
user_01705,control,0,128.37,188.1,mobile,UK,19
user_00957,control,0,134.28,227.6,mobile,UK,40
user_02815,treatment,0,103.77,279.6,desktop,US,55
user_00878,control,0,67.6,222.1,mobile,UK,65
user_01920,control,0,120.94,234.9,desktop,UK,50
user_01885,control,0,123.46,206.7,desktop,US,35
user_02100,treatment,1,103.04,238.9,mobile,US,52
user_00099,control,0,63.58,188.1,desktop,US,50
user_02727,treatment,0,100.66,311.8,mobile,UK,57
user_02457,treatment,0,155.63,346.7,desktop,US,18
user_00254,control,0,90.75,276.9,desktop,UK,25
user_00104,control,0,141.31,259.6,mobile,UK,39
user_01446,control,0,120.2,289.5,mobile,UK,64
user_01444,control,0,45.74,188.9,desktop,UK,59
user_01649,control,1,136.48,264.4,mobile,UK,56
user_00587,control,0,106.5,133.2,desktop,US,53
user_00628,control,0,107.03,250.0,mobile,UK,51
user_01697,control,0,82.44,235.4,desktop,UK,28
user_02102,control,0,76.06,158.8,desktop,US,26
user_02200,control,0,98.13,231.6,desktop,US,58
user_00404,control,0,97.01,223.7,mobile,US,36
user_01155,control,0,78.6,243.1,desktop,US,22
user_02155,treatment,0,82.36,249.4,mobile,US,57
user_01683,control,0,71.52,222.5,mobile,US,34
user_02057,control,1,47.73,278.6,mobile,UK,42
user_02744,treatment,0,93.1,294.4,desktop,UK,23
user_00453,control,1,95.83,258.8,desktop,UK,63
user_02201,treatment,0,89.39,276.2,desktop,UK,22
user_01328,control,0,72.92,230.7,mobile,UK,24
user_02050,control,0,83.32,255.7,desktop,UK,29
user_00881,control,0,109.44,231.9,mobile,US,29
user_02818,treatment,0,94.63,275.3,desktop,UK,22
user_00624,control,0,119.47,217.4,mobile,UK,61
user_02293,treatment,0,90.44,300.7,mobile,US,29
user_02672,treatment,0,130.34,255.1,desktop,US,41
user_01788,control,0,60.76,296.7,desktop,UK,26
user_00263,control,0,72.19,267.1,mobile,US,38
user_01635,control,0,132.68,245.6,mobile,UK,31
user_01439,control,0,117.17,263.0,mobile,UK,62
user_02199,control,0,72.78,266.1,desktop,UK,30
user_01970,control,0,59.08,254.2,desktop,UK,47
user_02420,treatment,0,133.7,199.0,mobile,US,51
user_01803,control,0,67.09,224.8,desktop,UK,60
user_00641,control,0,66.0,272.5,desktop,US,41
user_02285,treatment,0,127.69,238.0,desktop,UK,56
user_02498,treatment,1,142.91,220.9,desktop,UK,51
user_02730,treatment,0,126.97,262.1,desktop,UK,46
user_01960,control,0,77.97,238.8,mobile,UK,38
user_00489,control,0,78.04,256.8,mobile,UK,68
user_01844,control,0,111.81,281.4,desktop,US,45
user_01735,control,0,103.9,236.8,desktop,UK,26
user_00147,control,0,129.85,240.0,mobile,US,21
user_01535,control,1,107.42,259.8,mobile,UK,19
user_01987,control,1,48.41,252.5,mobile,UK,48
user_01370,control,0,124.61,246.6,desktop,US,31
user_02350,treatment,0,97.05,277.6,desktop,UK,29
user_02836,treatment,0,128.61,251.5,desktop,UK,44
user_00660,control,0,107.12,197.4,mobile,UK,41
user_01795,control,0,40.03,231.5,desktop,US,69
user_02411,treatment,1,130.5,251.8,mobile,UK,60
user_00187,control,0,71.31,274.7,mobile,UK,41
user_01148,control,0,75.01,270.1,desktop,UK,40
user_00609,control,0,123.08,267.0,desktop,UK,68
user_02192,control,1,110.54,266.8,mobile,US,53
user_01931,control,0,117.58,231.7,mobile,UK,50
user_00198,control,0,90.55,339.6,desktop,US,29
user_02227,treatment,0,112.37,237.2,desktop,UK,49
user_00294,control,1,87.25,318.7,mobile,US,62
user_00767,control,0,59.22,303.1,mobile,UK,19
user_00401,control,0,113.44,153.8,desktop,US,26
user_00123,control,0,116.51,222.7,desktop,UK,20
user_00203,control,0,140.26,176.7,desktop,US,23
user_00836,control,0,64.05,263.0,desktop,US,57
user_02194,treatment,0,112.13,224.9,desktop,US,38
user_01440,control,0,92.14,208.9,desktop,UK,23
user_01734,control,0,101.85,231.3,mobile,US,25
user_01696,control,0,84.65,337.7,mobile,US,49
user_02828,treatment,0,71.98,257.1,desktop,US,52
user_01708,control,0,110.59,161.6,desktop,UK,30
user_02813,treatment,0,62.49,252.6,desktop,US,65
user_01154,control,0,88.15,259.8,mobile,US,24
user_01662,control,0,66.26,186.0,mobile,UK,41
user_02332,treatment,0,127.83,273.1,mobile,US,47
user_01760,control,0,93.49,254.1,desktop,US,41
user_00855,control,0,138.98,247.4,mobile,UK,56
user_01590,control,0,99.38,240.3,mobile,US,44
user_02167,treatment,0,100.21,283.2,desktop,UK,57
user_00642,control,1,132.3,297.5,mobile,UK,34
user_00002,control,0,66.28,252.2,mobile,US,22
user_02161,control,0,107.04,224.7,desktop,UK,43
user_00699,control,0,123.33,236.3,desktop,US,25
user_01637,control,0,118.19,220.2,mobile,US,45
user_01292,control,0,108.48,192.4,desktop,UK,35
user_02756,treatment,0,120.66,267.7,desktop,US,62
user_02389,treatment,0,151.8,182.6,mobile,US,29
user_01521,control,0,135.7,262.2,desktop,UK,51
user_01854,control,0,109.1,284.0,mobile,UK,40
user_01137,control,0,127.83,253.7,mobile,UK,68
user_02798,treatment,1,89.02,221.2,mobile,UK,41
user_01632,control,0,93.98,198.6,mobile,UK,53
user_01999,control,0,114.6,254.2,mobile,UK,31
user_00664,control,0,97.87,252.1,desktop,UK,21
user_00684,control,0,101.67,200.5,desktop,US,52
user_01258,control,0,89.73,318.6,desktop,UK,35
user_00318,control,0,77.55,254.7,desktop,UK,57
user_00649,control,0,97.44,196.2,desktop,UK,33
user_01435,control,0,121.6,119.6,mobile,US,64
user_01480,control,0,154.87,199.9,mobile,US,49
user_00710,control,0,90.37,196.9,desktop,UK,39
user_01283,control,0,104.41,242.6,desktop,US,36
user_01769,control,0,55.01,225.8,mobile,US,24
user_00973,control,0,139.98,261.8,desktop,US,58
user_02575,treatment,0,93.23,247.1,desktop,UK,50
user_02580,treatment,1,164.09,265.8,mobile,UK,19
user_01307,control,0,85.21,213.9,mobile,US,45
user_01401,control,0,136.49,201.0,mobile,US,44
user_01409,control,0,85.2,197.3,mobile,US,25
user_02137,treatment,0,85.47,235.7,desktop,UK,40
user_01497,control,0,98.47,192.1,mobile,UK,68
user_02039,control,1,72.96,170.3,desktop,UK,23
user_01530,control,0,121.69,192.7,desktop,US,18
user_01664,control,1,114.64,227.5,mobile,UK,55
user_01355,control,0,146.7,256.9,mobile,US,66
user_02824,treatment,1,144.74,184.4,desktop,US,26
user_02844,treatment,1,114.8,220.0,desktop,UK,45
user_01644,control,0,114.81,315.1,mobile,UK,56
user_01052,control,0,58.41,226.7,desktop,UK,32
user_00796,control,0,100.71,236.1,desktop,US,65
user_02593,treatment,0,105.45,280.3,desktop,UK,52
user_01598,control,0,63.24,269.4,mobile,US,30
user_02504,treatment,0,130.47,277.2,desktop,US,28
user_02629,treatment,0,65.68,260.2,desktop,UK,33
user_02525,treatment,0,83.65,228.4,mobile,US,39
user_01820,control,0,91.64,216.5,mobile,US,38
user_01723,control,1,100.39,224.0,desktop,US,38
user_01184,control,0,82.96,220.9,desktop,UK,33
user_02472,treatment,1,39.7,168.0,mobile,UK,51
user_01060,control,0,133.5,290.1,mobile,UK,53
user_00541,control,0,97.09,264.0,mobile,UK,57
user_01679,control,0,107.3,240.1,mobile,US,58
user_02696,treatment,0,136.53,255.2,desktop,US,19
user_02855,treatment,1,173.55,287.7,desktop,US,69
user_02432,treatment,0,135.51,255.8,desktop,US,22
user_01758,control,0,128.53,208.0,desktop,US,61
user_01924,control,0,65.73,255.0,mobile,US,42
user_00096,control,0,53.58,279.4,mobile,UK,37
user_01021,control,0,88.9,279.6,mobile,US,24
user_00564,control,0,77.66,234.5,mobile,US,41
user_02690,treatment,0,110.98,273.4,mobile,US,40
user_00864,control,0,112.14,272.4,desktop,UK,21
user_01485,control,0,116.5,228.1,desktop,UK,52
user_01882,control,1,118.39,244.6,mobile,UK,35
user_01039,control,0,119.65,270.1,desktop,US,54
user_00207,control,1,124.92,216.2,desktop,UK,40
user_00393,control,1,128.06,205.8,mobile,UK,66
user_02742,treatment,0,109.01,239.2,mobile,UK,64
user_00871,control,0,136.32,207.0,desktop,UK,63
user_00398,control,0,112.6,368.6,mobile,US,63
user_02714,treatment,0,108.41,273.8,mobile,US,44
user_02782,treatment,0,54.11,259.4,desktop,US,51
user_01029,control,0,142.61,216.0,mobile,US,53
user_02590,treatment,0,140.52,278.1,desktop,US,65
user_01486,control,0,80.33,230.8,mobile,UK,36
user_02560,treatment,0,106.86,259.1,mobile,UK,40
user_00961,control,0,92.78,208.7,desktop,US,47
user_01571,control,0,68.6,225.6,mobile,UK,40
user_02673,treatment,1,114.15,244.5,desktop,US,54
user_01896,control,0,108.83,252.3,desktop,US,24
user_02631,treatment,0,61.95,252.2,mobile,UK,18
user_02147,control,0,87.92,196.8,mobile,UK,31
user_00805,control,0,109.57,298.8,mobile,UK,69
user_01752,control,0,75.08,286.6,desktop,UK,37
user_02354,treatment,1,129.71,237.6,mobile,UK,34
user_00503,control,0,47.6,215.4,desktop,US,65
user_00780,control,0,105.36,276.6,desktop,US,44
user_01864,control,0,107.61,322.0,mobile,US,61
user_00201,control,0,73.49,193.0,mobile,UK,34
user_02183,control,0,78.12,199.7,mobile,US,41
user_02089,control,0,131.13,320.9,mobile,UK,18
user_02178,treatment,0,83.73,255.1,desktop,US,21
user_01797,control,0,149.34,177.4,desktop,US,39
user_00379,control,0,107.12,234.3,mobile,US,53
user_02236,treatment,1,73.69,219.1,desktop,US,45
user_00419,control,0,129.97,192.7,desktop,UK,55
user_01699,control,0,88.16,247.0,mobile,US,19
user_00392,control,0,90.09,290.1,mobile,UK,39
user_02540,treatment,1,142.89,278.8,desktop,US,18
user_01523,control,0,96.78,224.9,desktop,US,25
user_01163,control,0,121.11,247.5,mobile,US,21
user_01496,control,1,112.53,162.8,mobile,UK,26
user_02595,treatment,0,120.53,252.7,mobile,US,68
user_02028,control,0,102.26,272.0,desktop,UK,41
user_01153,control,0,60.22,301.4,desktop,UK,21
user_01368,control,0,73.77,287.3,desktop,UK,63
user_02468,treatment,0,51.37,245.7,mobile,US,33
user_00065,control,0,101.54,293.0,desktop,UK,36
user_02063,control,0,122.76,264.0,mobile,UK,59
user_01181,control,0,74.04,306.2,mobile,US,55
user_00493,control,0,80.77,260.9,mobile,US,55
user_00380,control,0,120.66,202.4,mobile,UK,39
user_02135,treatment,0,137.2,261.9,desktop,UK,33
user_00764,control,0,61.77,242.3,mobile,UK,20
user_02164,treatment,0,117.31,245.1,mobile,UK,52
user_00792,control,0,125.3,235.4,desktop,UK,25
user_01077,control,0,82.18,210.5,mobile,US,49
user_00879,control,0,123.52,145.1,mobile,UK,26
user_00338,control,0,67.04,274.2,desktop,UK,40
user_02667,treatment,0,148.64,246.1,desktop,UK,21
user_02243,treatment,0,138.51,254.9,desktop,UK,60
user_01017,control,0,149.94,261.1,desktop,UK,32
user_01276,control,0,68.51,237.5,mobile,US,50
user_00456,control,0,111.38,191.1,mobile,US,43
user_00816,control,0,117.59,243.6,desktop,UK,41
user_02217,treatment,0,142.52,235.6,desktop,US,65
user_00996,control,0,93.98,219.6,mobile,UK,58
user_01982,control,0,66.44,251.8,desktop,UK,68
user_00202,control,0,113.14,275.2,desktop,UK,52
user_00162,control,0,93.84,260.1,desktop,UK,38
user_01580,control,0,88.43,141.9,mobile,UK,50
user_02677,treatment,0,81.47,304.1,desktop,US,57
user_02349,treatment,0,106.31,245.8,desktop,UK,31
user_00703,control,0,110.79,165.8,desktop,US,19
user_01501,control,0,133.15,295.8,mobile,UK,45
user_01130,control,0,129.52,261.4,desktop,US,62
user_02513,treatment,0,82.98,208.4,desktop,US,53
user_01022,control,0,147.89,291.5,mobile,UK,64
user_01586,control,1,53.27,183.8,mobile,UK,24
user_01956,control,0,96.22,207.6,desktop,US,65
user_02153,treatment,0,92.35,269.6,mobile,US,63
user_00035,control,0,103.93,191.8,mobile,US,46
user_00776,control,0,108.64,253.7,desktop,UK,66
user_02456,treatment,1,132.57,229.6,desktop,US,57
user_01479,control,0,95.13,227.3,desktop,US,19
user_01391,control,0,79.84,276.1,desktop,US,28
user_02140,control,0,103.41,206.5,mobile,UK,18
user_01364,control,0,34.4,284.8,mobile,UK,58
user_02512,treatment,0,153.07,245.0,desktop,UK,38
user_02724,treatment,0,116.46,275.1,mobile,UK,59
user_02042,control,0,115.13,241.2,mobile,UK,18
user_00242,control,0,127.23,320.3,desktop,US,57
user_02062,control,0,97.58,254.8,desktop,UK,68
user_02263,treatment,0,91.46,311.1,mobile,US,36
user_00601,control,0,126.68,179.7,desktop,UK,38
user_02335,treatment,1,50.92,227.2,desktop,US,59
user_01298,control,0,105.79,320.7,mobile,US,34
user_02114,treatment,0,126.65,260.9,desktop,UK,45
user_02788,treatment,0,131.53,231.7,mobile,UK,19
user_02069,control,0,109.49,295.2,desktop,US,20
user_00647,control,0,62.05,255.1,mobile,US,58
user_01529,control,0,130.34,283.0,desktop,UK,54
user_02779,treatment,0,146.79,239.2,desktop,UK,38
user_01268,control,0,80.15,189.8,desktop,US,66
user_01900,control,0,114.33,211.2,desktop,UK,20
user_00563,control,0,76.13,269.8,desktop,US,63
user_02634,treatment,0,103.52,282.3,desktop,US,44
user_00190,control,0,149.17,267.2,desktop,US,62
user_01807,control,0,115.25,197.2,mobile,US,60
user_00976,control,0,150.94,249.6,mobile,UK,35
user_02647,treatment,0,74.24,284.1,desktop,US,51
user_02048,control,0,153.7,181.4,mobile,UK,37
user_02458,treatment,0,110.64,250.8,mobile,US,19
user_01083,control,0,95.06,280.6,mobile,US,33
user_00475,control,0,112.4,203.7,mobile,US,42
user_02804,treatment,0,62.61,276.3,mobile,UK,68
user_00748,control,0,117.37,278.3,mobile,UK,37
user_02200,treatment,0,104.79,338.6,desktop,US,24
user_00022,control,0,103.02,272.5,desktop,US,28
user_00460,control,0,116.73,216.7,mobile,UK,19
user_01185,control,0,79.06,218.9,mobile,UK,18
user_02224,treatment,0,67.57,219.6,desktop,UK,66
user_00956,control,0,79.93,288.9,mobile,UK,51
user_01216,control,0,84.6,191.1,desktop,UK,56
user_02333,treatment,0,104.95,241.9,mobile,UK,35
user_02753,treatment,0,88.25,286.8,mobile,UK,44
user_01516,control,0,96.32,185.2,mobile,UK,69
user_02291,treatment,0,115.89,210.8,mobile,US,42
user_00770,control,0,84.26,260.7,desktop,US,21
user_01686,control,0,118.89,224.3,mobile,UK,26
user_00131,control,0,87.04,219.7,mobile,UK,36
user_02819,treatment,1,117.08,251.7,desktop,UK,54
user_02136,control,0,94.46,209.4,mobile,UK,68
user_01483,control,0,104.29,276.6,mobile,US,30
user_00331,control,0,77.16,219.5,desktop,US,49
user_01239,control,0,113.08,193.0,desktop,US,20
user_00467,control,1,135.99,332.4,mobile,UK,28
user_02170,control,0,89.96,231.9,mobile,UK,36
user_01639,control,0,10.28,281.8,mobile,UK,58
user_01096,control,0,117.9,214.3,desktop,UK,20
user_01131,control,0,95.31,179.6,mobile,US,47
user_01295,control,1,93.03,235.2,desktop,US,38
user_00861,control,0,63.58,239.5,mobile,US,51
