user_id,experiment_group,conversion,revenue,session_duration,device,country,age
user_00556,control,0,23.34,263.3,desktop,UK,62
user_03492,treatment,0,60.01,229.0,desktop,India,65
user_00528,control,0,39.37,286.1,desktop,UK,45
user_03926,treatment,0,49.35,265.1,mobile,India,30
user_02990,treatment,1,211.41,303.1,mobile,India,25
user_00071,control,0,59.74,256.4,desktop,UK,36
user_01757,control,1,136.4,243.9,desktop,UK,19
user_00212,control,0,51.64,229.8,desktop,India,51
user_00197,control,0,42.58,302.4,mobile,India,68
user_00804,control,0,73.63,315.5,mobile,UK,28
user_03410,treatment,0,55.08,222.6,tablet,UK,32
user_03837,treatment,1,198.46,250.7,mobile,India,26
user_01147,control,0,33.66,283.3,mobile,India,57
user_01499,control,0,46.06,235.8,mobile,US,37
user_03859,treatment,0,57.06,290.2,mobile,UK,23
user_03483,treatment,0,43.76,258.4,mobile,India,29
user_01186,control,1,251.26,196.8,mobile,US,54
user_00472,control,1,168.36,265.8,mobile,India,27
user_00595,control,0,65.66,282.4,mobile,US,30
user_00322,control,0,67.33,235.9,desktop,US,42
user_01418,control,0,47.23,266.2,mobile,UK,60
user_01675,control,0,57.35,230.5,mobile,India,53
user_03591,treatment,1,204.69,272.3,mobile,India,59
user_01704,control,0,39.67,255.4,mobile,India,19
user_02541,treatment,0,56.19,280.1,tablet,US,64
user_00206,control,0,33.06,227.8,desktop,UK,63
user_03888,treatment,0,50.56,304.3,mobile,UK,67
user_03249,treatment,1,225.89,279.8,desktop,UK,33
user_02132,treatment,0,68.88,332.3,desktop,UK,51
user_01256,control,0,18.77,260.4,mobile,US,61
user_02300,treatment,0,54.03,231.9,mobile,UK,55
user_01227,control,0,42.41,254.9,mobile,US,65
user_03919,treatment,0,67.51,260.4,desktop,India,35
user_02465,treatment,0,45.75,304.2,desktop,India,54
user_02384,treatment,0,78.37,279.9,desktop,US,39
user_00150,control,0,54.52,307.5,mobile,UK,42
user_00870,control,1,187.01,252.4,desktop,India,34
user_01979,control,0,55.99,242.3,desktop,UK,34
user_02457,treatment,0,51.11,262.9,desktop,UK,40
user_03866,treatment,0,57.91,288.3,desktop,US,35
user_02213,treatment,0,41.97,322.8,mobile,US,45
user_01007,control,0,44.59,179.3,desktop,UK,24
user_03048,treatment,0,77.28,311.6,desktop,US,27
user_00706,control,1,189.22,224.3,mobile,US,58
user_03144,treatment,0,39.49,268.5,mobile,UK,57
user_03597,treatment,0,33.23,155.8,mobile,UK,21
user_01988,control,0,51.54,181.8,mobile,UK,20
user_00180,control,0,48.14,180.5,mobile,India,65
user_00110,control,0,45.27,253.1,tablet,US,64
user_03079,treatment,0,49.61,274.4,mobile,India,54
user_01056,control,0,26.76,210.9,desktop,UK,19
user_03953,treatment,1,181.03,290.3,mobile,India,51
user_00315,control,0,50.65,200.5,desktop,India,46
user_01823,control,0,35.03,237.7,desktop,UK,27
user_00568,control,0,57.28,192.7,mobile,India,43
user_00880,control,0,47.23,193.9,desktop,US,57
user_02231,treatment,0,40.87,372.5,desktop,India,64
user_01412,control,0,50.18,181.1,tablet,UK,50
user_03225,treatment,0,51.06,315.0,mobile,UK,42
user_03937,treatment,0,65.94,273.9,mobile,US,30
user_03250,treatment,0,61.33,208.4,mobile,US,21
user_00930,control,0,51.0,239.3,mobile,US,21
user_02579,treatment,0,64.74,234.8,mobile,US,22
user_03380,treatment,0,66.2,289.5,mobile,US,65
user_02293,treatment,0,51.98,223.6,mobile,US,66
user_01503,control,0,68.52,342.2,mobile,India,37
user_03783,treatment,0,52.14,288.5,mobile,India,41
user_00606,control,0,60.29,274.3,mobile,UK,57
user_01989,control,0,48.45,240.1,tablet,India,68
user_00015,control,0,33.54,243.3,mobile,US,62
user_01262,control,0,22.27,229.6,mobile,UK,67
user_03239,treatment,0,58.96,285.4,mobile,UK,18
user_03319,treatment,0,70.46,346.9,desktop,US,40
user_00009,control,0,45.13,325.9,mobile,India,40
user_00890,control,0,85.18,221.7,mobile,India,66
user_03149,treatment,0,47.37,267.6,tablet,India,27
user_03552,treatment,0,53.87,285.2,tablet,US,49
user_01445,control,0,70.44,353.4,mobile,US,63
user_00394,control,0,30.4,326.7,tablet,US,23
user_01583,control,0,56.49,219.9,mobile,US,25
user_02859,treatment,0,84.73,304.8,mobile,US,58
user_00539,control,0,42.85,291.3,desktop,UK,23
user_01488,control,0,70.2,171.2,desktop,US,46
user_00808,control,1,218.16,231.6,tablet,India,42
user_03415,treatment,0,84.29,322.1,mobile,US,44
user_00799,control,0,48.84,248.4,mobile,US,36
user_03540,treatment,0,71.59,272.2,desktop,US,39
user_01816,control,1,95.71,303.1,mobile,UK,22
user_02330,treatment,0,62.85,230.3,tablet,UK,33
user_02648,treatment,0,59.21,305.7,mobile,UK,69
user_01425,control,1,199.7,185.2,mobile,UK,69
user_02360,treatment,0,65.33,277.3,desktop,US,20
user_03322,treatment,0,61.18,298.0,desktop,US,59
user_00788,control,0,61.42,212.3,mobile,UK,58
user_01993,control,0,78.45,276.3,mobile,US,69
user_01117,control,0,24.73,205.0,mobile,India,52
user_01321,control,0,32.57,338.6,desktop,UK,46
user_03657,treatment,0,39.7,250.1,mobile,UK,21
user_01553,control,0,42.4,245.5,tablet,US,61
user_00033,control,0,44.88,256.3,mobile,US,33
user_00464,control,0,54.39,229.8,tablet,US,31
user_02516,treatment,1,371.22,226.5,desktop,India,65
user_02296,treatment,0,43.65,307.8,mobile,US,22
user_00167,control,0,63.8,269.0,mobile,US,58
user_02863,treatment,1,242.47,288.5,mobile,US,20
user_00415,control,0,54.01,224.4,tablet,US,68
user_00034,control,1,235.62,251.3,mobile,US,30
user_00185,control,0,37.17,284.1,mobile,UK,38
user_03023,treatment,0,69.55,222.8,desktop,US,38
user_03241,treatment,0,68.5,280.4,mobile,US,30
user_03302,treatment,1,236.21,267.7,tablet,US,44
user_01953,control,0,43.99,323.9,mobile,US,63
user_03750,treatment,1,212.1,311.6,mobile,US,27
user_01622,control,0,10.29,243.1,tablet,US,65
user_01243,control,0,56.09,259.4,desktop,UK,69
user_03550,treatment,0,57.9,300.6,mobile,UK,36
user_00722,control,0,47.55,266.0,mobile,UK,55
user_01175,control,0,59.43,256.0,mobile,UK,67
user_00671,control,0,64.77,257.6,desktop,India,59
user_03332,treatment,0,74.01,313.8,mobile,US,68
user_01747,control,0,58.06,233.0,mobile,US,60
user_02425,treatment,0,78.04,251.4,desktop,UK,54
user_01557,control,0,51.02,294.3,tablet,UK,32
user_02867,treatment,0,53.53,284.3,desktop,US,66
user_03537,treatment,0,64.01,329.1,mobile,US,69
user_02585,treatment,0,57.76,303.2,mobile,US,28
user_01745,control,0,37.16,210.9,mobile,India,53
user_03868,treatment,0,62.49,298.7,mobile,US,42
user_00719,control,0,61.88,226.3,mobile,US,20
user_01371,control,1,197.34,290.4,mobile,UK,26
user_02980,treatment,1,201.44,275.0,desktop,US,56
user_03931,treatment,1,232.65,267.9,mobile,UK,68
user_02021,treatment,1,223.76,251.8,tablet,US,60
user_02611,treatment,0,60.06,243.7,mobile,US,62
user_01627,control,0,84.44,201.8,desktop,India,38
user_02426,treatment,1,249.56,302.2,mobile,US,61
user_03054,treatment,0,59.07,277.1,desktop,UK,23
user_03008,treatment,0,49.85,246.8,desktop,US,63
user_00600,control,0,75.53,342.7,mobile,US,29
user_01748,control,0,61.6,219.4,mobile,India,20
user_02352,treatment,1,222.91,252.5,mobile,US,64
user_01430,control,0,61.49,164.3,mobile,US,20
user_01115,control,0,33.02,228.7,tablet,US,56
user_00643,control,0,32.64,216.7,mobile,UK,54
user_00403,control,0,52.91,188.7,mobile,US,57
user_00491,control,0,59.79,210.1,mobile,US,46
user_02500,treatment,0,56.95,287.5,desktop,UK,59
user_01004,control,0,56.0,285.1,desktop,US,18
user_02115,treatment,0,42.5,252.0,mobile,US,18
user_03485,treatment,0,46.83,283.3,mobile,UK,64
user_01879,control,0,77.31,251.3,mobile,US,40
user_02474,treatment,0,68.31,235.6,mobile,UK,43
user_00271,control,0,55.55,258.1,desktop,US,53
user_02342,treatment,0,77.49,260.9,desktop,India,60
user_03059,treatment,0,57.65,278.5,mobile,US,43
user_03199,treatment,0,84.32,269.9,tablet,UK,24
user_01045,control,0,37.68,228.4,desktop,UK,39
user_03498,treatment,1,320.84,272.4,mobile,US,57
user_02794,treatment,0,57.82,288.4,mobile,US,48
user_02393,treatment,0,45.34,264.4,mobile,India,49
user_03471,treatment,0,50.11,263.9,mobile,US,32
user_03838,treatment,0,53.78,188.4,desktop,US,58
user_02359,treatment,0,63.81,330.3,desktop,UK,54
user_02335,treatment,0,52.77,298.0,desktop,US,48
user_00018,control,0,40.59,264.4,desktop,US,36
user_03655,treatment,0,47.03,208.7,desktop,US,35
user_01211,control,0,41.59,315.1,mobile,US,23
user_02118,treatment,0,67.29,279.0,tablet,US,22
user_00230,control,0,50.98,262.6,mobile,US,20
user_01118,control,0,48.73,265.1,mobile,US,47
user_01293,control,0,43.81,179.8,desktop,US,58
user_00496,control,0,39.68,269.3,desktop,UK,46
user_03545,treatment,1,119.01,275.8,mobile,US,41
user_00462,control,0,61.18,265.8,mobile,US,49
user_02904,treatment,0,66.53,254.3,mobile,India,57
user_01564,control,0,56.47,257.7,desktop,UK,37
user_02554,treatment,1,178.19,295.2,desktop,India,44
user_00319,control,0,62.22,160.2,desktop,UK,51
user_02454,treatment,0,79.58,266.7,desktop,UK,21
user_03266,treatment,0,59.22,271.4,mobile,US,65
user_02453,treatment,0,65.74,247.8,mobile,US,20
user_01492,control,0,47.13,205.0,desktop,UK,31
user_03573,treatment,0,78.52,283.7,mobile,India,31
user_01290,control,0,51.25,338.4,mobile,UK,48
user_03323,treatment,0,66.17,277.3,mobile,UK,69
user_03519,treatment,0,57.88,262.5,tablet,US,60
user_03394,treatment,0,71.96,270.7,mobile,India,56
user_02234,treatment,0,59.52,251.5,desktop,India,29
user_00658,control,0,27.59,256.1,mobile,India,24
user_01057,control,0,50.57,229.7,mobile,UK,39
user_02120,treatment,1,166.86,367.0,desktop,India,43
user_03195,treatment,0,40.58,305.7,desktop,US,42
user_03895,treatment,0,70.63,314.2,tablet,UK,29
user_01663,control,1,192.08,265.2,mobile,India,56
user_01331,control,0,61.01,272.8,desktop,US,69
user_01179,control,0,29.24,211.2,mobile,US,58
user_03721,treatment,0,53.74,243.5,mobile,US,24
user_02158,treatment,0,54.25,315.9,desktop,India,27
user_00299,control,0,63.61,213.6,mobile,UK,22
user_00094,control,0,53.73,220.5,desktop,India,66
user_02405,treatment,0,49.69,340.6,mobile,US,18
user_03549,treatment,0,52.33,285.1,mobile,UK,49
user_01576,control,0,55.92,174.8,mobile,US,59
user_03746,treatment,0,51.67,282.2,desktop,US,40
user_02887,treatment,0,58.87,296.6,desktop,UK,53
user_01794,control,0,65.66,201.6,tablet,UK,51
user_00024,control,0,56.53,235.6,mobile,UK,19
user_03351,treatment,0,42.21,277.8,desktop,US,67
user_03624,treatment,1,230.44,281.7,mobile,India,43
user_01732,control,0,57.95,239.5,mobile,India,32
user_01085,control,1,170.51,243.0,mobile,UK,32
user_03992,treatment,0,48.28,333.0,desktop,UK,24
user_02666,treatment,0,72.46,275.9,mobile,UK,21
user_02379,treatment,0,44.3,276.2,mobile,US,40
user_01273,control,0,27.74,219.3,desktop,UK,19
user_00306,control,1,251.18,203.9,mobile,UK,40
user_02903,treatment,0,58.12,292.6,desktop,US,67
user_02762,treatment,0,43.76,292.6,mobile,US,48
user_00599,control,0,51.29,211.8,mobile,India,64
user_03880,treatment,0,45.85,263.6,mobile,US,49
user_00872,control,0,60.03,253.3,mobile,US,42
user_02546,treatment,0,49.95,271.8,desktop,US,65
user_02122,treatment,0,58.49,238.4,mobile,India,51
user_01361,control,1,217.42,224.6,mobile,US,32
user_01937,control,0,48.56,298.7,mobile,US,51
user_02759,treatment,0,67.47,311.4,tablet,US,22
user_03645,treatment,0,28.12,306.3,desktop,India,69
user_01540,control,0,65.91,194.0,desktop,UK,31
user_02211,treatment,0,51.39,300.4,desktop,UK,36
user_01053,control,1,187.18,274.9,desktop,US,20
user_01567,control,0,48.99,244.5,mobile,UK,42
user_03247,treatment,0,64.02,305.2,desktop,UK,20
user_01927,control,0,61.95,305.0,mobile,US,18
user_02024,treatment,0,51.92,295.9,mobile,US,62
user_00409,control,1,211.45,235.7,tablet,US,44
user_00100,control,0,41.1,276.0,mobile,UK,23
user_01212,control,0,52.79,259.4,tablet,India,60
user_01433,control,0,42.33,308.2,desktop,UK,45
user_00316,control,0,36.74,301.0,mobile,US,67
user_01174,control,0,35.58,295.7,desktop,UK,47
user_01236,control,0,43.34,236.2,mobile,UK,21
user_03160,treatment,0,50.89,265.5,mobile,UK,43
user_02733,treatment,0,54.65,236.9,desktop,US,22
user_03973,treatment,0,56.57,204.9,mobile,UK,56
user_03641,treatment,0,53.97,298.7,tablet,US,25
user_00752,control,1,163.16,281.3,mobile,India,31
user_03116,treatment,1,175.9,337.0,desktop,US,49
user_00157,control,0,45.48,205.3,mobile,US,36
user_02562,treatment,0,33.69,310.1,mobile,US,50
user_00121,control,0,50.99,246.7,mobile,US,62
user_01455,control,0,68.02,258.7,desktop,India,21
user_00512,control,0,54.23,248.3,mobile,UK,44
user_01518,control,0,37.97,286.1,mobile,US,52
user_03505,treatment,1,273.21,296.9,mobile,UK,59
user_02017,treatment,0,64.37,246.9,desktop,US,49
user_03441,treatment,0,35.43,282.5,mobile,UK,45
user_02847,treatment,0,54.82,287.5,desktop,UK,32
user_01603,control,0,34.13,288.9,mobile,US,31
user_03779,treatment,0,75.58,247.2,desktop,India,34
user_03804,treatment,1,241.6,290.6,mobile,US,53
user_00677,control,0,37.87,258.7,tablet,US,20
user_00241,control,1,313.57,265.3,desktop,UK,27
user_01024,control,1,174.54,261.9,desktop,UK,25
user_02217,treatment,0,62.9,251.4,mobile,UK,47
user_01512,control,0,50.44,281.9,tablet,US,61
user_02814,treatment,0,57.51,253.7,tablet,US,49
user_03226,treatment,1,223.67,279.6,desktop,US,57
user_03800,treatment,0,80.08,289.8,mobile,US,49
user_03764,treatment,0,49.61,284.7,mobile,UK,20
user_02883,treatment,0,69.43,253.2,desktop,US,61
user_00487,control,0,39.86,287.8,mobile,UK,46
user_03362,treatment,0,61.74,295.7,desktop,US,30
user_01874,control,0,65.68,240.4,mobile,US,32
user_02462,treatment,1,222.3,256.4,mobile,US,40
user_02438,treatment,0,35.72,299.5,mobile,India,55
user_00355,control,0,71.4,258.7,mobile,US,51
user_01018,control,0,56.14,294.8,mobile,US,69
user_03664,treatment,0,80.42,340.5,desktop,US,63
user_01742,control,0,57.55,274.9,mobile,UK,21
user_02331,treatment,0,48.61,313.2,desktop,US,37
user_02404,treatment,0,57.17,300.4,mobile,UK,57
user_01221,control,1,214.76,282.4,desktop,US,53
user_00052,control,0,55.64,296.2,mobile,India,52
user_02723,treatment,0,27.45,319.5,mobile,India,57
user_01721,control,0,41.48,272.7,desktop,UK,59
user_00074,control,0,24.68,317.5,tablet,US,62
user_01689,control,0,22.77,236.2,mobile,US,62
user_02586,treatment,0,39.18,222.3,mobile,UK,54
user_00439,control,0,37.83,187.1,desktop,US,26
user_01475,control,0,54.83,310.6,desktop,US,53
user_02761,treatment,0,65.57,293.0,mobile,US,27
user_00803,control,0,40.85,224.8,desktop,India,19
user_00466,control,0,50.59,220.7,mobile,US,31
user_03085,treatment,0,74.16,208.5,mobile,UK,36
user_01065,control,0,49.93,271.8,desktop,India,26
user_03911,treatment,0,77.57,260.9,desktop,US,56
user_00158,control,0,55.21,311.6,mobile,US,48
user_02004,treatment,0,31.57,282.6,desktop,US,55
user_01654,control,0,26.07,263.2,desktop,UK,23
user_00053,control,1,259.17,344.7,desktop,UK,44
user_01345,control,0,30.21,325.8,desktop,US,32
user_00221,control,0,56.32,272.9,tablet,UK,68
user_00565,control,0,29.52,256.6,mobile,US,29
user_00027,control,0,40.25,251.7,tablet,UK,19
user_01584,control,0,56.2,310.8,mobile,US,26
user_02015,treatment,0,52.32,267.6,mobile,US,51
user_00215,control,0,68.14,234.3,mobile,India,27
user_02058,treatment,0,63.8,228.2,desktop,US,60
user_00938,control,1,148.4,355.5,desktop,India,40
user_00552,control,0,50.49,214.9,mobile,US,55
user_03027,treatment,1,226.95,282.7,tablet,India,62
user_02587,treatment,0,35.39,289.2,mobile,India,49
user_00326,control,0,49.2,237.5,mobile,US,45
user_03271,treatment,0,74.41,260.8,desktop,US,43
user_03976,treatment,1,234.97,266.6,mobile,US,20
user_01671,control,0,61.54,270.7,mobile,UK,41
user_00830,control,0,43.15,235.9,tablet,US,64
user_03117,treatment,0,52.46,263.9,mobile,UK,20
user_00753,control,0,32.31,263.4,mobile,UK,22
user_03703,treatment,0,47.18,293.9,mobile,US,18
user_03238,treatment,1,270.46,269.6,mobile,India,50
user_02477,treatment,0,47.72,293.2,mobile,US,63
user_00045,control,0,52.78,282.5,mobile,India,55
user_03988,treatment,0,63.45,344.8,desktop,US,60
user_01554,control,0,57.41,231.9,mobile,US,24
user_00502,control,0,77.66,216.4,mobile,US,31
user_02399,treatment,0,58.44,311.9,mobile,US,51
user_00977,control,0,48.61,188.8,desktop,UK,23
user_02528,treatment,1,155.3,275.6,desktop,US,20
user_01193,control,0,24.55,189.7,mobile,US,47
user_00811,control,1,300.76,233.8,desktop,UK,59
user_01000,control,0,44.03,208.6,desktop,US,38
user_00569,control,1,224.84,198.6,mobile,US,20
user_02793,treatment,0,59.21,228.8,mobile,India,37
user_03809,treatment,0,50.27,235.8,mobile,UK,18
user_02032,treatment,0,79.14,328.1,mobile,UK,45
user_00367,control,1,170.91,247.1,tablet,India,64
user_00458,control,0,59.18,206.8,mobile,US,67
user_00257,control,1,172.49,341.6,mobile,US,57
user_02187,treatment,1,213.53,302.8,mobile,UK,66
user_02271,treatment,0,47.86,267.5,mobile,UK,49
user_01477,control,0,41.51,205.5,desktop,US,69
user_00577,control,0,59.91,254.7,mobile,US,58
user_02340,treatment,0,49.35,287.0,desktop,UK,55
user_02141,treatment,0,66.2,240.6,mobile,India,59
user_02283,treatment,0,49.98,191.0,desktop,India,54
user_03737,treatment,0,48.66,303.7,mobile,UK,55
user_01765,control,0,57.34,206.5,mobile,US,31
user_02305,treatment,1,284.51,253.3,tablet,US,18
user_02894,treatment,0,70.25,251.1,mobile,US,50
user_00292,control,0,44.83,239.8,tablet,US,23
user_00730,control,0,47.97,183.8,mobile,US,65
user_01614,control,0,37.81,312.7,mobile,India,42
user_00135,control,1,263.85,225.0,mobile,US,34
user_01511,control,0,39.3,265.4,tablet,UK,56
user_03222,treatment,0,58.4,251.7,desktop,India,59
user_00681,control,0,37.9,239.0,desktop,UK,53
user_03474,treatment,0,63.22,316.8,mobile,UK,26
user_00264,control,0,49.03,249.6,desktop,US,26
user_02429,treatment,0,49.45,239.8,mobile,UK,37
user_03350,treatment,0,63.64,215.8,mobile,US,44
user_02242,treatment,0,61.39,297.3,mobile,US,22
user_00765,control,0,45.67,199.7,mobile,US,42
user_00057,control,0,59.2,250.6,tablet,UK,27
user_02785,treatment,0,57.51,327.3,desktop,UK,29
user_00683,control,0,42.32,247.5,mobile,India,20
user_01294,control,0,43.78,268.2,desktop,India,22
user_02186,treatment,1,201.93,340.8,mobile,US,63
user_01310,control,0,55.22,306.1,tablet,UK,60
user_03401,treatment,0,66.07,336.6,mobile,US,54
user_00545,control,0,38.55,223.7,desktop,UK,23
user_01861,control,0,51.94,242.2,mobile,US,26
user_02709,treatment,0,49.29,282.2,mobile,India,55
user_03932,treatment,0,68.32,318.3,mobile,US,29
user_01729,control,0,40.35,263.6,mobile,US,33
user_02346,treatment,0,40.22,237.8,mobile,India,61
user_00839,control,0,24.03,263.1,mobile,UK,37
user_00171,control,0,36.35,195.0,mobile,US,20
user_02025,treatment,0,54.99,283.2,mobile,US,43
user_03847,treatment,1,265.37,250.9,desktop,US,64
user_03585,treatment,0,37.9,230.4,mobile,US,40
user_01551,control,1,247.76,306.6,desktop,UK,59
user_01589,control,0,51.73,246.0,mobile,UK,30
user_02764,treatment,0,59.52,293.7,mobile,India,34
user_00189,control,0,46.45,217.1,mobile,UK,65
user_00013,control,0,38.18,230.7,mobile,UK,31
user_03839,treatment,1,268.45,322.1,mobile,UK,68
user_00323,control,0,46.22,241.0,desktop,India,44
user_00986,control,0,53.9,231.4,mobile,US,64
user_03630,treatment,0,43.35,337.1,mobile,US,43
user_00433,control,0,63.35,216.1,mobile,India,58
user_01092,control,0,49.28,277.1,desktop,US,59
user_02895,treatment,0,52.96,288.8,desktop,US,30
user_02837,treatment,1,273.18,277.3,tablet,India,68
user_02892,treatment,0,46.74,226.0,desktop,US,40
user_02239,treatment,0,60.5,189.7,desktop,India,63
user_03124,treatment,0,59.82,313.6,mobile,US,20
user_03685,treatment,0,80.89,290.4,mobile,US,61
user_01806,control,0,53.86,240.9,mobile,India,19
user_01316,control,0,56.8,226.2,mobile,US,59
user_02958,treatment,1,178.45,297.0,mobile,UK,39
user_01097,control,0,52.92,254.6,desktop,UK,21
user_01946,control,0,50.98,305.1,mobile,UK,20
user_01033,control,0,54.95,274.2,mobile,US,69
user_01019,control,1,199.54,314.0,mobile,US,63
user_00239,control,0,56.32,305.5,mobile,India,25
user_00175,control,0,69.87,344.8,tablet,US,23
user_02241,treatment,0,33.84,348.8,mobile,UK,40
user_02568,treatment,0,42.31,246.5,desktop,US,61
user_00819,control,0,56.33,210.5,mobile,US,22
user_00991,control,0,43.57,260.6,desktop,US,31
user_01917,control,0,52.51,332.2,mobile,India,34
user_01114,control,0,43.45,292.3,desktop,US,65
user_01379,control,0,52.71,275.5,desktop,India,26
user_01427,control,0,47.65,239.4,desktop,US,20
user_00411,control,0,52.8,297.1,tablet,India,40
user_01139,control,0,36.81,329.0,tablet,US,57
user_00818,control,0,52.39,262.8,mobile,US,50
user_02963,treatment,0,56.07,246.7,desktop,India,62
user_01733,control,0,39.72,237.9,mobile,US,30
user_02349,treatment,0,44.36,268.7,desktop,US,42
user_01451,control,0,58.58,149.6,mobile,UK,35
user_00228,control,0,42.95,262.6,tablet,US,37
user_02701,treatment,0,53.74,284.1,mobile,UK,41
user_01581,control,0,32.94,309.1,mobile,US,68
user_01162,control,0,45.79,230.3,mobile,US,49
user_00352,control,0,43.33,230.0,mobile,US,39
user_01394,control,0,60.49,220.3,mobile,US,54
user_01264,control,0,36.42,287.7,desktop,India,24
user_01238,control,0,33.03,285.8,desktop,US,34
user_01201,control,0,57.39,227.4,mobile,US,53
user_02179,treatment,0,51.09,314.9,mobile,India,59
user_02467,treatment,0,78.95,315.4,desktop,India,36
user_02011,treatment,0,47.92,269.5,mobile,India,26
user_01378,control,0,42.03,278.4,mobile,UK,61
user_00070,control,1,262.48,248.0,mobile,UK,62
user_03598,treatment,0,27.69,293.6,mobile,US,35
user_00046,control,0,65.99,216.2,mobile,India,58
user_01069,control,0,73.36,232.7,mobile,US,53
user_03494,treatment,1,212.78,248.4,mobile,UK,39
user_00184,control,0,46.97,266.5,mobile,UK,58
user_02251,treatment,0,54.93,308.4,desktop,India,29
user_01414,control,0,46.26,266.5,desktop,US,32
user_01587,control,0,70.05,332.0,mobile,US,51
user_01271,control,0,51.28,178.8,mobile,US,63
user_01415,control,0,60.11,266.4,mobile,UK,53
user_00140,control,1,152.72,207.6,desktop,US,69
user_03354,treatment,0,68.53,333.0,mobile,US,53
user_03212,treatment,0,52.16,322.3,mobile,UK,59
user_00310,control,0,51.65,235.3,mobile,India,65
user_00267,control,0,27.8,178.2,mobile,US,32
user_03151,treatment,0,56.64,342.1,desktop,India,57
user_02169,treatment,0,51.03,251.4,desktop,UK,52
user_03208,treatment,0,79.84,321.3,mobile,India,34
user_00064,control,0,59.47,159.0,mobile,UK,52
user_02572,treatment,1,227.37,306.4,desktop,UK,25
user_01992,control,0,54.07,266.7,desktop,UK,23
user_01579,control,0,40.11,258.3,mobile,US,22
user_02683,treatment,0,61.98,321.7,desktop,US,39
user_00145,control,0,52.71,231.7,mobile,US,54
user_03457,treatment,0,67.09,313.8,mobile,US,65
user_03402,treatment,0,75.03,314.2,desktop,US,25
user_03993,treatment,0,66.08,278.5,desktop,US,42
user_01406,control,0,52.74,258.3,mobile,India,69
user_03667,treatment,0,66.87,355.9,desktop,US,21
user_02580,treatment,0,75.15,349.5,desktop,US,61
user_00777,control,0,50.75,242.4,desktop,India,67
user_02172,treatment,0,35.66,267.4,mobile,US,30
user_03025,treatment,0,35.89,292.5,mobile,US,59
user_01965,control,0,46.78,277.3,desktop,US,41
user_00970,control,0,72.48,212.1,desktop,India,34
user_02282,treatment,0,56.75,254.3,mobile,UK,59
user_00252,control,0,75.59,297.2,mobile,UK,31
user_03615,treatment,0,29.78,294.1,mobile,US,61
user_00865,control,0,26.85,177.5,desktop,UK,53
user_00810,control,0,26.38,234.8,desktop,UK,38
user_01599,control,0,31.28,230.1,mobile,UK,60
user_02593,treatment,0,56.93,255.3,mobile,UK,37
user_03493,treatment,1,242.86,317.5,desktop,US,49
user_01299,control,0,35.54,290.3,desktop,UK,42
user_03871,treatment,0,43.04,308.4,desktop,US,68
user_00280,control,0,34.05,247.7,tablet,India,42
user_01462,control,0,48.68,313.4,desktop,UK,61
user_01423,control,0,52.62,257.0,tablet,US,41
user_03284,treatment,1,223.59,255.7,mobile,US,68
user_01573,control,0,35.14,232.0,mobile,US,65
user_00359,control,1,160.22,321.3,mobile,US,33
user_03928,treatment,0,31.19,301.2,mobile,US,59
user_00300,control,0,45.3,280.4,mobile,US,37
user_01076,control,0,56.31,226.8,desktop,India,32
user_01030,control,0,41.05,275.3,mobile,UK,40
user_00535,control,0,65.23,309.7,desktop,India,48
user_03318,treatment,0,65.2,263.3,mobile,UK,29
user_03253,treatment,0,62.99,355.4,mobile,India,44
user_01771,control,0,33.87,209.8,mobile,US,40
user_02919,treatment,0,41.52,152.0,mobile,UK,26
user_00416,control,0,52.43,309.3,mobile,UK,37
user_00840,control,0,46.0,216.6,mobile,US,20
user_02628,treatment,0,64.89,269.1,mobile,US,28
user_03805,treatment,0,63.74,262.0,mobile,India,66
user_01043,control,0,53.05,96.5,mobile,US,42
user_01498,control,0,76.94,203.0,mobile,US,55
user_01399,control,0,37.43,235.9,mobile,India,27
user_00309,control,0,44.85,237.1,mobile,US,53
user_01533,control,0,48.97,270.4,mobile,UK,21
user_02488,treatment,1,142.85,218.2,mobile,UK,54
user_03285,treatment,0,40.21,285.8,mobile,US,39
user_02619,treatment,0,63.15,277.2,tablet,US,48
user_01074,control,0,66.94,176.1,mobile,UK,27
user_03300,treatment,0,69.95,317.7,mobile,US,22
user_03053,treatment,0,69.8,375.2,desktop,UK,25
user_03518,treatment,0,67.21,259.2,mobile,US,51
user_00762,control,0,49.26,268.7,desktop,US,35
user_02772,treatment,0,62.54,219.4,mobile,US,58
user_01111,control,0,35.98,220.0,desktop,US,69
user_01877,control,0,58.95,248.8,tablet,US,67
user_02054,treatment,1,176.07,339.9,mobile,UK,23
user_00059,control,0,29.29,226.3,mobile,UK,45
user_00077,control,0,33.99,224.9,desktop,UK,36
user_00369,control,0,47.53,290.6,mobile,India,21
user_02430,treatment,1,93.04,307.4,mobile,US,31
user_03201,treatment,0,32.73,231.7,desktop,US,56
user_00734,control,0,57.28,292.4,mobile,US,53
user_03830,treatment,0,83.64,314.2,mobile,UK,58
user_02320,treatment,0,57.25,243.5,desktop,US,68
user_02385,treatment,0,72.8,314.8,desktop,US,60
user_02731,treatment,0,29.17,327.3,desktop,US,60
user_01840,control,0,88.91,313.5,desktop,UK,56
user_02665,treatment,0,43.56,245.0,mobile,US,26
user_00125,control,0,23.1,328.7,mobile,India,25
user_03473,treatment,0,37.9,320.5,mobile,UK,35
user_03732,treatment,1,225.16,220.7,desktop,US,56
user_02257,treatment,0,48.63,269.9,desktop,India,65
user_02314,treatment,0,62.27,284.9,mobile,US,35
user_00430,control,0,38.52,282.7,desktop,UK,19
user_01974,control,0,60.55,330.5,desktop,India,58
user_03954,treatment,0,59.54,359.1,tablet,US,42
user_00817,control,0,54.45,253.2,desktop,US,22
user_02717,treatment,0,73.39,229.8,mobile,US,55
user_03056,treatment,1,164.77,293.7,mobile,US,67
user_01692,control,0,55.99,276.8,mobile,US,29
user_00388,control,0,53.91,268.8,mobile,UK,61
user_00031,control,0,61.16,238.7,mobile,US,36
user_01176,control,0,52.49,278.5,mobile,US,37
user_00204,control,0,28.91,276.5,desktop,US,38
user_01026,control,0,42.69,255.6,desktop,UK,49
user_03858,treatment,0,62.56,326.9,desktop,US,32
user_03758,treatment,0,41.43,274.7,desktop,US,58
user_00894,control,0,52.27,202.9,mobile,India,63
user_02679,treatment,0,33.69,259.8,desktop,US,45
user_02667,treatment,0,50.04,293.9,desktop,India,66
user_00479,control,1,183.04,206.1,desktop,UK,46
user_01685,control,0,58.57,247.2,tablet,US,69
user_01351,control,0,58.22,226.0,desktop,US,50
user_00444,control,0,41.01,229.6,desktop,US,36
user_02771,treatment,0,72.26,292.6,desktop,US,33
user_01339,control,0,39.94,271.4,mobile,India,35
user_00193,control,1,174.03,213.4,mobile,US,18
user_02970,treatment,0,76.23,218.4,mobile,India,48
user_01129,control,0,44.28,256.1,desktop,UK,55
user_00007,control,0,35.57,220.3,mobile,US,34
user_00440,control,0,62.59,207.9,tablet,US,41
user_00290,control,0,39.94,230.6,desktop,India,37
user_01107,control,0,49.25,161.4,desktop,India,26
user_03694,treatment,0,48.06,294.1,mobile,US,23
user_03417,treatment,0,59.48,202.3,mobile,India,19
user_03941,treatment,0,46.53,243.4,desktop,US,40
user_01922,control,0,68.48,182.7,tablet,India,35
user_02478,treatment,0,66.34,282.6,mobile,US,40
user_02368,treatment,0,49.85,227.8,tablet,India,29
user_01736,control,0,48.45,207.0,desktop,UK,38
user_02685,treatment,0,38.83,297.8,desktop,India,27
user_03883,treatment,1,268.32,318.4,mobile,US,19
user_00195,control,0,55.35,229.9,desktop,UK,36
user_00451,control,0,33.13,235.0,desktop,UK,57
user_01594,control,0,46.8,271.6,mobile,US,55
user_01106,control,0,46.35,246.5,mobile,US,68
user_00030,control,0,61.17,334.9,tablet,US,27
user_00786,control,1,80.48,267.8,desktop,UK,59
user_03998,treatment,0,31.61,325.7,mobile,US,52
user_02623,treatment,0,42.09,279.7,mobile,US,34
user_02908,treatment,0,54.09,304.9,mobile,UK,20
user_03388,treatment,0,52.88,311.1,desktop,UK,65
user_03787,treatment,0,35.07,336.3,desktop,UK,66
user_00882,control,0,41.39,340.2,mobile,US,58
user_03700,treatment,0,53.84,297.2,mobile,US,21
user_02370,treatment,0,57.66,325.6,tablet,US,58
user_02737,treatment,1,252.55,283.8,mobile,India,27
user_03595,treatment,0,54.19,289.9,mobile,US,66
user_00223,control,0,77.06,287.3,desktop,US,63
user_01996,control,0,43.38,273.0,desktop,UK,54
user_01718,control,0,37.32,236.7,mobile,US,42
user_00574,control,0,39.65,259.7,mobile,UK,35
user_03329,treatment,0,54.65,256.1,desktop,India,63
user_03378,treatment,0,67.75,251.0,mobile,US,60
user_01538,control,0,47.52,286.2,mobile,US,33
user_01259,control,0,53.28,247.4,mobile,US,59
user_02755,treatment,1,292.88,273.7,mobile,India,67
user_01346,control,0,55.16,239.5,desktop,US,30
user_00081,control,0,52.31,212.7,desktop,US,45
user_00258,control,0,48.16,179.5,desktop,UK,32
user_00296,control,0,42.99,290.9,desktop,India,29
user_02093,treatment,0,45.43,187.8,desktop,US,37
user_01035,control,0,66.05,247.2,mobile,UK,47
user_01546,control,0,57.22,275.5,mobile,US,58
user_01841,control,0,60.1,222.6,desktop,India,21
user_01741,control,0,58.39,207.7,desktop,US,27
user_02376,treatment,0,60.13,343.1,mobile,US,50
user_00655,control,0,39.29,256.2,mobile,UK,30
user_02777,treatment,0,78.42,361.9,mobile,US,31
user_02856,treatment,0,71.18,225.3,tablet,US,32
user_02326,treatment,1,231.84,248.0,mobile,UK,53
user_03183,treatment,0,45.93,251.3,mobile,India,52
user_03568,treatment,0,72.46,305.4,mobile,UK,48
user_03571,treatment,0,44.44,316.5,mobile,UK,31
user_02813,treatment,0,69.7,314.5,mobile,India,29
user_02531,treatment,0,41.65,308.2,mobile,India,49
user_00656,control,0,51.22,234.1,tablet,US,49
user_01910,control,0,70.09,272.9,mobile,US,58
user_01746,control,0,45.33,256.4,tablet,US,52
user_02416,treatment,1,211.27,297.3,mobile,UK,63
user_02214,treatment,1,173.72,260.4,mobile,UK,58
user_00412,control,1,245.2,226.7,mobile,US,30
user_00979,control,0,49.3,213.7,desktop,US,26
user_01172,control,1,179.91,245.0,desktop,UK,56
user_01432,control,0,36.5,241.6,desktop,India,22
user_01075,control,1,169.46,168.2,mobile,US,35
user_01023,control,1,213.92,120.3,desktop,UK,55
user_03227,treatment,0,62.99,261.7,desktop,US,29
user_00721,control,1,123.36,226.7,tablet,US,67
user_00153,control,0,35.23,232.0,desktop,India,27
user_00949,control,0,46.32,248.5,mobile,US,28
user_02358,treatment,0,38.51,340.9,mobile,US,52
user_01831,control,1,209.63,311.0,tablet,UK,28
user_00103,control,0,47.02,329.3,mobile,UK,42
user_03456,treatment,0,84.96,235.9,desktop,US,22
user_00732,control,0,60.62,239.3,mobile,UK,65
user_00240,control,0,68.61,255.7,desktop,US,44
user_03352,treatment,0,75.31,337.0,desktop,UK,67
user_02974,treatment,0,50.66,277.8,mobile,UK,50
user_01728,control,1,176.29,267.2,mobile,UK,54
user_02094,treatment,0,50.77,263.4,tablet,US,23
user_02841,treatment,0,63.35,244.3,mobile,US,61
user_00858,control,0,42.76,303.8,desktop,US,25
user_01158,control,0,62.57,280.8,desktop,UK,54
user_00863,control,0,77.12,154.6,mobile,India,53
user_02520,treatment,0,74.31,336.8,desktop,UK,40
user_02848,treatment,0,67.96,318.2,desktop,India,64
user_02726,treatment,0,38.74,302.1,mobile,US,62
user_03793,treatment,0,40.84,300.1,mobile,US,47
user_00756,control,0,39.44,271.7,mobile,US,25
user_00333,control,0,45.91,239.4,desktop,India,40
user_00745,control,0,70.86,265.6,tablet,US,45
user_03289,treatment,1,191.7,252.2,tablet,UK,25
user_02644,treatment,0,54.52,349.6,mobile,UK,68
user_02275,treatment,1,235.35,275.1,mobile,UK,21
user_03632,treatment,0,66.09,326.2,mobile,India,61
user_03803,treatment,0,71.46,354.3,mobile,UK,61
user_03780,treatment,1,207.01,250.6,mobile,UK,66
user_03129,treatment,1,177.99,247.6,mobile,India,47
user_02084,treatment,1,187.88,319.6,desktop,India,44
user_02703,treatment,0,73.04,226.1,mobile,US,19
user_03963,treatment,0,52.05,268.5,desktop,UK,40
user_00908,control,0,42.09,253.6,mobile,UK,34
user_02284,treatment,0,49.58,341.1,tablet,UK,29
user_01164,control,0,48.66,197.0,desktop,UK,21
user_02184,treatment,0,62.85,294.4,mobile,US,57
user_03723,treatment,1,239.35,293.2,mobile,India,47
user_02212,treatment,0,77.36,310.3,desktop,UK,52
user_02068,treatment,0,44.08,294.5,tablet,US,36
user_00555,control,0,53.51,240.1,mobile,UK,54
user_03026,treatment,0,81.91,352.6,mobile,US,40
user_03610,treatment,1,244.1,231.5,mobile,US,27
user_00832,control,0,40.32,273.2,mobile,UK,28
user_03432,treatment,1,243.46,210.0,mobile,UK,59
user_03202,treatment,0,38.76,338.0,mobile,US,60
user_02091,treatment,0,67.74,319.3,mobile,UK,38
user_01755,control,1,241.36,241.1,mobile,US,51
user_00812,control,0,66.13,295.3,mobile,UK,53
user_00889,control,0,58.76,224.8,mobile,US,68
user_02464,treatment,0,35.26,255.5,desktop,UK,63
user_02989,treatment,0,58.3,354.5,mobile,US,31
user_01660,control,0,39.07,253.3,desktop,India,59
user_02510,treatment,1,265.83,332.5,desktop,US,30
user_01234,control,0,60.25,245.3,tablet,US,32
user_03874,treatment,0,50.85,285.8,mobile,UK,41
user_01449,control,1,182.74,193.1,mobile,US,24
user_02874,treatment,0,52.19,334.2,desktop,US,29
user_01966,control,0,49.13,250.6,mobile,India,27
user_00694,control,0,56.17,237.7,desktop,US,39
user_01058,control,0,56.98,259.6,desktop,UK,24
user_01799,control,0,47.55,203.5,desktop,US,45
user_01028,control,0,54.49,196.9,mobile,India,61
user_01537,control,0,47.61,248.6,desktop,UK,61
user_03433,treatment,0,54.8,342.4,mobile,UK,33
user_01703,control,0,44.05,261.8,desktop,UK,61
user_02336,treatment,0,83.53,311.3,mobile,UK,67
user_00347,control,0,43.73,223.3,desktop,US,37
user_00924,control,0,41.27,295.5,tablet,US,35
user_03260,treatment,1,303.79,231.5,mobile,US,26
user_01188,control,0,50.34,263.3,desktop,India,56
user_00843,control,0,39.21,248.7,mobile,UK,61
user_03279,treatment,0,40.68,274.5,desktop,US,27
user_03777,treatment,0,68.49,345.1,mobile,US,28
user_02728,treatment,0,78.4,335.9,desktop,UK,39
user_02828,treatment,0,50.39,317.2,mobile,UK,58
user_01421,control,0,42.92,159.8,mobile,US,51
user_01925,control,0,51.06,244.3,mobile,US,67
user_00179,control,1,131.71,248.5,desktop,US,44
user_02277,treatment,0,66.1,238.8,mobile,UK,37
user_03186,treatment,0,55.44,261.6,mobile,UK,51
user_00813,control,0,45.04,313.9,desktop,India,26
user_01878,control,0,79.93,265.8,mobile,India,19
user_01337,control,0,60.71,210.5,desktop,UK,57
user_03159,treatment,0,86.56,328.5,mobile,US,26
user_03108,treatment,0,59.25,260.4,mobile,US,18
user_01558,control,0,49.53,272.7,mobile,India,56
user_02802,treatment,1,332.69,242.5,mobile,UK,52
user_02177,treatment,0,47.85,329.6,tablet,US,56
user_01813,control,0,69.11,234.4,mobile,US,53
user_00174,control,0,30.68,279.0,desktop,India,41
user_02355,treatment,0,65.47,256.1,mobile,US,32
user_03058,treatment,0,36.98,263.6,tablet,India,20
user_00332,control,0,30.03,282.3,tablet,UK,34
user_01362,control,0,38.78,295.2,mobile,India,48
user_00431,control,0,65.49,265.9,mobile,US,19
user_03653,treatment,0,63.02,281.6,mobile,US,25
user_02010,treatment,0,55.62,304.1,desktop,US,61
user_01105,control,1,237.98,242.4,desktop,India,36
user_02563,treatment,0,52.08,310.0,desktop,US,32
user_00480,control,0,54.63,235.5,desktop,US,37
user_01279,control,0,64.67,256.3,mobile,US,69
user_02604,treatment,0,63.96,290.1,desktop,US,59
user_00747,control,0,70.18,294.5,desktop,US,51
user_01770,control,0,52.98,238.0,desktop,India,49
user_03555,treatment,0,75.43,303.4,mobile,US,57
user_02338,treatment,0,41.55,347.9,mobile,UK,69
user_03752,treatment,1,185.47,271.3,desktop,India,64
user_01941,control,0,40.41,254.3,desktop,UK,59
user_01796,control,0,62.12,228.1,desktop,US,65
user_00325,control,1,181.93,227.6,mobile,India,49
user_01269,control,0,54.38,283.2,desktop,UK,48
user_00469,control,0,39.57,294.1,desktop,UK,43
user_00562,control,0,48.67,200.6,desktop,UK,44
user_02631,treatment,0,35.66,269.1,desktop,UK,56
user_02351,treatment,0,54.66,268.8,mobile,India,39
user_02079,treatment,1,160.11,252.1,desktop,US,50
user_03785,treatment,0,73.75,315.1,desktop,US,59
user_02971,treatment,0,47.3,261.6,mobile,UK,43
user_02347,treatment,0,51.45,320.8,mobile,UK,64
user_00062,control,0,59.02,180.4,mobile,UK,67
user_02804,treatment,1,335.26,242.6,mobile,US,55
user_01898,control,0,35.98,222.4,mobile,US,60
user_02877,treatment,0,39.66,269.7,tablet,India,25
user_00255,control,0,74.89,240.9,mobile,US,53
user_03782,treatment,0,41.24,366.1,tablet,US,36
user_01095,control,0,52.62,174.8,desktop,US,35
user_01062,control,1,109.81,196.7,mobile,US,56
user_00916,control,0,48.19,218.2,desktop,US,43
user_01042,control,0,57.14,253.2,mobile,UK,34
user_02567,treatment,0,51.9,342.8,mobile,UK,55
user_00068,control,0,37.65,205.2,desktop,US,30
user_01872,control,0,50.18,222.8,desktop,US,30
user_02789,treatment,1,199.94,292.3,mobile,India,62
user_00222,control,0,40.9,265.9,mobile,US,42
user_01963,control,0,32.74,162.3,desktop,UK,69
user_02409,treatment,1,284.39,298.0,mobile,US,62
user_02878,treatment,0,58.37,254.1,mobile,UK,32
user_03174,treatment,0,40.52,298.4,desktop,UK,53
user_00089,control,0,55.52,245.3,mobile,US,45
user_01808,control,0,47.05,188.2,mobile,India,39
user_01676,control,0,57.75,287.7,mobile,UK,52
user_02829,treatment,0,47.54,285.3,mobile,India,44
user_01489,control,0,32.59,161.9,mobile,UK,20
user_03033,treatment,0,71.04,259.5,desktop,US,54
user_01722,control,0,62.1,224.1,desktop,US,42
user_03807,treatment,0,59.94,276.6,mobile,US,20
user_00437,control,0,65.74,307.9,mobile,India,36
user_03580,treatment,0,61.65,226.8,mobile,US,32
user_03601,treatment,0,83.3,192.7,mobile,US,61
user_03190,treatment,0,73.41,325.1,mobile,US,36
user_03403,treatment,1,214.86,317.9,mobile,UK,59
user_02348,treatment,0,68.02,279.1,mobile,UK,56
user_03442,treatment,0,79.26,305.7,mobile,UK,59
user_03570,treatment,1,218.83,262.3,mobile,India,69
user_01514,control,0,29.61,312.8,mobile,UK,53
user_02649,treatment,0,28.7,300.8,desktop,US,38
user_03275,treatment,0,38.98,315.8,mobile,India,68
user_01737,control,0,36.7,205.1,desktop,UK,19
user_01403,control,0,36.62,234.0,tablet,UK,30
user_00284,control,0,42.32,361.7,mobile,US,33
user_00713,control,0,32.62,311.1,mobile,India,19
user_00275,control,0,56.53,268.5,desktop,UK,36
user_02273,treatment,0,48.92,248.1,desktop,US,60
user_00622,control,0,48.92,212.4,mobile,UK,54
user_01923,control,0,37.58,245.7,desktop,UK,45
user_00866,control,0,59.79,212.0,mobile,India,42
user_03944,treatment,0,55.91,313.0,desktop,UK,45
user_01643,control,0,56.34,217.4,mobile,US,58
user_02484,treatment,0,50.51,318.1,desktop,India,29
user_03995,treatment,0,46.54,295.9,mobile,US,69
user_00424,control,0,66.64,276.7,desktop,UK,27
user_02992,treatment,0,60.72,257.3,mobile,US,61
user_01222,control,0,40.29,259.2,desktop,UK,61
user_00507,control,1,259.64,285.7,mobile,India,51
user_03861,treatment,0,73.63,317.7,mobile,India,19
user_03564,treatment,0,71.08,279.2,mobile,US,62
user_01124,control,0,31.1,305.0,desktop,US,51
user_02513,treatment,0,88.72,307.8,mobile,US,25
user_00501,control,0,52.01,280.4,mobile,US,41
user_01109,control,0,53.64,283.5,mobile,India,48
user_01282,control,0,56.25,270.4,desktop,US,37
user_00550,control,0,66.9,248.1,mobile,US,53
user_00558,control,0,48.02,276.7,tablet,UK,42
user_01602,control,0,59.02,308.5,desktop,UK,20
user_00603,control,0,54.03,302.6,desktop,US,20
user_00443,control,0,39.7,244.8,desktop,UK,47
user_01780,control,0,65.37,339.6,mobile,US,21
user_00219,control,0,46.5,268.6,mobile,India,47
user_02108,treatment,1,189.07,302.4,tablet,UK,27
user_00898,control,0,52.58,268.7,desktop,UK,27
user_00737,control,0,45.09,172.6,mobile,US,66
user_03324,treatment,0,32.15,289.4,mobile,UK,64
user_02481,treatment,0,53.25,274.7,mobile,US,50
user_03817,treatment,0,74.36,310.4,desktop,US,33
user_02060,treatment,0,51.16,256.2,mobile,UK,50
user_01905,control,0,45.81,266.0,mobile,US,54
user_03383,treatment,0,61.0,213.6,mobile,UK,21
user_01667,control,0,49.22,285.3,desktop,US,27
user_03959,treatment,0,79.41,271.3,mobile,India,50
user_02830,treatment,0,58.01,258.4,tablet,US,63
user_03131,treatment,0,75.61,303.2,tablet,US,35
user_03342,treatment,0,53.02,309.9,mobile,India,58
user_02482,treatment,1,241.58,407.4,desktop,UK,44
user_01205,control,0,53.46,197.1,mobile,US,21
user_01160,control,0,64.1,283.6,mobile,US,29
user_02291,treatment,0,61.5,242.6,mobile,US,69
user_01534,control,0,53.04,258.1,mobile,India,24
user_00806,control,0,59.61,279.4,mobile,US,54
user_02707,treatment,0,50.42,260.9,desktop,India,59
user_01875,control,0,59.14,269.6,tablet,UK,32
user_03276,treatment,0,40.76,290.8,mobile,US,55
user_00579,control,0,44.28,358.4,mobile,UK,68
user_02280,treatment,0,72.3,230.5,desktop,US,66
user_03419,treatment,0,49.89,278.1,desktop,UK,55
user_01363,control,0,43.9,240.7,mobile,US,23
user_00001,control,0,66.61,215.8,desktop,US,40
user_03427,treatment,0,77.43,278.4,desktop,India,45
user_03729,treatment,0,39.05,226.5,mobile,US,48
user_03846,treatment,0,54.58,302.1,desktop,UK,33
user_00965,control,0,61.97,266.7,desktop,UK,23
user_03254,treatment,0,56.27,294.1,mobile,India,18
user_01012,control,1,164.4,245.5,mobile,India,64
user_00248,control,1,73.39,316.6,desktop,US,48
user_01426,control,1,239.2,275.2,mobile,US,47
user_02112,treatment,0,66.55,287.5,mobile,India,56
user_03977,treatment,0,52.62,283.4,mobile,US,65
user_03408,treatment,1,265.36,253.9,desktop,UK,25
user_03794,treatment,0,72.14,275.3,mobile,UK,42
user_01510,control,0,70.82,222.5,mobile,US,35
user_03516,treatment,1,236.21,314.9,mobile,US,44
user_00651,control,0,58.19,315.6,mobile,India,54
user_01968,control,0,41.45,252.6,mobile,US,46
user_02047,treatment,0,87.27,308.2,mobile,US,20
user_01559,control,0,79.85,275.8,mobile,UK,61
user_03801,treatment,0,90.84,309.5,mobile,US,18
user_00176,control,0,57.18,305.8,mobile,US,59
user_00279,control,0,57.17,219.1,desktop,US,53
user_01136,control,0,47.39,337.6,mobile,US,31
user_03553,treatment,0,70.91,341.4,desktop,US,42
user_02485,treatment,0,22.09,303.1,mobile,US,26
user_02431,treatment,0,72.33,314.0,desktop,UK,45
user_02530,treatment,1,205.12,275.0,mobile,India,66
user_03520,treatment,0,46.28,265.2,desktop,US,49
user_00692,control,0,32.09,236.9,mobile,US,64
user_03962,treatment,0,66.09,249.5,desktop,US,24
user_00417,control,0,34.12,220.6,desktop,US,63
user_02890,treatment,0,76.66,233.3,mobile,US,25
user_00218,control,0,37.2,328.9,mobile,US,27
user_02489,treatment,0,49.91,235.3,desktop,US,20
user_01972,control,0,51.22,289.8,mobile,India,45
user_03406,treatment,0,75.89,225.0,mobile,US,26
user_03112,treatment,0,63.67,271.0,desktop,UK,47
user_00904,control,0,53.49,256.0,mobile,India,31
user_02926,treatment,1,236.7,195.5,mobile,UK,64
user_00913,control,0,57.15,287.9,desktop,UK,25
user_03470,treatment,0,75.69,257.9,desktop,India,21
user_00728,control,0,56.7,269.0,desktop,US,51
user_03756,treatment,0,72.04,254.5,mobile,US,25
user_03080,treatment,1,232.63,255.0,tablet,India,46
user_02826,treatment,0,62.41,254.9,desktop,US,52
user_02156,treatment,0,59.86,363.3,desktop,UK,34
user_00450,control,0,63.52,224.5,mobile,US,31
user_01396,control,0,37.92,250.3,desktop,UK,56
user_00377,control,0,76.2,228.8,tablet,US,44
user_03143,treatment,0,54.73,230.2,desktop,India,26
user_01753,control,0,43.52,214.8,desktop,US,41
user_03967,treatment,0,74.28,209.6,mobile,UK,59
user_00434,control,0,57.55,274.3,desktop,US,48
user_00953,control,0,64.33,211.5,desktop,UK,62
user_00372,control,0,36.86,168.0,desktop,UK,50
user_03278,treatment,0,53.42,270.8,mobile,US,52
user_02397,treatment,0,56.71,215.6,mobile,US,58
user_01422,control,0,60.4,267.2,desktop,US,69
user_00701,control,0,40.95,136.0,mobile,US,42
user_02868,treatment,0,58.96,306.2,mobile,US,28
user_00645,control,0,34.78,218.2,desktop,US,39
user_01458,control,0,46.13,210.9,desktop,US,68
user_00666,control,0,52.28,261.4,tablet,India,64
user_01504,control,0,46.46,194.0,tablet,US,48
user_01428,control,1,259.66,272.3,desktop,US,68
user_01633,control,0,46.68,165.4,mobile,India,53
user_02421,treatment,0,40.65,332.3,desktop,India,50
user_01481,control,0,24.78,270.4,mobile,US,56
user_01165,control,0,65.25,322.3,mobile,US,59
user_00795,control,0,77.3,239.2,mobile,US,29
user_03592,treatment,0,55.26,319.2,desktop,US,44
user_00247,control,0,55.45,219.1,mobile,US,67
user_03816,treatment,0,72.05,260.7,mobile,India,60
user_00735,control,0,40.0,202.2,mobile,India,45
user_00506,control,0,53.9,276.5,mobile,UK,41
user_02441,treatment,0,58.92,204.9,mobile,UK,53
user_01190,control,0,30.22,262.6,mobile,UK,36
user_03373,treatment,0,64.74,238.8,mobile,UK,61
user_03444,treatment,1,232.92,236.1,desktop,UK,38
user_01615,control,0,58.07,218.5,mobile,US,51
user_00533,control,1,226.67,266.4,mobile,US,69
user_00933,control,1,145.07,208.0,mobile,US,44
user_00109,control,0,39.02,285.0,desktop,UK,56
user_01868,control,0,34.57,277.8,desktop,US,34
user_00950,control,0,66.96,282.8,mobile,US,26
user_02414,treatment,0,50.84,294.6,mobile,UK,67
user_02949,treatment,0,86.72,272.1,desktop,India,61
user_03206,treatment,0,66.04,272.9,mobile,UK,60
user_02224,treatment,0,49.75,284.2,mobile,US,32
user_02975,treatment,0,80.86,398.7,mobile,UK,35
user_03958,treatment,0,52.08,257.7,mobile,UK,45
user_00544,control,0,68.16,205.5,tablet,US,18
user_01766,control,0,67.68,245.0,mobile,UK,34
user_02495,treatment,0,55.86,243.9,mobile,US,52
user_02935,treatment,0,55.47,255.6,mobile,US,32
user_00260,control,0,52.6,213.5,desktop,US,48
user_01515,control,0,56.0,247.3,mobile,UK,35
user_01779,control,0,50.04,210.5,mobile,US,50
user_01863,control,0,49.28,257.5,mobile,US,46
user_01296,control,0,53.71,225.0,mobile,US,30
user_00928,control,0,47.2,259.4,tablet,UK,35
user_00613,control,0,62.52,285.7,desktop,US,43
user_02632,treatment,0,58.68,291.5,desktop,US,20
user_01232,control,0,57.32,199.9,mobile,US,60
user_00220,control,0,37.94,274.4,tablet,US,47
user_03130,treatment,0,66.24,328.1,mobile,India,25
user_00486,control,1,198.25,250.3,mobile,US,69
user_02317,treatment,0,55.38,274.5,mobile,US,52
user_02165,treatment,0,71.05,302.6,mobile,UK,20
user_03522,treatment,0,50.63,231.4,tablet,UK,56
user_02993,treatment,0,81.15,256.8,desktop,US,24
user_00259,control,0,60.51,281.3,desktop,US,31
user_03843,treatment,0,67.31,281.1,mobile,UK,21
user_00387,control,0,67.21,292.3,mobile,US,22
user_00848,control,1,229.63,272.8,mobile,India,66
user_02574,treatment,0,58.04,247.5,mobile,India,63
user_03234,treatment,0,57.45,253.9,desktop,UK,69
user_03613,treatment,0,57.1,311.6,desktop,US,39
user_03102,treatment,0,53.36,233.5,desktop,UK,52
user_02862,treatment,0,69.55,324.0,desktop,India,40
user_01624,control,1,214.58,288.2,desktop,UK,65
user_01002,control,0,51.05,219.5,mobile,US,61
user_00210,control,0,52.22,231.2,mobile,UK,69
user_03621,treatment,0,67.8,332.8,mobile,US,18
user_02092,treatment,1,251.19,245.1,mobile,UK,43
user_01949,control,0,37.13,280.4,mobile,India,24
user_00911,control,0,35.13,251.4,mobile,UK,20
user_01719,control,1,133.0,239.0,mobile,US,45
user_02553,treatment,0,58.59,293.5,mobile,UK,55
user_02985,treatment,0,57.29,241.0,mobile,US,39
user_02164,treatment,0,42.52,336.6,desktop,US,56
user_00597,control,0,41.35,252.2,mobile,US,56
user_01951,control,0,36.58,311.3,mobile,US,60
user_03765,treatment,0,62.9,297.4,tablet,India,33
user_00297,control,0,13.38,207.8,mobile,US,63
user_03717,treatment,0,40.66,272.1,desktop,UK,35
user_00508,control,0,34.28,275.7,mobile,US,67
user_02865,treatment,0,88.65,288.6,mobile,US,18
user_00008,control,0,28.1,245.4,desktop,US,27
user_02253,treatment,0,50.92,266.5,mobile,US,39
user_03055,treatment,0,51.54,352.4,mobile,India,53
user_02030,treatment,0,60.17,262.4,mobile,UK,41
user_02149,treatment,0,55.89,235.3,mobile,India,52
user_02087,treatment,0,69.65,254.6,mobile,US,52
user_03118,treatment,0,58.56,242.1,mobile,UK,45
user_02551,treatment,0,47.83,284.8,mobile,US,46
user_03359,treatment,0,78.65,372.8,mobile,US,22
user_00178,control,0,33.22,262.1,mobile,US,65
user_03854,treatment,1,231.61,279.5,desktop,India,24
user_02779,treatment,0,72.84,330.5,desktop,US,23
user_00791,control,0,46.5,289.0,tablet,India,51
user_01335,control,1,170.53,245.5,mobile,UK,48
user_00679,control,1,261.88,278.1,desktop,US,24
user_03454,treatment,0,69.53,204.9,mobile,UK,67
user_03013,treatment,0,46.45,270.0,mobile,US,32
user_01437,control,0,49.9,246.2,desktop,US,28
user_00097,control,0,54.6,278.8,mobile,India,56
user_00044,control,1,221.27,252.6,mobile,US,67
user_01815,control,0,37.39,223.6,mobile,UK,20
user_01491,control,0,29.79,259.9,tablet,India,25
user_01229,control,1,165.69,315.2,mobile,UK,33
user_00760,control,0,56.85,231.7,desktop,India,37
user_03627,treatment,0,66.06,243.1,desktop,US,40
user_02019,treatment,0,41.23,254.6,mobile,US,53
user_02750,treatment,0,21.26,317.2,mobile,India,53
user_03067,treatment,0,64.01,324.6,desktop,US,63
user_00026,control,0,45.87,212.8,mobile,US,44
user_02303,treatment,0,57.04,276.0,mobile,India,42
user_01611,control,0,62.87,252.1,desktop,US,23
user_00680,control,0,54.75,246.9,mobile,India,20
user_01843,control,0,44.7,280.6,mobile,UK,68
user_02645,treatment,0,52.37,281.9,mobile,UK,38
user_01223,control,0,51.96,254.1,mobile,US,22
user_00782,control,0,40.34,238.6,mobile,US,50
user_03668,treatment,0,50.03,246.1,desktop,India,28
user_03814,treatment,0,56.86,293.0,mobile,UK,53
user_02339,treatment,0,55.89,213.5,mobile,US,58
user_01357,control,1,191.1,232.7,mobile,US,44
user_01616,control,0,50.24,276.3,mobile,UK,28
user_03128,treatment,0,49.8,254.6,desktop,US,66
user_02383,treatment,1,314.46,293.0,mobile,UK,60
user_02148,treatment,0,71.03,284.8,tablet,UK,44
user_00884,control,0,59.57,242.7,mobile,India,62
user_00383,control,0,54.14,274.4,desktop,India,51
user_02836,treatment,1,255.94,274.4,desktop,US,24
user_01338,control,0,70.97,279.7,mobile,India,30
user_02753,treatment,0,63.82,262.5,mobile,US,26
user_00032,control,0,72.87,169.0,desktop,UK,59
user_02182,treatment,0,67.14,216.9,desktop,US,29
user_02035,treatment,0,64.45,270.5,tablet,US,44
user_03608,treatment,0,62.67,318.3,tablet,UK,66
user_00611,control,0,58.31,277.8,mobile,US,45
user_00571,control,0,35.0,264.9,desktop,UK,26
user_00344,control,0,42.16,254.9,mobile,US,68
user_01886,control,0,39.84,177.0,mobile,India,28
user_01651,control,0,67.84,269.5,desktop,US,38
user_03039,treatment,0,39.61,277.7,tablet,India,37
user_02497,treatment,0,46.55,235.0,desktop,US,62
user_01048,control,0,42.17,232.1,mobile,UK,31
user_03629,treatment,0,69.71,355.1,mobile,US,53
user_01072,control,0,50.11,279.4,mobile,India,22
user_01812,control,0,68.16,309.7,mobile,US,53
user_03487,treatment,0,45.27,310.9,mobile,US,24
user_02536,treatment,0,44.41,240.0,desktop,US,42
user_00966,control,0,52.6,249.4,desktop,UK,64
user_00529,control,0,81.06,230.0,mobile,US,50
user_00177,control,0,67.49,259.7,desktop,US,28
user_00423,control,0,76.56,297.6,mobile,US,60
user_03369,treatment,0,53.26,305.3,desktop,UK,25
user_03242,treatment,0,39.58,268.0,tablet,India,55
user_02020,treatment,0,34.34,240.3,desktop,US,42
user_00573,control,0,60.73,311.7,mobile,India,18
user_03538,treatment,0,44.01,305.0,desktop,US,56
user_00289,control,0,48.61,281.0,mobile,UK,65
user_02659,treatment,0,47.32,274.0,desktop,US,69
user_02922,treatment,0,74.21,267.7,mobile,India,43
user_02633,treatment,0,37.18,249.0,desktop,UK,69
user_01591,control,0,39.15,171.8,mobile,India,49
user_03943,treatment,0,54.75,337.2,mobile,US,37
user_02100,treatment,0,48.27,276.8,mobile,US,33
user_01392,control,0,47.11,237.5,desktop,UK,56
user_02855,treatment,0,60.0,272.3,mobile,India,46
user_01740,control,0,36.0,262.2,mobile,India,24
user_01730,control,0,70.12,244.9,desktop,US,34
user_01919,control,0,50.52,236.6,mobile,US,56
user_03101,treatment,0,44.96,259.5,desktop,UK,24
user_00371,control,0,27.1,190.6,desktop,India,66
user_03293,treatment,0,54.09,316.0,desktop,India,63
user_03713,treatment,0,62.61,237.3,desktop,US,46
user_02635,treatment,0,61.22,252.4,desktop,US,28
user_03412,treatment,0,73.61,273.0,desktop,UK,40
user_02070,treatment,0,62.7,236.7,desktop,India,60
user_00142,control,0,64.22,294.9,mobile,India,34
user_03356,treatment,0,53.67,236.6,mobile,US,27
user_00492,control,0,44.61,207.6,desktop,UK,51
user_00199,control,0,50.98,262.2,desktop,US,25
user_01789,control,0,40.75,242.0,mobile,UK,37
user_02527,treatment,0,50.45,296.7,desktop,US,49
user_03925,treatment,1,191.03,227.8,mobile,India,35
user_01457,control,0,50.7,249.5,mobile,UK,66
user_00196,control,0,50.96,297.2,desktop,UK,39
user_00875,control,0,35.61,306.5,mobile,UK,48
user_02440,treatment,0,54.04,352.6,mobile,US,58
user_03824,treatment,0,73.87,258.6,desktop,US,47
user_00841,control,0,70.54,316.1,desktop,US,33
user_00582,control,1,132.6,274.6,desktop,US,52
user_03949,treatment,0,33.31,284.8,mobile,India,47
user_00906,control,0,53.98,289.8,desktop,US,62
user_00632,control,0,66.29,295.1,mobile,US,37
user_02577,treatment,1,201.3,306.1,desktop,India,49
user_00163,control,0,52.45,275.4,mobile,India,56
user_02074,treatment,1,255.31,276.6,mobile,UK,36
user_02081,treatment,0,59.75,329.8,mobile,UK,58
user_01761,control,0,66.89,181.4,desktop,UK,29
user_02662,treatment,1,216.74,320.9,desktop,UK,26
user_00926,control,0,26.1,281.1,desktop,UK,35
user_01833,control,0,23.76,314.0,mobile,US,51
user_00548,control,0,53.85,238.0,mobile,US,62
user_02294,treatment,0,58.89,276.2,tablet,India,55
user_01189,control,0,49.41,234.9,mobile,US,45
user_02000,control,0,86.48,273.0,desktop,UK,66
user_02098,treatment,0,43.33,244.4,mobile,US,50
user_00612,control,0,43.09,296.7,mobile,US,42
user_02195,treatment,0,59.59,283.8,mobile,India,50
user_03662,treatment,0,50.7,362.5,mobile,India,38
user_01508,control,0,48.03,284.4,mobile,UK,18
user_01870,control,0,44.5,292.9,mobile,UK,69
user_00743,control,0,43.05,190.5,desktop,US,23
user_00638,control,0,45.93,297.7,mobile,India,40
user_03536,treatment,0,63.33,328.9,tablet,US,51
user_02016,treatment,0,45.06,296.1,mobile,US,34
user_03762,treatment,0,57.11,266.1,desktop,UK,32
user_01098,control,0,62.94,307.1,desktop,US,24
user_01484,control,0,51.61,219.2,desktop,UK,48
user_00049,control,0,40.34,261.2,desktop,US,35
user_01352,control,0,49.13,273.7,desktop,India,67
user_00922,control,0,46.18,303.4,tablet,US,51
user_03563,treatment,0,64.6,277.8,tablet,US,18
user_00757,control,0,31.26,236.5,desktop,US,32
user_02125,treatment,1,281.34,331.9,desktop,UK,31
user_02367,treatment,0,46.8,294.9,tablet,US,43
user_01468,control,0,65.77,258.4,mobile,UK,37
user_03643,treatment,0,45.64,269.5,tablet,India,38
user_01695,control,0,56.64,183.4,mobile,US,63
user_01323,control,0,35.07,237.1,desktop,US,69
user_01177,control,0,55.91,291.3,mobile,UK,56
user_01948,control,0,52.52,236.3,mobile,UK,34
user_01214,control,0,43.17,213.4,mobile,US,63
user_03934,treatment,0,78.46,308.8,mobile,India,19
user_02534,treatment,0,35.67,282.7,desktop,UK,42
user_02288,treatment,0,54.73,239.9,mobile,India,53
user_02782,treatment,0,85.39,298.2,desktop,US,48
user_02678,treatment,0,52.25,220.0,desktop,India,52
user_01071,control,0,53.46,240.1,mobile,US,45
user_03730,treatment,0,80.07,235.1,desktop,US,34
user_02831,treatment,0,62.94,316.1,desktop,UK,48
user_02442,treatment,0,63.24,184.4,mobile,UK,58
user_03604,treatment,0,55.06,275.6,mobile,US,37
user_01715,control,0,34.44,179.3,mobile,UK,21
user_03022,treatment,0,68.46,234.5,mobile,UK,21
user_02197,treatment,0,50.76,167.2,mobile,US,52
user_01150,control,0,59.15,326.5,mobile,UK,51
user_03087,treatment,0,49.94,275.9,mobile,US,52
user_02229,treatment,0,74.39,367.1,desktop,India,65
user_02964,treatment,1,237.39,243.0,mobile,US,58
user_02610,treatment,0,56.5,257.6,mobile,India,52
user_01552,control,0,49.52,215.0,tablet,US,47
user_02555,treatment,0,68.21,294.6,mobile,US,43
user_01289,control,0,39.02,276.6,mobile,US,47
user_03862,treatment,0,58.19,299.4,tablet,US,57
user_02808,treatment,0,59.07,300.7,desktop,US,52
user_01642,control,0,59.24,297.5,mobile,US,44
user_00868,control,0,46.02,244.5,desktop,US,69
user_00927,control,0,66.39,191.6,mobile,India,54
user_03211,treatment,0,47.24,304.6,mobile,India,54
user_00998,control,0,47.29,234.6,tablet,US,68
user_03021,treatment,0,77.39,236.9,desktop,US,66
user_01830,control,0,50.87,225.4,mobile,US,65
user_01133,control,0,56.36,246.5,mobile,India,28
user_01341,control,0,22.88,178.8,mobile,UK,34
user_03675,treatment,0,43.1,246.6,desktop,UK,22
user_00211,control,0,55.01,198.6,mobile,India,34
user_03980,treatment,0,49.86,262.3,desktop,UK,33
user_00060,control,0,43.44,312.2,desktop,UK,53
user_03671,treatment,0,55.34,297.2,mobile,India,44
user_02620,treatment,0,53.05,283.1,mobile,US,52
user_03898,treatment,0,35.92,266.4,mobile,US,54
user_03947,treatment,0,65.42,266.7,desktop,India,47
user_00766,control,0,29.86,301.6,mobile,US,33
user_02103,treatment,0,73.16,326.5,desktop,India,29
user_03230,treatment,0,39.72,261.2,tablet,UK,46
user_01079,control,0,67.94,286.6,desktop,US,54
user_02660,treatment,0,59.7,229.4,mobile,UK,63
user_03743,treatment,0,69.34,321.4,mobile,India,18
user_02045,treatment,1,237.47,333.3,desktop,US,46
user_02067,treatment,0,94.2,322.1,desktop,US,54
user_00583,control,0,41.07,278.4,desktop,US,33
user_02124,treatment,0,65.74,309.1,desktop,US,41
user_03529,treatment,1,204.2,261.7,mobile,US,27
user_03617,treatment,0,43.79,317.3,tablet,US,26
user_00941,control,0,48.35,267.4,mobile,US,63
user_01081,control,0,68.17,314.6,mobile,US,39
user_00188,control,0,70.36,209.3,mobile,India,50
user_03106,treatment,0,61.35,304.0,mobile,UK,50
user_02311,treatment,0,53.42,286.9,mobile,UK,22
user_02677,treatment,0,59.8,296.6,tablet,US,49
user_03095,treatment,0,90.47,361.8,mobile,US,69
user_03820,treatment,0,70.03,281.8,mobile,US,25
user_01601,control,0,41.68,256.5,mobile,US,39
user_03857,treatment,0,53.64,240.4,desktop,US,27
user_00227,control,1,255.3,240.0,tablet,India,64
user_01613,control,0,50.19,235.0,tablet,India,56
user_00536,control,1,252.87,243.6,desktop,US,55
user_03849,treatment,0,77.6,307.1,mobile,US,23
user_03216,treatment,0,73.43,261.2,desktop,US,54
user_03127,treatment,0,50.07,302.5,mobile,UK,23
user_00698,control,0,48.11,215.8,tablet,UK,50
user_03614,treatment,0,57.92,250.5,mobile,UK,22
user_02375,treatment,0,73.94,263.8,desktop,UK,40
user_01778,control,0,56.79,248.0,mobile,US,24
user_03625,treatment,0,58.22,297.3,tablet,US,35
user_02805,treatment,0,57.94,278.1,desktop,US,43
user_01038,control,0,43.8,289.9,desktop,US,22
user_00209,control,0,43.43,319.1,tablet,UK,25
user_01847,control,0,59.16,243.8,mobile,UK,28
user_00566,control,0,27.67,250.5,mobile,US,21
user_00314,control,1,195.96,237.8,desktop,US,65
user_00602,control,0,49.72,198.1,desktop,US,45
user_00234,control,0,39.96,253.1,mobile,US,53
user_01261,control,0,45.61,228.0,mobile,UK,59
user_00932,control,0,45.16,229.2,mobile,US,60
user_03221,treatment,0,68.83,268.4,mobile,US,48
user_01724,control,0,67.17,235.1,tablet,India,61
user_00112,control,0,58.08,216.6,mobile,US,35
user_02705,treatment,0,53.31,291.6,mobile,US,29
user_01090,control,0,77.45,234.0,mobile,UK,39
user_02743,treatment,0,56.62,333.9,mobile,US,34
user_02029,treatment,0,52.89,354.6,desktop,US,68
user_03945,treatment,0,58.78,258.6,desktop,UK,25
user_01744,control,0,37.28,258.6,mobile,US,58
user_00473,control,0,57.46,292.9,desktop,US,33
user_02097,treatment,0,47.28,364.3,mobile,US,29
user_03733,treatment,0,70.14,233.8,desktop,UK,42
user_01787,control,0,71.85,210.5,desktop,US,28
user_03277,treatment,0,59.19,294.7,desktop,US,63
user_01374,control,0,61.82,192.3,desktop,India,50
user_03704,treatment,0,80.58,229.0,mobile,India,67
user_00362,control,0,22.29,276.8,desktop,India,44
user_00136,control,0,54.23,210.9,mobile,US,27
user_01135,control,0,31.45,282.2,desktop,US,41
user_01152,control,0,44.19,239.4,mobile,US,53
user_02469,treatment,0,61.6,279.8,mobile,UK,52
user_01054,control,0,43.27,275.7,desktop,US,19
user_03317,treatment,0,34.63,251.7,desktop,US,20
user_00023,control,0,62.23,262.6,mobile,US,18
user_01973,control,0,55.45,298.8,mobile,India,35
user_02953,treatment,0,70.51,268.3,desktop,US,64
user_01653,control,0,59.46,255.8,mobile,US,40
user_00696,control,0,36.16,271.7,mobile,UK,69
user_00421,control,0,39.81,227.5,mobile,UK,58
user_03950,treatment,0,55.63,265.2,mobile,US,46
user_00461,control,0,64.93,197.5,desktop,US,59
user_01068,control,0,56.5,230.8,mobile,UK,43
user_00088,control,0,59.65,224.8,mobile,US,40
user_00283,control,0,51.82,320.6,mobile,UK,68
user_02999,treatment,0,55.52,329.8,mobile,US,33
user_01314,control,0,66.05,311.5,desktop,US,23
user_01408,control,0,42.87,250.7,mobile,UK,36
user_03795,treatment,0,39.19,348.0,desktop,US,24
user_02113,treatment,0,73.63,277.4,mobile,UK,47
user_00860,control,0,58.7,220.4,mobile,India,53
user_00534,control,0,60.49,226.1,desktop,US,53
user_03510,treatment,0,54.81,344.8,mobile,US,33
user_03784,treatment,0,69.56,365.7,desktop,US,64
user_01420,control,1,291.03,210.5,mobile,US,34
user_03396,treatment,1,192.63,283.0,mobile,UK,34
user_03169,treatment,0,51.04,289.6,desktop,UK,55
user_02801,treatment,0,51.93,299.0,desktop,US,36
user_03372,treatment,0,47.47,218.2,desktop,US,49
user_03939,treatment,0,91.38,286.6,mobile,US,20
user_02899,treatment,0,58.43,324.8,tablet,US,33
user_01645,control,0,32.56,269.9,mobile,India,33
user_01413,control,0,42.54,221.2,desktop,US,19
user_03909,treatment,0,52.7,254.5,mobile,UK,20
user_02298,treatment,0,74.99,255.3,mobile,US,51
user_00943,control,0,31.25,154.2,mobile,US,69
user_02252,treatment,1,285.93,204.5,desktop,US,36
user_03905,treatment,0,48.61,280.9,mobile,US,49
user_01652,control,0,44.76,280.7,tablet,US,50
user_02216,treatment,0,56.65,295.3,mobile,India,68
user_02247,treatment,0,46.86,298.7,desktop,US,33
user_00122,control,0,56.93,280.8,desktop,US,18
user_00888,control,0,44.81,281.6,desktop,India,40
user_02835,treatment,0,45.02,334.9,desktop,US,69
user_00686,control,0,32.85,234.2,mobile,US,19
user_02959,treatment,0,67.78,304.0,mobile,US,68
user_00414,control,0,66.4,251.2,mobile,US,44
user_00790,control,1,221.41,282.2,mobile,UK,52
user_02190,treatment,0,29.98,240.6,mobile,US,26
user_01570,control,0,43.89,286.3,mobile,US,67
user_01804,control,0,37.13,244.4,mobile,US,39
user_03850,treatment,0,74.42,283.3,mobile,US,54
user_01393,control,0,67.41,196.8,mobile,UK,39
user_02139,treatment,0,58.49,326.9,desktop,India,30
user_00273,control,0,55.83,251.6,mobile,US,25
user_02592,treatment,0,45.29,287.3,mobile,US,32
user_00522,control,0,48.95,215.0,desktop,US,46
user_00523,control,1,144.02,271.3,desktop,UK,66
user_03237,treatment,0,46.21,203.3,desktop,US,30
user_01913,control,1,141.05,286.9,tablet,US,55
user_00351,control,0,56.25,218.0,mobile,UK,58
user_01619,control,0,49.7,236.3,desktop,US,58
user_01862,control,0,54.98,276.6,desktop,US,37
user_03107,treatment,0,50.0,256.0,desktop,US,64
user_01962,control,0,60.21,305.1,desktop,UK,53
user_00652,control,0,60.13,173.1,tablet,India,40
user_02412,treatment,0,45.02,291.5,mobile,US,69
user_03443,treatment,0,41.38,323.9,tablet,UK,46
user_03701,treatment,0,49.77,270.8,desktop,US,39
user_01447,control,0,36.35,274.5,mobile,UK,24
user_01954,control,0,81.74,271.6,desktop,UK,63
user_03735,treatment,0,41.94,245.6,tablet,India,59
user_02329,treatment,0,59.18,289.3,mobile,UK,58
user_00169,control,0,49.97,297.1,desktop,US,55
user_03707,treatment,0,57.36,282.1,mobile,UK,26
user_00963,control,0,42.4,295.6,desktop,UK,26
user_00946,control,0,61.08,175.0,mobile,US,32
user_00463,control,0,32.84,217.9,mobile,US,23
user_03428,treatment,0,58.79,182.4,mobile,India,65
user_00329,control,0,69.13,299.2,mobile,UK,33
user_01658,control,0,46.9,252.6,mobile,UK,52
user_02259,treatment,0,52.72,272.8,mobile,India,30
user_02692,treatment,0,50.43,317.0,desktop,UK,28
user_02304,treatment,0,65.75,271.3,mobile,UK,42
user_00368,control,1,141.31,218.4,mobile,UK,33
user_03452,treatment,0,60.04,239.7,mobile,UK,52
user_03015,treatment,0,52.73,257.5,mobile,UK,44
user_02834,treatment,0,61.33,304.4,mobile,US,41
user_03126,treatment,0,70.24,285.2,desktop,US,47
user_00773,control,0,58.39,274.3,desktop,India,38
user_01285,control,0,56.9,240.5,desktop,US,43
user_02537,treatment,0,78.89,210.8,mobile,US,50
user_03579,treatment,0,67.65,314.5,mobile,UK,33
user_03139,treatment,0,45.89,347.1,mobile,US,45
user_00499,control,1,200.36,310.8,mobile,India,36
user_01235,control,0,54.05,313.0,mobile,US,41
user_01513,control,1,232.62,294.8,mobile,US,50
user_00436,control,0,31.51,245.9,mobile,US,51
user_01252,control,0,60.95,248.4,desktop,US,34
user_00366,control,0,70.36,268.0,desktop,India,62
user_01367,control,0,64.75,180.2,mobile,UK,35
user_00277,control,0,78.41,232.0,tablet,US,58
user_02640,treatment,0,54.27,289.5,mobile,US,39
user_03768,treatment,0,40.98,267.1,desktop,UK,50
user_03440,treatment,1,199.61,290.2,mobile,US,52
user_00408,control,0,50.65,181.2,mobile,UK,48
user_01469,control,0,41.66,236.4,tablet,US,27
user_03364,treatment,0,56.56,301.2,desktop,UK,41
user_03678,treatment,0,42.79,268.1,desktop,UK,20
user_00845,control,0,50.23,243.1,mobile,UK,32
user_01911,control,0,49.74,309.7,desktop,US,64
user_03312,treatment,0,49.21,297.0,mobile,US,39
user_00087,control,0,47.84,278.0,mobile,US,18
user_01544,control,0,31.93,226.5,desktop,US,53
user_02046,treatment,0,67.13,291.6,desktop,US,51
user_02072,treatment,0,69.47,305.8,desktop,India,63
user_02365,treatment,0,66.92,257.0,desktop,US,26
user_01850,control,0,56.1,289.2,mobile,UK,67
user_00856,control,0,52.48,247.8,mobile,US,44
user_03957,treatment,1,283.06,231.0,desktop,US,55
user_00079,control,0,62.59,239.7,desktop,UK,31
user_00945,control,0,66.89,230.8,desktop,India,61
user_00200,control,0,23.39,240.8,desktop,US,22
user_02064,treatment,0,57.67,218.6,desktop,UK,22
user_01617,control,1,83.98,307.4,mobile,UK,63
user_00802,control,0,52.33,234.8,mobile,India,65
user_02406,treatment,0,66.84,202.3,mobile,US,25
user_02391,treatment,0,51.35,270.3,tablet,US,52
user_01984,control,0,56.71,242.9,mobile,US,62
user_02913,treatment,0,64.71,349.4,desktop,US,59
user_00232,control,0,51.74,283.3,mobile,US,63
user_01407,control,0,59.9,155.8,tablet,India,29
user_02005,treatment,0,56.35,245.3,mobile,US,18
user_03347,treatment,0,70.82,298.6,mobile,US,18
user_02651,treatment,0,91.29,257.2,mobile,US,58
user_02248,treatment,0,57.58,258.4,mobile,UK,22
user_02427,treatment,0,72.09,311.5,tablet,US,49
user_02929,treatment,0,53.62,251.4,mobile,US,48
user_01628,control,0,46.18,259.0,mobile,UK,23
user_03818,treatment,0,57.81,275.2,mobile,UK,55
user_01144,control,0,32.93,230.8,desktop,UK,22
user_03560,treatment,0,56.49,330.4,desktop,US,56
user_00192,control,0,48.29,306.8,mobile,India,41
user_00105,control,1,154.77,265.5,mobile,US,18
user_02952,treatment,0,48.42,291.4,mobile,UK,26
user_03670,treatment,0,57.35,251.7,mobile,UK,36
user_02669,treatment,0,56.14,261.8,mobile,UK,23
user_01860,control,0,75.53,220.6,desktop,UK,39
user_02475,treatment,0,59.39,270.5,desktop,UK,30
user_02228,treatment,0,57.79,286.0,mobile,US,58
user_03429,treatment,1,301.56,270.6,mobile,US,57
user_03860,treatment,0,46.83,355.7,desktop,US,41
user_03046,treatment,0,80.84,296.3,mobile,US,19
user_02408,treatment,0,66.13,327.0,desktop,UK,67
user_02006,treatment,0,57.7,272.2,mobile,UK,52
user_02760,treatment,0,34.08,314.4,desktop,US,20
user_03829,treatment,0,39.97,314.5,mobile,US,43
user_01916,control,0,30.56,309.6,desktop,India,22
user_03902,treatment,0,66.09,296.5,desktop,UK,43
user_03057,treatment,0,46.33,247.2,mobile,US,41
user_01814,control,0,48.99,309.2,mobile,India,58
user_03399,treatment,0,56.15,385.6,mobile,India,21
user_00995,control,0,51.08,229.8,mobile,US,49
user_00465,control,1,101.09,217.9,desktop,India,23
user_01500,control,0,38.24,315.9,desktop,US,63
user_03790,treatment,1,274.91,291.0,mobile,UK,19
user_03942,treatment,1,159.65,327.6,mobile,India,49
user_02160,treatment,0,54.74,331.3,tablet,UK,18
user_01237,control,0,60.5,216.5,mobile,US,35
user_02413,treatment,0,57.47,299.8,mobile,UK,49
user_03523,treatment,0,53.56,266.6,tablet,US,50
user_00213,control,0,49.03,258.4,mobile,India,37
user_01037,control,0,20.16,254.3,desktop,India,40
user_03869,treatment,0,61.38,250.3,tablet,UK,53
user_00901,control,0,62.02,257.3,desktop,US,27
user_01838,control,0,49.39,254.1,mobile,UK,35
user_02816,treatment,0,30.58,298.4,desktop,US,43
user_00742,control,0,54.75,230.6,desktop,India,35
user_03706,treatment,1,242.84,193.0,mobile,UK,26
user_03090,treatment,0,65.53,250.1,desktop,India,55
user_02668,treatment,0,36.57,225.4,desktop,India,42
user_01207,control,0,42.54,285.1,mobile,US,25
user_00510,control,0,57.38,230.6,desktop,India,47
user_00598,control,0,25.39,255.0,desktop,US,30
user_02997,treatment,0,66.56,313.0,desktop,US,61
user_00982,control,0,50.05,263.9,desktop,US,20
user_02795,treatment,0,48.54,244.1,desktop,US,26
user_03517,treatment,0,69.2,273.6,desktop,US,18
user_00519,control,1,203.66,241.4,tablet,US,35
user_01507,control,0,58.98,237.0,mobile,US,67
user_00768,control,0,45.8,274.0,desktop,US,18
user_02637,treatment,1,215.76,267.3,mobile,UK,55
user_02744,treatment,0,25.97,292.4,desktop,UK,68
user_00422,control,0,36.67,192.8,tablet,India,20
user_00124,control,0,50.38,304.7,tablet,US,39
user_02742,treatment,0,71.15,283.3,tablet,India,42
user_03755,treatment,0,48.92,286.3,tablet,India,56
user_01809,control,0,38.26,235.5,mobile,US,18
user_00820,control,0,68.09,278.9,mobile,UK,33
user_01404,control,0,71.49,278.4,mobile,UK,32
user_01383,control,1,147.99,237.2,mobile,US,26
user_00101,control,0,64.83,226.6,tablet,UK,36
user_03514,treatment,0,49.18,297.8,mobile,US,52
user_01284,control,0,52.79,306.0,mobile,US,68
user_03690,treatment,0,63.45,298.5,desktop,UK,26
user_03037,treatment,0,23.59,286.0,mobile,UK,38
user_03491,treatment,0,71.33,321.8,mobile,UK,37
user_01104,control,1,185.66,318.7,mobile,UK,26
user_02921,treatment,0,40.79,273.1,mobile,US,21
user_03170,treatment,0,65.24,256.1,mobile,US,50
user_03187,treatment,0,57.9,345.7,mobile,US,66
user_02861,treatment,1,222.63,251.9,mobile,UK,32
user_01353,control,0,35.16,250.1,desktop,UK,54
user_01565,control,0,50.33,261.1,desktop,India,49
user_03307,treatment,0,42.4,283.6,desktop,US,54
user_03077,treatment,1,218.91,266.7,mobile,US,32
user_00983,control,0,57.74,224.8,desktop,India,51
user_00457,control,0,58.66,310.2,desktop,US,61
user_03612,treatment,0,49.63,242.6,desktop,UK,47
user_02950,treatment,1,186.96,300.6,mobile,UK,43
user_02821,treatment,1,241.99,274.8,desktop,US,55
user_00382,control,0,48.0,237.6,mobile,UK,42
user_03724,treatment,0,56.95,272.3,desktop,US,26
user_01883,control,0,56.24,258.7,mobile,India,21
user_03340,treatment,0,72.27,266.6,mobile,US,25
user_01011,control,0,62.33,219.9,mobile,US,69
user_01593,control,0,63.8,285.2,desktop,US,32
user_03990,treatment,1,97.41,254.7,mobile,US,22
user_00663,control,0,45.0,274.0,mobile,US,33
user_02629,treatment,0,56.16,299.2,desktop,US,45
user_03652,treatment,0,41.19,274.5,mobile,US,38
user_03620,treatment,0,61.55,311.1,desktop,India,59
user_01790,control,0,33.32,257.4,desktop,US,28
user_02988,treatment,0,54.75,307.3,mobile,UK,54
user_03122,treatment,0,58.21,315.5,mobile,US,41
user_03028,treatment,0,48.14,198.7,desktop,India,39
user_03576,treatment,0,48.99,245.0,desktop,UK,33
user_00846,control,0,55.91,278.6,desktop,US,47
user_00543,control,0,63.31,285.7,mobile,UK,53
user_00092,control,0,26.78,191.2,mobile,UK,58
user_03547,treatment,0,54.38,265.1,desktop,UK,28
user_03123,treatment,0,58.92,267.1,mobile,UK,50
user_01197,control,1,220.21,337.7,desktop,India,43
user_01103,control,0,62.47,229.3,desktop,US,60
user_02671,treatment,0,59.51,241.4,mobile,US,35
user_01792,control,0,55.43,272.4,desktop,UK,63
user_02250,treatment,0,71.88,327.2,mobile,US,18
user_01827,control,0,57.06,241.0,mobile,UK,63
user_02150,treatment,0,46.85,254.5,mobile,India,20
user_03578,treatment,0,63.87,249.4,tablet,India,30
user_01776,control,0,64.03,210.5,mobile,US,51
user_01049,control,0,56.18,274.5,mobile,US,51
user_02822,treatment,0,63.58,311.7,mobile,UK,46
user_01832,control,0,79.9,232.2,mobile,UK,61
user_00899,control,0,68.28,253.2,mobile,US,48
user_01460,control,0,14.53,279.1,desktop,UK,23
user_01612,control,0,59.96,281.2,desktop,US,58
user_00238,control,0,32.68,176.6,desktop,US,31
user_01502,control,0,39.97,255.1,mobile,US,21
user_02341,treatment,0,30.07,263.8,mobile,US,55
user_01134,control,0,44.62,338.4,desktop,India,28
user_02882,treatment,0,67.72,247.9,mobile,US,49
user_02719,treatment,0,37.28,305.8,tablet,India,68
user_00164,control,0,38.7,245.3,mobile,UK,65
user_02289,treatment,0,40.63,299.2,desktop,US,25
user_01836,control,0,57.08,177.5,desktop,US,52
user_00253,control,0,41.56,292.1,desktop,India,27
user_02290,treatment,0,79.6,327.0,tablet,UK,45
user_03384,treatment,0,24.07,296.0,tablet,UK,67
user_02806,treatment,1,161.22,261.8,tablet,US,28
user_01539,control,0,56.38,343.8,mobile,UK,23
user_00931,control,0,64.24,267.6,desktop,US,64
user_02026,treatment,0,62.09,320.6,mobile,UK,38
user_01698,control,0,79.3,223.5,mobile,India,34
user_03908,treatment,0,45.76,253.8,mobile,UK,26
user_02979,treatment,0,71.12,296.3,tablet,US,47
user_03393,treatment,1,229.19,316.3,mobile,US,25
user_02403,treatment,0,44.43,287.0,tablet,US,34
user_02227,treatment,0,68.03,336.3,desktop,US,41
user_02226,treatment,0,78.56,255.6,mobile,UK,20
user_01091,control,1,224.65,385.1,mobile,US,38
user_03179,treatment,0,66.14,348.5,mobile,US,61
user_03827,treatment,0,41.82,203.5,mobile,US,51
user_01938,control,0,45.68,256.2,mobile,India,56
user_01182,control,0,46.03,243.1,mobile,US,40
user_01453,control,0,50.85,231.6,mobile,US,23
user_00594,control,0,54.11,262.7,desktop,UK,55
user_00678,control,0,45.03,217.0,mobile,India,54
user_00042,control,0,55.47,190.8,mobile,US,56
user_01834,control,0,58.54,285.7,tablet,US,53
user_02390,treatment,0,63.36,224.9,mobile,US,40
user_02155,treatment,0,47.44,291.8,tablet,US,20
user_01942,control,0,50.85,230.0,desktop,US,69
user_00244,control,0,57.12,273.0,tablet,US,54
user_01125,control,0,64.49,282.3,mobile,US,49
user_01340,control,0,63.46,298.4,tablet,UK,39
user_01867,control,0,78.46,251.9,desktop,UK,44
user_03215,treatment,0,71.49,273.1,desktop,India,69
user_03168,treatment,0,39.84,280.9,desktop,UK,67
user_01443,control,0,47.3,234.6,mobile,US,36
user_00262,control,1,173.39,240.1,mobile,US,44
user_03722,treatment,0,37.16,247.4,mobile,US,32
user_03255,treatment,0,34.95,245.3,mobile,India,42
user_02243,treatment,0,42.65,253.7,mobile,US,18
user_02689,treatment,0,94.09,301.1,mobile,US,44
user_02655,treatment,0,60.24,287.8,mobile,US,52
user_00835,control,0,25.31,315.6,desktop,India,44
user_03566,treatment,0,26.34,238.6,mobile,US,36
user_03666,treatment,0,64.46,308.7,mobile,US,65
user_03001,treatment,0,58.65,345.5,mobile,UK,56
user_02803,treatment,1,189.37,211.3,desktop,US,62
user_00341,control,0,47.71,139.0,mobile,UK,25
user_01873,control,0,34.55,249.5,mobile,India,59
user_00749,control,1,266.27,253.4,desktop,US,58
user_01892,control,0,47.67,285.9,mobile,US,26
user_00481,control,0,48.45,307.4,tablet,UK,34
user_01865,control,1,190.7,208.6,desktop,US,46
user_02219,treatment,1,358.6,285.9,desktop,UK,67
user_02616,treatment,0,47.05,286.9,mobile,UK,66
user_02269,treatment,0,69.55,245.1,desktop,US,46
user_00784,control,0,65.38,261.5,mobile,UK,59
user_03425,treatment,0,54.13,347.0,mobile,US,28
user_03301,treatment,0,48.77,306.7,desktop,India,25
user_02607,treatment,0,58.84,303.6,tablet,US,18
user_03196,treatment,0,66.68,247.5,tablet,UK,66
user_03637,treatment,1,219.99,294.5,mobile,India,64
user_02494,treatment,0,58.54,294.7,desktop,UK,50
user_01726,control,0,55.94,234.5,mobile,US,29
user_01845,control,1,110.22,269.9,mobile,India,49
user_02621,treatment,0,57.86,265.2,mobile,UK,62
user_02811,treatment,0,61.72,305.2,mobile,US,62
user_01785,control,0,51.04,244.2,desktop,US,21
user_01272,control,0,43.96,228.7,mobile,India,60
user_03229,treatment,0,57.2,292.3,desktop,US,47
user_02003,treatment,1,243.65,354.6,mobile,India,37
user_01128,control,0,52.54,287.8,mobile,US,30
user_00627,control,0,55.8,257.7,desktop,US,44
user_00348,control,0,32.84,160.3,desktop,India,46
user_03503,treatment,1,271.66,317.6,tablet,India,43
user_02542,treatment,0,65.16,323.1,desktop,India,61
user_01566,control,0,46.21,262.8,desktop,US,59
user_02099,treatment,0,52.34,305.3,mobile,US,39
user_00980,control,0,54.22,274.2,tablet,India,69
user_01424,control,0,37.69,225.3,tablet,UK,27
user_03438,treatment,0,74.1,213.5,desktop,US,33
user_03366,treatment,0,67.59,237.2,mobile,UK,18
user_00912,control,0,63.17,235.5,tablet,US,32
user_02496,treatment,0,71.6,325.7,mobile,US,28
user_00633,control,0,57.33,254.6,mobile,US,43
user_01750,control,0,35.58,188.5,desktop,UK,68
user_00446,control,1,200.03,216.0,mobile,US,27
user_00618,control,0,55.89,274.1,desktop,India,51
user_02104,treatment,0,47.76,297.1,desktop,US,36
user_01897,control,0,34.79,180.2,desktop,UK,68
user_02171,treatment,0,63.44,250.5,desktop,UK,22
user_02595,treatment,0,74.89,338.1,mobile,India,53
user_02844,treatment,1,198.45,301.2,mobile,US,51
user_02432,treatment,0,76.75,346.1,desktop,US,55
user_03390,treatment,0,47.28,281.1,mobile,UK,42
user_03375,treatment,0,76.76,287.2,tablet,US,42
user_01466,control,0,59.65,297.6,mobile,US,69
user_01673,control,0,60.86,234.7,mobile,UK,34
user_02114,treatment,1,359.4,326.7,desktop,UK,21
user_00116,control,0,59.01,241.0,mobile,US,21
user_01495,control,0,50.57,272.5,desktop,US,35
user_00354,control,0,39.04,346.2,mobile,UK,60
user_01233,control,0,56.44,265.8,desktop,US,18
user_00614,control,0,43.78,241.8,mobile,UK,62
user_03507,treatment,1,194.0,218.1,mobile,US,37
user_03791,treatment,0,52.9,278.9,tablet,UK,40
user_02345,treatment,1,238.27,314.1,desktop,US,40
user_03715,treatment,1,162.5,266.2,tablet,US,40
user_02638,treatment,0,56.17,347.0,desktop,UK,22
user_03759,treatment,0,43.89,300.3,tablet,US,43
user_00058,control,0,72.27,272.6,desktop,US,68
user_03098,treatment,0,29.93,258.8,mobile,US,19
user_03991,treatment,0,74.58,220.8,desktop,UK,32
user_02906,treatment,0,87.35,291.6,mobile,US,42
user_03912,treatment,0,31.49,353.9,desktop,India,29
user_01254,control,0,49.24,290.3,mobile,UK,41
user_03330,treatment,0,39.91,317.0,desktop,US,33
user_02504,treatment,1,183.88,263.2,tablet,India,28
user_02334,treatment,0,70.27,263.7,mobile,US,66
user_03528,treatment,0,59.29,291.2,desktop,US,47
user_03813,treatment,0,44.17,275.1,desktop,US,60
user_01903,control,0,46.19,245.9,mobile,India,40
user_02260,treatment,0,32.8,276.7,mobile,India,56
user_01899,control,0,58.87,242.7,desktop,UK,27
user_00561,control,0,47.73,238.0,mobile,UK,42
user_00708,control,0,40.89,209.3,mobile,US,31
user_01648,control,0,30.05,169.4,mobile,UK,52
user_00425,control,0,74.0,248.9,mobile,UK,18
user_01094,control,0,52.63,207.8,desktop,UK,22
user_01377,control,0,59.28,300.7,mobile,UK,18
user_00648,control,0,56.42,227.8,tablet,UK,34
user_00073,control,0,44.78,208.4,tablet,US,55
user_02523,treatment,0,45.61,242.3,desktop,US,30
user_01887,control,0,60.35,237.9,mobile,US,67
user_01727,control,0,57.91,319.5,mobile,India,33
user_01006,control,0,27.05,249.1,desktop,US,28
user_00621,control,0,24.06,240.9,mobile,India,61
user_03320,treatment,0,46.12,330.1,mobile,UK,64
user_00288,control,0,35.74,310.1,mobile,US,34
user_00554,control,0,33.55,196.7,desktop,US,46
user_02382,treatment,0,69.41,224.7,mobile,India,48
user_01895,control,0,54.27,247.2,mobile,India,23
user_02145,treatment,0,68.22,300.4,mobile,US,33
user_01555,control,0,55.12,203.3,desktop,US,35
user_03546,treatment,0,40.0,314.3,desktop,UK,28
user_02258,treatment,0,65.56,284.4,mobile,US,34
user_02548,treatment,0,31.43,331.2,mobile,UK,30
user_00999,control,1,226.33,257.3,desktop,US,50
user_03178,treatment,1,234.2,283.5,tablet,US,65
user_01690,control,0,43.38,254.9,desktop,UK,68
user_03274,treatment,0,24.77,319.8,tablet,US,29
user_01398,control,0,46.24,257.3,mobile,US,27
user_01578,control,0,61.97,224.5,desktop,UK,24
user_01621,control,0,36.31,296.3,mobile,US,63
user_03654,treatment,0,39.58,323.5,desktop,India,39
user_03726,treatment,1,220.55,280.0,mobile,India,44
user_03978,treatment,0,63.95,284.7,mobile,UK,19
user_02322,treatment,0,71.24,311.4,desktop,US,48
user_03590,treatment,0,63.98,286.8,mobile,UK,65
user_00441,control,0,54.2,289.8,mobile,UK,30
user_00509,control,1,236.57,208.8,mobile,US,48
user_01101,control,0,48.85,237.1,mobile,UK,57
user_00590,control,0,52.23,261.7,tablet,India,55
user_01961,control,0,30.22,246.7,mobile,UK,29
user_00650,control,0,25.39,318.9,mobile,India,34
user_01547,control,0,57.22,319.8,desktop,US,52
user_03640,treatment,0,77.15,328.3,mobile,US,66
user_03920,treatment,0,83.25,276.0,mobile,US,28
user_02324,treatment,0,63.13,266.7,mobile,US,48
user_03856,treatment,0,66.65,320.9,desktop,UK,47
user_02535,treatment,0,61.65,254.6,desktop,US,34
user_01456,control,1,174.38,243.3,desktop,US,20
user_02246,treatment,0,58.64,259.6,tablet,US,19
user_00661,control,0,45.03,232.1,mobile,UK,23
user_00631,control,0,52.26,247.7,desktop,US,33
user_00673,control,0,47.47,242.3,mobile,US,49
user_01250,control,0,45.19,181.8,mobile,US,46
user_01739,control,0,28.89,271.2,desktop,US,59
user_00483,control,0,43.79,167.3,mobile,India,34
user_01585,control,1,200.08,255.2,desktop,UK,28
user_01980,control,0,59.11,292.0,desktop,US,53
user_03409,treatment,0,75.94,250.5,mobile,UK,49
user_01939,control,0,61.11,199.5,mobile,US,64
user_01463,control,0,44.33,218.4,mobile,US,68
user_02765,treatment,0,65.55,305.5,mobile,US,57
user_02571,treatment,0,59.2,319.5,desktop,US,21
user_02380,treatment,0,53.08,211.7,desktop,UK,27
user_00857,control,0,49.01,234.9,desktop,US,68
user_01226,control,0,52.47,299.7,desktop,India,21
user_01191,control,0,38.25,273.4,mobile,India,66
user_02766,treatment,1,234.1,279.6,mobile,US,58
user_03282,treatment,0,64.1,261.1,mobile,US,47
user_00531,control,0,65.94,240.6,tablet,US,21
user_02658,treatment,0,66.05,350.7,mobile,India,69
user_00050,control,0,60.38,309.6,desktop,UK,66
user_03695,treatment,0,57.9,312.4,desktop,UK,55
user_03683,treatment,0,49.55,338.4,tablet,India,62
user_00859,control,0,43.99,220.7,tablet,US,68
user_02923,treatment,0,76.86,298.3,mobile,UK,49
user_01073,control,0,30.36,250.3,desktop,UK,68
user_00720,control,0,53.04,263.1,desktop,US,35
user_00152,control,0,50.0,211.1,desktop,US,19
user_02167,treatment,0,59.98,343.3,desktop,UK,26
user_02981,treatment,0,58.05,270.1,desktop,US,38
user_01661,control,0,57.85,269.4,desktop,US,42
user_01657,control,0,53.84,262.5,mobile,India,20
user_02178,treatment,0,51.28,286.9,desktop,US,27
user_02313,treatment,0,76.44,297.1,mobile,India,33
user_03082,treatment,1,248.02,284.5,mobile,US,39
user_02173,treatment,0,50.77,331.0,mobile,US,62
user_02956,treatment,0,46.59,276.1,desktop,India,23
user_02858,treatment,0,46.73,310.0,mobile,India,55
user_02944,treatment,0,60.38,231.3,mobile,UK,31
user_03600,treatment,0,63.65,239.5,desktop,US,45
user_02729,treatment,0,48.28,265.1,desktop,US,45
user_02223,treatment,0,50.17,332.8,mobile,India,59
user_01768,control,0,43.73,275.7,mobile,US,29
user_01784,control,0,47.43,323.7,desktop,US,35
user_03012,treatment,0,62.98,235.2,mobile,US,45
user_01386,control,0,42.53,249.6,mobile,UK,30
user_02514,treatment,0,58.08,321.9,mobile,UK,49
user_01400,control,0,54.5,335.9,tablet,US,43
user_01196,control,0,29.09,280.8,mobile,India,38
user_03766,treatment,0,48.54,286.4,desktop,US,32
user_01476,control,0,60.47,295.9,mobile,US,29
user_02487,treatment,0,67.01,222.8,tablet,US,31
user_03496,treatment,0,61.72,261.4,desktop,US,61
user_02881,treatment,0,67.75,239.4,desktop,UK,57
user_00298,control,0,75.66,208.0,mobile,US,22
user_02078,treatment,0,83.35,280.9,mobile,India,36
user_01265,control,0,65.69,226.1,mobile,UK,66
user_03334,treatment,0,46.17,222.6,mobile,US,28
user_00959,control,0,46.97,209.4,tablet,US,25
user_01607,control,0,37.57,247.4,desktop,India,55
user_02708,treatment,0,50.0,363.5,mobile,US,43
user_00909,control,0,52.37,296.6,mobile,US,38
user_01930,control,0,56.31,329.7,desktop,UK,51
user_01610,control,0,46.84,257.5,desktop,US,59
user_02928,treatment,1,213.35,244.5,mobile,US,40
user_01375,control,0,56.26,269.2,mobile,UK,44
user_01287,control,0,25.79,257.5,desktop,US,43
user_03987,treatment,0,61.37,246.4,mobile,US,31
user_00350,control,0,49.24,219.0,mobile,India,27
user_01369,control,0,32.65,237.0,desktop,UK,48
user_02131,treatment,0,49.94,279.2,mobile,US,63
user_00644,control,0,30.0,222.8,mobile,US,69
user_02866,treatment,0,54.06,213.0,desktop,UK,41
user_02043,treatment,0,53.37,274.1,mobile,UK,23
user_01682,control,1,167.32,273.7,tablet,US,49
user_00670,control,0,56.09,241.2,mobile,India,47
user_03623,treatment,0,72.52,259.6,desktop,US,58
user_02128,treatment,0,62.7,240.5,desktop,UK,30
user_03261,treatment,0,63.64,288.1,mobile,US,24
user_02769,treatment,0,65.9,362.0,tablet,US,19
user_01819,control,0,67.23,262.3,mobile,India,50
user_01180,control,0,56.29,195.9,desktop,US,61
user_03368,treatment,0,61.04,295.0,desktop,India,37
user_03955,treatment,0,73.93,272.7,mobile,US,34
user_02209,treatment,0,74.54,248.6,mobile,UK,58
user_01851,control,0,40.82,262.2,mobile,US,40
user_01588,control,0,46.44,222.2,mobile,US,52
user_03796,treatment,0,49.14,261.0,mobile,UK,45
user_02255,treatment,1,191.79,273.4,mobile,UK,61
user_02373,treatment,0,73.65,235.6,tablet,UK,33
user_01358,control,0,38.59,259.3,desktop,US,53
user_00787,control,0,44.85,266.5,mobile,India,67
user_03587,treatment,0,44.98,279.4,mobile,India,46
user_00141,control,1,142.33,221.4,desktop,India,26
user_00789,control,0,56.72,294.8,mobile,UK,19
user_00324,control,0,17.46,261.8,mobile,US,32
user_02690,treatment,0,45.07,324.1,mobile,US,24
user_00715,control,0,36.28,364.6,mobile,UK,49
user_02196,treatment,0,72.03,309.9,tablet,UK,41
user_03310,treatment,0,51.46,294.9,mobile,US,59
user_03688,treatment,0,62.96,280.4,mobile,US,44
user_03180,treatment,0,51.94,284.2,mobile,UK,54
user_03521,treatment,0,49.34,226.1,desktop,India,61
user_01908,control,0,47.44,235.3,mobile,US,62
user_00619,control,0,27.11,291.6,mobile,UK,47
user_00407,control,0,61.98,264.5,mobile,US,64
user_02207,treatment,0,55.12,300.2,tablet,UK,38
user_02038,treatment,0,52.14,270.0,mobile,US,33
user_03083,treatment,0,54.79,227.1,desktop,US,63
user_02853,treatment,0,56.77,241.8,desktop,US,35
user_02418,treatment,0,33.03,269.4,mobile,US,23
user_00498,control,0,54.55,236.7,desktop,India,56
user_03915,treatment,1,161.4,230.2,mobile,UK,58
user_00343,control,0,64.76,319.0,mobile,US,48
user_02578,treatment,0,53.99,228.4,mobile,UK,30
user_03921,treatment,1,257.94,320.0,desktop,US,53
user_00783,control,0,54.74,171.1,desktop,India,25
user_03005,treatment,0,41.86,279.0,mobile,UK,20
user_01324,control,0,53.57,248.7,desktop,UK,47
user_03461,treatment,0,39.52,260.6,mobile,US,32
user_03778,treatment,0,63.51,298.6,mobile,India,67
user_00304,control,0,73.72,248.7,mobile,US,47
user_03371,treatment,0,57.74,291.1,desktop,UK,66
user_02460,treatment,0,53.42,256.5,mobile,US,68
user_00665,control,0,49.44,230.2,mobile,US,26
user_01178,control,0,41.93,265.5,desktop,India,40
user_01245,control,0,39.01,275.0,mobile,UK,18
user_02437,treatment,0,71.56,236.2,mobile,UK,41
user_03358,treatment,0,48.7,298.6,desktop,US,54
user_03132,treatment,0,53.56,277.3,desktop,US,33
user_03565,treatment,0,61.67,274.0,desktop,US,49
user_02869,treatment,0,70.89,272.8,mobile,US,47
user_00085,control,0,29.14,215.8,desktop,India,36
user_03451,treatment,0,47.66,264.2,tablet,US,59
user_01801,control,1,197.42,288.1,mobile,India,52
user_00942,control,0,50.9,256.7,desktop,US,21
user_00962,control,0,37.0,250.4,mobile,US,30
user_00842,control,0,54.51,333.1,desktop,UK,56
user_02603,treatment,0,57.87,354.6,desktop,UK,49
user_02686,treatment,0,30.95,256.3,desktop,US,24
user_03150,treatment,0,68.21,267.0,mobile,UK,43
user_00867,control,0,41.52,124.5,desktop,India,37
user_03719,treatment,0,64.39,289.4,mobile,US,26
user_03050,treatment,0,59.11,271.7,mobile,US,32
user_00291,control,0,45.15,299.5,desktop,US,39
user_02012,treatment,0,43.4,299.7,mobile,US,18
user_02544,treatment,0,54.79,203.7,mobile,US,66
user_02203,treatment,0,56.92,283.6,desktop,UK,42
user_03413,treatment,0,55.84,287.4,mobile,UK,22
user_03616,treatment,0,42.9,341.4,tablet,India,67
user_00605,control,0,39.84,209.0,mobile,US,43
user_02698,treatment,0,35.02,302.6,desktop,US,39
user_00917,control,0,44.43,167.1,desktop,UK,47
user_03155,treatment,0,42.01,312.6,mobile,India,49
user_02443,treatment,0,55.15,284.0,mobile,US,25
user_01100,control,0,67.81,259.2,mobile,US,54
user_01089,control,1,208.21,250.8,desktop,US,45
user_03884,treatment,0,52.33,276.7,mobile,UK,32
user_03152,treatment,0,57.86,282.8,desktop,India,20
user_01625,control,0,28.87,297.3,mobile,US,56
user_02515,treatment,0,49.49,191.6,mobile,UK,54
user_00822,control,0,36.88,181.4,mobile,US,54
user_02168,treatment,0,57.39,234.5,mobile,UK,57
user_02479,treatment,0,83.56,355.1,desktop,India,61
user_03775,treatment,0,60.59,317.4,mobile,US,48
user_03224,treatment,0,39.52,271.1,mobile,US,19
user_03689,treatment,0,58.65,182.2,desktop,US,59
user_01303,control,0,64.86,220.0,mobile,US,59
user_01001,control,0,41.88,267.4,mobile,UK,18
user_03286,treatment,0,68.77,230.4,mobile,US,64
user_03561,treatment,0,79.31,265.3,mobile,India,19
user_01506,control,0,44.11,316.6,mobile,US,28
user_01478,control,0,13.57,203.3,mobile,US,40
user_00019,control,0,31.67,297.5,tablet,US,33
user_01638,control,0,34.2,177.4,tablet,India,34
user_01668,control,1,212.06,195.4,mobile,UK,56
user_00494,control,0,56.88,234.6,mobile,US,63
user_01126,control,0,62.16,132.3,mobile,US,42
user_01405,control,0,38.8,287.1,mobile,UK,23
user_03094,treatment,0,53.03,358.0,mobile,India,19
user_03864,treatment,0,37.18,232.5,mobile,UK,32
user_02722,treatment,0,61.52,233.7,desktop,UK,30
user_02448,treatment,0,60.26,273.9,mobile,US,50
user_02424,treatment,0,70.29,246.0,mobile,UK,55
user_02270,treatment,0,57.25,336.1,desktop,India,21
user_02133,treatment,0,77.17,227.3,desktop,US,21
user_00585,control,0,54.02,224.8,desktop,US,30
user_02624,treatment,1,195.78,326.2,desktop,US,32
user_00688,control,0,60.35,308.6,mobile,US,54
user_03333,treatment,0,58.85,285.0,mobile,India,54
user_02285,treatment,0,46.87,275.9,mobile,US,42
user_03134,treatment,0,75.83,301.6,mobile,US,41
user_01609,control,0,35.21,290.6,mobile,US,63
user_02673,treatment,0,54.54,255.0,mobile,US,24
user_02233,treatment,1,195.03,263.2,mobile,US,66
user_01010,control,0,46.92,278.9,mobile,UK,25
user_03200,treatment,0,38.19,257.5,mobile,UK,30
user_02308,treatment,0,57.23,252.0,desktop,UK,57
user_00361,control,0,65.99,154.8,tablet,US,39
user_03397,treatment,0,53.99,331.1,desktop,US,60
user_03648,treatment,0,55.92,251.0,desktop,US,38
user_02925,treatment,0,72.77,249.6,mobile,UK,39
user_01678,control,0,51.16,249.2,mobile,India,33
user_01311,control,0,51.34,201.6,mobile,US,26
user_01171,control,0,71.24,252.3,desktop,US,51
user_01955,control,1,198.01,292.5,desktop,UK,23
user_00801,control,0,63.96,253.7,mobile,India,67
user_02401,treatment,0,57.13,341.4,desktop,UK,41
user_00345,control,0,50.57,280.1,mobile,India,66
user_02695,treatment,1,260.62,277.0,mobile,US,54
user_00987,control,0,31.01,293.4,tablet,US,58
user_02526,treatment,0,58.1,251.5,mobile,India,36
user_00744,control,0,48.37,205.0,mobile,US,67
user_02947,treatment,0,46.31,280.4,mobile,US,28
user_01672,control,0,36.87,200.2,mobile,India,50
user_02447,treatment,0,62.73,200.0,tablet,UK,69
user_02023,treatment,1,240.93,258.9,mobile,UK,43
user_00114,control,0,39.09,259.4,tablet,US,26
user_01438,control,0,51.98,242.1,desktop,India,25
user_02972,treatment,0,39.31,283.7,desktop,UK,19
user_01242,control,0,61.78,248.5,mobile,US,69
user_01143,control,0,44.71,308.2,desktop,UK,38
user_02410,treatment,0,66.15,248.0,mobile,UK,42
user_01217,control,0,62.43,242.6,desktop,India,26
user_01826,control,0,48.16,283.1,desktop,US,57
user_01199,control,0,52.84,247.7,mobile,India,67
user_00086,control,0,63.23,224.3,mobile,India,59
user_01519,control,0,58.66,258.3,mobile,US,56
user_03834,treatment,0,69.53,318.6,mobile,US,59
user_01382,control,0,59.58,275.8,mobile,UK,67
user_01376,control,0,39.02,305.3,tablet,US,60
user_00669,control,0,35.3,247.6,desktop,US,47
user_02656,treatment,0,46.98,283.5,mobile,US,40
user_01015,control,0,43.95,260.5,desktop,US,59
user_00129,control,0,45.87,293.0,desktop,UK,69
user_01365,control,0,56.21,230.2,desktop,US,66
user_03145,treatment,0,69.49,216.9,desktop,US,38
user_02371,treatment,0,55.26,252.3,tablet,US,36
user_00892,control,0,54.92,253.4,mobile,UK,30
user_03499,treatment,0,41.63,251.1,mobile,UK,66
user_01360,control,0,54.3,301.5,desktop,US,58
user_00308,control,0,33.29,215.6,mobile,India,20
user_02969,treatment,1,288.59,255.9,desktop,US,19
user_03716,treatment,0,51.81,277.3,mobile,UK,44
user_00384,control,0,68.14,248.4,mobile,India,41
user_00151,control,1,288.06,208.0,mobile,UK,63
user_02175,treatment,0,60.7,232.8,mobile,US,57
user_01318,control,0,56.43,226.9,mobile,US,39
user_01452,control,0,39.51,219.2,desktop,India,41
user_03865,treatment,0,50.54,259.5,tablet,US,38
user_03665,treatment,0,46.65,257.0,desktop,UK,63
user_00427,control,0,50.89,276.5,tablet,India,30
user_00495,control,0,55.56,247.5,mobile,US,50
user_01208,control,0,76.22,264.1,mobile,US,19
user_03634,treatment,0,51.83,253.7,mobile,India,22
user_02472,treatment,1,248.34,232.6,desktop,US,56
user_01209,control,0,43.43,272.7,desktop,UK,46
user_01821,control,0,54.87,275.0,mobile,India,47
user_03034,treatment,0,44.05,326.1,mobile,US,28
user_03218,treatment,0,71.23,263.6,mobile,US,26
user_03672,treatment,0,52.05,355.8,mobile,US,57
user_02715,treatment,0,62.0,290.7,desktop,India,31
user_01967,control,0,58.61,274.2,mobile,US,47
user_01240,control,0,37.95,256.7,desktop,US,67
user_02776,treatment,0,28.57,316.2,desktop,India,52
user_02180,treatment,0,47.48,259.3,mobile,UK,40
user_00276,control,0,48.78,213.0,desktop,US,63
user_00490,control,0,52.66,331.8,tablet,India,30
user_03154,treatment,0,72.65,297.9,desktop,UK,26
user_01230,control,0,32.09,264.8,mobile,US,33
user_00691,control,0,48.13,224.0,mobile,US,48
user_03304,treatment,0,41.63,297.5,mobile,US,60
user_02652,treatment,0,54.62,308.9,mobile,US,21
user_02820,treatment,0,65.29,278.3,desktop,US,61
user_02529,treatment,0,73.19,273.2,mobile,US,68
user_01781,control,0,62.28,269.1,mobile,India,60
user_03663,treatment,0,82.4,278.8,mobile,US,65
user_02756,treatment,0,62.58,203.6,desktop,UK,63
user_01059,control,0,73.21,309.4,desktop,UK,21
user_00119,control,0,64.63,207.8,mobile,UK,18
user_01025,control,1,157.68,249.9,desktop,UK,60
user_03017,treatment,0,61.72,323.1,mobile,US,48
user_00282,control,0,53.66,275.2,mobile,UK,28
user_02343,treatment,0,66.29,339.7,desktop,India,37
user_01317,control,0,60.57,269.1,desktop,US,48
user_03092,treatment,1,280.33,298.2,desktop,US,24
user_00969,control,0,38.99,285.2,mobile,UK,53
user_01666,control,0,49.82,224.0,mobile,US,28
user_03986,treatment,1,145.96,305.9,desktop,UK,50
user_01906,control,0,33.24,218.5,mobile,UK,51
user_02565,treatment,0,47.91,227.5,mobile,US,45
user_03938,treatment,0,36.05,281.9,tablet,US,50
user_02310,treatment,0,60.62,291.8,mobile,UK,68
user_00620,control,0,34.64,209.2,desktop,India,38
user_02119,treatment,0,39.12,226.8,mobile,UK,47
user_01743,control,0,45.1,245.3,mobile,UK,60
user_03272,treatment,0,51.67,258.2,mobile,UK,23
user_00156,control,0,37.32,172.1,mobile,India,33
user_01848,control,0,34.07,203.8,tablet,India,39
user_03899,treatment,0,54.12,278.1,mobile,India,31
user_01656,control,1,159.8,277.4,tablet,US,39
user_02461,treatment,1,249.52,297.1,desktop,UK,33
user_00305,control,0,51.96,202.8,desktop,US,41
user_02583,treatment,0,61.73,277.1,mobile,US,30
user_03389,treatment,0,37.76,334.4,mobile,UK,20
user_03014,treatment,0,59.16,307.2,desktop,US,66
user_01957,control,0,48.32,250.6,mobile,US,46
user_03996,treatment,0,65.76,336.0,mobile,US,57
user_02965,treatment,0,47.98,351.4,mobile,UK,57
user_01308,control,0,35.54,234.8,mobile,US,28
user_02423,treatment,0,81.25,251.6,mobile,US,46
user_00576,control,1,207.25,250.1,mobile,US,37
user_02597,treatment,0,55.05,187.6,mobile,India,57
user_03956,treatment,1,182.56,283.1,mobile,UK,41
user_03489,treatment,0,64.41,298.9,mobile,US,31
user_01707,control,0,49.05,268.9,mobile,US,64
user_03501,treatment,0,56.11,268.8,desktop,US,48
user_01300,control,0,33.34,250.9,mobile,US,61
user_00133,control,0,67.73,131.8,mobile,UK,33
user_02954,treatment,0,41.68,238.6,mobile,US,18
user_03193,treatment,1,369.0,246.9,desktop,US,28
user_00862,control,0,48.9,289.1,mobile,US,52
user_00844,control,1,198.44,229.9,desktop,US,46
user_01802,control,0,56.29,238.0,mobile,UK,25
user_01629,control,0,59.14,275.2,mobile,India,66
user_01994,control,0,39.35,259.3,mobile,UK,23
user_02589,treatment,0,52.7,279.2,mobile,US,59
user_00270,control,0,67.31,203.2,desktop,US,33
user_00630,control,0,38.93,224.5,tablet,India,51
user_01731,control,0,52.84,247.3,mobile,US,48
user_01034,control,0,53.29,233.6,mobile,US,55
user_02315,treatment,1,211.33,337.6,tablet,UK,60
user_00287,control,0,58.69,178.8,tablet,UK,41
user_01327,control,0,49.58,329.3,desktop,US,39
user_02930,treatment,0,38.15,302.6,desktop,India,68
user_00301,control,0,50.24,225.3,desktop,US,32
user_03166,treatment,0,73.83,245.2,desktop,US,20
user_02888,treatment,0,52.29,301.2,mobile,US,44
user_03589,treatment,0,45.57,316.3,mobile,US,49
user_01448,control,0,46.83,295.5,mobile,India,57
user_01473,control,0,30.69,196.9,mobile,US,67
user_02818,treatment,0,49.52,251.8,tablet,UK,60
user_02770,treatment,0,59.58,236.5,mobile,India,21
user_01187,control,0,41.83,170.4,desktop,India,40
user_00066,control,0,58.69,374.7,desktop,UK,65
user_02941,treatment,0,60.41,314.8,desktop,UK,44
user_01881,control,0,70.3,281.0,desktop,India,30
user_00891,control,0,48.7,198.3,desktop,US,41
user_03076,treatment,1,105.61,302.2,desktop,US,49
user_03467,treatment,0,49.32,276.7,tablet,US,42
user_01767,control,0,55.59,205.3,tablet,US,32
user_02511,treatment,0,35.87,200.1,tablet,UK,60
user_02105,treatment,0,60.91,298.2,mobile,India,57
user_02009,treatment,0,51.21,276.2,desktop,US,60
user_00231,control,0,60.77,267.6,mobile,UK,64
user_00504,control,0,40.9,255.7,desktop,US,54
user_02096,treatment,0,38.96,259.8,tablet,UK,27
user_02749,treatment,0,55.3,241.9,desktop,UK,52
user_00381,control,0,49.39,220.6,mobile,UK,31
user_03036,treatment,0,69.47,290.9,mobile,UK,42
user_01526,control,0,41.26,283.2,mobile,US,39
user_03044,treatment,0,43.79,297.4,mobile,US,43
user_02116,treatment,0,66.24,288.0,mobile,India,60
user_01005,control,0,46.64,281.6,tablet,UK,63
user_01958,control,0,56.49,286.4,desktop,US,26
user_00837,control,1,96.75,221.7,tablet,India,62
user_02378,treatment,0,88.76,258.8,desktop,US,47
user_00375,control,0,48.71,253.5,mobile,UK,65
user_02751,treatment,0,78.39,288.7,mobile,UK,56
user_02799,treatment,1,223.84,236.9,tablet,US,54
user_02937,treatment,0,58.4,340.5,desktop,UK,52
user_00940,control,0,42.63,296.5,mobile,US,42
user_01322,control,0,63.17,196.1,desktop,India,38
user_03556,treatment,0,61.06,244.4,desktop,US,69
user_03400,treatment,0,71.4,282.5,desktop,US,21
user_02506,treatment,0,39.02,310.0,mobile,US,30
user_00530,control,0,53.31,271.7,desktop,UK,67
user_03047,treatment,0,42.97,244.1,mobile,India,66
user_00637,control,0,50.1,253.0,mobile,UK,61
user_01270,control,0,39.45,213.8,mobile,US,35
user_00186,control,0,65.38,213.6,mobile,US,68
user_02507,treatment,0,51.4,361.8,mobile,UK,45
user_02625,treatment,0,63.22,325.4,mobile,US,22
user_02267,treatment,0,55.28,242.3,desktop,India,61
user_01798,control,0,32.63,292.0,mobile,US,59
user_01442,control,0,66.38,263.8,mobile,India,32
user_01536,control,0,56.59,245.2,mobile,UK,30
user_01274,control,0,22.12,246.8,desktop,UK,50
user_00608,control,0,50.22,248.8,mobile,US,21
user_01713,control,0,88.46,292.3,tablet,India,18
user_03971,treatment,1,239.67,265.2,desktop,US,65
user_02549,treatment,0,69.67,292.9,desktop,UK,60
user_03251,treatment,0,52.03,300.7,mobile,US,48
user_03631,treatment,0,43.76,193.2,desktop,India,19
user_03348,treatment,0,54.27,243.0,desktop,UK,34
user_01978,control,0,50.63,228.7,mobile,US,18
user_00159,control,0,49.33,212.9,mobile,UK,28
user_01749,control,0,43.79,279.4,mobile,UK,35
user_02321,treatment,1,205.88,247.4,mobile,India,48
user_00903,control,0,59.37,254.2,mobile,US,50
user_00353,control,0,65.26,319.8,desktop,UK,23
user_01231,control,0,51.82,226.4,mobile,UK,39
user_03480,treatment,0,41.1,267.7,desktop,India,62
user_00445,control,0,75.62,269.4,mobile,US,58
user_03916,treatment,0,72.25,231.4,mobile,US,63
user_00755,control,0,62.62,241.5,desktop,US,56
user_01738,control,0,49.88,331.8,mobile,UK,25
user_03960,treatment,0,52.94,266.8,desktop,India,53
user_00312,control,0,47.27,274.9,mobile,UK,39
user_00549,control,0,43.44,313.0,mobile,US,68
user_02647,treatment,1,288.86,259.5,mobile,US,42
user_02885,treatment,0,85.03,313.9,desktop,India,38
user_00307,control,0,52.19,334.5,desktop,UK,26
user_00695,control,0,66.2,264.4,desktop,UK,27
user_01928,control,0,79.06,233.8,tablet,UK,67
user_03071,treatment,0,67.87,351.9,mobile,India,19
user_00750,control,0,32.41,238.9,tablet,US,46
user_01267,control,0,38.74,274.5,mobile,India,29
user_02154,treatment,0,72.92,321.7,desktop,India,58
user_02518,treatment,0,57.75,314.9,mobile,US,68
user_00971,control,0,40.81,242.7,desktop,US,26
user_00014,control,0,57.6,240.1,mobile,US,64
user_00874,control,0,32.3,310.1,mobile,US,66
user_00809,control,0,53.89,291.2,desktop,US,60
user_00515,control,0,35.71,263.4,desktop,UK,43
user_03194,treatment,0,44.53,251.0,mobile,UK,25
user_00410,control,0,63.43,201.0,mobile,US,34
user_02381,treatment,0,42.09,185.7,mobile,US,53
user_03265,treatment,0,73.78,251.9,mobile,US,20
user_00208,control,0,74.42,280.6,mobile,US,41
user_02111,treatment,0,40.8,209.6,mobile,UK,27
user_00459,control,0,37.68,256.5,desktop,UK,56
user_03581,treatment,0,94.19,290.7,mobile,US,48
user_02407,treatment,0,57.89,371.7,desktop,India,32
user_02900,treatment,0,70.32,309.4,mobile,US,29
user_02459,treatment,0,55.4,285.0,desktop,US,32
user_02642,treatment,0,49.38,336.3,tablet,US,61
user_01884,control,0,28.85,261.8,desktop,UK,64
user_01714,control,0,67.0,253.3,desktop,US,35
user_02590,treatment,0,60.03,244.6,mobile,US,35
user_02230,treatment,0,38.59,264.8,desktop,UK,65
user_00553,control,0,32.05,263.3,desktop,US,62
user_03709,treatment,0,71.18,316.6,tablet,UK,27
user_03638,treatment,0,74.99,235.7,mobile,UK,52
user_01926,control,0,36.63,262.1,desktop,US,59
user_00635,control,0,53.21,213.0,mobile,US,23
user_03676,treatment,0,58.86,274.8,desktop,US,65
user_00317,control,0,41.04,246.2,mobile,US,33
user_03506,treatment,0,23.66,302.3,desktop,UK,65
user_03524,treatment,0,60.85,342.2,mobile,US,48
user_01329,control,0,55.26,266.7,tablet,UK,37
user_00428,control,0,33.83,217.1,mobile,India,31
user_03209,treatment,0,54.42,258.4,mobile,US,28
user_00106,control,0,64.66,304.4,desktop,UK,22
user_00143,control,0,54.23,223.6,mobile,India,26
user_02185,treatment,0,36.23,228.4,desktop,UK,66
user_03269,treatment,0,47.32,341.3,desktop,UK,18
user_02237,treatment,1,159.45,258.0,mobile,US,35
user_01950,control,0,50.58,267.9,mobile,US,43
user_03551,treatment,0,75.78,342.0,mobile,US,44
user_03725,treatment,0,48.39,363.2,desktop,India,58
user_02758,treatment,1,185.32,229.2,desktop,US,46
user_03930,treatment,0,33.92,319.1,desktop,UK,61
user_01952,control,0,51.01,266.8,mobile,India,35
user_02680,treatment,0,75.56,275.6,mobile,UK,61
user_02918,treatment,0,47.86,251.0,mobile,UK,63
user_02286,treatment,0,50.74,297.4,mobile,US,47
user_01110,control,0,25.06,207.3,desktop,UK,49
user_02356,treatment,0,60.73,254.4,mobile,UK,65
user_00592,control,0,31.57,305.7,desktop,India,67
user_03711,treatment,0,50.92,320.5,desktop,US,34
user_01577,control,0,53.64,187.2,mobile,US,54
user_02588,treatment,0,62.08,238.8,tablet,UK,62
user_00214,control,0,35.06,252.3,mobile,UK,33
user_00779,control,0,65.62,161.3,desktop,UK,45
user_03032,treatment,0,73.48,314.3,mobile,UK,45
user_02466,treatment,0,63.46,246.1,mobile,US,18
user_02044,treatment,0,51.12,269.1,mobile,India,59
user_03288,treatment,0,46.27,280.8,mobile,UK,36
user_02299,treatment,0,49.64,244.8,desktop,UK,66
user_02502,treatment,0,49.11,343.4,mobile,US,53
user_01568,control,0,10.37,234.9,mobile,India,40
user_03024,treatment,0,53.68,278.6,mobile,India,64
user_03544,treatment,0,55.66,207.2,desktop,UK,49
user_02354,treatment,1,266.43,282.1,mobile,US,26
user_03609,treatment,1,336.78,328.9,desktop,India,40
user_01344,control,0,33.09,231.9,mobile,US,49
user_02014,treatment,0,41.58,292.0,mobile,US,51
user_00274,control,1,267.31,193.1,mobile,India,20
user_00072,control,0,49.51,276.5,desktop,India,45
user_01088,control,0,30.71,196.0,mobile,India,62
user_00395,control,0,54.33,189.0,mobile,US,62
user_00584,control,0,56.52,244.4,desktop,India,38
user_03867,treatment,0,71.72,225.1,desktop,US,22
user_02718,treatment,1,181.0,296.8,mobile,UK,49
user_03826,treatment,0,49.1,266.6,mobile,US,38
user_03649,treatment,0,46.12,268.7,mobile,UK,44
user_02612,treatment,0,37.21,275.3,desktop,India,23
user_02319,treatment,0,55.21,268.1,mobile,India,21
user_01764,control,0,53.82,265.7,mobile,UK,35
user_03011,treatment,0,55.48,269.7,mobile,UK,22
user_01260,control,0,25.63,253.7,mobile,UK,24
user_00527,control,0,57.54,289.8,mobile,India,18
user_00378,control,0,69.93,207.0,desktop,UK,59
user_01560,control,1,259.21,255.9,mobile,US,39
user_02508,treatment,0,39.55,273.7,desktop,India,66
user_01964,control,0,44.55,193.1,desktop,US,65
user_03569,treatment,0,47.41,256.7,mobile,US,35
user_00349,control,0,54.04,258.2,mobile,US,34
user_03140,treatment,0,43.32,258.6,desktop,UK,38
user_01710,control,0,49.55,216.1,mobile,UK,69
user_01051,control,0,39.29,206.9,desktop,UK,36
user_00591,control,0,67.86,279.2,desktop,India,23
user_00520,control,0,48.12,106.0,desktop,US,37
user_03673,treatment,0,63.03,242.7,mobile,US,59
user_02700,treatment,0,51.02,229.2,desktop,UK,19
user_01084,control,0,61.15,249.6,desktop,UK,69
user_02357,treatment,1,289.78,225.6,mobile,India,37
user_03997,treatment,0,52.68,288.6,tablet,India,53
user_01810,control,0,63.99,261.9,desktop,India,31
user_03878,treatment,1,291.2,319.5,mobile,US,30
user_00793,control,0,56.44,193.4,mobile,India,48
user_03808,treatment,0,64.22,284.5,tablet,US,47
user_01981,control,0,41.35,225.6,mobile,US,53
user_02556,treatment,1,249.9,230.7,tablet,India,28
user_02222,treatment,0,50.54,326.8,mobile,India,55
user_01531,control,0,31.95,331.5,desktop,US,62
user_01411,control,0,68.15,267.8,mobile,UK,55
user_02916,treatment,0,63.16,271.1,tablet,US,19
user_03164,treatment,0,57.4,258.0,mobile,India,38
user_00084,control,0,85.86,232.3,desktop,US,55
user_03137,treatment,0,42.61,277.4,desktop,UK,49
user_00021,control,0,62.19,233.4,mobile,US,61
user_02245,treatment,0,64.18,293.5,desktop,UK,63
user_01563,control,0,62.59,237.6,tablet,UK,47
user_00974,control,0,50.03,273.4,desktop,UK,68
user_01711,control,0,51.84,251.8,mobile,US,53
user_02600,treatment,0,53.36,278.8,mobile,US,35
user_01099,control,0,39.55,294.9,mobile,UK,42
user_02741,treatment,0,57.97,354.6,mobile,US,46
user_00887,control,0,61.66,288.1,desktop,India,27
user_02417,treatment,0,45.25,192.6,mobile,US,32
user_03086,treatment,0,69.11,356.8,desktop,India,22
user_03363,treatment,0,53.15,322.3,desktop,US,62
user_00738,control,0,62.52,228.0,tablet,US,51
user_01454,control,0,24.75,273.3,mobile,US,68
user_02973,treatment,0,61.27,325.8,tablet,US,28
user_03526,treatment,0,56.86,312.2,desktop,UK,62
user_02127,treatment,0,77.73,280.6,mobile,US,59
user_00907,control,0,37.6,214.7,desktop,India,51
user_02400,treatment,0,70.61,267.9,mobile,UK,55
user_02933,treatment,0,66.82,231.7,mobile,UK,57
user_00948,control,1,212.16,170.8,desktop,India,59
user_02499,treatment,1,280.51,264.4,mobile,India,39
user_02893,treatment,0,74.71,279.3,mobile,India,59
user_00716,control,1,126.15,213.9,mobile,UK,57
user_02650,treatment,0,52.99,226.6,desktop,US,45
user_00687,control,0,70.11,313.7,tablet,UK,31
user_03411,treatment,0,60.23,258.9,mobile,US,35
user_02942,treatment,0,48.52,322.7,desktop,India,66
user_03966,treatment,0,56.94,196.7,mobile,UK,31
user_00886,control,0,53.75,287.8,desktop,US,51
user_00918,control,1,205.66,256.2,mobile,India,26
user_02463,treatment,0,53.5,305.9,desktop,India,57
user_03660,treatment,1,155.94,301.9,mobile,US,55
user_01266,control,0,61.82,215.2,mobile,US,47
user_00484,control,0,47.72,253.6,tablet,US,56
user_02991,treatment,0,39.03,264.0,mobile,UK,46
user_03455,treatment,1,168.69,232.4,mobile,India,39
user_00278,control,0,61.11,261.8,mobile,US,20
user_00989,control,0,54.85,275.1,mobile,UK,60
user_02085,treatment,0,66.89,280.8,mobile,India,55
user_01246,control,0,54.36,243.2,mobile,India,19
user_00572,control,0,21.05,256.7,mobile,India,46
user_01436,control,0,22.86,255.4,tablet,UK,56
user_00994,control,0,64.1,228.2,mobile,UK,58
user_03296,treatment,0,49.76,240.0,desktop,UK,36
user_02261,treatment,0,50.37,274.0,desktop,India,45
user_00586,control,0,52.1,274.0,mobile,US,52
user_01350,control,0,53.32,216.5,mobile,US,30
user_01008,control,0,59.92,369.7,desktop,India,19
user_00675,control,0,62.95,275.7,mobile,US,20
user_00448,control,0,40.11,220.7,mobile,India,59
user_03889,treatment,0,57.65,260.1,mobile,US,23
user_02995,treatment,0,47.84,288.6,mobile,India,62
user_02065,treatment,0,54.69,351.5,mobile,US,42
user_03161,treatment,0,69.47,222.7,mobile,UK,19
user_02501,treatment,0,74.73,291.6,desktop,US,36
user_01691,control,0,42.98,230.0,desktop,US,20
user_03298,treatment,0,44.95,303.6,mobile,US,22
user_01248,control,0,60.59,155.4,mobile,UK,39
user_01986,control,0,44.91,234.4,desktop,US,65
user_00295,control,0,48.4,207.5,desktop,UK,28
user_01548,control,0,48.39,276.5,mobile,India,27
user_02013,treatment,1,245.49,288.3,desktop,UK,53
user_00589,control,0,22.79,306.8,mobile,UK,67
user_02130,treatment,0,74.54,281.3,mobile,US,18
user_03062,treatment,0,74.63,302.9,mobile,India,30
user_00426,control,0,34.71,304.6,tablet,India,66
user_01055,control,1,239.89,218.5,mobile,UK,45
user_03321,treatment,0,54.45,256.3,mobile,UK,28
user_00557,control,0,62.66,302.0,desktop,US,49
user_03533,treatment,0,63.41,242.6,mobile,US,62
user_02576,treatment,0,55.12,317.1,mobile,US,43
user_03542,treatment,0,47.2,289.0,mobile,UK,28
user_03539,treatment,0,69.96,344.8,tablet,US,34
user_02697,treatment,0,40.23,278.7,tablet,India,24
user_01194,control,0,50.59,227.7,tablet,US,38
user_01717,control,0,42.4,268.5,mobile,India,44
user_03157,treatment,1,285.07,252.3,mobile,US,21
user_03605,treatment,0,61.22,201.3,mobile,India,30
user_03923,treatment,0,61.79,249.7,mobile,US,25
user_02458,treatment,0,25.58,253.5,mobile,UK,36
user_01286,control,0,58.5,197.5,desktop,US,50
user_03464,treatment,0,59.91,254.7,mobile,US,44
user_02581,treatment,0,49.65,357.8,desktop,US,59
user_03189,treatment,0,52.1,249.1,mobile,US,50
user_02088,treatment,0,57.33,259.7,mobile,US,37
user_01890,control,1,198.9,247.6,mobile,US,29
user_01592,control,1,204.89,237.6,desktop,UK,59
user_03525,treatment,0,66.44,308.6,mobile,US,30
user_02163,treatment,0,60.29,234.4,mobile,India,24
user_03188,treatment,0,58.45,234.1,mobile,US,60
user_02272,treatment,0,35.33,271.4,mobile,UK,66
user_03217,treatment,0,55.35,356.7,desktop,UK,69
user_01138,control,0,30.91,291.1,mobile,US,47
user_03336,treatment,0,65.79,253.8,desktop,US,42
user_03761,treatment,0,79.39,280.2,mobile,US,32
user_03781,treatment,0,52.13,282.9,desktop,US,20
user_01712,control,0,43.47,195.4,mobile,UK,50
user_03619,treatment,0,68.4,234.4,tablet,US,21
user_00454,control,1,205.57,102.5,desktop,US,37
user_00914,control,0,41.19,277.0,mobile,US,49
user_02670,treatment,0,57.93,253.1,desktop,US,65
user_01200,control,0,45.95,214.4,mobile,UK,68
user_01275,control,0,52.83,224.5,mobile,UK,28
user_00038,control,0,26.5,261.9,mobile,US,67
user_00975,control,0,63.38,261.2,desktop,UK,69
user_00984,control,0,70.48,220.6,mobile,India,25
user_02663,treatment,0,57.92,236.1,desktop,UK,40
user_01419,control,0,35.29,250.7,tablet,UK,27
user_01561,control,0,59.04,270.9,mobile,UK,56
user_00040,control,0,26.46,245.8,mobile,UK,62
user_01487,control,0,57.97,260.1,mobile,India,59
user_02543,treatment,0,57.18,242.3,desktop,US,42
user_00170,control,0,42.63,266.3,mobile,US,34
user_01356,control,0,38.31,269.2,mobile,UK,56
user_02388,treatment,0,36.61,216.3,mobile,US,64
user_03594,treatment,0,47.92,269.4,mobile,US,62
user_02615,treatment,0,66.22,287.1,mobile,US,54
user_02754,treatment,0,56.42,311.9,mobile,US,57
user_01641,control,0,24.37,300.2,mobile,US,38
user_01291,control,0,56.01,218.5,tablet,UK,50
user_01381,control,0,47.26,263.3,mobile,US,32
user_01934,control,0,41.18,236.1,tablet,US,58
user_00580,control,0,48.01,270.8,mobile,US,45
user_02031,treatment,0,46.03,268.6,desktop,UK,64
user_00893,control,0,40.77,206.8,mobile,India,46
user_00781,control,0,45.63,309.8,desktop,US,49
user_00160,control,0,37.72,299.7,tablet,UK,23
user_00003,control,0,42.42,260.9,mobile,India,50
user_03214,treatment,0,55.15,263.2,mobile,India,43
user_03291,treatment,0,29.34,328.5,tablet,UK,22
user_00850,control,0,42.13,309.9,desktop,India,46
user_02402,treatment,0,67.19,250.4,mobile,India,55
user_01597,control,0,43.32,223.8,mobile,US,67
user_01777,control,0,44.25,275.1,mobile,India,57
user_01914,control,0,47.25,229.2,mobile,US,57
user_01044,control,0,36.37,299.5,tablet,US,41
user_01545,control,1,233.31,192.3,desktop,India,54
user_03718,treatment,0,46.27,309.1,desktop,US,35
user_00054,control,0,35.27,234.9,desktop,US,22
user_03853,treatment,0,61.14,309.0,mobile,UK,56
user_01912,control,0,53.61,279.0,mobile,India,49
user_02823,treatment,0,45.02,290.5,desktop,UK,69
user_02674,treatment,0,56.0,314.9,tablet,UK,52
user_03490,treatment,0,45.79,257.1,mobile,India,68
user_00825,control,0,89.4,247.1,tablet,India,46
user_03574,treatment,1,185.81,244.7,desktop,US,41
user_01390,control,0,49.28,297.2,mobile,US,59
user_03270,treatment,0,76.26,267.1,mobile,US,55
user_03115,treatment,0,56.35,237.1,mobile,India,40
user_01608,control,0,53.12,231.8,mobile,US,50
user_01595,control,0,47.05,274.8,mobile,UK,18
user_00772,control,0,52.15,190.6,mobile,US,68
user_02274,treatment,0,49.78,302.9,desktop,India,55
user_01869,control,0,37.1,232.5,desktop,India,22
user_01086,control,0,58.73,303.5,mobile,US,34
user_02712,treatment,0,52.67,235.5,desktop,India,40
user_01326,control,0,56.92,197.0,desktop,US,53
user_01464,control,0,71.58,277.7,desktop,US,55
user_00807,control,1,169.59,227.6,desktop,US,55
user_02452,treatment,1,231.88,321.7,desktop,US,54
user_02476,treatment,1,244.92,266.8,mobile,UK,39
user_02109,treatment,0,71.15,294.8,tablet,India,27
user_02827,treatment,0,77.38,191.4,desktop,UK,65
user_03929,treatment,0,59.23,312.9,desktop,US,57
user_02235,treatment,0,58.79,306.4,tablet,US,25
user_00964,control,0,48.28,202.8,desktop,UK,45
user_00399,control,0,58.01,302.6,mobile,US,27
user_03747,treatment,0,52.91,275.3,desktop,India,25
user_00705,control,0,49.91,193.3,mobile,UK,42
user_00432,control,0,45.05,256.8,desktop,US,56
user_00293,control,0,44.03,231.7,desktop,UK,24
user_03776,treatment,1,229.52,238.4,desktop,US,33
user_00146,control,0,37.18,263.6,mobile,US,41
user_02721,treatment,1,189.13,178.5,mobile,US,47
user_02034,treatment,1,227.94,332.6,tablet,US,28
user_03798,treatment,0,35.57,298.5,desktop,US,67
user_01166,control,0,36.54,315.7,mobile,India,50
user_02051,treatment,0,44.68,343.6,mobile,US,30
user_03512,treatment,0,66.28,297.6,desktop,India,22
user_00340,control,0,49.4,335.0,tablet,US,20
user_02415,treatment,0,53.2,286.4,desktop,US,30
user_00266,control,0,55.23,291.2,tablet,US,52
user_03104,treatment,0,67.17,220.4,desktop,India,25
user_01772,control,0,48.21,255.1,desktop,UK,55
user_00272,control,0,63.77,187.7,mobile,India,28
user_00697,control,0,45.43,210.0,mobile,India,47
user_03964,treatment,0,46.98,327.5,mobile,UK,63
user_00245,control,0,52.44,245.6,mobile,US,39
user_03753,treatment,0,31.13,337.8,desktop,UK,60
user_00477,control,0,55.27,324.1,tablet,UK,58
user_02033,treatment,0,49.56,241.7,mobile,US,29
user_03392,treatment,1,259.09,321.6,mobile,UK,26
user_03075,treatment,0,55.2,300.5,mobile,US,23
user_00814,control,1,144.89,275.8,mobile,US,29
user_01915,control,0,57.62,186.1,mobile,US,63
user_03367,treatment,0,71.5,293.9,mobile,UK,66
user_03935,treatment,0,39.24,254.6,desktop,US,57
user_01805,control,0,48.46,260.3,desktop,US,41
user_02873,treatment,1,148.3,350.7,desktop,US,18
user_00251,control,0,47.22,175.0,mobile,US,48
user_00546,control,0,39.54,289.8,mobile,US,41
user_00739,control,0,67.42,303.2,mobile,UK,33
user_00311,control,0,44.32,233.1,mobile,UK,24
user_01132,control,0,57.57,173.8,mobile,US,22
user_01450,control,0,56.12,320.1,mobile,India,47
user_03873,treatment,0,40.45,298.8,mobile,US,40
user_00016,control,0,59.7,274.1,desktop,India,58
user_03502,treatment,0,61.24,300.9,mobile,UK,52
user_02790,treatment,1,288.3,232.6,desktop,US,30
user_03205,treatment,0,51.09,270.7,mobile,US,59
user_00364,control,0,18.83,186.6,mobile,US,29
user_00183,control,1,235.3,226.0,mobile,US,44
user_01195,control,0,46.89,267.2,desktop,US,41
user_02471,treatment,0,47.36,278.2,desktop,US,34
user_01122,control,1,218.2,295.4,desktop,UK,43
user_03875,treatment,0,63.76,237.7,desktop,US,62
user_01183,control,0,61.76,253.5,desktop,US,65
user_03656,treatment,0,31.16,328.8,desktop,US,21
user_00615,control,0,40.22,238.4,mobile,UK,64
user_01467,control,1,217.81,290.9,tablet,India,46
user_00402,control,1,135.04,241.5,desktop,US,38
user_00935,control,0,48.58,245.9,mobile,India,22
user_02420,treatment,0,59.92,278.4,mobile,India,24
user_02630,treatment,0,81.78,299.3,mobile,UK,31
user_02781,treatment,0,73.06,308.4,desktop,US,40
user_00727,control,0,49.2,255.7,desktop,US,41
user_00827,control,0,53.04,259.5,desktop,UK,35
user_01522,control,1,212.57,185.8,desktop,India,64
user_00137,control,0,34.91,254.9,mobile,US,24
user_00629,control,0,53.95,254.2,tablet,US,39
user_00335,control,0,56.2,225.9,mobile,India,19
user_00391,control,1,144.42,279.6,mobile,UK,53
user_03391,treatment,0,62.39,262.7,tablet,US,41
user_01818,control,0,32.83,213.5,desktop,US,36
user_03593,treatment,0,68.68,232.9,mobile,US,51
user_00711,control,0,51.75,203.8,mobile,UK,55
user_01040,control,0,30.43,333.1,mobile,India,23
user_02606,treatment,0,39.94,285.8,desktop,India,58
user_03449,treatment,0,47.38,297.3,mobile,US,32
user_01562,control,0,51.4,218.0,desktop,India,59
user_03669,treatment,0,38.81,299.7,mobile,US,36
user_03345,treatment,0,62.98,290.7,mobile,India,38
user_01113,control,0,48.35,190.9,mobile,US,34
user_01224,control,1,208.81,262.3,mobile,India,58
user_02654,treatment,0,75.52,247.3,tablet,US,64
user_02422,treatment,0,57.7,243.7,mobile,US,64
user_01509,control,0,41.98,210.7,mobile,US,61
user_01751,control,0,53.35,272.6,mobile,UK,63
user_03577,treatment,0,65.19,255.8,mobile,India,22
user_00339,control,0,60.19,229.4,mobile,US,46
user_00216,control,0,72.59,173.6,mobile,India,51
user_01342,control,0,35.07,292.6,mobile,US,55
user_03339,treatment,0,69.97,226.1,mobile,UK,67
user_03739,treatment,0,48.5,291.7,tablet,US,68
user_02575,treatment,0,70.29,307.2,mobile,India,37
user_03385,treatment,0,35.61,290.7,mobile,US,56
user_02687,treatment,0,66.51,298.4,mobile,UK,21
user_02323,treatment,0,82.0,218.1,tablet,US,26
user_00102,control,0,67.95,348.1,mobile,US,29
user_02845,treatment,0,45.72,302.7,mobile,India,35
user_00172,control,0,60.43,231.1,mobile,UK,51
user_00108,control,0,74.27,223.7,desktop,US,25
user_02788,treatment,0,67.92,273.5,mobile,UK,29
user_03981,treatment,0,50.9,351.4,mobile,UK,38
user_02917,treatment,0,78.84,266.3,mobile,UK,44
user_02657,treatment,0,27.06,261.4,mobile,India,24
user_02532,treatment,0,55.4,266.3,mobile,India,58
user_02699,treatment,0,29.71,249.4,tablet,UK,53
user_02664,treatment,0,60.86,281.2,tablet,US,20
user_02986,treatment,1,264.17,278.1,tablet,US,24
user_03099,treatment,0,74.87,260.9,tablet,US,62
user_03424,treatment,0,60.56,244.7,desktop,US,48
user_01041,control,0,12.4,338.3,mobile,US,66
user_03832,treatment,0,56.78,280.0,desktop,US,57
user_02121,treatment,0,47.8,251.4,mobile,UK,57
user_01525,control,0,68.39,182.5,tablet,UK,57
user_03404,treatment,0,74.33,297.0,mobile,US,66
user_02249,treatment,0,38.36,239.0,desktop,US,39
user_00482,control,0,55.72,176.9,mobile,India,36
user_02824,treatment,0,77.79,224.1,mobile,US,68
user_03264,treatment,0,47.23,321.5,desktop,UK,41
user_01763,control,0,70.8,317.3,mobile,US,34
user_03246,treatment,0,63.8,281.2,mobile,US,24
user_03376,treatment,0,73.19,299.0,mobile,US,67
user_02936,treatment,0,46.61,269.3,mobile,US,31
user_02938,treatment,0,66.73,214.4,desktop,India,41
user_00406,control,0,64.93,284.9,tablet,US,20
user_00758,control,0,48.85,250.1,mobile,US,36
user_02601,treatment,0,51.02,286.3,tablet,India,36
user_00098,control,0,51.85,322.8,mobile,India,42
user_01334,control,1,152.12,211.2,desktop,US,64
user_03165,treatment,0,52.65,265.1,desktop,US,39
user_03687,treatment,1,352.06,276.1,tablet,UK,63
user_03527,treatment,1,230.81,327.9,tablet,US,19
user_02059,treatment,0,61.14,324.4,desktop,UK,30
user_02792,treatment,1,155.26,292.4,mobile,India,19
user_00149,control,0,56.65,290.9,mobile,India,25
user_00029,control,0,35.04,167.4,mobile,US,68
user_02716,treatment,0,46.12,234.8,mobile,US,35
user_03472,treatment,0,63.0,299.0,desktop,US,43
user_00693,control,0,43.44,330.1,desktop,US,60
user_01387,control,0,54.63,252.4,mobile,India,41
user_01846,control,0,45.87,172.3,mobile,US,33
user_03513,treatment,1,242.04,198.3,desktop,US,61
user_01600,control,0,66.01,261.8,mobile,UK,57
user_00702,control,0,47.56,271.8,desktop,UK,63
user_01709,control,0,52.39,261.1,mobile,UK,52
user_00455,control,0,47.76,217.7,desktop,UK,21
user_02041,treatment,0,46.92,283.0,mobile,US,62
user_03712,treatment,0,40.97,310.7,mobile,US,30
user_02316,treatment,0,51.25,220.2,desktop,US,34
user_00610,control,0,66.29,181.0,desktop,India,45
user_00168,control,0,55.94,278.3,desktop,US,52
user_00731,control,0,51.79,273.4,desktop,UK,56
user_02857,treatment,0,63.49,307.9,mobile,UK,40
user_03575,treatment,1,237.36,277.5,desktop,US,22
user_02639,treatment,1,384.91,281.6,mobile,India,69
user_01623,control,0,53.49,220.6,desktop,UK,39
user_00588,control,0,47.73,217.6,desktop,US,49
user_01402,control,0,58.19,296.5,tablet,US,45
user_01701,control,1,206.53,185.9,desktop,UK,53
user_02898,treatment,0,76.25,187.6,mobile,US,52
user_03136,treatment,0,62.95,234.3,desktop,US,45
user_01380,control,0,46.21,317.9,mobile,US,22
user_02090,treatment,0,38.02,261.4,mobile,India,64
user_02176,treatment,0,72.42,296.3,desktop,US,67
user_02911,treatment,0,68.34,300.9,mobile,UK,40
user_03918,treatment,0,73.18,317.5,desktop,India,40
user_03228,treatment,0,73.35,284.3,mobile,India,47
user_00442,control,1,188.63,260.2,mobile,US,61
user_02052,treatment,0,58.28,238.1,mobile,India,53
user_01302,control,1,233.1,313.6,mobile,India,22
user_03374,treatment,0,63.25,317.4,desktop,US,42
user_01305,control,0,60.54,268.3,tablet,India,19
user_00237,control,0,74.66,251.8,tablet,US,51
user_00521,control,0,64.9,221.9,mobile,UK,49
user_00736,control,0,26.15,209.5,tablet,US,65
user_03531,treatment,0,35.56,247.0,mobile,India,50
user_02107,treatment,0,72.39,330.2,mobile,India,57
user_00593,control,0,42.68,250.9,mobile,US,55
user_01304,control,0,73.12,163.5,mobile,US,69
user_01388,control,0,57.3,327.1,tablet,US,62
user_02584,treatment,0,45.09,286.3,mobile,US,58
user_03497,treatment,1,202.75,325.1,mobile,UK,35
user_03714,treatment,0,65.83,250.9,mobile,US,53
user_00905,control,0,38.11,189.9,mobile,US,52
user_03379,treatment,0,45.61,263.1,desktop,UK,44
user_01280,control,0,46.59,257.8,mobile,UK,50
user_03181,treatment,0,59.24,261.3,tablet,UK,68
user_03836,treatment,0,70.92,311.0,mobile,US,37
user_02309,treatment,0,61.17,271.1,tablet,US,21
user_03163,treatment,0,72.92,282.6,mobile,UK,67
user_03267,treatment,0,50.62,291.1,desktop,UK,56
user_03156,treatment,0,65.1,245.2,desktop,UK,20
user_00707,control,0,45.35,231.6,mobile,UK,34
user_03515,treatment,0,62.11,249.6,mobile,US,61
user_00746,control,0,38.22,203.0,mobile,US,56
user_01940,control,0,35.98,200.8,desktop,India,36
user_02634,treatment,0,26.17,298.0,mobile,UK,59
user_00514,control,0,60.9,169.4,desktop,India,59
user_00082,control,0,61.72,210.1,mobile,India,53
user_01309,control,0,60.63,274.1,mobile,US,21
user_03306,treatment,0,64.99,285.8,mobile,US,55
user_00915,control,0,30.78,225.3,desktop,US,55
user_03674,treatment,0,48.12,286.2,mobile,India,45
user_03658,treatment,0,59.73,354.4,mobile,India,54
user_00775,control,0,61.09,243.0,mobile,India,44
user_00330,control,0,58.31,268.4,tablet,India,43
user_02055,treatment,0,55.31,247.4,desktop,US,50
user_02002,treatment,0,43.37,183.0,desktop,UK,38
user_00944,control,0,40.26,222.8,mobile,US,49
user_00823,control,0,67.03,212.8,mobile,US,46
user_00910,control,0,53.72,287.0,mobile,US,49
user_02517,treatment,0,41.01,180.3,desktop,US,21
user_00182,control,0,72.45,298.4,desktop,US,35
user_00165,control,0,30.64,231.8,mobile,UK,30
user_01524,control,0,42.79,254.1,tablet,US,25
user_00452,control,0,44.81,248.0,mobile,UK,65
user_02539,treatment,0,52.5,306.5,mobile,UK,53
user_01312,control,0,54.84,227.4,mobile,US,27
user_01112,control,0,61.62,281.7,desktop,US,48
user_03769,treatment,0,57.76,263.9,mobile,US,31
user_01288,control,0,40.48,216.0,desktop,US,54
user_00328,control,0,43.56,224.9,desktop,US,24
user_01791,control,0,45.18,263.3,mobile,US,32
user_02491,treatment,0,75.6,239.9,mobile,UK,61
user_03535,treatment,0,54.53,243.9,mobile,UK,47
user_02008,treatment,0,69.67,321.4,mobile,UK,24
user_01859,control,0,23.69,182.0,tablet,UK,29
user_00313,control,0,48.86,287.9,mobile,UK,31
user_00833,control,0,28.89,298.4,mobile,UK,43
user_01202,control,0,58.5,226.3,desktop,UK,43
user_03065,treatment,0,56.41,341.1,desktop,UK,25
user_02608,treatment,0,53.51,320.1,mobile,US,42
user_02135,treatment,0,38.8,267.6,desktop,UK,36
user_02210,treatment,1,214.82,246.5,tablet,US,57
user_03910,treatment,0,54.93,294.7,desktop,UK,42
user_01482,control,0,14.6,225.4,desktop,UK,26
user_00778,control,0,54.85,284.0,mobile,UK,29
user_00800,control,1,188.02,336.4,mobile,US,29
user_00055,control,0,70.84,198.4,mobile,UK,24
user_01921,control,0,54.18,207.4,mobile,UK,65
user_03436,treatment,0,49.72,316.9,mobile,US,52
user_02955,treatment,1,254.03,372.9,desktop,UK,61
user_01702,control,0,48.23,177.4,tablet,UK,36
user_02162,treatment,0,64.25,288.5,mobile,India,27
user_03741,treatment,1,227.94,319.1,mobile,US,57
user_00988,control,0,17.12,249.0,desktop,India,59
user_03133,treatment,1,217.93,311.8,desktop,UK,23
user_03602,treatment,0,59.48,252.9,mobile,UK,44
user_01395,control,0,60.91,271.1,mobile,UK,69
user_00769,control,0,62.0,213.8,mobile,US,57
user_03530,treatment,0,45.93,263.6,desktop,US,40
user_00286,control,0,69.86,281.5,desktop,US,59
user_03999,treatment,0,72.1,268.3,tablet,UK,61
user_00429,control,0,41.3,208.4,desktop,US,50
user_02333,treatment,0,52.36,329.5,mobile,UK,43
user_02080,treatment,0,72.53,304.5,mobile,India,43
user_00723,control,0,53.77,197.2,mobile,US,60
user_00952,control,0,52.9,266.6,desktop,US,19
user_03029,treatment,0,62.71,250.1,mobile,US,18
user_02263,treatment,1,231.7,239.0,mobile,India,22
user_00990,control,0,48.81,316.6,mobile,India,26
user_03720,treatment,0,48.33,255.5,tablet,UK,20
user_02688,treatment,0,50.69,357.5,desktop,US,59
user_00327,control,0,37.37,236.5,tablet,India,26
user_02609,treatment,0,65.33,285.5,desktop,US,37
user_01384,control,0,74.31,195.5,desktop,US,62
user_01725,control,0,39.35,289.2,tablet,India,69
user_01087,control,0,50.32,221.8,mobile,US,68
user_03197,treatment,1,126.14,269.0,desktop,US,37
user_00342,control,0,45.54,242.8,desktop,US,19
user_00148,control,0,63.27,128.2,mobile,US,28
user_03096,treatment,0,61.27,259.0,mobile,US,27
user_01108,control,0,56.17,242.2,desktop,US,40
user_00849,control,0,16.2,254.1,desktop,US,18
user_00967,control,0,53.85,236.7,mobile,US,40
user_03263,treatment,0,43.29,226.4,mobile,US,47
user_02204,treatment,0,58.93,261.6,mobile,US,67
user_00662,control,1,140.8,259.4,mobile,US,31
user_01003,control,0,50.16,244.3,mobile,India,28
user_03848,treatment,0,67.21,222.1,mobile,US,43
user_03341,treatment,1,226.68,303.0,mobile,UK,29
user_03103,treatment,1,300.82,284.1,mobile,UK,40
user_03890,treatment,0,56.34,355.3,mobile,UK,32
user_01880,control,0,41.42,303.9,desktop,US,60
user_03757,treatment,0,70.86,214.6,desktop,UK,28
user_01204,control,0,39.69,260.3,tablet,UK,53
user_01991,control,0,59.33,229.4,mobile,US,67
user_00025,control,0,36.2,279.2,mobile,US,65
user_03748,treatment,0,61.09,284.9,mobile,US,64
user_02684,treatment,0,42.54,284.2,desktop,UK,34
user_02752,treatment,0,46.23,280.8,desktop,US,20
user_03049,treatment,0,52.51,234.4,mobile,US,30
user_00876,control,0,14.51,281.4,mobile,UK,23
user_03588,treatment,0,45.97,257.6,mobile,US,30
user_00939,control,0,57.44,296.1,desktop,India,59
user_02395,treatment,1,221.37,346.5,mobile,UK,29
user_03337,treatment,1,178.7,286.5,tablet,US,36
user_03961,treatment,0,46.99,241.6,desktop,US,68
user_00386,control,0,36.53,304.0,desktop,UK,40
user_03040,treatment,0,51.54,291.8,desktop,US,33
user_03327,treatment,0,66.29,354.6,mobile,India,46
user_02910,treatment,0,71.22,297.3,desktop,UK,27
user_02292,treatment,0,39.91,338.4,mobile,US,39
user_03233,treatment,0,33.23,284.7,mobile,India,68
user_00937,control,0,65.43,251.7,mobile,UK,30
user_03430,treatment,0,54.25,279.1,tablet,India,21
user_02361,treatment,0,42.01,367.2,mobile,US,51
user_03897,treatment,0,59.29,241.1,desktop,India,40
user_01333,control,0,54.94,300.7,mobile,UK,28
user_01935,control,0,32.6,203.7,mobile,US,27
user_00936,control,0,52.77,230.4,desktop,US,23
user_02419,treatment,0,49.15,224.7,mobile,US,50
user_00567,control,0,42.22,315.5,mobile,UK,59
user_01855,control,1,200.44,149.2,desktop,UK,22
user_03210,treatment,0,28.73,323.0,desktop,UK,33
user_02468,treatment,0,56.28,208.9,mobile,US,54
user_01646,control,0,41.15,275.4,mobile,India,52
user_03314,treatment,0,53.57,276.0,mobile,India,40
user_01793,control,0,53.0,259.5,desktop,India,34
user_01431,control,0,44.25,222.0,tablet,India,57
user_03072,treatment,0,49.6,254.5,desktop,US,69
user_01014,control,0,47.99,300.6,mobile,India,57
user_01929,control,0,49.79,331.4,desktop,India,36
user_02982,treatment,0,69.45,255.2,desktop,UK,66
user_00127,control,0,30.48,300.0,desktop,US,42
user_02773,treatment,0,45.42,255.6,desktop,India,58
user_01348,control,0,54.74,237.8,desktop,UK,67
user_00356,control,0,28.15,231.4,mobile,India,48
user_00828,control,0,23.97,216.4,desktop,UK,49
user_01640,control,1,102.53,285.9,desktop,India,53
user_00985,control,0,54.77,192.1,desktop,UK,27
user_02189,treatment,0,54.06,306.2,mobile,US,33
user_03387,treatment,0,58.53,314.3,mobile,India,65
user_02444,treatment,0,56.21,284.7,mobile,UK,20
user_00363,control,0,56.28,289.4,mobile,US,41
user_02350,treatment,0,25.85,218.5,mobile,UK,67
user_00346,control,0,50.64,254.0,mobile,UK,54
user_02727,treatment,0,39.02,267.7,desktop,US,55
user_03377,treatment,0,48.93,256.1,mobile,US,31
user_00712,control,0,62.45,279.0,desktop,UK,56
user_02891,treatment,0,40.69,322.1,mobile,US,40
user_03786,treatment,0,69.5,229.5,mobile,US,25
user_00011,control,0,48.79,293.4,desktop,US,19
user_03204,treatment,0,71.56,293.2,tablet,US,25
user_02117,treatment,0,52.38,357.0,mobile,India,36
user_01835,control,0,48.56,243.8,desktop,US,47
user_00794,control,0,39.57,289.1,desktop,UK,40
user_03679,treatment,0,69.1,343.0,desktop,US,43
user_02675,treatment,1,174.84,251.4,mobile,US,48
user_00095,control,0,57.98,292.3,mobile,US,64
user_00130,control,0,47.35,291.9,mobile,US,37
user_02372,treatment,0,56.12,271.6,mobile,US,61
user_02966,treatment,0,60.13,312.0,desktop,India,48
user_03870,treatment,0,43.41,264.3,desktop,India,27
user_02264,treatment,0,42.62,236.4,desktop,US,53
user_01901,control,0,48.27,190.7,desktop,UK,32
user_03042,treatment,1,212.09,283.2,desktop,UK,46
user_03173,treatment,0,73.98,194.4,mobile,US,27
user_01933,control,0,27.24,277.9,mobile,US,20
user_03361,treatment,0,23.71,294.3,tablet,UK,63
user_01866,control,1,120.03,285.2,mobile,US,62
user_01659,control,0,66.51,239.3,mobile,US,33
user_00517,control,0,49.19,216.5,mobile,UK,53
user_01858,control,0,43.6,210.9,desktop,US,51
user_02646,treatment,0,80.24,271.4,tablet,US,54
user_02244,treatment,1,210.13,260.9,mobile,US,62
user_01278,control,1,234.79,256.0,tablet,UK,52
user_03855,treatment,0,68.41,367.5,mobile,US,59
user_00951,control,0,47.5,294.3,mobile,UK,28
user_01121,control,0,49.15,215.4,mobile,India,54
user_02598,treatment,0,44.47,302.8,desktop,India,54
user_02205,treatment,0,58.27,264.0,desktop,UK,33
user_00420,control,0,42.02,248.8,desktop,US,41
user_00923,control,0,57.92,222.1,desktop,India,58
user_02914,treatment,1,154.57,303.9,desktop,US,52
user_00478,control,0,53.34,233.3,desktop,India,62
user_02036,treatment,0,50.11,246.7,mobile,US,40
user_02884,treatment,0,72.73,350.1,mobile,US,52
user_01693,control,0,17.19,324.8,mobile,US,68
user_03841,treatment,0,57.44,273.1,desktop,India,50
user_01472,control,0,55.32,222.6,desktop,UK,44
user_02602,treatment,0,68.17,330.8,mobile,UK,68
user_01203,control,0,53.84,276.2,mobile,UK,50
user_02439,treatment,0,62.62,191.3,desktop,UK,59
user_02627,treatment,0,55.77,276.8,mobile,US,63
user_01670,control,0,59.97,263.4,mobile,UK,55
user_03696,treatment,0,35.93,280.5,tablet,US,38
user_01971,control,0,51.87,272.8,desktop,US,56
user_02152,treatment,0,45.27,374.9,mobile,US,24
user_00821,control,0,57.1,253.4,tablet,UK,54
user_01998,control,0,49.86,231.5,mobile,US,26
user_03823,treatment,0,41.06,254.3,mobile,UK,31
user_01249,control,1,194.24,332.1,mobile,India,49
user_03407,treatment,0,57.23,278.8,desktop,UK,59
user_02713,treatment,0,49.56,273.3,desktop,India,19
user_03541,treatment,0,43.38,285.1,desktop,US,22
user_02191,treatment,0,32.51,246.2,mobile,US,69
user_03477,treatment,1,191.98,268.4,mobile,US,65
user_01047,control,0,51.38,234.1,mobile,India,34
user_01889,control,0,24.07,301.1,mobile,UK,59
user_02470,treatment,0,69.41,257.3,mobile,US,47
user_00616,control,1,162.01,267.8,desktop,UK,19
user_01319,control,0,44.24,256.1,mobile,US,23
user_03845,treatment,0,66.43,378.2,mobile,India,65
user_03885,treatment,1,253.04,223.8,desktop,India,68
user_03901,treatment,0,81.91,342.6,mobile,US,25
user_02137,treatment,0,74.03,262.3,desktop,India,53
user_03257,treatment,0,62.06,306.5,tablet,UK,67
user_01773,control,0,63.71,235.3,mobile,UK,51
user_03933,treatment,0,51.54,300.2,tablet,India,39
user_00132,control,0,46.4,249.4,mobile,US,47
user_02851,treatment,0,71.75,241.1,mobile,US,66
user_00078,control,0,52.37,301.5,tablet,US,54
user_02053,treatment,0,58.84,296.8,mobile,US,32
user_00725,control,0,26.95,301.4,mobile,US,65
user_01315,control,0,66.19,223.7,desktop,US,32
user_01852,control,0,48.23,295.9,tablet,US,43
user_03904,treatment,0,64.97,307.1,mobile,India,45
user_03043,treatment,0,50.6,328.6,tablet,US,67
user_03294,treatment,0,69.63,248.8,mobile,US,35
user_01373,control,0,52.1,214.7,tablet,India,20
user_01856,control,0,47.03,256.0,mobile,US,55
user_01320,control,0,59.46,187.9,desktop,US,50
user_02561,treatment,0,64.45,225.1,tablet,UK,51
user_03831,treatment,0,57.22,255.4,mobile,US,31
user_03245,treatment,0,52.93,271.2,desktop,UK,59
user_03872,treatment,0,61.53,257.8,tablet,India,63
user_00376,control,0,34.51,232.4,tablet,US,50
user_01909,control,0,50.39,214.1,mobile,UK,68
user_00334,control,0,47.33,219.0,tablet,UK,25
user_02987,treatment,0,64.88,299.7,desktop,UK,19
user_03734,treatment,0,101.61,306.6,mobile,India,59
user_02366,treatment,0,49.82,287.3,desktop,UK,47
user_01605,control,0,58.4,202.5,tablet,US,49
user_01119,control,0,42.52,348.4,desktop,UK,68
user_03772,treatment,1,176.27,255.2,desktop,US,20
user_01944,control,0,56.27,290.9,mobile,UK,53
user_02998,treatment,0,63.11,306.6,mobile,US,34
user_02377,treatment,0,55.49,267.3,mobile,US,59
user_03346,treatment,0,40.37,277.9,desktop,UK,43
user_01343,control,0,38.02,350.2,mobile,India,42
user_00321,control,0,64.42,326.7,desktop,UK,24
user_01620,control,0,65.03,295.7,desktop,US,24
user_03236,treatment,0,49.19,294.0,tablet,US,34
user_02061,treatment,0,51.08,294.4,desktop,India,68
user_02220,treatment,0,29.38,302.1,mobile,India,57
user_01674,control,0,35.17,225.8,mobile,US,61
user_01943,control,0,62.86,236.4,desktop,UK,63
user_00261,control,0,33.84,249.2,tablet,US,46
user_03114,treatment,0,66.77,261.8,mobile,US,51
user_02040,treatment,0,53.29,283.2,desktop,UK,45
user_00690,control,0,44.21,252.8,desktop,US,19
user_00902,control,0,47.04,210.3,mobile,US,41
user_02307,treatment,0,32.91,216.6,desktop,India,22
user_02027,treatment,0,70.51,276.6,desktop,India,35
user_00139,control,0,70.95,217.0,mobile,US,68
user_01918,control,0,51.26,311.7,desktop,UK,39
user_01829,control,0,47.24,222.9,mobile,India,32
user_01574,control,0,49.38,244.8,mobile,UK,56
user_00320,control,0,23.68,257.8,mobile,India,27
user_00654,control,0,55.25,242.9,desktop,US,66
user_02138,treatment,0,55.39,259.0,mobile,US,60
user_03191,treatment,0,42.88,256.2,desktop,UK,25
user_00559,control,0,90.54,221.4,desktop,UK,27
user_02188,treatment,0,78.44,252.3,mobile,US,68
user_00113,control,1,189.22,181.3,mobile,India,63
user_00532,control,1,192.41,242.2,mobile,US,37
user_00225,control,0,52.66,237.5,mobile,US,58
user_00724,control,0,52.19,240.4,tablet,US,20
user_03213,treatment,0,54.26,215.9,mobile,UK,49
user_03927,treatment,0,53.64,284.6,desktop,India,53
user_01434,control,0,52.45,184.5,mobile,UK,61
user_02374,treatment,0,48.14,260.7,mobile,US,43
user_03084,treatment,0,45.76,282.2,mobile,UK,31
user_04000,treatment,0,47.81,241.5,desktop,US,67
user_01459,control,0,64.33,190.1,tablet,US,64
user_03596,treatment,0,62.07,274.3,tablet,US,50
user_02763,treatment,0,73.15,337.8,mobile,US,28
user_00847,control,0,32.91,301.1,tablet,India,57
user_00194,control,0,45.74,255.1,mobile,UK,23
user_01465,control,1,155.63,238.7,tablet,US,28
user_02622,treatment,1,264.9,302.1,mobile,US,32
user_00947,control,0,49.22,203.7,mobile,UK,43
user_02022,treatment,0,57.7,271.7,mobile,India,68
user_02552,treatment,0,81.23,284.0,mobile,UK,33
user_01630,control,0,41.87,238.0,tablet,US,18
user_00118,control,0,66.94,221.8,mobile,UK,46
user_00646,control,0,51.99,257.7,mobile,US,23
user_01871,control,0,66.1,261.8,mobile,US,62
user_00004,control,0,55.7,247.7,mobile,US,38
user_00075,control,0,36.61,259.8,mobile,US,21
user_01756,control,0,51.97,261.3,mobile,US,19
user_00468,control,0,38.15,283.8,mobile,US,44
user_00006,control,0,41.32,196.4,desktop,US,53
user_01247,control,0,48.44,304.1,mobile,US,66
user_00920,control,0,24.91,295.4,desktop,UK,28
user_02596,treatment,0,40.55,236.6,mobile,UK,22
user_00229,control,0,39.8,237.4,mobile,US,34
user_01064,control,0,60.56,288.7,mobile,UK,23
user_02591,treatment,0,57.28,254.1,mobile,US,46
user_00243,control,1,224.57,224.8,mobile,US,32
user_03405,treatment,0,55.08,318.0,mobile,UK,23
user_01161,control,0,51.93,217.0,desktop,US,62
user_03089,treatment,0,64.22,300.5,mobile,UK,67
user_03338,treatment,0,62.27,282.3,mobile,US,49
user_03240,treatment,0,41.43,349.5,desktop,US,57
user_02564,treatment,0,79.03,219.8,mobile,India,19
user_02672,treatment,0,74.53,265.0,mobile,India,62
user_01527,control,0,37.04,284.9,mobile,UK,18
user_01606,control,0,54.8,273.2,tablet,UK,65
user_03710,treatment,1,189.7,263.9,desktop,UK,37
user_03970,treatment,0,65.31,265.7,mobile,US,24
user_02710,treatment,0,48.78,231.9,desktop,US,62
user_03559,treatment,0,70.6,272.5,mobile,US,59
user_03979,treatment,0,49.34,237.3,mobile,US,24
user_01990,control,0,47.36,230.8,mobile,US,25
user_03509,treatment,0,41.83,265.8,desktop,US,29
user_02363,treatment,0,48.18,323.9,mobile,US,53
user_01976,control,1,222.68,261.0,mobile,India,34
user_01762,control,0,66.16,283.0,mobile,India,60
user_01306,control,0,64.54,205.8,desktop,India,21
user_02740,treatment,0,71.02,237.6,mobile,US,37
user_01542,control,0,44.14,202.8,mobile,US,65
user_03463,treatment,0,27.77,273.2,mobile,UK,69
user_02473,treatment,1,192.98,272.2,desktop,US,66
user_02643,treatment,0,61.19,278.5,desktop,India,68
user_02796,treatment,0,67.62,292.5,tablet,India,38
user_00623,control,0,48.12,234.6,desktop,US,61
user_03064,treatment,0,57.1,307.6,desktop,US,28
user_01494,control,0,57.83,272.5,desktop,US,33
user_00111,control,0,52.89,257.3,mobile,UK,60
user_02276,treatment,0,53.19,250.9,mobile,US,30
user_03002,treatment,0,37.94,254.8,mobile,US,52
user_01170,control,0,61.26,240.3,mobile,UK,26
user_03258,treatment,0,49.0,351.9,mobile,US,61
user_00233,control,0,30.29,301.3,desktop,US,57
user_00067,control,0,53.55,249.5,mobile,US,37
user_03603,treatment,0,67.75,271.9,mobile,UK,43
user_02073,treatment,0,80.1,322.1,mobile,US,23
user_02193,treatment,0,65.17,239.7,desktop,US,46
user_00537,control,0,60.9,274.7,mobile,UK,45
user_02860,treatment,0,59.93,270.1,desktop,India,28
user_00126,control,0,60.96,248.4,desktop,UK,35
user_02134,treatment,0,63.21,235.4,tablet,US,45
user_01255,control,0,36.77,207.7,mobile,US,47
user_03292,treatment,1,246.8,275.0,mobile,US,36
user_01977,control,0,30.22,189.1,mobile,UK,28
user_03259,treatment,0,41.45,339.6,desktop,UK,28
user_03078,treatment,0,69.62,287.3,desktop,US,29
user_02076,treatment,1,217.15,282.8,mobile,US,24
user_00485,control,0,37.63,232.3,desktop,UK,18
user_01655,control,0,58.24,253.4,tablet,US,49
user_03852,treatment,0,75.55,327.2,tablet,India,59
user_03680,treatment,0,35.37,299.3,mobile,UK,27
user_03308,treatment,0,67.61,288.1,mobile,US,35
user_03035,treatment,0,49.08,289.8,desktop,US,39
user_03618,treatment,0,67.78,243.1,desktop,India,60
user_01775,control,0,69.18,250.9,desktop,US,33
user_02411,treatment,0,60.91,244.7,desktop,US,25
user_03584,treatment,0,52.59,311.2,desktop,UK,47
user_00919,control,0,45.46,246.7,mobile,US,49
user_01647,control,0,46.72,266.0,mobile,US,53
user_01027,control,0,44.02,252.2,mobile,US,25
user_01031,control,0,44.79,277.3,tablet,UK,21
user_00883,control,0,52.56,241.9,mobile,US,18
user_01336,control,0,44.27,227.8,mobile,UK,68
user_02747,treatment,0,46.33,242.1,desktop,India,62
user_02943,treatment,0,50.15,297.2,desktop,US,57
user_02714,treatment,0,60.1,298.7,mobile,US,43
user_00365,control,1,151.72,257.1,mobile,UK,35
user_02126,treatment,0,64.99,350.4,mobile,US,58
user_00028,control,0,66.63,277.5,mobile,India,47
user_00474,control,0,42.07,215.9,mobile,India,69
user_00526,control,0,65.37,311.7,mobile,US,24
user_00726,control,0,38.87,247.7,desktop,US,22
user_00056,control,1,276.16,233.7,mobile,UK,27
user_00639,control,0,47.95,196.4,mobile,US,59
user_00303,control,0,71.2,225.8,mobile,UK,50
user_02767,treatment,0,35.6,261.6,desktop,India,25
user_03469,treatment,0,62.17,305.3,mobile,UK,39
user_01277,control,0,43.09,238.5,mobile,US,33
user_03504,treatment,0,49.62,244.8,desktop,US,21
user_00625,control,0,36.97,254.3,mobile,India,50
user_02056,treatment,0,62.49,316.9,mobile,US,58
user_01281,control,0,45.74,249.0,mobile,UK,38
user_02852,treatment,0,47.04,345.1,desktop,UK,67
user_01050,control,0,14.32,187.6,mobile,UK,43
user_00337,control,0,56.39,207.6,desktop,US,69
user_00048,control,0,41.54,256.3,tablet,US,23
user_02879,treatment,0,68.28,311.9,mobile,US,60
user_00107,control,0,58.32,244.1,mobile,US,18
user_02398,treatment,0,39.36,310.4,desktop,UK,20
user_01080,control,1,182.63,210.5,desktop,UK,57
user_02287,treatment,1,267.78,346.9,mobile,UK,32
user_02262,treatment,0,42.76,241.1,mobile,US,20
user_01145,control,0,37.82,221.1,desktop,India,55
user_03162,treatment,0,56.17,295.9,mobile,India,19
user_02297,treatment,0,69.7,241.4,mobile,UK,63
user_02842,treatment,0,42.87,279.7,mobile,US,23
user_01837,control,0,41.78,249.2,tablet,US,26
user_01754,control,0,66.57,217.2,mobile,US,49
user_01102,control,1,155.61,260.8,tablet,US,57
user_01969,control,0,46.58,272.8,desktop,US,56
user_03009,treatment,0,71.7,310.0,desktop,US,48
user_03651,treatment,0,52.8,253.2,desktop,India,22
user_00524,control,0,45.08,217.8,mobile,US,65
user_02281,treatment,0,61.77,329.1,mobile,US,68
user_02693,treatment,0,60.54,320.5,desktop,US,25
user_02886,treatment,1,212.2,281.4,mobile,US,48
user_01429,control,0,62.77,324.6,desktop,India,54
user_02582,treatment,1,234.95,277.2,tablet,India,68
user_03468,treatment,0,31.88,268.2,mobile,US,45
user_00604,control,0,49.86,278.5,desktop,India,35
user_01490,control,0,49.57,241.2,mobile,US,38
user_03110,treatment,0,69.61,235.9,mobile,US,28
user_03231,treatment,0,68.03,249.4,mobile,India,58
user_00061,control,0,40.81,205.4,mobile,UK,27
user_03659,treatment,0,32.94,306.9,mobile,US,32
user_00672,control,0,56.01,204.0,desktop,India,59
user_00093,control,0,57.54,263.5,mobile,US,35
user_00667,control,0,41.62,288.5,desktop,US,38
user_01888,control,0,63.39,190.6,desktop,UK,65
user_00281,control,0,33.9,189.4,desktop,UK,53
user_01720,control,0,55.4,201.0,desktop,US,39
user_03016,treatment,0,40.99,334.6,desktop,US,59
user_00360,control,0,55.3,240.1,desktop,US,42
user_00900,control,0,55.61,238.5,mobile,US,56
user_01936,control,0,71.3,301.2,mobile,UK,45
user_01995,control,0,56.48,289.8,tablet,UK,46
user_03946,treatment,0,53.78,347.9,mobile,UK,20
user_02896,treatment,1,272.72,269.9,desktop,UK,56
user_00761,control,0,61.87,222.4,mobile,India,53
user_02159,treatment,0,38.62,267.9,desktop,US,64
user_03488,treatment,0,79.98,206.9,mobile,US,46
user_00043,control,0,52.31,255.6,desktop,US,38
user_02174,treatment,0,54.31,297.3,mobile,India,47
user_00205,control,0,27.58,292.4,mobile,UK,45
user_01474,control,0,43.26,238.5,mobile,UK,31
user_02101,treatment,1,148.65,294.9,desktop,US,34
user_02594,treatment,0,42.09,236.0,mobile,US,61
user_00069,control,0,39.41,247.7,mobile,US,28
user_01876,control,0,56.73,202.8,mobile,UK,35
user_02833,treatment,0,64.22,228.6,tablet,US,52
user_03728,treatment,0,47.31,208.0,tablet,US,35
user_02232,treatment,0,30.28,279.9,mobile,India,58
user_00138,control,0,36.56,233.2,desktop,UK,59
user_02948,treatment,0,70.79,276.0,desktop,India,64
user_00797,control,1,170.97,304.1,mobile,India,45
user_02181,treatment,0,53.16,290.4,tablet,US,28
user_02129,treatment,1,169.16,257.2,desktop,US,46
user_00759,control,0,48.91,239.0,mobile,US,28
user_00542,control,0,47.22,284.0,tablet,UK,24
user_01020,control,0,53.84,311.1,mobile,US,58
user_03031,treatment,0,57.21,276.7,mobile,US,58
user_00166,control,0,53.22,259.8,mobile,US,20
user_00249,control,1,234.1,235.0,desktop,UK,19
user_01332,control,0,50.02,221.1,mobile,US,57
user_02018,treatment,1,320.07,287.8,mobile,UK,19
user_00447,control,1,239.11,262.2,mobile,US,68
user_02483,treatment,1,269.32,271.1,mobile,India,52
user_02907,treatment,1,239.0,315.1,mobile,UK,38
user_01359,control,0,44.78,212.9,mobile,US,49
user_02846,treatment,0,50.65,242.9,mobile,UK,42
user_02146,treatment,0,64.42,266.2,mobile,UK,49
user_01330,control,0,42.78,210.6,mobile,UK,39
user_03974,treatment,0,55.19,314.5,desktop,UK,32
user_02786,treatment,0,38.19,278.3,desktop,US,58
user_03876,treatment,0,45.22,315.3,mobile,US,27
user_02151,treatment,0,48.01,337.9,mobile,US,21
user_00435,control,0,78.8,219.8,mobile,India,21
user_02123,treatment,1,197.95,240.0,mobile,US,19
user_00578,control,1,193.9,183.1,desktop,US,51
user_02901,treatment,0,90.53,320.5,desktop,US,48
user_03167,treatment,1,205.42,317.0,tablet,India,52
user_02967,treatment,0,76.63,339.9,desktop,US,32
user_03822,treatment,0,33.1,297.0,mobile,UK,18
user_03650,treatment,1,264.76,260.5,tablet,US,55
user_02449,treatment,0,41.61,252.1,mobile,UK,42
user_01849,control,0,63.11,241.9,mobile,UK,53
user_00763,control,0,73.19,302.4,mobile,US,31
user_03038,treatment,1,222.53,249.4,mobile,US,53
user_00389,control,0,58.59,250.5,mobile,UK,53
user_00236,control,0,49.05,236.2,mobile,US,27
user_03466,treatment,0,57.01,287.7,mobile,UK,23
user_01985,control,0,62.92,260.0,tablet,US,45
user_00268,control,0,63.3,271.6,desktop,UK,41
user_00771,control,0,35.26,262.5,mobile,US,18
user_02166,treatment,1,240.52,295.1,desktop,India,24
user_00438,control,0,64.33,223.6,desktop,US,54
user_00674,control,0,43.4,279.8,desktop,India,40
user_00250,control,0,51.58,278.0,tablet,India,62
user_02202,treatment,0,54.06,289.1,mobile,UK,40
user_01575,control,0,36.92,261.7,tablet,US,44
user_02143,treatment,0,54.89,300.7,desktop,US,50
user_02082,treatment,0,67.97,300.3,mobile,India,66
user_03482,treatment,0,56.98,285.9,mobile,UK,68
user_03416,treatment,0,51.63,244.2,mobile,UK,50
user_03810,treatment,0,56.53,240.3,mobile,UK,68
user_00449,control,0,40.25,214.1,desktop,India,61
user_01470,control,0,40.84,288.4,desktop,India,43
user_00717,control,0,40.76,363.0,tablet,US,23
user_03177,treatment,0,56.07,319.7,desktop,UK,62
user_03478,treatment,0,52.58,282.9,mobile,UK,67
user_02049,treatment,0,72.0,263.6,mobile,US,65
user_01902,control,0,44.7,296.1,tablet,India,62
user_03311,treatment,0,64.13,311.6,desktop,UK,33
user_01169,control,0,42.56,243.6,mobile,UK,60
user_00083,control,0,50.16,277.5,desktop,US,61
user_03207,treatment,0,74.88,313.3,mobile,UK,37
user_02725,treatment,0,65.9,266.1,desktop,UK,54
user_03045,treatment,0,86.15,334.7,mobile,US,57
user_01461,control,0,49.79,277.7,mobile,UK,43
user_02819,treatment,0,78.17,261.4,desktop,US,30
user_01894,control,0,54.39,204.9,desktop,UK,55
user_01669,control,0,51.06,206.7,mobile,US,41
user_02757,treatment,0,54.56,211.4,mobile,India,69
user_02001,treatment,0,55.2,311.8,mobile,US,61
user_00476,control,1,237.21,278.2,desktop,India,25
user_00518,control,0,50.91,220.3,mobile,UK,25
user_03586,treatment,0,38.84,257.6,desktop,UK,55
user_00405,control,0,22.63,288.9,desktop,US,54
user_00385,control,0,60.99,281.8,mobile,UK,55
user_03219,treatment,0,61.97,298.7,mobile,UK,52
user_02153,treatment,0,54.09,210.1,desktop,India,30
user_01634,control,0,45.0,233.0,desktop,US,44
user_03812,treatment,0,67.83,230.6,mobile,US,55
user_00689,control,0,63.64,214.3,tablet,US,48
user_03232,treatment,0,66.94,299.0,mobile,India,28
user_02875,treatment,0,63.78,305.1,mobile,US,21
user_01241,control,0,63.5,277.1,tablet,US,62
user_00063,control,0,36.87,294.3,mobile,UK,52
user_00853,control,0,50.28,238.5,mobile,UK,63
user_03661,treatment,0,57.47,275.8,mobile,US,44
user_03283,treatment,0,33.75,324.0,mobile,US,69
user_01263,control,0,67.12,261.5,tablet,US,55
user_00224,control,0,64.88,265.8,mobile,US,60
user_02194,treatment,0,62.19,297.5,desktop,US,26
user_00374,control,0,73.22,274.7,tablet,US,35
user_01825,control,0,53.58,246.1,mobile,US,33
user_03365,treatment,1,211.57,268.5,desktop,India,44
user_03825,treatment,0,54.04,328.0,mobile,US,38
user_03453,treatment,0,66.02,254.2,mobile,US,55
user_03572,treatment,0,79.8,269.4,mobile,India,64
user_02872,treatment,1,200.64,291.0,mobile,US,56
user_00010,control,0,51.98,245.4,mobile,India,61
user_02498,treatment,1,189.71,280.6,mobile,UK,49
user_01945,control,0,53.1,279.3,mobile,UK,60
user_01839,control,1,235.57,296.7,desktop,US,36
user_00709,control,0,53.99,284.4,tablet,US,62
user_00256,control,0,39.6,266.0,mobile,UK,64
user_02931,treatment,0,60.8,244.7,desktop,UK,58
user_01618,control,0,59.78,194.9,mobile,UK,54
user_00390,control,0,68.33,210.8,desktop,India,41
user_01582,control,0,58.77,190.7,mobile,US,59
user_02957,treatment,0,54.91,407.9,mobile,India,18
user_00925,control,0,70.98,228.8,mobile,India,36
user_03692,treatment,0,45.08,250.1,mobile,India,20
user_03138,treatment,0,65.98,325.2,mobile,US,42
user_02509,treatment,0,66.17,276.7,desktop,US,32
user_02037,treatment,0,34.42,316.2,mobile,India,50
user_03182,treatment,0,56.94,207.5,mobile,US,46
user_01225,control,0,41.66,253.7,mobile,UK,39
user_03007,treatment,1,308.97,222.5,mobile,US,25
user_02550,treatment,0,61.23,370.3,desktop,India,64
user_01947,control,0,55.0,210.4,tablet,US,40
user_00740,control,0,58.88,245.2,desktop,UK,53
user_00041,control,0,45.35,321.0,mobile,US,42
user_00869,control,0,40.24,204.3,mobile,US,62
user_02780,treatment,0,37.74,289.9,mobile,US,33
user_00540,control,0,54.16,193.6,tablet,US,62
user_02746,treatment,0,70.75,302.2,mobile,UK,30
user_03331,treatment,0,62.53,231.6,desktop,US,51
user_02724,treatment,0,74.91,250.5,mobile,US,48
user_01372,control,0,43.11,232.2,desktop,UK,63
user_01146,control,0,58.79,255.6,mobile,India,19
user_01032,control,0,49.21,287.9,desktop,India,65
user_00373,control,0,68.72,300.4,desktop,US,39
user_00668,control,0,64.65,296.6,desktop,India,67
user_03020,treatment,0,42.37,169.4,mobile,UK,55
user_00358,control,0,55.94,268.7,mobile,US,29
user_00968,control,0,36.31,285.4,mobile,US,65
user_02832,treatment,0,52.58,292.1,mobile,US,20
user_02784,treatment,0,67.14,256.0,desktop,India,63
user_01354,control,0,63.22,273.4,mobile,India,55
user_01036,control,0,19.67,253.6,desktop,US,58
user_03019,treatment,0,55.54,256.2,tablet,US,35
user_00471,control,0,30.71,185.7,desktop,US,25
user_03554,treatment,0,75.36,303.3,mobile,US,45
user_01397,control,0,49.01,287.7,mobile,US,37
user_03975,treatment,0,64.9,332.4,desktop,US,66
user_01550,control,0,43.95,266.4,mobile,US,68
user_01257,control,0,52.51,226.9,desktop,US,47
user_02095,treatment,0,51.67,233.1,tablet,US,20
user_01556,control,0,54.46,236.9,mobile,India,36
user_03439,treatment,1,204.79,262.2,mobile,India,41
user_01251,control,0,56.76,224.9,mobile,UK,52
user_01700,control,0,61.86,255.3,mobile,US,53
user_01253,control,0,41.65,244.1,tablet,US,29
user_03681,treatment,0,50.27,227.1,tablet,India,41
user_03705,treatment,1,326.67,388.1,desktop,India,34
user_02934,treatment,0,58.67,279.2,desktop,US,48
user_00080,control,0,34.31,261.1,desktop,UK,48
user_01173,control,0,58.52,241.4,mobile,UK,68
user_00815,control,0,54.34,223.8,mobile,UK,27
user_01853,control,0,69.98,263.7,mobile,UK,48
user_02221,treatment,0,65.11,315.7,mobile,India,22
user_02720,treatment,0,62.26,260.4,mobile,India,31
user_03495,treatment,0,48.13,292.9,desktop,US,53
user_02106,treatment,0,62.72,284.0,mobile,US,40
user_00134,control,0,18.9,224.3,desktop,UK,19
user_01141,control,0,37.69,242.5,desktop,India,61
user_00934,control,0,67.76,283.8,tablet,US,68
user_00929,control,0,60.74,170.6,mobile,US,29
user_00824,control,0,70.51,229.8,mobile,UK,35
user_01532,control,0,43.96,255.9,mobile,India,60
user_01215,control,0,36.35,260.0,desktop,US,38
user_00505,control,0,54.67,223.1,desktop,US,22
user_03952,treatment,0,61.92,355.2,mobile,UK,47
user_02396,treatment,0,65.48,260.1,desktop,India,52
user_01997,control,1,156.54,238.2,mobile,India,29
user_02435,treatment,1,192.31,268.9,mobile,US,34
user_03073,treatment,0,61.14,206.4,desktop,US,18
user_01959,control,0,70.92,314.5,mobile,US,52
user_01385,control,0,27.24,222.6,desktop,US,45
user_00895,control,0,55.75,233.1,mobile,US,44
user_00829,control,0,56.91,258.8,mobile,UK,59
user_03940,treatment,0,56.7,364.5,desktop,US,51
user_02524,treatment,0,53.23,265.3,mobile,US,33
user_01684,control,0,50.95,278.8,desktop,UK,28
user_03423,treatment,0,53.9,263.2,desktop,US,38
user_03686,treatment,0,46.86,268.1,desktop,UK,40
user_03335,treatment,1,277.9,273.9,desktop,US,28
user_00653,control,0,37.58,273.1,desktop,India,66
user_00173,control,0,61.42,367.7,desktop,US,29
user_03198,treatment,1,218.24,295.8,mobile,UK,55
user_00039,control,0,58.91,268.0,mobile,India,48
user_03815,treatment,0,81.4,336.5,desktop,UK,50
user_00714,control,0,51.97,326.1,desktop,US,49
user_00091,control,0,52.86,173.3,mobile,India,21
user_03936,treatment,0,72.39,306.6,desktop,US,45
user_01206,control,0,64.94,232.6,mobile,India,26
user_02924,treatment,0,61.5,247.8,mobile,US,46
user_03280,treatment,0,53.99,314.2,tablet,India,26
user_03435,treatment,0,75.87,231.7,mobile,India,39
user_03142,treatment,1,200.71,280.8,desktop,US,53
user_01828,control,1,281.79,316.7,mobile,UK,46
user_01156,control,0,54.79,216.0,desktop,US,51
user_01325,control,1,157.74,326.5,desktop,US,38
user_00217,control,0,28.97,268.8,mobile,India,60
user_00511,control,0,48.22,249.8,desktop,UK,26
user_01681,control,0,66.89,306.8,desktop,UK,58
user_00500,control,1,95.68,164.6,mobile,US,63
user_03287,treatment,0,67.3,242.2,desktop,US,26
user_01857,control,0,50.96,241.4,mobile,India,42
user_01389,control,1,194.98,253.3,desktop,US,27
user_01520,control,1,255.29,267.8,desktop,UK,55
user_02387,treatment,0,52.93,271.8,desktop,UK,55
user_03622,treatment,0,55.45,297.2,mobile,US,51
user_02077,treatment,0,61.35,254.4,desktop,India,51
user_01541,control,0,51.58,245.8,mobile,US,68
user_01218,control,0,58.08,241.8,mobile,India,51
user_02682,treatment,0,50.11,270.5,mobile,India,47
user_03819,treatment,0,61.51,192.8,mobile,US,28
user_02994,treatment,0,46.45,254.6,desktop,US,55
user_01417,control,0,40.63,244.2,tablet,US,32
user_02218,treatment,0,66.75,275.9,mobile,US,57
user_03892,treatment,0,43.09,321.4,mobile,US,43
user_01677,control,0,26.11,278.3,desktop,UK,23
user_01198,control,1,235.79,288.2,desktop,India,68
user_01543,control,0,37.59,313.7,mobile,UK,48
user_02961,treatment,0,64.4,256.3,desktop,India,55
user_02540,treatment,0,48.19,336.3,tablet,India,40
user_00954,control,1,161.13,172.7,desktop,US,44
user_03146,treatment,0,71.6,273.3,desktop,US,68
user_03081,treatment,0,48.05,280.9,desktop,US,61
user_02636,treatment,0,59.24,310.9,tablet,US,47
user_00751,control,0,57.32,280.9,mobile,US,21
user_02706,treatment,0,35.08,332.9,mobile,US,64
user_00235,control,0,49.08,197.7,desktop,UK,43
user_00733,control,0,58.66,256.7,mobile,US,41
user_03989,treatment,0,64.87,215.3,tablet,UK,35
user_03607,treatment,0,30.95,321.2,tablet,US,51
user_01157,control,0,44.88,284.6,desktop,India,64
user_03450,treatment,0,59.85,299.6,mobile,US,64
user_02446,treatment,0,69.63,314.0,mobile,India,39
user_02983,treatment,0,51.45,285.9,mobile,US,33
user_01210,control,1,201.62,265.3,tablet,UK,40
user_01066,control,0,64.73,268.0,tablet,UK,69
user_02157,treatment,0,49.29,257.7,mobile,US,64
user_01063,control,0,20.1,183.9,mobile,India,37
user_02617,treatment,0,61.35,308.7,desktop,US,20
user_01168,control,0,62.95,316.5,mobile,US,65
user_03223,treatment,0,83.22,362.2,desktop,UK,24
user_01493,control,0,46.89,206.5,desktop,US,56
user_02939,treatment,1,172.83,336.9,desktop,India,47
user_02996,treatment,1,186.46,296.8,mobile,US,39
user_03097,treatment,1,210.68,235.1,mobile,US,61
user_03281,treatment,0,63.82,290.6,desktop,US,40
user_03543,treatment,0,72.39,303.6,mobile,India,39
user_03141,treatment,0,53.17,286.4,tablet,US,25
user_00885,control,0,29.8,192.3,desktop,UK,43
user_00144,control,0,38.28,229.4,desktop,India,26
user_03922,treatment,0,55.54,264.5,tablet,India,43
user_00851,control,0,43.9,237.5,mobile,India,47
user_02783,treatment,1,163.96,259.6,desktop,India,59
user_00718,control,1,259.59,235.8,desktop,UK,42
user_03788,treatment,0,71.04,242.2,desktop,US,53
user_02503,treatment,0,56.82,307.6,desktop,US,54
user_00265,control,0,55.32,204.6,mobile,UK,37
user_00076,control,0,73.89,279.1,mobile,US,54
user_02493,treatment,0,55.3,243.0,mobile,UK,24
user_00396,control,1,325.58,203.8,mobile,US,53
user_03382,treatment,0,44.71,270.0,mobile,UK,44
user_02225,treatment,0,46.14,212.5,mobile,UK,53
user_03091,treatment,0,36.32,278.8,mobile,UK,26
user_03727,treatment,0,59.75,287.5,mobile,India,53
user_00397,control,0,27.0,284.2,mobile,US,62
user_01366,control,0,75.94,209.4,mobile,US,69
user_03316,treatment,0,27.74,234.8,desktop,India,20
user_01904,control,0,63.09,251.5,desktop,US,57
user_00596,control,0,44.4,221.0,mobile,US,63
user_02110,treatment,1,202.6,306.1,desktop,India,67
user_01297,control,0,65.85,205.9,desktop,India,35
user_01822,control,0,22.24,241.1,mobile,US,29
user_00873,control,0,60.78,233.4,mobile,US,65
user_03448,treatment,0,36.23,277.9,mobile,India,48
user_03877,treatment,0,77.57,317.3,desktop,US,23
user_02327,treatment,0,27.7,297.7,desktop,US,33
user_01549,control,0,67.59,258.2,desktop,India,34
user_00037,control,0,30.81,279.9,desktop,US,25
user_03476,treatment,0,47.97,229.4,desktop,US,21
user_02711,treatment,0,49.33,266.8,mobile,UK,23
user_03353,treatment,1,307.56,267.2,mobile,UK,19
user_02144,treatment,0,53.59,229.6,desktop,India,31
user_03532,treatment,0,48.81,312.4,tablet,US,56
user_00978,control,0,45.15,245.1,mobile,US,61
user_01572,control,0,50.24,240.7,mobile,UK,47
user_01123,control,0,76.16,237.3,mobile,UK,23
user_02787,treatment,1,254.64,274.3,tablet,UK,36
user_02240,treatment,0,66.66,276.1,desktop,US,37
user_02968,treatment,0,47.77,325.0,desktop,US,67
user_02505,treatment,0,57.59,304.5,mobile,US,58
user_01893,control,0,59.11,266.9,mobile,UK,62
user_00676,control,1,128.85,239.2,desktop,US,18
user_02809,treatment,0,68.14,284.1,mobile,India,21
user_03069,treatment,0,39.67,331.8,mobile,US,31
user_00729,control,0,22.55,296.8,mobile,UK,64
user_00413,control,1,185.13,206.6,desktop,India,64
user_03147,treatment,1,132.63,238.5,mobile,UK,18
user_01517,control,0,60.28,236.3,mobile,US,48
user_01650,control,0,58.15,248.8,mobile,US,36
user_00826,control,1,143.83,325.6,tablet,US,23
user_03268,treatment,0,63.87,322.7,mobile,UK,44
user_00617,control,0,27.86,282.6,mobile,US,59
user_00115,control,0,61.02,286.2,tablet,US,22
user_00418,control,0,53.59,194.0,mobile,US,30
user_03070,treatment,0,62.42,209.6,mobile,US,50
user_01626,control,0,37.77,203.4,desktop,US,27
user_03018,treatment,0,54.21,266.0,tablet,UK,57
user_02653,treatment,0,71.29,254.2,tablet,UK,46
user_03917,treatment,0,66.65,275.6,desktop,US,40
user_00090,control,0,40.84,250.6,tablet,US,65
user_02897,treatment,0,61.77,301.4,mobile,UK,69
user_03481,treatment,0,52.54,328.3,desktop,UK,23
user_02083,treatment,0,56.23,276.8,mobile,UK,59
user_00754,control,0,52.73,272.6,mobile,India,42
user_02547,treatment,0,53.21,294.4,mobile,US,47
user_03325,treatment,0,46.42,258.1,mobile,UK,67
user_01631,control,0,23.87,277.2,mobile,UK,51
user_00012,control,1,179.2,251.5,desktop,US,52
user_02445,treatment,0,54.83,336.8,mobile,US,47
user_00285,control,0,51.76,253.6,desktop,UK,34
user_01067,control,0,32.83,286.8,mobile,US,48
user_01192,control,0,42.99,301.4,mobile,UK,65
user_01441,control,1,221.09,207.3,mobile,US,29
user_03982,treatment,0,74.41,279.8,mobile,US,26
user_03731,treatment,0,49.58,258.7,desktop,US,23
user_02739,treatment,1,151.44,212.5,mobile,US,36
user_03606,treatment,0,78.34,288.1,desktop,US,45
user_01569,control,0,52.63,376.3,mobile,India,22
user_02428,treatment,1,193.8,338.8,mobile,India,20
user_02738,treatment,0,70.08,273.7,desktop,US,64
user_03484,treatment,1,319.83,281.2,mobile,US,48
user_01688,control,0,56.64,220.3,mobile,UK,38
user_00852,control,0,57.92,291.2,tablet,US,57
user_02208,treatment,0,38.78,283.4,mobile,India,27
user_00896,control,0,52.44,230.4,mobile,US,48
user_00497,control,0,51.87,293.3,desktop,US,54
user_02306,treatment,0,48.15,265.8,desktop,UK,48
user_01783,control,0,57.34,306.6,mobile,India,24
user_00336,control,0,43.31,250.1,desktop,US,48
user_02840,treatment,0,42.28,285.7,desktop,US,18
user_03088,treatment,0,63.72,237.1,desktop,UK,42
user_00516,control,0,60.25,238.4,desktop,India,35
user_01349,control,1,234.52,291.9,mobile,UK,28
user_01016,control,1,151.69,218.6,desktop,India,68
user_02817,treatment,0,63.09,335.5,desktop,UK,60
user_03745,treatment,0,62.78,276.7,mobile,India,55
user_03738,treatment,0,50.77,317.9,mobile,US,48
user_02810,treatment,0,72.8,210.2,mobile,US,20
user_03295,treatment,1,175.08,302.0,mobile,US,46
user_03252,treatment,0,59.77,270.8,desktop,US,30
user_03771,treatment,0,56.66,230.1,mobile,US,28
user_03984,treatment,0,62.44,252.3,desktop,India,46
user_01782,control,1,130.0,243.9,desktop,US,69
user_02570,treatment,1,218.47,265.3,desktop,UK,63
user_01786,control,0,40.9,263.9,mobile,US,66
user_02071,treatment,0,65.0,215.0,desktop,UK,51
user_00357,control,0,55.43,202.9,mobile,US,29
user_03802,treatment,1,234.86,272.6,mobile,US,44
user_03326,treatment,0,53.34,369.7,desktop,India,63
user_01313,control,0,54.04,247.0,mobile,UK,44
user_01636,control,0,53.3,239.0,mobile,US,23
user_00551,control,0,55.3,220.9,mobile,UK,41
user_02389,treatment,0,82.95,290.7,mobile,US,19
user_02480,treatment,0,44.9,259.6,mobile,UK,60
user_02522,treatment,0,51.27,369.6,mobile,UK,19
user_02266,treatment,0,56.36,303.3,mobile,US,34
user_02960,treatment,0,47.04,267.6,desktop,US,30
user_01228,control,0,44.95,191.7,desktop,US,19
user_03567,treatment,0,51.26,301.8,mobile,India,31
user_03060,treatment,1,170.17,266.3,mobile,India,53
user_00958,control,0,45.34,243.6,mobile,UK,38
user_01774,control,1,90.44,257.1,tablet,India,51
user_02142,treatment,0,60.98,259.6,desktop,US,22
user_01009,control,0,46.28,319.8,mobile,India,32
user_03119,treatment,0,68.88,307.0,mobile,UK,21
user_01093,control,0,63.44,233.6,mobile,US,34
user_03558,treatment,0,63.26,255.7,mobile,India,31
user_03357,treatment,0,59.32,306.6,mobile,UK,48
user_02745,treatment,0,55.6,329.5,desktop,US,68
user_03789,treatment,0,34.52,255.4,mobile,US,57
user_00997,control,1,249.51,287.1,desktop,US,19
user_01680,control,0,40.52,196.0,desktop,US,45
user_00154,control,0,55.62,219.8,desktop,India,41
user_03148,treatment,0,69.73,286.8,desktop,US,21
user_03708,treatment,0,70.38,235.4,desktop,UK,41
user_02909,treatment,0,47.05,283.8,desktop,US,65
user_02838,treatment,0,59.64,284.3,desktop,UK,52
user_00581,control,0,45.37,258.4,mobile,US,65
user_01471,control,0,63.7,275.9,mobile,US,65
user_00704,control,0,40.13,255.9,mobile,India,49
user_01213,control,0,28.22,234.6,desktop,US,53
user_03344,treatment,0,42.37,298.3,desktop,US,23
user_00897,control,0,37.25,228.5,desktop,US,60
user_03309,treatment,0,46.88,274.3,mobile,UK,43
user_00488,control,0,36.07,227.9,mobile,US,31
user_00560,control,0,78.85,297.1,mobile,US,52
user_01142,control,0,40.09,291.3,tablet,India,52
user_01120,control,0,37.92,281.3,desktop,UK,57
user_02850,treatment,0,37.68,349.8,tablet,US,59
user_00513,control,1,251.47,280.0,mobile,UK,45
user_00634,control,0,44.84,218.3,desktop,US,33
user_03434,treatment,0,42.78,297.5,mobile,US,29
user_01665,control,1,157.72,260.6,desktop,UK,45
user_01013,control,1,122.86,228.3,desktop,India,43
user_01932,control,0,41.08,226.9,mobile,US,60
user_01151,control,0,47.54,224.4,mobile,UK,28
user_02839,treatment,0,71.91,231.3,mobile,US,38
user_03740,treatment,0,43.43,294.1,desktop,India,46
user_00117,control,0,38.55,307.5,mobile,India,61
user_00741,control,0,55.37,196.4,mobile,India,24
user_03677,treatment,0,62.32,304.8,mobile,US,42
user_01975,control,0,54.91,259.8,mobile,India,67
user_01082,control,0,49.02,211.4,mobile,UK,39
user_01811,control,0,46.32,271.3,mobile,India,42
user_00831,control,0,74.04,263.0,mobile,UK,48
user_00120,control,0,51.68,247.3,mobile,US,47
user_00657,control,0,34.19,254.7,mobile,India,39
user_03635,treatment,0,68.63,201.5,mobile,US,46
user_03693,treatment,0,43.49,289.3,mobile,India,30
user_03906,treatment,0,58.96,263.4,desktop,UK,39
user_00636,control,0,46.99,232.0,mobile,US,62
user_00370,control,0,75.85,233.9,desktop,UK,29
user_00269,control,0,53.16,236.9,desktop,India,66
user_02704,treatment,0,72.85,281.6,mobile,UK,65
user_02984,treatment,0,56.93,313.4,tablet,India,24
user_02871,treatment,1,131.72,312.5,mobile,US,28
user_02915,treatment,0,59.81,301.1,desktop,UK,42
user_00047,control,0,38.1,180.3,tablet,US,46
user_03422,treatment,0,35.09,316.4,tablet,US,68
user_03698,treatment,0,78.67,233.5,tablet,US,42
user_00992,control,0,53.04,227.6,mobile,US,54
user_00877,control,0,39.88,236.9,mobile,India,52
user_00774,control,0,69.1,303.8,desktop,US,42
user_01220,control,0,75.53,212.9,mobile,US,18
user_01127,control,0,40.26,209.8,mobile,US,68
user_00005,control,0,44.26,271.9,desktop,US,51
user_03052,treatment,0,49.25,252.9,mobile,US,44
user_01596,control,0,44.91,235.0,mobile,US,63
user_03125,treatment,0,69.0,279.4,desktop,UK,21
user_02312,treatment,1,236.24,230.9,mobile,UK,22
user_03041,treatment,0,53.76,224.0,mobile,US,45
user_03828,treatment,0,50.56,299.6,desktop,US,55
user_02492,treatment,0,69.23,194.7,desktop,US,38
user_03051,treatment,0,56.71,269.0,mobile,US,26
user_01078,control,0,35.26,281.5,desktop,UK,22
user_00838,control,0,50.36,338.4,mobile,UK,44
user_00682,control,0,46.12,235.5,mobile,US,66
user_01716,control,1,211.64,238.0,mobile,US,64
user_02353,treatment,0,59.19,349.9,mobile,US,25
user_03414,treatment,0,40.99,279.5,mobile,UK,67
user_02618,treatment,0,41.21,338.0,mobile,US,54
user_02362,treatment,0,38.71,279.5,tablet,UK,51
user_02198,treatment,1,274.75,264.3,mobile,India,28
user_01149,control,0,42.12,193.0,desktop,US,66
user_03262,treatment,0,54.64,325.1,desktop,US,31
user_00575,control,0,24.77,233.8,mobile,India,58
user_00051,control,1,245.02,199.2,mobile,UK,61
user_00854,control,0,32.43,267.2,mobile,US,49
user_01983,control,0,42.82,249.9,mobile,UK,26
user_02775,treatment,0,58.79,207.6,tablet,India,22
user_01824,control,0,61.09,304.8,desktop,US,51
user_00834,control,0,44.11,249.0,desktop,UK,45
user_03426,treatment,0,38.21,307.7,desktop,India,67
user_01116,control,0,36.5,234.5,mobile,UK,39
user_01167,control,0,40.47,252.6,mobile,US,60
user_02519,treatment,0,59.75,288.2,mobile,UK,35
user_01907,control,1,237.18,268.3,desktop,US,33
user_00972,control,1,282.81,261.2,mobile,US,29
user_02702,treatment,1,198.43,289.2,mobile,US,68
user_00400,control,0,51.54,249.4,mobile,US,69
user_02560,treatment,0,54.23,278.4,mobile,US,43
user_02369,treatment,0,71.48,291.5,mobile,India,41
user_00020,control,0,43.73,211.4,desktop,US,60
user_00685,control,1,248.94,276.3,desktop,India,48
user_00036,control,0,42.28,289.6,mobile,US,67
user_02951,treatment,0,64.18,276.5,mobile,US,38
user_03994,treatment,0,66.76,268.5,desktop,UK,31
user_02876,treatment,0,46.37,294.2,tablet,US,42
user_00525,control,0,52.23,241.4,mobile,India,35
user_02456,treatment,0,58.66,253.6,tablet,US,49
user_00921,control,0,45.15,264.4,mobile,US,39
user_01842,control,0,39.4,282.0,desktop,UK,23
user_01891,control,0,64.02,242.3,mobile,UK,30
user_00538,control,0,46.06,308.2,mobile,US,20
user_02807,treatment,0,74.6,323.1,tablet,US,53
user_01706,control,0,33.12,183.7,mobile,India,47
user_03903,treatment,1,306.8,305.0,desktop,US,49
user_03111,treatment,0,69.59,248.5,mobile,US,65
user_03248,treatment,0,74.21,253.1,mobile,UK,31
user_00246,control,1,195.06,242.6,mobile,US,62
user_03465,treatment,0,62.07,292.8,desktop,US,47
user_03176,treatment,0,53.89,273.4,tablet,US,19
user_00785,control,0,42.54,192.2,mobile,India,43
user_01410,control,0,34.64,271.1,mobile,US,28
user_02538,treatment,0,64.05,317.2,desktop,US,48
user_00155,control,1,304.3,259.0,desktop,US,65
user_03010,treatment,0,55.58,279.9,desktop,India,26
user_01687,control,1,258.32,267.4,mobile,US,48
user_02902,treatment,0,64.98,315.9,mobile,India,22
user_03360,treatment,0,59.3,240.8,desktop,India,58
user_00626,control,0,35.35,354.3,mobile,US,19
user_02734,treatment,1,265.77,298.9,tablet,US,61
user_03833,treatment,0,64.85,301.3,desktop,India,52
user_01347,control,0,47.32,195.1,mobile,US,43
user_00570,control,0,63.37,185.4,desktop,US,34
user_03907,treatment,0,60.45,283.0,mobile,US,66
user_01759,control,0,63.28,320.5,mobile,US,40
user_01817,control,0,31.6,282.7,tablet,UK,18
user_02066,treatment,0,45.89,336.7,mobile,US,34
user_00128,control,0,68.79,207.7,mobile,US,65
user_03395,treatment,1,249.87,324.2,mobile,US,48
user_03328,treatment,0,88.73,268.3,mobile,India,23
user_03969,treatment,0,57.79,305.5,mobile,UK,41
user_02007,treatment,0,67.43,306.5,mobile,India,45
user_02976,treatment,0,57.94,262.7,mobile,US,38
user_00981,control,0,61.14,185.3,mobile,US,54
user_03965,treatment,0,51.53,220.2,desktop,UK,43
user_00191,control,0,58.49,214.0,tablet,India,20
user_01140,control,0,51.58,265.1,tablet,US,64
user_00993,control,0,49.24,268.7,mobile,India,44
user_00700,control,0,57.39,214.6,mobile,UK,63
user_03636,treatment,0,49.91,275.5,mobile,US,21
user_00607,control,0,52.82,308.7,desktop,US,19
user_00181,control,0,56.28,250.7,mobile,UK,41
user_00302,control,0,35.35,196.1,mobile,India,43
user_02545,treatment,0,58.23,249.9,mobile,US,61
user_03684,treatment,0,50.44,301.7,mobile,UK,24
user_03699,treatment,1,237.57,239.4,mobile,UK,56
user_01061,control,0,54.06,241.2,mobile,UK,55
user_03760,treatment,0,89.51,251.2,desktop,US,24
user_03835,treatment,0,69.32,300.1,mobile,UK,35
user_02566,treatment,0,49.95,196.7,tablet,US,37
user_03985,treatment,0,57.93,262.8,mobile,India,41
user_01070,control,0,55.25,337.4,mobile,UK,43
user_02525,treatment,0,44.91,296.5,tablet,US,25
user_02206,treatment,1,183.62,277.9,desktop,UK,65
user_01244,control,0,63.4,296.6,mobile,UK,27
user_03244,treatment,0,47.32,251.3,mobile,US,33
user_00017,control,0,37.47,305.0,mobile,US,19
user_03121,treatment,0,42.39,235.9,desktop,UK,29
user_03972,treatment,0,73.87,264.3,mobile,UK,53
user_00547,control,0,48.25,219.5,desktop,US,54
user_00659,control,0,45.21,226.8,desktop,India,39
user_03599,treatment,0,61.83,300.1,mobile,UK,23
user_03068,treatment,1,213.61,335.7,desktop,UK,65
user_03642,treatment,1,291.54,225.1,tablet,UK,61
user_01505,control,0,42.93,281.9,desktop,UK,37
user_00960,control,0,26.37,263.6,mobile,US,18
user_02927,treatment,0,56.31,298.9,tablet,US,30
user_02332,treatment,0,52.69,288.5,mobile,India,47
user_00798,control,0,42.36,334.0,desktop,UK,32
user_03349,treatment,0,73.36,280.0,desktop,UK,52
user_00226,control,0,62.84,218.2,mobile,US,24
user_02075,treatment,1,177.2,261.6,desktop,US,18
user_03355,treatment,0,47.98,267.9,mobile,UK,18
user_01800,control,0,63.25,235.7,mobile,India,65
user_02486,treatment,1,297.96,373.4,mobile,India,51
user_03948,treatment,0,52.65,307.5,desktop,UK,42
user_03437,treatment,0,34.5,270.2,mobile,UK,60
user_02278,treatment,0,49.84,295.1,desktop,UK,64
user_02086,treatment,0,65.68,318.3,desktop,US,43
user_01694,control,0,81.86,219.8,desktop,UK,57
user_02798,treatment,0,68.23,275.2,mobile,UK,56
user_01046,control,0,37.88,217.9,desktop,US,30
user_03447,treatment,0,56.75,230.0,desktop,India,56
user_00470,control,1,238.2,269.7,desktop,UK,29
user_00955,control,0,69.48,179.7,mobile,India,43
user_03968,treatment,0,33.32,246.1,mobile,US,45
user_02736,treatment,0,38.5,234.2,desktop,US,19
user_03842,treatment,0,62.48,312.3,mobile,US,66
user_00640,control,0,52.65,237.2,mobile,UK,54
user_03702,treatment,0,68.73,216.8,desktop,US,22
user_01219,control,0,20.35,195.4,desktop,India,43
user_01159,control,0,35.91,242.5,mobile,India,49
user_01416,control,1,170.78,298.6,mobile,US,22
user_03611,treatment,0,78.13,315.2,desktop,US,68
user_01528,control,0,58.32,263.1,mobile,UK,30
user_03893,treatment,0,69.6,310.2,mobile,US,39
user_01301,control,0,30.61,215.4,mobile,US,31
user_03882,treatment,0,47.72,253.7,mobile,US,32
user_02849,treatment,0,53.49,233.9,mobile,US,49
user_01604,control,0,58.36,198.2,tablet,UK,19
user_00161,control,0,64.02,264.2,desktop,US,23
user_01705,control,0,41.41,233.0,mobile,UK,34
user_00957,control,0,70.37,214.4,mobile,US,38
user_03235,treatment,0,37.62,242.5,mobile,UK,40
user_02870,treatment,0,38.67,308.4,mobile,US,67
user_03881,treatment,0,28.93,202.0,mobile,US,60
user_00878,control,0,61.96,329.4,desktop,UK,69
user_01920,control,0,62.96,203.8,mobile,India,58
user_02962,treatment,0,53.2,268.5,desktop,UK,66
user_01885,control,0,47.87,266.1,mobile,UK,42
user_02201,treatment,1,139.65,281.1,mobile,US,30
user_00099,control,0,38.99,246.7,mobile,India,35
user_03770,treatment,0,43.36,366.7,mobile,UK,41
user_02558,treatment,0,52.18,380.2,mobile,UK,54
user_03184,treatment,0,56.08,267.1,desktop,US,37
user_03299,treatment,0,42.73,280.5,mobile,US,60
user_00254,control,0,44.96,253.9,desktop,India,47
user_00104,control,0,50.58,250.5,desktop,India,52
user_01446,control,0,66.4,266.8,mobile,US,45
user_01444,control,0,61.72,219.5,mobile,UK,65
user_01649,control,0,40.76,215.3,desktop,India,62
user_00587,control,0,37.56,265.4,mobile,UK,59
user_00628,control,0,43.12,252.4,mobile,India,65
user_01697,control,0,64.77,244.0,desktop,India,42
user_03192,treatment,1,193.95,324.0,desktop,US,48
user_02102,treatment,0,82.78,259.6,desktop,US,27
user_02200,treatment,0,46.19,282.1,desktop,UK,67
user_00404,control,0,40.54,204.9,mobile,US,56
user_01155,control,0,56.18,259.7,tablet,India,23
user_02256,treatment,0,68.45,256.8,mobile,UK,68
user_02864,treatment,0,62.49,249.7,mobile,India,36
user_01683,control,0,39.92,221.7,mobile,US,43
user_03171,treatment,0,74.9,333.4,desktop,UK,32
user_03742,treatment,0,39.07,296.6,desktop,UK,26
user_02057,treatment,0,62.0,316.9,desktop,India,29
user_03063,treatment,0,72.49,294.6,mobile,US,69
user_03792,treatment,0,66.28,315.7,desktop,UK,57
user_03109,treatment,0,58.42,289.9,desktop,US,29
user_00453,control,0,50.43,259.4,mobile,US,66
user_02302,treatment,0,54.96,278.2,desktop,US,19
user_01328,control,0,30.07,280.3,tablet,UK,63
user_02945,treatment,0,43.33,290.9,mobile,India,62
user_02050,treatment,0,51.18,294.8,mobile,India,55
user_00881,control,0,49.72,246.6,mobile,India,37
user_03644,treatment,0,46.16,308.9,mobile,US,25
user_03887,treatment,1,269.9,336.8,mobile,US,37
user_00624,control,0,45.92,290.6,desktop,India,40
user_02394,treatment,0,62.58,189.5,mobile,US,60
user_03691,treatment,0,89.12,319.9,mobile,UK,61
user_01788,control,0,63.0,244.1,mobile,UK,60
user_00263,control,0,42.41,232.9,tablet,UK,38
user_01635,control,1,194.27,252.5,desktop,US,26
user_03370,treatment,0,56.98,268.4,tablet,US,20
user_01439,control,0,46.53,232.5,tablet,US,54
user_02199,treatment,0,37.1,264.9,mobile,US,56
user_01970,control,0,49.82,217.4,mobile,US,27
user_02521,treatment,0,62.0,281.2,mobile,UK,46
user_01803,control,0,46.02,268.4,desktop,US,44
user_00641,control,0,37.58,255.8,desktop,UK,25
user_03983,treatment,0,17.24,288.9,mobile,India,29
user_02386,treatment,0,55.03,219.2,desktop,US,60
user_02599,treatment,0,64.63,268.4,mobile,India,50
user_03886,treatment,1,153.88,212.7,desktop,US,34
user_01960,control,0,42.63,279.2,desktop,UK,34
user_02977,treatment,0,47.47,303.6,mobile,India,48
user_00489,control,1,212.93,175.1,mobile,US,34
user_01844,control,0,44.33,292.9,desktop,US,50
user_01735,control,0,42.88,212.6,desktop,UK,44
user_02912,treatment,0,51.28,323.5,mobile,US,34
user_03220,treatment,0,58.31,286.1,mobile,India,20
user_00147,control,0,63.76,268.2,desktop,US,56
user_01535,control,0,61.89,271.2,tablet,US,29
user_01987,control,0,61.35,232.8,mobile,India,50
user_01370,control,0,59.55,258.5,mobile,US,53
user_02451,treatment,0,68.73,297.3,mobile,UK,47
user_03913,treatment,0,72.57,285.9,mobile,India,46
user_03003,treatment,0,59.29,293.9,mobile,US,55
user_02812,treatment,0,50.1,359.2,tablet,US,64
user_00660,control,0,48.45,214.1,tablet,US,38
user_01795,control,0,59.87,212.5,desktop,India,67
user_03421,treatment,0,60.67,251.5,desktop,US,41
user_02512,treatment,1,296.69,271.8,mobile,UK,50
user_03398,treatment,0,39.96,349.2,tablet,India,48
user_00187,control,0,37.94,231.9,mobile,UK,51
user_01148,control,0,30.03,281.9,mobile,US,54
user_03273,treatment,0,49.64,311.2,desktop,UK,59
user_00609,control,0,37.81,354.0,tablet,US,67
user_02192,treatment,1,231.7,240.8,mobile,India,27
user_02800,treatment,0,65.03,289.5,mobile,US,46
user_03583,treatment,0,36.12,335.9,desktop,UK,38
user_01931,control,0,51.06,244.8,mobile,US,21
user_03030,treatment,0,72.09,304.4,desktop,India,42
user_00198,control,0,47.93,284.6,desktop,US,60
user_03682,treatment,0,54.27,292.8,mobile,US,46
user_02932,treatment,0,57.0,295.2,desktop,US,53
user_02328,treatment,0,66.81,264.2,mobile,US,59
user_00294,control,0,34.31,269.0,mobile,US,31
user_00767,control,0,46.72,237.3,desktop,US,35
user_00401,control,0,48.59,215.3,mobile,India,18
user_00123,control,0,39.23,219.0,tablet,UK,20
user_03256,treatment,0,61.64,236.3,mobile,India,54
user_00203,control,0,35.58,219.6,desktop,UK,64
user_03511,treatment,0,62.32,314.6,mobile,US,59
user_00836,control,0,59.39,286.3,mobile,US,36
user_02295,treatment,0,78.81,237.0,mobile,India,33
user_01440,control,0,66.14,291.9,desktop,UK,25
user_01734,control,0,34.76,271.2,mobile,US,57
user_01696,control,0,51.86,169.9,desktop,India,58
user_03900,treatment,0,57.16,303.0,desktop,US,41
user_01708,control,0,28.94,300.9,mobile,India,27
user_03879,treatment,0,37.86,356.3,mobile,US,38
user_01154,control,0,28.18,357.9,desktop,India,26
user_01662,control,0,46.51,260.7,desktop,US,34
user_03475,treatment,0,52.58,269.6,tablet,US,69
user_02433,treatment,1,202.34,242.8,mobile,US,21
user_03751,treatment,1,187.02,258.6,desktop,UK,33
user_01760,control,0,45.3,229.7,desktop,US,32
user_00855,control,0,37.69,245.5,mobile,UK,27
user_01590,control,0,36.42,239.1,desktop,US,28
user_02268,treatment,0,65.7,220.0,mobile,UK,63
user_00642,control,0,37.3,176.7,mobile,UK,23
user_00002,control,1,215.66,233.9,desktop,US,53
user_02161,treatment,0,55.08,372.5,mobile,UK,45
user_00699,control,0,32.55,201.8,mobile,UK,36
user_03914,treatment,1,183.16,334.4,mobile,India,20
user_03000,treatment,1,184.1,253.2,desktop,UK,50
user_03697,treatment,1,231.12,301.6,desktop,US,36
user_01637,control,0,48.12,203.7,mobile,India,48
user_03185,treatment,0,55.7,338.7,desktop,India,38
user_03459,treatment,0,71.12,365.2,mobile,US,49
user_03458,treatment,0,57.48,313.8,tablet,India,30
user_03582,treatment,0,44.65,271.1,desktop,UK,22
user_01292,control,0,68.71,263.3,mobile,UK,28
user_03806,treatment,1,212.89,303.6,mobile,US,24
user_02490,treatment,0,77.1,286.9,mobile,UK,61
user_01521,control,0,60.77,266.9,desktop,India,32
user_01854,control,0,59.17,198.1,desktop,US,46
user_01137,control,0,65.08,285.3,desktop,UK,62
user_03305,treatment,0,55.4,270.3,tablet,US,62
user_03863,treatment,0,83.11,297.1,desktop,India,69
user_01632,control,0,47.87,221.6,mobile,UK,31
user_03744,treatment,0,58.19,194.3,tablet,US,33
user_03446,treatment,0,62.77,255.6,mobile,UK,42
user_01999,control,0,51.72,262.5,mobile,US,58
user_00664,control,0,53.37,284.1,mobile,UK,20
user_00684,control,0,41.13,232.1,mobile,US,21
user_01258,control,0,57.61,261.8,desktop,US,37
user_03767,treatment,0,32.1,344.5,mobile,UK,42
user_03749,treatment,0,42.95,263.7,desktop,US,29
user_00318,control,0,33.94,319.2,tablet,India,65
user_00649,control,0,50.43,267.1,mobile,US,55
user_01435,control,0,56.82,327.4,mobile,US,31
user_01480,control,0,34.75,204.6,tablet,US,25
user_00710,control,0,70.67,282.4,mobile,US,30
user_03431,treatment,0,46.5,338.5,mobile,US,60
user_01283,control,0,33.04,218.2,mobile,UK,25
user_01769,control,0,44.39,195.9,desktop,UK,33
user_00973,control,0,46.96,239.1,desktop,US,39
user_02676,treatment,0,67.76,298.0,mobile,US,55
user_02681,treatment,0,42.15,290.6,mobile,India,22
user_01307,control,0,42.75,289.5,desktop,UK,29
user_01401,control,0,43.28,246.2,mobile,UK,42
user_01409,control,0,60.66,299.2,mobile,US,49
user_03297,treatment,0,38.67,270.0,desktop,UK,23
user_02238,treatment,0,67.54,277.9,desktop,US,61
user_03303,treatment,0,52.74,331.9,mobile,UK,54
user_01497,control,0,58.79,281.2,mobile,UK,28
user_03420,treatment,0,44.9,277.3,desktop,US,45
user_02039,treatment,0,70.37,353.0,desktop,UK,45
user_01530,control,0,38.12,305.2,mobile,US,38
user_01664,control,0,47.7,303.7,mobile,US,30
user_01355,control,0,42.64,259.5,mobile,US,18
user_03896,treatment,0,61.56,358.3,mobile,US,39
user_03924,treatment,0,73.04,308.3,mobile,US,45
user_03628,treatment,1,208.94,322.5,desktop,India,63
user_01644,control,0,49.28,203.9,desktop,US,45
user_01052,control,0,35.92,263.7,mobile,US,43
user_00796,control,0,57.13,194.4,tablet,US,68
user_02694,treatment,0,51.62,289.8,mobile,India,25
user_03061,treatment,0,54.18,269.0,mobile,India,38
user_01598,control,0,53.69,300.8,mobile,US,41
user_02605,treatment,0,45.23,233.0,mobile,US,39
user_02730,treatment,0,47.07,245.6,tablet,US,36
user_02626,treatment,1,334.91,292.6,desktop,India,39
user_01820,control,0,51.45,248.0,mobile,US,59
user_03158,treatment,0,66.45,280.7,desktop,US,23
user_03315,treatment,0,59.12,244.6,desktop,US,64
user_01723,control,0,62.42,163.7,mobile,UK,34
user_01184,control,1,209.59,249.4,tablet,India,56
user_02573,treatment,0,55.69,304.3,mobile,US,61
user_01060,control,0,43.98,168.1,tablet,UK,66
user_00541,control,1,246.66,267.8,mobile,UK,40
user_03243,treatment,0,61.63,291.4,mobile,India,20
user_01679,control,0,44.14,228.2,desktop,UK,62
user_02797,treatment,0,64.14,366.3,mobile,UK,25
user_03851,treatment,0,74.33,224.8,mobile,US,39
user_03479,treatment,0,62.28,235.4,mobile,US,22
user_02533,treatment,0,58.35,235.2,mobile,US,38
user_01758,control,0,52.64,267.3,mobile,US,27
user_01924,control,0,51.7,314.2,desktop,US,30
user_00096,control,0,63.23,288.7,mobile,US,68
user_01021,control,0,72.67,280.3,desktop,UK,58
user_00564,control,0,71.29,307.5,mobile,US,49
user_03313,treatment,0,57.97,295.7,mobile,India,63
user_02791,treatment,0,36.67,272.7,tablet,US,66
user_00864,control,0,32.2,227.4,tablet,US,65
user_03647,treatment,0,46.7,257.9,mobile,UK,22
user_03763,treatment,0,60.72,211.1,mobile,US,65
user_01485,control,0,47.18,295.7,tablet,US,42
user_02940,treatment,0,58.59,243.2,tablet,US,47
user_03626,treatment,0,54.18,276.4,mobile,US,33
user_01882,control,0,54.79,249.7,desktop,UK,60
user_01039,control,0,63.72,275.7,tablet,US,38
user_00207,control,0,41.14,291.5,desktop,US,21
user_00393,control,0,43.36,263.7,mobile,UK,56
user_02843,treatment,1,174.3,286.6,desktop,US,56
user_00871,control,0,69.98,185.0,mobile,US,40
user_00398,control,0,49.6,260.6,mobile,India,21
user_02815,treatment,0,66.07,274.5,tablet,US,64
user_03840,treatment,0,50.91,242.2,mobile,US,62
user_03290,treatment,0,51.73,270.8,desktop,UK,21
user_01029,control,0,79.36,272.3,mobile,UK,27
user_02691,treatment,0,45.98,268.3,mobile,UK,40
user_01486,control,0,67.36,257.4,desktop,India,34
user_02661,treatment,0,41.88,215.2,desktop,US,63
user_03811,treatment,0,56.77,322.5,mobile,India,51
user_00961,control,0,44.32,240.7,mobile,US,55
user_01571,control,0,69.91,266.5,mobile,UK,58
user_02774,treatment,0,47.55,311.0,mobile,UK,38
user_01896,control,0,46.61,236.6,desktop,US,60
user_02732,treatment,0,53.12,281.9,desktop,UK,33
user_02147,treatment,0,54.28,294.5,desktop,US,67
user_00805,control,0,50.62,218.8,tablet,US,61
user_01752,control,0,39.71,277.4,desktop,India,60
user_03646,treatment,0,78.41,252.0,mobile,US,69
user_02455,treatment,0,70.48,269.4,desktop,India,46
user_00503,control,0,45.5,304.9,desktop,UK,64
user_03120,treatment,0,55.21,254.9,desktop,US,67
user_03105,treatment,0,55.53,322.7,desktop,India,38
user_02978,treatment,0,43.16,256.1,mobile,US,43
user_00780,control,0,33.34,346.8,mobile,India,66
user_01864,control,0,40.81,314.3,desktop,US,61
user_00201,control,0,55.73,202.3,desktop,US,69
user_02183,treatment,0,44.33,305.2,mobile,US,30
user_03100,treatment,0,40.68,324.4,mobile,India,25
user_02089,treatment,0,50.0,240.4,mobile,UK,41
user_03066,treatment,0,81.0,261.1,mobile,UK,63
user_02279,treatment,0,56.79,290.6,tablet,UK,35
user_03562,treatment,0,68.25,293.9,mobile,India,34
user_01797,control,0,54.09,238.7,mobile,India,29
user_00379,control,0,58.49,232.7,mobile,India,36
user_02337,treatment,0,62.89,297.2,desktop,US,32
user_00419,control,0,39.6,163.9,mobile,UK,61
user_01699,control,1,243.54,258.3,desktop,India,55
user_00392,control,0,49.55,317.2,desktop,US,22
user_02641,treatment,0,63.88,224.1,mobile,UK,30
user_01523,control,0,47.11,205.0,mobile,US,23
user_01163,control,0,49.75,169.6,mobile,US,34
user_03135,treatment,0,63.82,317.7,mobile,US,68
user_01496,control,0,57.79,244.5,tablet,US,48
user_02696,treatment,0,45.27,220.2,mobile,UK,22
user_02028,treatment,1,132.25,287.2,tablet,US,46
user_01153,control,0,50.55,213.9,mobile,US,28
user_01368,control,1,257.21,207.8,desktop,US,39
user_02569,treatment,0,29.9,274.6,mobile,UK,33
user_00065,control,0,67.13,241.8,mobile,UK,54
user_02063,treatment,0,79.81,328.0,tablet,US,53
user_01181,control,1,96.83,256.0,desktop,India,52
user_03113,treatment,0,52.97,227.2,mobile,UK,21
user_00493,control,0,55.1,294.1,mobile,UK,44
user_00380,control,0,39.84,165.2,mobile,US,65
user_02236,treatment,0,59.37,223.5,tablet,UK,31
user_00764,control,0,52.8,296.8,desktop,US,55
user_02265,treatment,0,69.07,283.7,mobile,UK,32
user_00792,control,0,34.01,250.4,desktop,India,23
user_01077,control,0,30.46,292.2,mobile,India,50
user_00879,control,0,56.46,187.9,tablet,US,21
user_00338,control,0,74.19,230.0,mobile,US,49
user_03821,treatment,0,77.0,277.3,mobile,US,69
user_02768,treatment,0,46.74,268.8,tablet,India,69
user_03797,treatment,0,45.02,240.0,mobile,UK,58
user_02344,treatment,0,64.17,255.2,mobile,India,52
user_03774,treatment,0,68.16,325.0,desktop,UK,23
user_01017,control,0,47.81,231.2,mobile,US,52
user_01276,control,0,42.98,279.6,mobile,India,51
user_03799,treatment,0,58.68,279.3,desktop,US,34
user_03534,treatment,0,48.71,363.6,tablet,UK,46
user_00456,control,0,54.95,234.3,mobile,US,55
user_03343,treatment,0,72.84,265.5,tablet,UK,52
user_00816,control,0,51.08,229.6,mobile,US,63
user_02318,treatment,0,77.96,321.3,mobile,UK,35
user_00996,control,0,40.66,189.2,mobile,US,21
user_01982,control,0,41.76,281.9,mobile,US,63
user_00202,control,0,37.75,327.7,desktop,US,26
user_00162,control,0,79.0,177.6,mobile,US,49
user_01580,control,0,50.43,240.4,mobile,US,32
user_02778,treatment,0,63.02,294.6,desktop,UK,32
user_02450,treatment,0,52.77,226.6,desktop,US,69
user_00703,control,0,44.35,332.2,desktop,US,18
user_01501,control,0,53.08,252.7,mobile,US,62
user_03894,treatment,0,62.49,301.1,mobile,US,26
user_03844,treatment,0,35.28,308.1,mobile,US,21
user_01130,control,0,52.32,209.0,desktop,US,55
user_02614,treatment,0,55.45,295.8,desktop,US,67
user_03462,treatment,0,54.68,280.5,desktop,US,44
user_01022,control,0,45.71,239.9,mobile,India,38
user_03074,treatment,0,52.96,350.9,mobile,US,28
user_03460,treatment,0,87.07,289.6,mobile,US,20
user_01586,control,0,55.18,285.4,desktop,UK,39
user_01956,control,1,129.79,237.1,mobile,UK,48
user_03153,treatment,0,55.19,355.1,desktop,US,61
user_02254,treatment,0,50.96,321.7,mobile,UK,59
user_00035,control,1,314.08,246.7,tablet,US,65
user_00776,control,0,59.51,304.4,mobile,India,27
user_02557,treatment,0,62.43,314.1,desktop,UK,64
user_03500,treatment,0,76.7,336.0,mobile,US,42
user_01479,control,0,56.54,301.0,mobile,US,38
user_03004,treatment,0,68.39,272.2,mobile,US,49
user_01391,control,0,55.13,232.6,tablet,US,39
user_02140,treatment,0,66.99,298.9,desktop,US,67
user_01364,control,0,63.43,258.1,mobile,US,42
user_02946,treatment,0,61.87,382.4,mobile,UK,64
user_02613,treatment,0,81.11,220.0,tablet,US,23
user_03418,treatment,0,71.95,301.3,desktop,India,59
user_02825,treatment,0,82.39,253.7,mobile,UK,36
user_02042,treatment,0,69.07,256.6,mobile,India,55
user_00242,control,1,179.78,304.6,mobile,US,67
user_02062,treatment,0,42.51,321.0,mobile,UK,45
user_02364,treatment,0,49.23,302.6,mobile,UK,52
user_00601,control,0,53.47,193.7,mobile,UK,50
user_02436,treatment,0,62.28,392.3,mobile,US,54
user_01298,control,0,53.61,279.3,desktop,US,43
user_02215,treatment,0,43.8,204.9,mobile,UK,19
user_02889,treatment,0,57.52,245.3,mobile,UK,61
user_02069,treatment,0,52.14,262.6,desktop,US,52
user_00647,control,0,38.84,243.6,desktop,US,49
user_03891,treatment,0,41.61,386.0,tablet,US,34
user_03557,treatment,0,32.96,324.3,mobile,UK,44
user_03203,treatment,0,68.73,345.4,desktop,US,27
user_01529,control,0,40.05,205.2,mobile,India,41
user_02880,treatment,0,36.31,272.0,tablet,UK,47
user_01268,control,0,35.84,248.7,mobile,UK,66
user_03639,treatment,0,76.74,329.3,tablet,US,39
user_01900,control,0,50.24,245.4,mobile,UK,40
user_00563,control,0,62.44,243.1,mobile,UK,62
user_03951,treatment,0,27.91,301.9,mobile,UK,64
user_02735,treatment,1,160.05,268.2,tablet,UK,66
user_03006,treatment,0,38.34,306.9,mobile,India,20
user_00190,control,0,69.88,198.5,mobile,India,35
user_01807,control,0,41.8,276.7,mobile,US,48
user_00976,control,0,65.9,323.3,desktop,US,29
user_02748,treatment,0,52.65,304.3,desktop,US,33
user_03548,treatment,0,42.96,358.4,mobile,India,34
user_02048,treatment,0,67.84,283.9,mobile,US,23
user_03754,treatment,0,74.24,332.2,mobile,India,41
user_02559,treatment,0,63.13,244.7,mobile,US,20
user_01083,control,0,26.98,258.5,desktop,US,39
user_00475,control,0,47.05,288.6,mobile,US,43
user_03633,treatment,0,56.39,303.1,desktop,US,69
user_02905,treatment,0,52.93,297.5,desktop,US,61
user_00748,control,0,45.97,247.2,tablet,US,68
user_02301,treatment,0,44.55,249.3,mobile,US,28
user_00022,control,0,56.45,221.0,desktop,US,42
user_03386,treatment,1,221.13,299.2,mobile,US,28
user_00460,control,0,46.45,309.8,mobile,US,22
user_01185,control,0,74.35,353.3,mobile,US,40
user_02325,treatment,0,58.53,245.0,desktop,UK,22
user_00956,control,0,30.87,199.2,mobile,US,25
user_01216,control,0,51.69,152.4,mobile,UK,39
user_02434,treatment,0,54.33,199.9,mobile,India,32
user_02854,treatment,1,252.33,277.8,mobile,US,48
user_03486,treatment,0,49.13,265.1,desktop,US,26
user_01516,control,0,36.81,297.7,mobile,US,64
user_02392,treatment,0,74.1,288.3,desktop,India,54
user_00770,control,0,55.78,255.7,mobile,US,18
user_03381,treatment,0,51.04,307.4,desktop,UK,49
user_01686,control,0,48.23,238.5,desktop,US,42
user_00131,control,0,42.15,284.5,mobile,US,48
user_03736,treatment,0,63.12,278.4,mobile,US,55
user_02920,treatment,0,46.31,246.4,desktop,UK,66
user_03172,treatment,0,58.89,288.8,desktop,India,28
user_03445,treatment,1,275.63,279.2,mobile,US,65
user_02136,treatment,1,184.09,294.8,mobile,US,18
user_01483,control,0,60.17,314.7,desktop,US,41
user_00331,control,0,38.44,260.0,tablet,US,52
user_01239,control,1,154.97,287.0,mobile,US,24
user_00467,control,0,73.72,358.9,mobile,UK,29
user_02170,treatment,0,60.22,303.8,tablet,US,43
user_01639,control,1,224.31,229.4,desktop,India,60
user_03093,treatment,0,50.38,239.3,mobile,UK,35
user_03773,treatment,0,47.72,294.4,desktop,US,26
user_01096,control,0,36.35,209.0,mobile,India,34
user_01131,control,0,68.86,224.7,mobile,UK,19
user_01295,control,0,64.37,214.6,mobile,UK,19
user_00861,control,0,43.53,334.8,mobile,US,59
user_03508,treatment,0,45.95,292.9,mobile,UK,51
user_03175,treatment,0,51.96,269.4,mobile,US,31
